Generation,NV,TOC
1,53,22208.319575
1,62,21992.761062
1,72,20025.149069
1,73,19340.037420
1,77,19008.235075
1,83,18669.112110
1,93,18270.299872
1,100,18087.822952
1,102,18066.406801
1,104,17627.160373
1,110,17611.080525
1,119,17235.720562
1,130,16878.587841
1,131,16848.470015
1,134,16809.588190
1,142,16721.276311
1,144,16715.966259
1,162,16384.580875
1,163,16351.147625
2,53,22208.319575
2,55,22166.837844
2,62,21992.761062
2,64,20812.632026
2,66,20536.008056
2,72,20025.149069
2,73,19340.037420
2,77,19008.235075
2,78,18594.760123
2,79,18190.176470
2,87,17791.328795
2,92,17524.201938
2,118,17447.132979
2,119,17235.720562
2,127,16635.866523
2,128,16602.033531
2,139,16579.037372
2,142,16526.436261
2,152,16478.419208
2,156,16390.075295
2,161,16065.908772
3,53,22208.319575
3,55,22036.448557
3,56,21623.884778
3,62,20805.316519
3,63,20645.929123
3,66,20536.008056
3,67,19851.720050
3,73,19340.037420
3,76,18690.088493
3,78,18594.760123
3,79,18190.176470
3,82,18067.340328
3,87,17791.328795
3,92,17524.201938
3,116,17414.775296
3,119,17235.720562
3,121,17101.120979
3,122,17015.055254
3,127,16635.866523
3,128,16602.033531
3,139,16579.037372
3,142,16526.436261
3,149,16369.125453
3,161,16065.908772
4,53,22208.319575
4,54,22178.344859
4,55,22036.448557
4,56,21623.884778
4,58,20855.944223
4,62,20805.316519
4,63,20645.929123
4,66,20536.008056
4,67,19851.720050
4,73,19340.037420
4,76,18554.730923
4,79,18190.176470
4,82,18067.340328
4,87,17791.328795
4,92,17524.201938
4,100,17293.482626
4,104,17204.436568
4,108,17077.777577
4,116,16899.252573
4,121,16803.270766
4,122,16745.651171
4,127,16635.866523
4,128,16602.033531
4,138,16516.502357
4,140,15907.641520
4,145,15859.300359
5,53,22208.319575
5,54,22178.344859
5,55,21773.539213
5,56,21623.884778
5,57,21175.465368
5,58,20855.944223
5,60,20385.010913
5,63,20126.259882
5,65,19064.410787
5,72,18616.078420
5,76,18480.665191
5,79,18190.176470
5,82,17678.456138
5,86,17347.175391
5,92,17248.782442
5,98,16919.524232
5,116,16899.252573
5,117,16703.781706
5,119,16315.557563
5,135,16195.011827
5,140,15907.641520
5,145,15859.300359
6,51,22447.194019
6,52,22390.922144
6,53,22208.319575
6,54,21998.301727
6,55,21773.539213
6,56,21623.884778
6,57,20112.660565
6,65,19064.410787
6,72,18616.078420
6,74,18549.745273
6,76,18480.665191
6,79,18190.176470
6,82,17678.456138
6,86,17318.711558
6,92,17248.782442
6,94,16711.676729
6,102,16454.157783
6,107,16291.072271
6,123,16232.746323
6,128,16147.714703
6,130,15965.510195
6,137,15860.702826
6,145,15859.300359
6,149,15632.737480
7,51,21123.276904
7,55,21086.646034
7,56,20542.623578
7,57,20112.660565
7,63,20005.243019
7,64,19679.899634
7,65,19064.410787
7,66,19007.709514
7,71,18496.908667
7,76,18480.665191
7,78,18036.601082
7,80,17682.077636
7,82,17678.456138
7,86,17318.711558
7,92,17216.844363
7,94,16711.676729
7,102,16454.157783
7,104,16359.189204
7,107,16291.072271
7,123,16232.746323
7,128,16147.714703
7,130,15965.510195
7,137,15860.702826
7,141,15851.477059
7,149,15632.737480
8,50,22717.926329
8,51,21123.276904
8,55,20872.521421
8,56,20542.623578
8,57,20112.660565
8,61,19718.839222
8,64,19679.899634
8,65,19064.410787
8,66,19007.709514
8,71,18496.908667
8,76,18480.665191
8,77,18153.893546
8,78,18036.601082
8,80,17682.077636
8,82,17678.456138
8,86,17318.711558
8,92,17216.844363
8,94,16711.676729
8,102,16454.157783
8,104,16359.189204
8,107,16291.072271
8,121,16252.363796
8,122,15934.190514
8,130,15860.795069
8,137,15860.702826
8,141,15851.477059
8,149,15632.737480
9,50,22713.524762
9,51,21123.276904
9,54,21083.140049
9,55,20317.492699
9,57,20112.660565
9,61,19718.839222
9,64,19679.899634
9,65,19064.410787
9,66,19007.709514
9,69,18525.424355
9,71,18496.908667
9,75,18348.748770
9,76,17835.303701
9,80,17682.077636
9,82,17678.456138
9,84,17286.927103
9,92,17216.844363
9,93,16743.769414
9,94,16711.676729
9,101,16358.758329
9,107,16291.072271
9,112,16220.068607
9,114,16203.978781
9,119,16201.403127
9,122,15934.190514
9,130,15860.795069
9,136,15787.962362
9,145,15761.911978
9,149,15632.737480
10,48,21850.308707
10,49,21433.984044
10,51,21123.276904
10,54,21083.140049
10,55,20317.492699
10,57,20112.660565
10,61,19239.149000
10,63,19114.269468
10,65,19064.410787
10,66,19007.709514
10,69,18525.424355
10,71,18496.908667
10,75,18338.254147
10,76,17835.303701
10,79,17752.474224
10,80,17682.077636
10,82,17678.456138
10,84,17286.927103
10,86,17235.856954
10,92,17216.844363
10,93,16743.769414
10,94,16711.676729
10,98,16146.563969
10,105,15877.880360
10,130,15860.795069
10,136,15787.962362
10,140,15755.063712
10,149,15632.737480
11,48,21850.308707
11,49,21433.984044
11,51,21123.276904
11,54,21083.140049
11,55,20317.492699
11,57,20112.660565
11,58,19957.960639
11,60,19284.704844
11,61,19239.149000
11,63,19114.269468
11,65,19064.410787
11,66,19007.709514
11,68,18926.804712
11,69,18525.424355
11,71,18278.720833
11,76,17835.303701
11,79,17752.474224
11,80,17682.077636
11,82,17678.456138
11,83,17129.749154
11,86,17050.023483
11,90,17015.404527
11,91,16689.203856
11,92,16493.528460
11,95,15970.041843
11,104,15756.794388
11,122,15614.797010
11,144,15571.060201
12,48,21850.308707
12,49,21433.984044
12,51,20995.552723
12,52,20937.107613
12,53,20309.175543
12,57,19789.907748
12,58,19609.805106
12,60,18901.560476
12,63,18668.615979
12,69,18525.424355
12,71,18278.720833
12,76,17835.303701
12,79,17752.474224
12,80,17682.077636
12,82,17678.456138
12,83,17129.749154
12,86,17050.023483
12,87,16845.446812
12,91,16689.203856
12,92,16493.528460
12,95,15970.041843
12,104,15756.794388
12,122,15614.797010
12,134,15590.134098
12,139,15436.033445
12,141,15403.486639
13,48,21850.308707
13,49,21433.984044
13,50,21389.128060
13,51,20232.088843
13,56,19564.336080
13,57,19319.410549
13,60,18849.462177
13,63,18668.615979
13,66,18016.510197
13,69,17764.112287
13,79,17604.461721
13,83,17129.749154
13,86,17050.023483
13,87,16845.446812
13,91,16358.034964
13,93,15790.534425
13,102,15571.810071
13,121,15467.131143
13,125,15347.802912
13,130,15252.712941
13,139,15121.798206
14,48,21850.308707
14,49,21433.984044
14,50,21389.128060
14,51,20232.088843
14,54,19966.913724
14,56,19564.336080
14,57,19319.410549
14,58,19038.921430
14,60,18849.462177
14,63,18253.803542
14,65,18016.761757
14,66,18016.510197
14,67,17673.922565
14,71,17502.173060
14,77,17133.497119
14,83,17129.749154
14,86,17050.023483
14,87,16845.446812
14,89,16796.119948
14,91,16358.034964
14,93,15790.534425
14,102,15571.810071
14,117,15307.082299
14,130,15252.712941
14,139,15121.798206
15,48,21850.308707
15,49,21433.984044
15,50,21107.896507
15,51,20232.088843
15,54,19966.913724
15,55,19271.366292
15,58,19038.921430
15,60,18742.354372
15,61,18257.725583
15,62,18145.453373
15,65,18016.761757
15,66,17754.823164
15,67,17673.922565
15,68,17551.358282
15,70,17484.240904
15,76,16909.845571
15,80,16511.342238
15,90,16265.226771
15,91,15786.117936
15,102,15510.584063
15,116,15130.720285
15,129,15112.174985
15,134,15077.583358
16,48,21850.308707
16,49,21433.984044
16,50,21088.720804
16,51,20232.088843
16,54,19966.913724
16,55,19271.366292
16,57,18968.667243
16,58,18751.858811
16,60,18651.379613
16,61,18257.725583
16,62,18145.453373
16,65,17987.493681
16,66,17754.823164
16,67,17673.922565
16,68,17551.358282
16,70,17484.240904
16,72,17345.538401
16,76,16684.720965
16,80,16511.342238
16,87,16490.146389
16,90,16265.226771
16,91,15786.117936
16,102,15510.584063
16,114,15365.842759
16,116,15130.720285
16,129,15112.174985
16,134,15077.583358
17,48,21850.308707
17,49,21433.984044
17,50,20461.326582
17,51,20232.088843
17,53,20114.676552
17,54,19777.433793
17,55,19271.366292
17,57,18968.667243
17,58,18669.155312
17,60,18651.379613
17,61,18257.725583
17,62,18145.453373
17,63,17917.178043
17,64,17776.785097
17,65,17654.338275
17,68,17551.358282
17,70,17284.999084
17,72,17053.011515
17,76,16684.720965
17,80,16511.342238
17,87,16490.146389
17,90,16265.226771
17,91,15786.117936
17,102,15510.584063
17,114,15365.842759
17,116,15130.720285
17,129,15112.174985
17,134,15077.583358
18,48,21850.308707
18,49,21433.984044
18,50,20461.326582
18,51,20232.088843
18,52,20060.024053
18,54,19777.433793
18,55,19271.366292
18,57,18416.344942
18,60,18392.148594
18,61,18257.725583
18,62,18145.453373
18,63,17917.178043
18,64,17776.785097
18,65,17654.338275
18,67,17514.691430
18,70,17284.999084
18,72,17053.011515
18,76,16684.720965
18,79,16430.350744
18,87,15936.712538
18,91,15786.117936
18,100,15712.317748
18,102,15510.584063
18,114,15365.842759
18,116,15130.720285
18,129,15112.174985
18,134,15077.583358
18,144,15021.061605
19,48,21850.308707
19,49,21176.420852
19,50,20209.434554
19,52,19765.710322
19,55,19271.366292
19,57,18416.344942
19,58,18400.327348
19,60,17885.268344
19,62,17686.101817
19,64,17480.998903
19,65,17367.317662
19,68,16906.792824
19,71,16889.896542
19,75,16880.403353
19,76,16684.720965
19,79,16430.350744
19,87,15936.712538
19,91,15786.117936
19,100,15712.317748
19,102,15510.584063
19,114,15365.842759
19,116,15130.720285
19,129,15112.174985
19,134,15077.583358
19,144,15021.061605
20,48,21850.308707
20,49,20875.385732
20,50,20209.434554
20,52,19765.710322
20,54,18975.734689
20,57,18416.344942
20,58,18400.327348
20,60,17885.268344
20,62,17686.101817
20,64,17480.998903
20,65,17367.317662
20,66,17123.396210
20,68,16906.792824
20,71,16889.896542
20,72,16859.800635
20,76,16684.720965
20,79,16430.350744
20,87,15936.712538
20,91,15786.117936
20,100,15712.317748
20,102,15510.584063
20,107,15427.870743
20,114,15365.842759
20,116,15130.720285
20,129,15112.174985
20,134,15077.583358
20,135,14914.735533
21,48,21850.308707
21,49,20875.385732
21,50,20209.434554
21,51,19657.108331
21,53,19574.145932
21,54,18840.887849
21,57,18416.344942
21,58,18353.191070
21,60,17885.268344
21,62,17686.101817
21,63,17270.714382
21,66,17123.396210
21,68,16906.792824
21,71,16655.238215
21,75,16647.454336
21,79,16430.350744
21,81,16200.614328
21,87,15849.904222
21,90,15678.303359
21,98,15597.326559
21,101,15460.886674
21,107,15361.233557
21,114,15347.743857
21,115,15118.301605
21,129,15099.317916
21,133,14996.134331
21,134,14859.597000
22,48,21850.308707
22,49,20875.385732
22,50,19954.793124
22,51,19657.108331
22,52,19513.195085
22,54,18463.678095
22,57,18331.801333
22,58,18230.940414
22,60,17885.268344
22,62,17637.547965
22,63,17270.714382
22,66,17123.396210
22,68,16855.956097
22,69,16754.659324
22,71,16655.238215
22,72,16644.700807
22,73,16529.419041
22,77,16415.268807
22,81,16200.614328
22,87,15849.904222
22,90,15678.303359
22,97,15307.826068
22,112,15170.172538
22,115,15118.301605
22,122,15076.788984
22,125,14934.917704
22,131,14821.322511
23,48,21850.308707
23,49,19748.222636
23,51,19657.108331
23,52,19513.195085
23,54,18463.678095
23,57,18079.305155
23,59,17944.578476
23,60,17885.268344
23,62,17637.547965
23,63,17270.714382
23,65,17222.538842
23,66,17123.396210
23,68,16855.956097
23,69,16754.659324
23,70,16709.990877
23,71,16655.238215
23,72,16644.700807
23,73,16529.419041
23,76,16457.228025
23,77,16415.268807
23,81,16170.169673
23,84,15909.416082
23,85,15710.434907
23,87,15522.977961
23,97,15222.151578
23,111,15143.193811
23,115,15118.261741
23,117,14823.915305
23,128,14757.158809
24,48,21634.349947
24,49,19748.222636
24,51,19657.108331
24,52,19513.195085
24,54,18463.678095
24,57,18079.305155
24,59,17944.578476
24,60,17547.495914
24,62,17142.623181
24,66,17123.396210
24,67,16800.378288
24,69,16664.769797
24,71,16655.238215
24,72,16539.688313
24,73,16321.308575
24,79,16271.636773
24,81,16170.169673
24,83,16102.433201
24,84,15909.416082
24,85,15710.434907
24,87,15522.977961
24,97,15222.151578
24,111,15143.193811
24,114,15110.627820
24,117,14823.915305
24,128,14757.158809
25,46,22091.237890
25,48,21634.349947
25,49,19748.222636
25,51,19657.108331
25,52,19476.737294
25,53,19148.564311
25,54,18463.678095
25,57,18079.305155
25,59,17944.578476
25,60,17547.495914
25,62,17142.623181
25,65,16874.911782
25,67,16800.378288
25,69,16664.769797
25,71,16655.238215
25,72,16539.688313
25,73,16321.308575
25,79,16044.341504
25,81,15820.213461
25,84,15508.837251
25,97,15171.972638
25,109,14992.458934
25,116,14759.202841
25,127,14695.264548
26,46,22091.237890
26,48,21634.349947
26,49,19748.222636
26,51,18132.311069
26,52,18077.990575
26,53,17832.550749
26,60,17547.495914
26,61,17546.105942
26,62,17142.623181
26,65,16874.911782
26,67,16800.378288
26,69,16664.769797
26,71,16655.238215
26,72,16495.835064
26,73,16321.308575
26,79,16044.341504
26,81,15820.213461
26,84,15508.837251
26,96,15330.540045
26,97,15171.972638
26,109,14992.458934
26,116,14759.202841
26,127,14695.264548
27,46,22091.237890
27,48,21634.349947
27,49,19748.222636
27,50,19635.980467
27,51,18132.311069
27,52,18077.990575
27,53,17832.550749
27,55,17810.450136
27,56,17390.442332
27,61,17107.044492
27,65,16874.911782
27,67,16800.378288
27,69,16664.769797
27,70,16625.104880
27,72,16495.835064
27,73,16321.308575
27,77,15992.683105
27,81,15676.100554
27,84,15442.285741
27,92,15262.212321
27,93,15258.532539
27,94,15104.362686
27,109,14909.243172
27,114,14658.415828
27,125,14623.615864
28,46,22091.237890
28,47,21804.848377
28,48,21358.790799
28,49,19748.222636
28,50,19635.980467
28,51,17893.750139
28,53,17832.550749
28,54,17503.442888
28,56,17390.442332
28,61,17107.044492
28,65,16874.911782
28,67,16800.378288
28,69,16664.769797
28,70,16625.104880
28,72,16495.835064
28,73,16321.308575
28,76,16150.318899
28,77,15992.683105
28,81,15676.100554
28,84,15442.285741
28,92,15262.212321
28,93,15258.532539
28,94,15104.362686
28,109,14909.243172
28,114,14658.415828
28,125,14623.615864
29,46,22091.237890
29,47,21804.848377
29,48,21305.075766
29,49,19296.818392
29,51,17893.750139
29,53,17832.550749
29,54,17503.442888
29,56,17390.442332
29,58,17338.770558
29,60,17032.467294
29,65,16641.754293
29,70,16625.104880
29,71,16447.811584
29,72,16319.624275
29,76,16150.318899
29,77,15854.272648
29,79,15599.530605
29,84,15379.016581
29,92,15183.237778
29,94,15054.249201
29,108,14829.608669
29,114,14658.415828
29,125,14555.553894
30,46,22091.237890
30,47,21804.848377
30,48,21305.075766
30,49,19296.818392
30,51,17615.637152
30,54,17503.442888
30,56,17390.442332
30,58,17338.770558
30,59,17335.971489
30,60,17032.467294
30,63,16838.111599
30,64,16401.506148
30,67,16040.043901
30,77,15854.272648
30,79,15599.530605
30,84,15379.016581
30,92,15183.237778
30,94,15054.249201
30,108,14829.608669
30,114,14658.415828
30,116,14654.081219
30,125,14555.553894
31,46,22091.237890
31,47,21804.848377
31,48,21305.075766
31,49,18688.083230
31,50,18461.970306
31,51,17615.637152
31,53,17312.781760
31,57,17273.762090
31,60,17032.467294
31,62,16848.408995
31,63,16838.111599
31,64,16401.506148
31,67,16040.043901
31,74,15840.327125
31,78,15712.632895
31,79,15599.530605
31,84,15379.016581
31,92,15183.237778
31,94,15054.249201
31,108,14829.608669
31,114,14658.415828
31,116,14654.081219
31,125,14555.553894
32,46,22091.237890
32,47,21804.848377
32,48,21305.075766
32,49,18472.708442
32,50,18253.682494
32,51,17615.637152
32,53,17312.781760
32,55,17240.719833
32,57,17223.322656
32,58,17133.371170
32,60,16881.834648
32,62,16848.408995
32,63,16838.111599
32,64,16401.506148
32,67,16040.043901
32,74,15840.327125
32,77,15473.226865
32,84,15379.016581
32,92,15183.237778
32,94,15054.249201
32,108,14829.608669
32,114,14658.415828
32,116,14654.081219
32,125,14555.553894
33,46,22091.237890
33,47,21804.848377
33,48,19030.071999
33,49,18472.708442
33,50,18253.682494
33,51,17615.637152
33,53,17278.751516
33,55,17137.835329
33,58,17133.371170
33,59,16938.346234
33,60,16881.834648
33,62,16803.873779
33,64,16401.506148
33,67,16040.043901
33,70,15974.204121
33,74,15840.327125
33,76,15821.965478
33,77,15473.226865
33,84,15379.016581
33,87,15142.756645
33,90,15076.840117
33,94,15054.249201
33,105,15025.213550
33,108,14829.608669
33,114,14658.415828
33,116,14654.081219
33,118,14574.384930
33,125,14555.553894
34,46,22091.237890
34,47,21804.848377
34,48,19030.071999
34,49,18472.708442
34,50,18173.266842
34,51,17615.637152
34,53,17278.751516
34,55,17083.494766
34,58,16898.687201
34,60,16881.834648
34,62,16478.881383
34,64,16401.506148
34,67,16040.043901
34,70,15974.204121
34,74,15840.327125
34,76,15821.965478
34,77,15473.226865
34,84,15379.016581
34,85,15272.205535
34,87,15142.756645
34,90,15076.840117
34,94,15054.249201
34,105,15025.213550
34,108,14829.608669
34,114,14658.415828
34,116,14654.081219
34,118,14574.384930
34,125,14555.553894
35,46,22091.237890
35,47,19089.927302
35,48,19015.087349
35,49,18472.708442
35,50,18173.266842
35,51,17615.637152
35,52,17583.773547
35,53,17278.751516
35,55,17083.494766
35,57,17010.270101
35,58,16898.687201
35,60,16881.834648
35,61,16815.185801
35,62,16478.881383
35,64,16401.506148
35,67,16040.043901
35,70,15974.204121
35,74,15840.327125
35,76,15821.965478
35,77,15473.226865
35,84,15379.016581
35,85,15272.205535
35,87,15142.756645
35,90,15076.840117
35,94,15054.249201
35,101,14990.812122
35,108,14829.608669
35,114,14658.415828
35,116,14654.081219
35,118,14574.384930
35,125,14555.553894
36,46,22091.237890
36,47,19089.927302
36,48,19015.087349
36,49,18472.708442
36,50,18173.266842
36,51,17615.637152
36,52,17583.773547
36,53,17278.751516
36,55,17083.494766
36,57,17010.270101
36,58,16898.687201
36,60,16881.834648
36,61,16815.185801
36,62,16478.881383
36,64,16220.590676
36,67,16040.043901
36,70,15974.204121
36,74,15840.327125
36,76,15821.965478
36,77,15473.226865
36,84,15379.016581
36,85,15272.205535
36,87,15142.756645
36,90,15076.840117
36,94,15054.249201
36,101,14990.812122
36,108,14829.608669
36,114,14658.415828
36,116,14654.081219
36,118,14574.384930
36,125,14555.553894
37,46,22091.237890
37,47,19089.927302
37,48,19015.087349
37,49,18472.708442
37,50,18173.266842
37,51,17615.637152
37,52,17583.773547
37,53,17278.751516
37,55,17033.876423
37,56,16877.667694
37,61,16815.185801
37,62,16478.881383
37,64,16220.590676
37,67,16040.043901
37,70,15974.204121
37,74,15840.327125
37,76,15821.965478
37,77,15473.226865
37,84,15235.255359
37,87,15091.270764
37,88,14972.566680
37,107,14730.663248
37,113,14652.794931
37,114,14607.835122
37,116,14455.824170
38,46,22091.237890
38,47,19089.927302
38,48,18570.388757
38,49,18472.708442
38,50,17822.720616
38,51,17615.637152
38,52,17566.015530
38,53,17278.751516
38,55,17033.876423
38,56,16877.667694
38,58,16705.909221
38,62,16478.881383
38,63,16409.185193
38,64,16220.590676
38,67,16040.043901
38,70,15974.204121
38,71,15958.117966
38,74,15840.327125
38,76,15821.965478
38,77,15473.226865
38,84,15235.255359
38,87,15091.270764
38,88,14972.566680
38,99,14949.263000
38,107,14730.663248
38,113,14652.794931
38,114,14607.835122
38,116,14455.824170
39,46,22091.237890
39,47,19089.927302
39,48,18570.388757
39,49,18472.708442
39,50,17822.720616
39,51,17615.637152
39,52,17566.015530
39,53,17278.751516
39,54,17059.780794
39,55,17033.876423
39,56,16877.667694
39,58,16705.909221
39,62,16154.292662
39,67,16040.043901
39,70,15974.204121
39,71,15958.117966
39,74,15840.327125
39,76,15821.965478
39,77,15386.385728
39,84,15078.557741
39,87,15052.315669
39,88,14874.879761
39,105,14685.546232
39,113,14652.794931
39,114,14448.963764
39,115,14408.865602
40,46,22091.237890
40,47,19011.112487
40,48,18570.388757
40,49,18472.708442
40,50,17822.720616
40,51,17531.253011
40,53,17278.751516
40,54,17059.780794
40,55,17033.876423
40,56,16877.667694
40,58,16705.909221
40,61,16666.231381
40,62,16154.292662
40,67,16040.043901
40,68,15976.384001
40,70,15974.204121
40,71,15958.117966
40,74,15840.327125
40,76,15821.965478
40,77,15386.385728
40,84,15078.557741
40,87,15052.315669
40,88,14874.879761
40,105,14685.546232
40,113,14652.794931
40,114,14448.963764
40,115,14408.865602
41,46,22091.237890
41,47,18999.096607
41,48,18570.388757
41,49,18398.961432
41,50,17822.720616
41,51,17531.253011
41,52,16960.505721
41,56,16877.667694
41,57,16730.363756
41,58,16705.909221
41,61,16666.231381
41,62,16154.292662
41,67,16040.043901
41,68,15976.384001
41,70,15974.204121
41,71,15925.096763
41,74,15840.327125
41,75,15412.527108
41,77,15300.880287
41,84,15078.557741
41,87,14996.844798
41,88,14822.657857
41,101,14611.994197
41,113,14383.570429
42,46,22091.237890
42,47,18999.096607
42,48,18570.388757
42,49,18398.961432
42,50,17822.720616
42,51,17531.253011
42,52,16960.505721
42,56,16877.667694
42,57,16730.363756
42,58,16705.909221
42,61,16666.231381
42,62,16154.292662
42,67,16040.043901
42,68,15976.384001
42,70,15895.049782
42,74,15840.327125
42,75,15412.527108
42,77,15300.880287
42,84,15078.557741
42,87,14996.844798
42,88,14822.657857
42,101,14611.994197
42,113,14383.570429
43,46,22091.237890
43,47,18731.456153
43,48,18570.388757
43,49,18398.961432
43,50,17822.720616
43,51,17531.253011
43,52,16960.505721
43,56,16868.286206
43,57,16730.363756
43,58,16681.413046
43,61,16300.933695
43,62,16154.292662
43,67,16040.043901
43,68,15976.384001
43,70,15713.183092
43,74,15591.069294
43,75,15381.772511
43,77,15286.171394
43,84,15007.932916
43,87,14896.208103
43,88,14817.376499
43,101,14611.994197
43,112,14282.846731
44,46,22091.237890
44,47,18731.456153
44,48,18182.906587
44,50,17822.720616
44,51,16668.077739
44,61,16300.933695
44,62,16154.292662
44,64,15865.565655
44,69,15845.130966
44,70,15713.183092
44,74,15591.069294
44,75,15381.772511
44,77,15286.171394
44,84,15007.932916
44,87,14896.208103
44,88,14817.376499
44,101,14611.994197
44,112,14282.846731
45,46,22091.237890
45,47,18731.456153
45,48,18008.641652
45,50,17822.720616
45,51,16668.077739
45,60,16588.110869
45,61,16300.933695
45,62,16154.292662
45,64,15865.565655
45,69,15612.327330
45,74,15264.362847
45,75,15251.074702
45,84,14951.872956
45,87,14881.303058
45,88,14744.822146
45,101,14553.402165
45,109,14202.630266
46,46,22091.237890
46,47,18327.405273
46,48,18008.641652
46,50,17822.720616
46,51,16668.077739
46,54,16000.661970
46,64,15865.565655
46,69,15612.327330
46,74,15264.362847
46,75,15251.074702
46,84,14951.872956
46,87,14881.303058
46,88,14744.822146
46,101,14553.402165
46,109,14202.630266
47,46,22091.237890
47,47,18028.959378
47,48,17595.847342
47,51,16668.077739
47,54,16000.661970
47,56,15834.246260
47,60,15808.011061
47,62,15788.780571
47,64,15501.995042
47,69,15346.436852
47,72,15255.341289
47,73,15244.420901
47,84,14909.074949
47,87,14880.198583
47,88,14732.878577
47,101,14532.273844
47,106,14138.336581
48,46,18404.391025
48,47,18028.959378
48,48,17595.847342
48,51,16668.077739
48,53,16443.313247
48,54,16000.661970
48,56,15834.246260
48,60,15808.011061
48,62,15611.443005
48,64,15501.995042
48,69,15346.436852
48,72,15255.341289
48,73,15244.420901
48,80,15177.091479
48,84,14909.074949
48,87,14880.198583
48,88,14732.878577
48,101,14532.273844
48,106,14138.336581
49,46,18404.391025
49,47,18028.959378
49,48,17595.847342
49,49,17404.049405
49,51,16387.850126
49,54,16000.661970
49,55,15927.780338
49,56,15796.206300
49,62,15611.443005
49,64,15501.995042
49,67,15331.962140
49,72,15212.494008
49,80,15177.091479
49,83,14841.356871
49,88,14721.432794
49,96,14527.054724
49,101,14478.210815
49,106,14137.622895
50,46,18404.391025
50,47,17764.477332
50,48,17595.847342
50,49,17404.049405
50,50,17266.717142
50,51,16387.850126
50,53,16360.085795
50,54,16000.661970
50,55,15909.161392
50,56,15796.206300
50,61,15623.193509
50,62,15611.443005
50,64,15501.995042
50,67,15331.962140
50,72,15212.494008
50,80,15177.091479
50,81,15001.516082
50,83,14841.356871
50,88,14721.432794
50,96,14527.054724
50,101,14478.210815
50,106,14137.622895
51,46,18404.391025
51,47,17764.477332
51,48,17595.847342
51,49,17396.607638
51,50,17266.717142
51,51,16387.850126
51,53,15960.080911
51,54,15923.937215
51,55,15909.161392
51,56,15796.206300
51,58,15713.562416
51,61,15623.193509
51,62,15611.443005
51,63,15609.892989
51,64,15501.995042
51,66,15247.114485
51,72,15212.494008
51,79,14935.413691
51,83,14794.908678
51,88,14646.744306
51,96,14527.054724
51,100,14416.437615
51,106,14137.622895
52,46,18404.391025
52,47,17764.477332
52,48,17417.144801
52,49,17396.607638
52,50,17266.717142
52,51,16387.850126
52,52,16319.680424
52,53,15960.080911
52,54,15923.937215
52,55,15909.161392
52,56,15796.206300
52,57,15700.261679
52,58,15670.791224
52,61,15623.193509
52,62,15611.443005
52,63,15609.892989
52,64,15501.995042
52,66,15247.114485
52,72,15212.494008
52,75,15065.973931
52,79,14935.413691
52,83,14794.908678
52,88,14646.744306
52,96,14527.054724
52,100,14416.437615
52,106,14137.622895
53,46,18404.391025
53,47,17764.477332
53,48,17417.144801
53,49,17396.607638
53,50,16763.850816
53,51,16387.850126
53,52,16319.680424
53,53,15960.080911
53,54,15747.246613
53,55,15672.331480
53,58,15670.791224
53,61,15623.193509
53,62,15533.011029
53,64,15180.232784
53,68,15157.286364
53,74,15056.502831
53,79,14805.265860
53,81,14740.272174
53,88,14634.983713
53,95,14497.818441
53,100,14392.830491
53,106,14128.292458
54,46,18404.391025
54,47,17764.477332
54,48,17417.144801
54,49,17396.607638
54,50,16763.850816
54,51,16387.850126
54,52,16319.680424
54,53,15960.080911
54,54,15561.409069
54,62,15533.011029
54,63,15426.457136
54,64,15180.232784
54,68,15157.286364
54,74,15056.502831
54,76,14977.952279
54,79,14805.265860
54,81,14740.272174
54,88,14634.983713
54,95,14497.818441
54,100,14392.830491
54,106,14128.292458
55,46,18404.391025
55,47,17764.477332
55,48,17417.144801
55,49,17376.834856
55,50,16763.850816
55,51,16387.850126
55,52,16319.680424
55,53,15960.080911
55,54,15561.409069
55,62,15461.687027
55,63,15426.457136
55,64,15180.232784
55,68,15157.286364
55,72,15069.164863
55,74,14886.168080
55,79,14700.912184
55,88,14594.366271
55,94,14474.256425
55,100,14392.830491
55,105,14122.255972
56,46,18225.068141
56,47,17764.477332
56,48,17417.144801
56,49,17338.298674
56,50,16564.306192
56,51,16000.506441
56,53,15960.080911
56,54,15561.409069
56,60,15439.712522
56,63,15426.457136
56,64,15180.232784
56,68,15157.286364
56,72,15069.164863
56,74,14886.168080
56,79,14700.912184
56,88,14594.366271
56,94,14474.256425
56,100,14392.830491
56,101,14296.799343
56,105,14122.255972
57,46,18225.068141
57,47,17764.477332
57,48,17393.556368
57,49,17338.298674
57,50,16564.306192
57,51,16000.506441
57,53,15960.080911
57,54,15561.409069
57,55,15450.269294
57,60,15439.712522
57,62,15349.691923
57,64,15071.304532
57,71,15044.003513
57,73,14797.003762
57,79,14655.711798
57,87,14568.028016
57,94,14474.256425
57,98,14372.251510
57,101,14233.068992
57,103,14081.247264
58,46,18225.068141
58,47,17668.627195
58,48,17393.556368
58,49,17338.298674
58,50,16564.306192
58,51,16000.506441
58,53,15960.080911
58,54,15561.409069
58,55,15450.269294
58,58,15233.749311
58,64,15071.304532
58,71,15044.003513
58,73,14797.003762
58,79,14655.711798
58,87,14568.028016
58,94,14474.256425
58,98,14372.251510
58,101,14233.068992
58,103,14081.247264
59,46,18225.068141
59,47,17668.627195
59,48,17393.556368
59,49,17271.950978
59,50,16564.306192
59,51,16000.506441
59,53,15960.080911
59,54,15561.409069
59,55,15429.444236
59,58,15233.749311
59,60,15226.427318
59,64,14984.785477
59,70,14907.875762
59,73,14713.053109
59,78,14611.068407
59,86,14514.605746
59,93,14408.687767
59,97,14279.270882
59,100,14052.358841
60,46,18225.068141
60,47,17668.627195
60,48,17393.556368
60,49,17271.950978
60,50,16360.556990
60,51,16000.506441
60,53,15652.374414
60,54,15561.409069
60,55,15429.397870
60,58,15233.749311
60,60,15226.427318
60,64,14984.785477
60,68,14786.740975
60,73,14713.053109
60,78,14611.068407
60,84,14603.428551
60,85,14411.548608
60,93,14408.687767
60,97,14279.270882
60,100,14052.358841
61,46,18225.068141
61,47,17668.627195
61,48,16791.180913
61,50,15985.234615
61,53,15652.374414
61,54,15561.409069
61,55,15429.397870
61,58,15233.749311
61,60,15226.427318
61,64,14984.785477
61,66,14705.838167
61,73,14693.316282
61,78,14611.068407
61,84,14603.428551
61,85,14411.548608
61,93,14376.409854
61,95,14232.814244
61,100,14039.519900
62,46,18225.068141
62,47,17668.627195
62,48,16791.180913
62,49,16495.653140
62,50,15985.234615
62,51,15973.322513
62,53,15652.374414
62,54,15561.409069
62,55,15429.397870
62,58,15233.749311
62,60,15226.427318
62,64,14984.785477
62,66,14705.838167
62,73,14693.316282
62,78,14611.068407
62,84,14603.428551
62,85,14411.548608
62,93,14376.409854
62,95,14232.814244
62,100,14039.519900
63,46,18225.068141
63,47,17668.627195
63,48,16791.180913
63,49,16451.631443
63,50,15985.234615
63,51,15973.322513
63,53,15527.282626
63,55,15429.397870
63,57,15412.397299
63,58,15233.749311
63,60,15226.427318
63,61,15168.279004
63,62,14941.676674
63,66,14686.536500
63,73,14597.257164
63,78,14591.282558
63,83,14519.888086
63,85,14411.088921
63,93,14345.755447
63,94,14116.969003
63,100,14026.315111
64,46,18225.068141
64,47,17668.627195
64,48,16791.180913
64,49,16451.631443
64,50,15985.234615
64,51,15973.322513
64,53,15527.282626
64,55,15429.397870
64,57,15412.397299
64,58,15233.749311
64,60,15226.427318
64,61,15168.237751
64,62,14941.676674
64,66,14686.536500
64,73,14597.257164
64,78,14591.282558
64,83,14519.888086
64,85,14411.088921
64,90,14230.927880
64,94,14116.969003
64,100,14026.315111
65,46,18225.068141
65,47,17239.496252
65,48,16791.180913
65,49,16451.631443
65,50,15985.234615
65,51,15973.322513
65,53,15518.268973
65,54,15495.252441
65,55,15429.397870
65,57,15412.397299
65,58,15233.749311
65,60,15133.746466
65,61,14912.642825
65,66,14609.590071
65,73,14565.478406
65,83,14448.886737
65,85,14311.793335
65,89,14148.407280
65,94,14096.109678
65,100,14026.315111
66,46,18225.068141
66,47,17239.496252
66,48,16791.180913
66,49,16229.725132
66,50,15944.737107
66,52,15941.654871
66,53,15518.268973
66,54,15495.252441
66,55,15429.397870
66,57,15115.499181
66,61,14912.642825
66,66,14609.590071
66,73,14565.478406
66,83,14448.886737
66,85,14311.793335
66,89,14148.407280
66,94,14096.109678
66,100,14026.315111
67,46,18225.068141
67,47,17239.496252
67,48,16791.180913
67,49,16229.725132
67,50,15859.568848
67,51,15742.607735
67,53,15518.268973
67,54,15495.252441
67,55,15429.397870
67,57,15115.499181
67,61,14891.139476
67,65,14591.439759
67,72,14554.838260
67,76,14291.955257
67,82,14256.944351
67,89,14139.885909
67,94,14093.324267
67,96,14007.638313
68,46,18225.068141
68,47,16825.898064
68,48,16716.054613
68,49,16229.725132
68,50,15859.568848
68,51,15742.607735
68,53,15518.268973
68,54,15443.353841
68,55,15429.397870
68,56,15403.743654
68,57,15115.499181
68,58,15090.999659
68,61,14891.139476
68,65,14591.439759
68,72,14554.838260
68,76,14291.955257
68,82,14256.944351
68,89,14139.885909
68,94,14093.324267
68,96,14007.638313
69,46,18225.068141
69,47,16825.898064
69,48,16286.246273
69,49,16229.725132
69,50,15859.568848
69,51,15742.607735
69,52,15732.062090
69,53,15518.268973
69,54,15443.353841
69,55,15429.397870
69,56,15304.339336
69,57,15115.499181
69,58,15072.105495
69,61,14840.505562
69,65,14582.693535
69,68,14433.071634
69,75,14210.196671
69,89,14058.538474
69,95,13969.683918
70,46,18225.068141
70,47,16225.407900
70,49,16054.375881
70,50,15859.568848
70,51,15394.444082
70,56,15304.339336
70,57,15115.499181
70,58,15072.105495
70,59,15044.612478
70,61,14840.505562
70,65,14582.693535
70,68,14433.071634
70,75,14210.196671
70,89,14058.538474
70,95,13969.683918
71,46,18225.068141
71,47,16225.407900
71,49,16054.375881
71,50,15859.568848
71,51,15333.233016
71,53,15100.106890
71,56,15051.165963
71,59,15044.612478
71,61,14809.747023
71,62,14514.534572
71,68,14433.071634
71,73,14125.844310
71,89,14056.660927
71,92,13862.456255
72,46,18225.068141
72,47,16225.407900
72,48,15970.018758
72,50,15776.010709
72,51,15333.233016
72,53,15100.106890
72,56,15051.165963
72,59,15044.612478
72,61,14809.747023
72,62,14514.534572
72,68,14433.071634
72,73,14125.844310
72,89,14056.660927
72,92,13862.456255
73,46,16771.048280
73,47,16225.407900
73,48,15970.018758
73,49,15906.900907
73,50,15776.010709
73,51,15333.233016
73,53,15089.144215
73,54,14934.753560
73,59,14832.427679
73,61,14809.747023
73,62,14491.010664
73,68,14433.071634
73,70,14357.412990
73,72,14083.241481
73,89,14013.430454
73,92,13788.627645
74,46,16771.048280
74,47,16225.407900
74,48,15886.189196
74,50,15776.010709
74,51,15333.233016
74,53,15089.144215
74,54,14934.753560
74,59,14832.427679
74,61,14809.747023
74,62,14491.010664
74,68,14433.071634
74,70,14357.412990
74,72,14083.241481
74,89,14013.430454
74,91,13835.382914
74,92,13788.627645
74,96,13725.920140
75,46,16771.048280
75,47,16225.407900
75,48,15886.189196
75,49,15882.152771
75,50,15776.010709
75,51,15333.233016
75,53,15089.144215
75,54,14934.753560
75,59,14832.427679
75,61,14788.893394
75,62,14454.588958
75,68,14416.232749
75,70,14357.412990
75,71,14053.980399
75,89,14013.430454
75,90,13778.165142
75,96,13725.920140
75,98,13708.925711
76,45,16683.299554
76,47,16225.407900
76,48,15723.225298
76,51,15333.233016
76,53,15089.144215
76,54,14934.753560
76,59,14832.427679
76,61,14788.893394
76,62,14454.588958
76,68,14416.232749
76,70,14357.412990
76,71,14053.980399
76,89,14013.430454
76,90,13778.165142
76,94,13696.135443
76,97,13623.079521
77,45,16683.299554
77,47,16225.407900
77,48,15723.225298
77,51,15333.233016
77,53,15089.144215
77,54,14934.753560
77,59,14787.167752
77,60,14759.444927
77,62,14454.588958
77,67,14382.535210
77,70,14356.330366
77,71,14053.980399
77,88,14005.391322
77,90,13760.790923
77,93,13661.028226
77,97,13593.450568
78,45,16683.299554
78,47,16083.851827
78,48,15723.225298
78,51,15333.233016
78,53,15089.144215
78,54,14934.753560
78,59,14787.167752
78,60,14759.444927
78,62,14454.588958
78,67,14382.535210
78,70,14356.330366
78,71,14053.980399
78,88,14005.391322
78,90,13760.790923
78,93,13661.028226
78,97,13593.450568
79,44,18041.777769
79,45,16683.299554
79,47,16083.851827
79,48,15703.236082
79,50,15702.743825
79,51,15333.233016
79,53,15089.144215
79,54,14934.753560
79,59,14787.167752
79,60,14759.444927
79,62,14402.466568
79,67,14357.369847
79,70,14017.987511
79,88,14005.391322
79,90,13743.374610
79,93,13661.028226
79,94,13623.504154
79,96,13545.501011
80,44,18041.777769
80,45,16683.299554
80,47,16008.032358
80,48,15703.236082
80,50,15702.743825
80,51,15333.233016
80,53,15089.144215
80,54,14934.753560
80,58,14617.698922
80,62,14402.466568
80,67,14357.369847
80,70,14017.987511
80,82,13987.787952
80,89,13956.896887
80,90,13743.374610
80,93,13661.028226
80,94,13623.504154
80,96,13545.501011
81,44,18041.777769
81,45,16683.299554
81,47,15957.548667
81,48,15703.236082
81,50,15597.508427
81,51,15333.233016
81,53,15089.144215
81,54,14934.753560
81,58,14617.698922
81,62,14313.986401
81,70,13896.856100
81,89,13712.852328
81,93,13609.867696
81,96,13501.232740
82,44,18041.777769
82,45,16683.299554
82,46,16344.799505
82,47,15957.548667
82,48,15703.236082
82,50,15597.508427
82,51,15333.233016
82,53,15089.144215
82,54,14934.753560
82,57,14803.557573
82,58,14617.698922
82,62,14313.986401
82,70,13896.856100
82,89,13712.852328
82,93,13609.867696
82,96,13501.232740
83,44,18041.777769
83,45,16683.299554
83,46,16344.799505
83,47,15957.548667
83,48,15703.236082
83,49,15586.230428
83,51,15289.418402
83,53,15013.919888
83,54,14934.753560
83,57,14558.886570
83,62,14308.780883
83,70,13886.254841
83,89,13712.852328
83,93,13592.342057
83,95,13483.511585
84,44,18041.777769
84,45,16683.299554
84,46,16344.799505
84,47,15808.784425
84,48,15628.361502
84,49,15586.230428
84,51,15289.418402
84,53,15013.919888
84,54,14934.753560
84,57,14558.886570
84,62,14308.780883
84,66,14205.393311
84,70,13886.254841
84,89,13712.852328
84,93,13592.342057
84,95,13483.511585
85,44,16954.874988
85,45,16399.947554
85,46,16344.799505
85,47,15808.784425
85,48,15535.581838
85,50,15008.136141
85,53,14992.941430
85,54,14867.834206
85,57,14558.886570
85,62,14307.399733
85,66,14205.393311
85,70,13886.254841
85,89,13682.306492
85,93,13573.832815
85,95,13449.328967
86,44,16954.874988
86,45,16399.947554
86,46,16261.857986
86,47,15315.037824
86,50,15008.136141
86,53,14992.941430
86,54,14867.834206
86,57,14558.886570
86,62,14307.399733
86,66,14205.393311
86,70,13886.254841
86,89,13682.306492
86,93,13573.832815
86,95,13449.328967
87,44,16954.874988
87,45,16394.910152
87,46,16261.857986
87,47,15315.037824
87,50,15008.136141
87,53,14939.653254
87,54,14860.661495
87,57,14558.886570
87,62,14307.399733
87,66,14205.393311
87,70,13846.413683
87,89,13682.306492
87,92,13522.243721
87,95,13439.046263
88,44,16954.874988
88,45,16143.217352
88,47,15315.037824
88,50,15008.136141
88,53,14939.653254
88,54,14842.871644
88,57,14558.886570
88,62,14307.399733
88,65,14221.380993
88,66,14205.393311
88,70,13846.413683
88,89,13682.306492
88,92,13522.243721
88,95,13439.046263
89,44,16954.874988
89,45,16143.217352
89,46,15913.597310
89,47,15315.037824
89,50,15008.136141
89,53,14939.653254
89,54,14727.480695
89,55,14717.004409
89,56,14467.908077
89,62,14259.513312
89,65,14221.380993
89,66,14187.440593
89,70,13846.413683
89,89,13666.545085
89,92,13522.243721
89,95,13439.046263
90,44,16954.874988
90,45,16143.217352
90,46,15913.597310
90,47,15315.037824
90,50,15008.136141
90,53,14939.653254
90,54,14727.480695
90,55,14717.004409
90,56,14467.908077
90,62,14259.513312
90,65,14221.380993
90,66,14187.440593
90,70,13846.413683
90,89,13666.545085
90,92,13522.243721
90,95,13439.046263
91,44,16954.874988
91,45,16143.217352
91,46,15913.597310
91,47,15315.037824
91,49,15265.569144
91,50,15008.136141
91,53,14939.653254
91,54,14727.480695
91,55,14717.004409
91,56,14386.267593
91,62,14242.591731
91,64,14164.673832
91,69,13830.155067
91,86,13616.478122
91,91,13484.864557
91,95,13404.572509
92,44,16954.874988
92,45,16143.217352
92,46,15152.188263
92,50,15008.136141
92,53,14939.653254
92,54,14727.480695
92,55,14717.004409
92,56,14386.267593
92,62,14242.591731
92,64,14164.673832
92,65,14147.757115
92,69,13830.155067
92,86,13616.478122
92,91,13484.864557
92,95,13404.572509
93,44,16954.874988
93,45,16143.217352
93,46,15152.188263
93,50,15008.136141
93,53,14939.653254
93,54,14727.480695
93,55,14717.004409
93,56,14300.795654
93,62,14242.591731
93,63,14202.261524
93,64,14143.824556
93,69,13830.155067
93,86,13605.017347
93,91,13484.864557
93,95,13404.572509
94,44,16819.932151
94,45,16143.217352
94,46,15152.188263
94,50,15008.136141
94,52,14941.502408
94,53,14875.271848
94,54,14727.480695
94,55,14717.004409
94,56,14300.795654
94,62,14242.591731
94,63,14202.261524
94,64,14143.824556
94,66,14124.413341
94,69,13830.155067
94,86,13605.017347
94,91,13484.864557
94,95,13404.572509
95,44,16819.932151
95,45,15394.221835
95,46,15152.188263
95,50,14847.127233
95,54,14727.480695
95,55,14688.163895
95,56,14300.795654
95,62,14242.591731
95,63,14165.998631
95,64,14092.101817
95,66,13999.593326
95,69,13800.037149
95,86,13605.017347
95,91,13464.516222
95,94,13371.585235
96,44,16819.932151
96,45,15394.221835
96,46,15152.188263
96,50,14847.127233
96,54,14727.480695
96,55,14688.163895
96,56,14300.795654
96,61,14283.768372
96,62,14242.591731
96,63,14165.998631
96,64,14092.101817
96,66,13999.593326
96,69,13800.037149
96,86,13605.017347
96,91,13464.516222
96,93,13441.320101
96,94,13371.585235
97,44,16819.932151
97,45,15394.221835
97,46,15152.188263
97,50,14847.127233
97,53,14773.433047
97,54,14689.225097
97,55,14688.163895
97,56,14300.795654
97,61,14048.087637
97,64,13995.954020
97,66,13987.145834
97,69,13763.151911
97,80,13735.222888
97,84,13543.791583
97,89,13389.922431
97,92,13379.694090
97,94,13371.585235
98,44,16190.299254
98,45,15394.221835
98,46,15152.188263
98,49,14970.745299
98,50,14847.127233
98,53,14773.433047
98,54,14689.225097
98,55,14688.163895
98,56,14300.795654
98,61,14048.087637
98,64,13995.954020
98,66,13987.145834
98,69,13763.151911
98,80,13735.222888
98,84,13543.791583
98,89,13389.922431
98,92,13379.694090
98,94,13371.585235
99,44,16190.299254
99,45,15394.221835
99,46,15152.188263
99,47,14956.253968
99,48,14940.913453
99,49,14842.982695
99,53,14773.433047
99,54,14689.225097
99,55,14688.163895
99,56,14300.795654
99,61,14020.312217
99,64,13995.954020
99,66,13987.145834
99,69,13724.369639
99,79,13696.897836
99,82,13477.357835
99,89,13389.322704
99,92,13379.694090
99,93,13356.045999
100,44,16190.299254
100,45,15394.221835
100,46,15152.188263
100,47,14928.670456
100,49,14842.982695
100,51,14829.698876
100,53,14773.433047
100,54,14578.445602
100,56,14300.795654
100,61,14020.312217
100,64,13995.954020
100,66,13987.145834
100,69,13724.369639
100,79,13696.897836
100,82,13477.357835
100,89,13389.322704
100,92,13379.694090
100,93,13356.045999
101,44,16190.299254
101,45,15394.221835
101,46,15152.188263
101,47,14928.670456
101,49,14842.982695
101,51,14829.698876
101,53,14773.433047
101,54,14578.445602
101,56,14252.079992
101,61,13997.269276
101,63,13983.092824
101,66,13958.687920
101,69,13652.396917
101,82,13477.357835
101,89,13335.397008
102,43,17255.916262
102,44,16190.299254
102,45,15394.221835
102,46,15152.188263
102,47,14928.670456
102,49,14842.982695
102,51,14829.698876
102,53,14773.433047
102,54,14578.445602
102,56,14252.079992
102,61,13997.269276
102,63,13983.092824
102,66,13958.687920
102,69,13652.396917
102,76,13583.705940
102,82,13477.357835
102,89,13335.397008
103,43,17255.916262
103,44,15658.769889
103,45,15394.221835
103,46,15152.188263
103,47,14928.670456
103,49,14842.982695
103,50,14644.299572
103,53,14498.099673
103,55,14324.943240
103,56,14232.407538
103,61,13997.269276
103,63,13973.246893
103,66,13886.115486
103,69,13637.942869
103,76,13581.453699
103,82,13477.357835
103,89,13335.397008
104,43,17255.916262
104,44,15658.769889
104,45,15394.221835
104,46,15152.188263
104,47,14928.670456
104,49,14842.982695
104,50,14644.299572
104,53,14498.099673
104,55,14324.943240
104,56,14232.407538
104,61,13997.269276
104,63,13973.246893
104,66,13886.115486
104,69,13637.942869
104,76,13581.453699
104,82,13477.357835
104,89,13335.397008
105,43,16817.240690
105,44,15037.454895
105,47,14928.670456
105,49,14783.526104
105,50,14644.299572
105,53,14498.099673
105,55,14319.766529
105,56,14229.339512
105,61,13997.269276
105,63,13973.246893
105,66,13885.696027
105,69,13637.942869
105,75,13549.482937
105,82,13477.357835
105,83,13470.918129
105,89,13307.472677
106,42,16735.079317
106,44,15037.454895
106,47,14928.670456
106,49,14783.526104
106,50,14644.299572
106,53,14498.099673
106,54,14450.600971
106,55,14206.683395
106,58,14167.930913
106,61,13997.269276
106,63,13973.246893
106,66,13885.696027
106,69,13637.942869
106,75,13549.482937
106,82,13477.357835
106,83,13470.918129
106,89,13307.472677
107,42,16735.079317
107,43,16425.611703
107,44,15037.454895
107,47,14928.670456
107,49,14783.526104
107,50,14596.945480
107,52,14410.264880
107,55,14155.210952
107,61,13909.686505
107,66,13885.696027
107,68,13620.094548
107,75,13544.666660
107,82,13453.635851
107,88,13267.393532
108,42,16735.079317
108,43,16425.611703
108,44,15037.454895
108,47,14928.670456
108,49,14783.526104
108,50,14596.945480
108,52,14410.264880
108,55,14155.210952
108,61,13909.686505
108,66,13885.696027
108,68,13620.094548
108,75,13544.666660
108,82,13453.635851
108,88,13267.393532
109,42,16735.079317
109,43,15555.369185
109,44,15037.454895
109,46,14867.711831
109,49,14487.026972
109,52,14346.493483
109,55,14098.029312
109,60,14060.666046
109,61,13909.686505
109,66,13885.696027
109,68,13620.094548
109,75,13544.666660
109,82,13453.635851
109,85,13381.325146
109,88,13267.393532
110,42,16735.079317
110,43,15359.257025
110,44,15037.454895
110,46,14867.711831
110,48,14531.909087
110,49,14487.026972
110,52,14346.493483
110,55,14098.029312
110,59,14040.038168
110,61,13909.686505
110,66,13885.696027
110,68,13620.094548
110,75,13544.666660
110,82,13453.635851
110,85,13381.325146
110,88,13267.393532
111,42,16735.079317
111,43,15359.257025
111,44,15037.454895
111,45,15028.372194
111,46,14867.711831
111,47,14701.531989
111,48,14531.909087
111,49,14487.026972
111,52,14087.618285
111,59,14040.038168
111,61,13909.686505
111,66,13875.579155
111,68,13612.849438
111,72,13499.984854
111,80,13394.665293
111,85,13352.926690
111,88,13251.114533
112,42,16735.079317
112,43,15359.257025
112,44,15037.454895
112,45,15028.372194
112,46,14833.482347
112,47,14665.502517
112,48,14531.909087
112,49,14487.026972
112,52,14087.618285
112,56,13986.414281
112,61,13909.686505
112,66,13875.579155
112,68,13612.849438
112,72,13499.984854
112,80,13394.665293
112,85,13352.926690
112,88,13251.114533
113,42,16735.079317
113,43,15359.257025
113,44,14939.489957
113,46,14833.482347
113,47,14665.502517
113,48,14531.909087
113,49,14472.620734
113,52,14087.618285
113,56,13970.993295
113,61,13877.501751
113,63,13774.048304
113,68,13602.963212
113,72,13491.175160
113,80,13362.040491
113,85,13342.076724
113,88,13251.114533
114,42,16735.079317
114,43,15359.257025
114,44,14848.819142
114,45,14819.297060
114,47,14665.502517
114,48,14531.909087
114,49,14472.620734
114,51,14395.765582
114,52,14087.618285
114,56,13970.993295
114,58,13900.880670
114,61,13877.501751
114,63,13774.048304
114,68,13602.963212
114,72,13491.175160
114,76,13468.779913
114,80,13362.040491
114,85,13342.076724
114,88,13251.114533
115,42,16735.079317
115,43,15359.257025
115,44,14848.819142
115,45,14819.297060
115,47,14665.502517
115,48,14531.909087
115,49,14472.620734
115,51,14395.765582
115,52,14087.618285
115,56,13970.993295
115,58,13900.880670
115,61,13829.797932
115,63,13774.048304
115,68,13602.963212
115,71,13478.840203
115,76,13468.779913
115,80,13344.303610
115,85,13328.401149
115,87,13223.629958
116,42,16396.005165
116,43,15359.257025
116,44,14848.819142
116,45,14819.297060
116,47,14665.502517
116,48,14531.909087
116,49,14472.620734
116,51,14395.765582
116,52,14087.618285
116,56,13970.993295
116,58,13900.880670
116,61,13829.797932
116,63,13774.048304
116,68,13602.963212
116,71,13478.840203
116,76,13468.779913
116,80,13344.303610
116,85,13328.401149
116,87,13223.629958
117,42,15712.799627
117,43,15359.257025
117,44,14848.819142
117,45,14819.297060
117,46,14513.417455
117,49,14472.620734
117,51,14395.765582
117,52,14087.618285
117,56,13919.287124
117,58,13900.880670
117,61,13813.726945
117,63,13748.813961
117,68,13593.838012
117,71,13478.840203
117,76,13464.170035
117,80,13328.852812
117,84,13300.130787
117,87,13212.954780
118,42,15712.799627
118,43,15359.257025
118,44,14848.819142
118,45,14819.297060
118,46,14513.417455
118,49,14472.620734
118,50,14400.414626
118,51,14395.765582
118,52,14087.618285
118,56,13919.287124
118,58,13900.880670
118,61,13813.726945
118,63,13748.813961
118,68,13593.838012
118,71,13478.840203
118,76,13464.170035
118,80,13328.852812
118,84,13300.130787
118,87,13212.954780
119,42,15712.799627
119,43,15359.257025
119,44,14848.819142
119,45,14819.297060
119,46,14513.417455
119,49,14472.620734
119,50,14400.414626
119,51,14395.765582
119,52,14087.618285
119,56,13862.445754
119,60,13738.171817
119,61,13723.081537
119,67,13580.897056
119,71,13478.840203
119,75,13440.983355
119,80,13328.852812
119,84,13300.130787
119,85,13167.505466
120,41,16697.619810
120,42,15712.799627
120,43,15359.257025
120,44,14848.819142
120,45,14819.297060
120,46,14513.417455
120,49,14472.620734
120,50,14400.414626
120,51,14395.765582
120,52,14087.618285
120,54,14079.581348
120,56,13862.445754
120,60,13738.171817
120,61,13723.081537
120,67,13580.897056
120,71,13478.840203
120,75,13440.983355
120,80,13328.852812
120,84,13300.130787
120,85,13167.505466
121,41,16697.619810
121,42,15712.799627
121,43,15359.257025
121,44,14763.949700
121,46,14513.417455
121,49,14453.855574
121,50,14400.414626
121,51,14395.765582
121,52,14087.618285
121,54,14058.215346
121,56,13847.550633
121,60,13685.736189
121,67,13580.897056
121,71,13478.840203
121,75,13424.708494
121,80,13321.132816
121,84,13286.115744
121,85,13158.942578
122,41,16697.619810
122,42,15712.799627
122,43,15095.932298
122,44,14763.949700
122,45,14734.112730
122,46,14513.417455
122,49,14384.885955
122,52,14087.618285
122,53,14051.141027
122,56,13847.550633
122,60,13685.736189
122,67,13580.897056
122,71,13478.840203
122,75,13424.708494
122,80,13321.132816
122,84,13286.115744
122,85,13158.942578
123,41,16697.619810
123,42,15677.354121
123,43,15095.932298
123,44,14763.949700
123,45,14734.112730
123,46,14513.417455
123,49,14384.885955
123,51,13980.452768
123,55,13957.837989
123,56,13847.550633
123,60,13685.736189
123,66,13577.520516
123,71,13478.840203
123,74,13422.273706
123,80,13313.497741
123,84,13281.145920
123,85,13130.618873
124,41,16697.619810
124,42,15677.354121
124,43,15095.932298
124,44,14763.949700
124,45,14734.112730
124,46,14513.417455
124,49,14384.885955
124,51,13980.452768
124,55,13957.837989
124,56,13847.550633
124,60,13685.736189
124,66,13577.520516
124,71,13478.840203
124,74,13422.273706
124,80,13313.497741
124,84,13281.145920
124,85,13130.618873
125,41,16697.619810
125,42,15677.354121
125,43,15038.696476
125,44,14763.949700
125,45,14734.112730
125,46,14513.417455
125,49,14384.885955
125,51,13942.180926
125,56,13767.254105
125,60,13685.736189
125,66,13577.520516
125,71,13478.058997
125,74,13422.273706
125,80,13313.497741
125,83,13251.086367
125,85,13104.445009
126,41,16238.021931
126,42,15354.586604
126,43,15038.696476
126,44,14763.949700
126,45,14734.112730
126,46,14513.417455
126,48,14463.779433
126,49,14352.119140
126,51,13942.180926
126,56,13767.254105
126,60,13685.736189
126,66,13577.520516
126,69,13469.185814
126,74,13422.273706
126,80,13313.497741
126,83,13251.086367
126,85,13104.445009
127,41,16238.021931
127,42,15354.586604
127,43,15038.696476
127,44,14763.949700
127,45,14734.112730
127,46,14513.417455
127,48,14463.779433
127,49,14352.119140
127,51,13942.180926
127,55,13911.759942
127,56,13767.254105
127,60,13685.736189
127,66,13534.264173
127,69,13458.862348
127,74,13407.392368
127,79,13303.570981
127,83,13251.086367
127,85,13104.445009
128,41,16238.021931
128,42,15354.586604
128,43,15036.476659
128,44,14763.949700
128,45,14734.112730
128,46,14513.417455
128,48,14463.779433
128,49,14352.119140
128,51,13942.180926
128,54,13932.879725
128,55,13911.759942
128,56,13767.254105
128,60,13685.736189
128,66,13534.264173
128,69,13458.862348
128,74,13407.392368
128,79,13303.570981
128,83,13251.086367
128,85,13104.445009
129,41,16238.021931
129,42,15354.586604
129,43,15036.476659
129,44,14763.949700
129,45,14734.112730
129,46,14513.417455
129,48,14463.779433
129,49,14352.119140
129,51,13942.180926
129,54,13932.879725
129,55,13824.943648
129,56,13666.273175
129,66,13534.264173
129,69,13458.862348
129,71,13409.786393
129,74,13406.573545
129,79,13284.589073
129,81,13201.576101
129,85,13083.269528
130,41,16238.021931
130,42,15354.586604
130,43,14939.421261
130,44,14763.949700
130,45,14734.112730
130,46,14513.417455
130,48,14463.779433
130,49,14352.119140
130,51,13942.180926
130,54,13932.879725
130,55,13824.943648
130,56,13666.273175
130,66,13513.859249
130,69,13458.862348
130,71,13409.786393
130,74,13406.573545
130,79,13284.589073
130,81,13201.576101
130,85,13083.269528
131,41,15440.901298
131,42,15354.586604
131,43,14939.421261
131,44,14763.949700
131,45,14602.893094
131,46,14470.375767
131,48,14463.779433
131,49,14352.119140
131,51,13942.180926
131,54,13922.570903
131,55,13790.878736
131,56,13663.016378
131,66,13467.999565
131,69,13453.643265
131,71,13409.786393
131,74,13406.573545
131,79,13282.151870
131,81,13191.963703
131,85,13083.269528
132,41,15440.901298
132,42,15354.586604
132,43,14939.421261
132,44,14763.949700
132,45,14602.893094
132,46,14470.375767
132,48,14463.779433
132,49,14352.119140
132,50,14062.902357
132,51,13942.180926
132,54,13922.570903
132,55,13790.878736
132,56,13663.016378
132,66,13467.999565
132,69,13453.643265
132,71,13409.786393
132,74,13406.573545
132,79,13282.151870
132,81,13191.963703
132,85,13083.269528
133,41,15440.901298
133,42,15354.586604
133,43,14792.029759
133,44,14738.981898
133,45,14549.299376
133,46,14470.375767
133,48,14463.779433
133,49,14352.119140
133,50,14062.902357
133,51,13942.180926
133,54,13878.300124
133,55,13790.878736
133,56,13663.016378
133,66,13453.310364
133,69,13413.855711
133,71,13389.219580
133,79,13282.151870
133,80,13171.536159
133,85,13058.513569
134,41,15348.103309
134,43,14792.029759
134,44,14701.508503
134,45,14549.299376
134,46,14470.375767
134,48,14363.820395
134,49,14352.119140
134,50,14062.902357
134,51,13942.180926
134,54,13878.300124
134,55,13790.878736
134,56,13663.016378
134,66,13453.310364
134,69,13413.855711
134,71,13389.219580
134,79,13282.151870
134,80,13171.536159
134,85,13058.513569
135,41,15348.103309
135,43,14792.029759
135,44,14677.604451
135,45,14549.299376
135,46,14470.375767
135,48,14363.820395
135,49,14352.119140
135,50,14062.902357
135,51,13932.063537
135,54,13856.699194
135,55,13761.926967
135,56,13663.016378
135,66,13449.876987
135,69,13413.855711
135,70,13384.260519
135,78,13156.750732
135,85,13054.736976
136,41,15348.103309
136,43,14792.029759
136,44,14677.604451
136,45,14549.299376
136,46,14470.375767
136,48,14363.820395
136,49,14352.119140
136,50,14058.377427
136,51,13932.063537
136,54,13675.075828
136,56,13663.016378
136,66,13449.876987
136,69,13413.855711
136,70,13384.260519
136,78,13156.750732
136,85,13054.736976
137,40,16430.194274
137,41,15348.103309
137,43,14792.029759
137,44,14677.604451
137,45,14549.299376
137,46,14470.375767
137,48,14363.820395
137,49,14345.629462
137,50,14021.463253
137,51,13822.515553
137,54,13627.399861
137,66,13411.556003
137,70,13384.260519
137,78,13142.383906
137,85,13014.328237
138,40,16430.194274
138,41,15348.103309
138,43,14792.029759
138,44,14677.604451
138,45,14549.299376
138,46,14405.428483
138,48,14363.820395
138,49,14345.629462
138,50,14021.463253
138,51,13822.515553
138,54,13627.399861
138,66,13411.556003
138,70,13384.260519
138,78,13081.592088
138,82,13081.474705
138,85,13014.328237
139,40,16430.194274
139,41,15348.103309
139,43,14792.029759
139,44,14677.604451
139,45,14549.299376
139,46,14405.428483
139,48,14363.820395
139,49,14208.429152
139,50,14010.271718
139,51,13806.165525
139,54,13578.476863
139,66,13410.763637
139,70,13336.353551
139,78,12996.565196
139,84,12976.049442
140,40,16430.194274
140,41,15348.103309
140,43,14792.029759
140,44,14660.115677
140,45,14501.339811
140,46,14405.428483
140,48,14363.820395
140,49,14208.429152
140,50,14010.271718
140,51,13806.165525
140,54,13578.476863
140,66,13410.763637
140,70,13336.353551
140,78,12996.565196
140,84,12976.049442
141,40,16430.194274
141,41,15348.103309
141,42,14949.783771
141,43,14664.288243
141,44,14628.238488
141,45,14501.339811
141,46,14380.015407
141,47,14323.238689
141,49,14138.028916
141,50,13995.468516
141,51,13795.901913
141,54,13578.476863
141,66,13410.763637
141,70,13329.089022
141,76,12962.565234
141,83,12933.662840
142,40,15879.724411
142,41,15348.103309
142,42,14949.783771
142,43,14664.288243
142,44,14628.238488
142,45,14501.339811
142,46,14380.015407
142,47,14323.238689
142,49,14138.028916
142,50,13995.468516
142,51,13795.901913
142,54,13578.476863
142,66,13410.763637
142,70,13329.089022
142,76,12962.565234
142,83,12933.662840
143,40,15879.724411
143,41,15348.103309
143,42,14949.783771
143,43,14664.288243
143,44,14628.238488
143,45,14501.339811
143,46,14380.015407
143,47,14323.238689
143,49,14042.759253
143,50,13995.468516
143,51,13795.901913
143,54,13578.476863
143,66,13409.622219
143,70,13303.142137
143,74,13293.830194
143,76,12959.892253
143,83,12933.662840
144,40,15879.724411
144,41,15348.103309
144,42,14949.783771
144,43,14563.039048
144,45,14501.339811
144,46,14380.015407
144,47,14323.238689
144,49,14042.759253
144,50,13995.468516
144,51,13795.901913
144,54,13578.476863
144,66,13409.622219
144,70,13303.142137
144,74,13293.830194
144,76,12959.892253
144,83,12933.662840
145,40,15879.724411
145,41,15348.103309
145,42,14949.783771
145,43,14563.039048
145,45,14501.339811
145,46,14380.015407
145,47,14229.533578
145,49,14042.759253
145,50,13983.428506
145,51,13784.979259
145,54,13578.476863
145,66,13399.310925
145,70,13303.142137
145,74,13217.921999
145,76,12955.655600
145,83,12933.662840
146,40,15879.724411
146,41,15348.103309
146,42,14949.783771
146,43,14563.039048
146,45,14501.339811
146,46,14380.015407
146,47,14229.533578
146,49,14042.759253
146,50,13983.428506
146,51,13784.979259
146,54,13578.476863
146,66,13399.310925
146,70,13303.142137
146,74,13217.921999
146,76,12955.655600
146,83,12933.662840
147,40,15879.724411
147,41,15348.103309
147,42,14949.783771
147,43,14563.039048
147,45,14501.339811
147,46,14380.015407
147,47,14229.533578
147,49,14042.759253
147,50,13966.797582
147,51,13784.979259
147,54,13561.675637
147,66,13399.310925
147,70,13294.104117
147,74,13204.826083
147,76,12927.139478
147,83,12920.999333
148,40,15879.724411
148,41,15348.103309
148,42,14949.783771
148,43,14563.039048
148,45,14501.339811
148,46,14337.355381
148,47,14229.533578
148,48,14188.542614
148,49,14042.759253
148,50,13966.797582
148,51,13784.979259
148,54,13561.675637
148,66,13399.310925
148,70,13241.958590
148,74,13204.826083
148,76,12927.139478
148,83,12920.999333
149,40,15879.724411
149,41,15348.103309
149,42,14949.783771
149,43,14563.039048
149,45,14501.339811
149,46,14337.355381
149,47,14229.533578
149,48,14188.542614
149,49,14042.759253
149,50,13955.119559
149,51,13744.643612
149,54,13561.675637
149,55,13553.108640
149,66,13399.310925
149,70,13241.004588
149,73,13185.286476
149,76,12897.680181
150,40,15879.724411
150,41,15062.293306
150,42,14523.967790
150,43,14483.949721
150,46,14337.355381
150,47,14229.533578
150,48,14188.542614
150,49,14042.759253
150,50,13955.119559
150,51,13744.643612
150,54,13561.675637
150,55,13553.108640
150,66,13399.310925
150,70,13241.004588
150,73,13185.286476
150,76,12897.680181
151,40,15879.724411
151,41,15062.293306
151,42,14523.967790
151,43,14483.949721
151,46,14337.355381
151,47,14229.533578
151,48,14188.542614
151,49,14042.759253
151,50,13799.139909
151,51,13714.087769
151,54,13524.019199
151,66,13399.310925
151,69,13280.318763
151,70,13241.004588
151,73,13183.036521
151,76,12891.411235
152,40,15879.724411
152,41,15062.293306
152,42,14484.656713
152,43,14483.949721
152,46,14337.355381
152,47,14229.533578
152,48,14188.542614
152,49,14042.759253
152,50,13799.139909
152,51,13714.087769
152,54,13524.019199
152,61,13515.286364
152,66,13399.310925
152,69,13280.318763
152,70,13241.004588
152,73,13183.036521
152,76,12891.411235
153,40,15879.724411
153,41,15062.293306
153,42,14484.656713
153,43,14483.949721
153,45,14463.681710
153,46,14337.355381
153,47,14229.533578
153,48,14188.542614
153,49,14040.706220
153,50,13784.105050
153,51,13694.982691
153,54,13497.321558
153,57,13437.904547
153,66,13399.310925
153,69,13280.318763
153,70,13238.117733
153,73,13183.036521
153,76,12891.411235
154,40,15879.724411
154,41,15062.293306
154,42,14484.656713
154,43,14483.949721
154,45,14463.681710
154,46,14337.355381
154,47,14229.533578
154,48,14122.643896
154,49,14040.706220
154,50,13784.105050
154,51,13694.982691
154,54,13497.321558
154,57,13437.904547
154,60,13435.950322
154,66,13399.310925
154,69,13280.318763
154,70,13238.117733
154,73,13183.036521
154,76,12891.411235
154,79,12879.453770
155,40,15879.724411
155,41,15062.293306
155,42,14484.656713
155,43,14483.949721
155,45,14463.681710
155,46,14337.355381
155,47,14229.533578
155,48,14122.643896
155,49,14040.706220
155,50,13784.105050
155,51,13694.982691
155,54,13497.321558
155,57,13437.904547
155,60,13435.950322
155,66,13399.310925
155,69,13280.318763
155,70,13220.080807
155,73,13183.036521
155,76,12890.216598
155,79,12879.453770
156,40,15879.724411
156,41,15062.293306
156,42,14484.656713
156,43,14483.949721
156,45,14463.681710
156,46,14337.355381
156,47,14229.533578
156,48,14059.789700
156,49,14040.706220
156,50,13784.105050
156,51,13694.982691
156,54,13497.321558
156,57,13437.904547
156,60,13435.950322
156,66,13399.310925
156,69,13280.318763
156,70,13220.080807
156,73,13183.036521
156,76,12890.216598
156,79,12879.453770
157,40,15879.724411
157,41,14938.641581
157,42,14484.656713
157,43,14483.949721
157,45,14463.681710
157,46,14337.355381
157,47,14229.533578
157,48,14059.789700
157,49,14040.706220
157,50,13784.105050
157,51,13694.982691
157,53,13492.631639
157,57,13434.119676
157,66,13399.310925
157,69,13207.633540
157,73,13183.036521
157,76,12880.600695
157,79,12879.453770
158,40,15879.724411
158,41,14938.641581
158,42,14484.656713
158,43,14483.949721
158,45,14463.681710
158,46,14337.355381
158,47,14229.533578
158,48,14059.789700
158,49,14040.706220
158,50,13784.105050
158,51,13694.982691
158,53,13492.631639
158,57,13434.119676
158,60,13411.637743
158,66,13399.310925
158,69,13207.633540
158,73,13183.036521
158,76,12880.600695
158,79,12879.453770
159,40,15879.724411
159,41,14416.494228
159,46,14337.355381
159,47,13979.436272
159,50,13641.462188
159,53,13492.631639
159,57,13418.703590
159,59,13366.965597
159,69,13205.682075
159,73,13183.036521
159,76,12872.821080
159,79,12853.721437
160,40,15879.724411
160,41,14416.494228
160,43,14404.649338
160,46,14337.355381
160,47,13979.436272
160,50,13641.462188
160,53,13492.631639
160,57,13418.703590
160,59,13366.965597
160,69,13205.682075
160,73,13183.036521
160,76,12872.821080
160,79,12853.721437
161,40,15879.724411
161,41,14416.494228
161,43,14404.649338
161,46,14311.885730
161,47,13979.436272
161,50,13627.405662
161,53,13479.203032
161,57,13418.703590
161,59,13366.965597
161,69,13205.682075
161,73,13183.036521
161,76,12864.331333
161,78,12850.193315
162,40,15879.724411
162,41,14416.494228
162,43,14404.649338
162,45,14344.602303
162,46,14311.885730
162,47,13979.436272
162,50,13627.405662
162,53,13479.203032
162,57,13418.703590
162,59,13366.965597
162,69,13205.682075
162,73,13183.036521
162,76,12864.331333
162,78,12850.193315
163,40,15879.724411
163,41,14416.494228
163,43,14404.649338
163,45,14344.602303
163,46,14040.583062
163,47,13877.232199
163,50,13627.405662
163,53,13475.724323
163,57,13411.218427
163,58,13330.586730
163,69,13195.920221
163,73,13113.265676
163,76,12837.763842
163,78,12834.335652
164,40,15879.724411
164,41,14416.494228
164,43,14404.649338
164,45,14344.602303
164,46,14040.583062
164,47,13877.232199
164,50,13627.405662
164,53,13475.724323
164,57,13411.218427
164,58,13330.586730
164,69,13195.920221
164,71,13155.134104
164,73,13113.265676
164,76,12837.763842
164,78,12834.335652
165,40,15879.724411
165,41,14416.494228
165,43,14404.649338
165,45,13798.243473
165,50,13566.247200
165,53,13475.724323
165,56,13370.627431
165,58,13327.036117
165,69,13190.356908
165,71,13154.037129
165,73,13025.184498
165,76,12833.091953
166,40,15879.724411
166,41,14416.494228
166,43,14404.649338
166,44,14364.437641
166,45,13798.243473
166,49,13766.155348
166,50,13566.247200
166,53,13475.724323
166,56,13370.627431
166,58,13327.036117
166,68,13273.795176
166,69,13190.356908
166,71,13154.037129
166,73,13025.184498
166,76,12833.091953
167,40,15879.724411
167,41,14416.494228
167,43,14404.649338
167,44,14364.437641
167,45,13798.243473
167,49,13766.155348
167,50,13548.575410
167,53,13406.474937
167,56,13369.875945
167,58,13327.036117
167,67,13214.590397
167,69,13174.661487
167,71,13154.037129
167,73,13025.184498
167,76,12826.051112
168,40,15879.724411
168,41,14416.494228
168,43,14404.649338
168,44,14364.437641
168,45,13798.243473
168,49,13582.319667
168,50,13548.575410
168,53,13406.474937
168,56,13369.875945
168,58,13327.036117
168,67,13214.590397
168,69,13174.661487
168,71,13154.037129
168,73,13025.184498
168,76,12826.051112
169,40,15879.724411
169,41,14416.494228
169,43,14404.649338
169,44,14364.437641
169,45,13798.243473
169,49,13575.014701
169,50,13506.753885
169,53,13403.404088
169,56,13369.875945
169,57,13308.744550
169,67,13214.590397
169,69,13173.788452
169,71,13146.182613
169,73,13017.677555
169,76,12773.259951
170,40,15350.957452
170,41,14416.494228
170,43,14404.649338
170,44,14364.437641
170,45,13798.243473
170,49,13575.014701
170,50,13506.753885
170,53,13403.404088
170,56,13369.875945
170,57,13308.744550
170,63,13307.993375
170,67,13214.590397
170,69,13173.788452
170,71,13146.182613
170,73,13017.677555
170,76,12773.259951
171,40,15027.645506
171,41,14416.494228
171,43,14404.649338
171,44,13803.753099
171,45,13798.243473
171,49,13557.964923
171,50,13477.419925
171,53,13377.799404
171,56,13345.421683
171,57,13308.744550
171,63,13284.696649
171,67,13214.590397
171,69,13171.159550
171,70,13112.434361
171,73,13000.882607
171,76,12756.894266
172,40,15027.645506
172,41,14416.494228
172,43,14404.649338
172,44,13803.753099
172,45,13798.243473
172,49,13557.964923
172,50,13477.419925
172,53,13377.799404
172,56,13345.421683
172,57,13308.744550
172,61,13305.003296
172,63,13284.696649
172,67,13214.590397
172,69,13171.159550
172,70,13112.434361
172,73,13000.882607
172,76,12756.894266
173,40,14701.687603
173,41,14416.494228
173,43,14404.649338
173,44,13803.753099
173,45,13798.243473
173,49,13557.964923
173,50,13477.419925
173,53,13377.799404
173,56,13345.421683
173,57,13308.744550
173,61,13286.367488
173,63,13284.696649
173,67,13214.554112
173,69,13141.849329
173,70,13112.434361
173,72,12971.469794
173,76,12742.379042
174,40,14701.687603
174,41,14416.494228
174,42,14276.176488
174,44,13803.753099
174,45,13798.243473
174,49,13557.964923
174,50,13477.419925
174,53,13377.799404
174,56,13345.421683
174,57,13308.744550
174,61,13286.367488
174,63,13284.696649
174,67,13214.554112
174,69,13141.849329
174,70,13112.434361
174,72,12971.469794
174,76,12742.379042
175,40,14701.687603
175,41,14416.494228
175,42,14276.176488
175,44,13803.753099
175,45,13798.243473
175,49,13557.964923
175,50,13477.419925
175,53,13365.071231
175,56,13345.421683
175,57,13308.238048
175,61,13286.367488
175,63,13263.016552
175,67,13214.554112
175,69,13134.882632
175,70,13084.664155
175,71,12962.903011
175,76,12742.379042
176,40,14701.687603
176,41,14354.087992
176,42,14276.176488
176,44,13803.753099
176,45,13798.243473
176,49,13557.964923
176,50,13477.419925
176,53,13351.938686
176,56,13345.421683
176,57,13308.238048
176,58,13296.134621
176,60,13244.544994
176,67,13214.554112
176,69,13134.882632
176,70,13084.664155
176,71,12962.903011
176,76,12742.379042
177,40,14701.687603
177,41,14354.087992
177,42,14276.176488
177,44,13803.753099
177,45,13798.243473
177,49,13557.964923
177,50,13477.419925
177,53,13315.550348
177,55,13295.136443
177,57,13291.829401
177,58,13291.523767
177,60,13244.544994
177,67,13190.847442
177,69,12981.175158
177,71,12962.903011
177,73,12903.715262
177,76,12728.593970
178,40,14701.687603
178,41,14354.087992
178,42,14276.176488
178,44,13803.753099
178,45,13798.243473
178,49,13555.053253
178,50,13477.419925
178,53,13315.550348
178,55,13295.136443
178,57,13291.829401
178,58,13291.523767
178,60,13244.544994
178,67,13190.847442
178,69,12981.175158
178,71,12962.903011
178,73,12903.715262
178,76,12728.593970
179,40,14701.687603
179,41,14354.087992
179,42,14276.176488
179,44,13803.753099
179,45,13798.243473
179,49,13552.536829
179,50,13477.419925
179,53,13315.550348
179,55,13242.895823
179,59,13217.860893
179,67,13190.847442
179,69,12981.175158
179,71,12942.852950
179,72,12889.263946
179,76,12728.593970
180,40,14701.687603
180,41,14354.087992
180,42,14144.038313
180,44,13803.753099
180,45,13798.243473
180,49,13545.338194
180,50,13477.419925
180,53,13315.550348
180,55,13242.895823
180,59,13217.860893
180,67,13190.847442
180,69,12981.175158
180,71,12942.852950
180,72,12889.263946
180,76,12728.593970
181,39,14948.502554
181,40,14701.687603
181,41,14354.087992
181,42,14144.038313
181,44,13803.753099
181,45,13798.243473
181,49,13537.732156
181,50,13456.970367
181,53,13283.831628
181,55,13242.895823
181,57,13162.805858
181,69,12976.109697
181,71,12937.144411
181,72,12889.263946
181,76,12728.593970
182,39,14948.502554
182,40,14701.687603
182,41,14354.087992
182,42,14144.038313
182,44,13803.753099
182,45,13798.243473
182,48,13763.924926
182,49,13537.732156
182,50,13456.970367
182,53,13283.831628
182,55,13242.895823
182,57,13162.805858
182,69,12976.109697
182,71,12937.144411
182,72,12889.263946
182,76,12728.593970
183,39,14948.502554
183,40,14701.687603
183,41,14354.087992
183,42,14080.422624
183,44,13803.753099
183,45,13798.243473
183,48,13763.924926
183,49,13537.732156
183,50,13456.970367
183,53,13275.323546
183,55,13242.895823
183,57,13162.805858
183,67,13137.198576
183,69,12976.109697
183,71,12932.943765
183,72,12880.235766
183,76,12705.272650
184,39,14948.502554
184,40,14701.687603
184,41,14354.087992
184,42,14080.422624
184,44,13803.753099
184,45,13798.243473
184,48,13763.924926
184,49,13537.732156
184,50,13456.970367
184,53,13275.323546
184,55,13242.895823
184,57,13162.805858
184,67,13137.198576
184,69,12976.109697
184,71,12932.943765
184,72,12880.235766
184,76,12705.272650
185,39,14948.502554
185,40,14662.002317
185,41,14354.087992
185,42,14080.422624
185,44,13803.753099
185,45,13798.243473
185,48,13763.924926
185,49,13537.732156
185,50,13450.939749
185,53,13275.323546
185,55,13242.895823
185,56,13154.804851
185,67,13119.520428
185,69,12976.109697
185,71,12932.943765
185,72,12880.235766
185,76,12693.124944
186,39,14948.502554
186,40,14662.002317
186,41,14354.087992
186,42,14080.422624
186,43,14046.167345
186,44,13803.753099
186,45,13798.243473
186,48,13763.924926
186,49,13537.732156
186,50,13450.939749
186,53,13275.323546
186,55,13242.895823
186,56,13154.804851
186,67,13119.520428
186,69,12976.109697
186,71,12932.943765
186,72,12880.235766
186,76,12693.124944
187,39,14948.502554
187,40,14662.002317
187,41,14354.087992
187,42,14080.422624
187,43,14046.167345
187,44,13803.753099
187,45,13798.243473
187,48,13504.321238
187,50,13450.939749
187,53,13271.735121
187,55,13242.895823
187,56,13154.804851
187,65,12891.609308
187,72,12880.235766
187,76,12693.124944
188,39,14948.502554
188,40,14662.002317
188,41,14348.320181
188,42,14080.422624
188,43,14046.167345
188,44,13775.138318
188,47,13639.498364
188,48,13504.321238
188,50,13450.939749
188,53,13271.735121
188,55,13242.895823
188,56,13154.804851
188,65,12891.609308
188,72,12880.235766
188,76,12693.124944
189,39,14948.502554
189,40,14662.002317
189,41,14348.320181
189,42,14080.004630
189,43,14046.167345
189,44,13775.138318
189,46,13717.094815
189,47,13619.501679
189,48,13504.321238
189,50,13450.939749
189,53,13233.147256
189,56,13142.881180
189,65,12861.187397
189,72,12807.846029
189,74,12682.184244
190,39,14948.502554
190,40,14662.002317
190,41,14348.320181
190,42,14080.004630
190,43,14046.167345
190,44,13770.660889
190,46,13717.094815
190,47,13619.501679
190,48,13504.321238
190,50,13450.939749
190,53,13233.147256
190,56,13142.881180
190,65,12861.187397
190,72,12807.846029
190,74,12682.184244
190,78,12678.613195
191,39,14948.502554
191,40,14662.002317
191,41,14311.812356
191,42,14080.004630
191,43,14046.167345
191,44,13770.660889
191,46,13717.094815
191,47,13619.501679
191,48,13504.321238
191,50,13450.939749
191,53,13190.449318
191,56,13142.881180
191,63,12918.552141
191,64,12843.901297
191,68,12834.952494
191,72,12646.020488
192,39,14948.502554
192,40,14662.002317
192,41,14010.642120
192,44,13770.660889
192,46,13717.094815
192,47,13619.501679
192,48,13504.321238
192,50,13450.939749
192,53,13190.449318
192,56,13142.881180
192,63,12918.552141
192,64,12843.901297
192,68,12834.952494
192,72,12646.020488
193,39,14948.502554
193,40,14662.002317
193,41,14010.642120
193,44,13770.660889
193,46,13705.677729
193,47,13607.861913
193,48,13504.321238
193,50,13450.939749
193,53,13118.673162
193,63,12917.279347
193,64,12843.901297
193,68,12816.354553
193,70,12590.696410
194,39,14948.502554
194,40,14662.002317
194,41,13891.566956
194,44,13770.660889
194,46,13705.677729
194,47,13607.861913
194,48,13504.321238
194,50,13450.939749
194,53,13118.673162
194,63,12917.279347
194,64,12843.901297
194,68,12816.354553
194,70,12590.696410
195,39,14948.502554
195,40,14662.002317
195,41,13891.566956
195,44,13761.744506
195,46,13673.440719
195,47,13597.093477
195,48,13420.360021
195,53,13118.628396
195,63,12917.279347
195,64,12843.901297
195,68,12794.753611
195,70,12582.653469
196,39,14948.502554
196,40,14588.196687
196,41,13891.566956
196,44,13761.744506
196,46,13673.440719
196,47,13597.093477
196,48,13420.360021
196,53,13081.592290
196,63,12917.279347
196,64,12843.901297
196,68,12794.753611
196,70,12582.653469
196,71,12575.587101
197,39,14948.502554
197,40,14588.196687
197,41,13891.566956
197,44,13759.947823
197,46,13658.359775
197,47,13597.093477
197,48,13402.276833
197,53,13069.512832
197,63,12916.874093
197,64,12830.189643
197,67,12749.213296
197,70,12549.922317
198,39,14948.502554
198,40,14588.196687
198,41,13891.566956
198,44,13759.947823
198,46,13658.359775
198,47,13597.093477
198,48,13402.276833
198,53,13069.512832
198,63,12916.874093
198,64,12830.189643
198,67,12749.213296
198,70,12549.922317
198,71,12542.855949
199,39,14948.502554
199,40,14588.196687
199,41,13891.566956
199,44,13709.121818
199,46,13655.372729
199,47,13593.843340
199,48,13369.702194
199,53,13050.725305
199,63,12911.096979
199,64,12830.189643
199,67,12749.213296
199,70,12529.668833
199,71,12528.567806
200,39,14948.502554
200,40,14588.196687
200,41,13891.566956
200,44,13709.121818
200,46,13655.372729
200,47,13593.843340
200,48,13369.702194
200,53,13050.725305
200,63,12911.096979
200,64,12830.189643
200,67,12749.213296
200,70,12529.668833
200,71,12528.567806
201,38,15571.522322
201,39,14948.502554
201,40,14588.196687
201,41,13891.566956
201,44,13686.066342
201,46,13610.239630
201,47,13577.786982
201,48,13356.824391
201,53,13028.469489
201,63,12906.312303
201,64,12830.189643
201,67,12723.617643
201,70,12529.668833
201,71,12517.419363
202,38,15571.522322
202,39,14948.502554
202,40,14588.196687
202,41,13891.566956
202,44,13686.066342
202,46,13610.239630
202,47,13577.786982
202,48,13356.824391
202,53,13028.469489
202,63,12906.312303
202,64,12830.189643
202,67,12723.617643
202,70,12529.668833
202,71,12517.419363
203,38,15571.522322
203,39,14948.502554
203,40,14588.196687
203,41,13891.566956
203,44,13686.066342
203,46,13610.239630
203,47,13577.786982
203,48,13356.630181
203,53,13028.469489
203,63,12887.726836
203,64,12830.189643
203,67,12723.617643
203,70,12516.338614
204,38,15571.522322
204,39,14948.502554
204,40,14588.196687
204,41,13891.566956
204,44,13686.066342
204,46,13610.239630
204,47,13577.786982
204,48,13356.630181
204,50,13347.010492
204,53,13028.469489
204,63,12887.726836
204,64,12830.189643
204,67,12723.617643
204,70,12516.338614
205,38,15571.522322
205,39,14948.502554
205,40,14588.196687
205,41,13891.566956
205,44,13650.329263
205,46,13610.239630
205,47,13577.786982
205,48,13325.372632
205,53,13028.469489
205,63,12887.726836
205,64,12830.189643
205,67,12685.247138
205,70,12486.729017
206,38,15571.522322
206,39,14948.502554
206,40,14588.196687
206,41,13891.566956
206,44,13650.329263
206,46,13610.239630
206,47,13577.786982
206,48,13325.372632
206,53,13028.469489
206,63,12887.726836
206,64,12830.189643
206,65,12743.862194
206,66,12728.503222
206,67,12685.247138
206,70,12486.729017
207,38,15571.522322
207,39,14948.502554
207,40,14308.875546
207,41,13891.566956
207,44,13650.329263
207,46,13601.944437
207,47,13577.786982
207,48,13285.632520
207,53,13028.469489
207,63,12875.248321
207,64,12830.189643
207,65,12717.722387
207,66,12712.257846
207,67,12684.858484
207,70,12486.729017
208,38,15571.522322
208,39,14948.502554
208,40,14308.875546
208,41,13811.469345
208,44,13650.329263
208,46,13601.944437
208,47,13577.786982
208,48,13285.632520
208,53,13028.469489
208,63,12875.248321
208,64,12830.189643
208,65,12717.722387
208,66,12712.257846
208,67,12684.858484
208,70,12486.729017
209,38,15571.522322
209,39,14948.502554
209,40,14308.875546
209,41,13811.469345
209,44,13650.329263
209,46,13601.682350
209,47,13576.860431
209,48,13275.286718
209,53,13026.285679
209,63,12814.073557
209,65,12715.728517
209,66,12705.964454
209,67,12684.858484
209,69,12477.475997
210,38,15571.522322
210,39,14948.502554
210,40,14308.875546
210,41,13811.469345
210,44,13650.329263
210,46,13601.682350
210,47,13576.860431
210,48,13275.286718
210,53,13026.285679
210,63,12814.073557
210,65,12715.728517
210,66,12705.964454
210,67,12684.858484
210,69,12477.475997
211,38,15571.522322
211,39,14948.502554
211,40,14308.875546
211,41,13811.469345
211,44,13650.329263
211,46,13593.873378
211,47,13576.860431
211,48,13275.286718
211,52,13241.340153
211,53,13018.303821
211,63,12814.073557
211,65,12707.912626
211,66,12705.246555
211,67,12677.118952
211,69,12477.475997
212,38,15571.522322
212,39,14948.502554
212,40,14308.875546
212,41,13811.469345
212,44,13650.329263
212,46,13593.873378
212,47,13576.860431
212,48,13275.286718
212,52,13241.340153
212,53,13018.303821
212,63,12814.073557
212,65,12707.912626
212,66,12705.246555
212,67,12677.118952
212,69,12477.475997
213,38,15571.522322
213,39,14948.502554
213,40,14308.875546
213,41,13811.469345
213,44,13650.329263
213,46,13593.873378
213,47,13576.860431
213,48,13275.286718
213,52,13234.788816
213,53,13003.635231
213,63,12814.073557
213,65,12702.230936
213,66,12644.335482
213,69,12450.273939
214,38,15571.522322
214,39,14948.502554
214,40,14308.875546
214,41,13811.469345
214,44,13650.329263
214,46,13593.873378
214,47,13576.860431
214,48,13275.286718
214,51,13182.468669
214,52,13047.295067
214,53,13003.635231
214,63,12814.073557
214,65,12702.230936
214,66,12644.335482
214,69,12450.273939
215,38,15571.522322
215,39,14948.502554
215,40,14198.541028
215,41,13811.469345
215,44,13650.329263
215,45,13619.822509
215,46,13593.873378
215,47,13576.860431
215,48,13260.374247
215,49,13191.358121
215,51,13182.468669
215,52,13044.023897
215,53,12996.167084
215,62,12808.902430
215,65,12702.230936
215,66,12644.335482
215,69,12450.273939
216,38,15571.522322
216,39,14474.193036
216,40,14114.453646
216,41,13811.469345
216,44,13650.329263
216,45,13619.822509
216,46,13593.873378
216,47,13576.860431
216,48,13260.374247
216,49,13191.358121
216,51,13182.468669
216,52,13044.023897
216,53,12996.167084
216,62,12808.902430
216,65,12702.230936
216,66,12644.335482
216,69,12450.273939
217,38,15571.522322
217,39,14474.193036
217,40,14114.453646
217,41,13811.469345
217,44,13603.169979
217,46,13593.873378
217,47,13576.860431
217,48,13260.374247
217,49,13180.777227
217,51,13159.408373
217,52,13033.311951
217,53,12996.167084
217,61,12780.497028
217,65,12702.230936
217,66,12638.122577
217,69,12431.242869
218,38,15571.522322
218,39,14474.193036
218,40,14114.453646
218,41,13811.469345
218,44,13603.169979
218,46,13593.873378
218,47,13576.860431
218,48,13260.374247
218,49,13180.777227
218,51,13159.408373
218,52,13033.311951
218,53,12996.167084
218,61,12780.497028
218,65,12702.230936
218,66,12638.122577
218,69,12431.242869
219,38,15571.522322
219,39,14474.193036
219,40,14114.453646
219,41,13811.469345
219,44,13603.169979
219,46,13593.873378
219,47,13574.881907
219,48,13259.973738
219,49,13180.777227
219,51,13159.408373
219,52,13033.311951
219,53,12988.207632
219,61,12731.751969
219,65,12702.230936
219,66,12636.128707
219,69,12420.380975
220,38,15571.522322
220,39,14474.193036
220,40,14114.453646
220,41,13811.469345
220,42,13796.492277
220,44,13603.169979
220,46,13525.169034
220,48,13259.973738
220,49,13180.777227
220,51,13159.408373
220,52,13033.311951
220,53,12988.207632
220,61,12731.751969
220,65,12702.230936
220,66,12636.128707
220,69,12420.380975
221,38,15571.522322
221,39,14474.193036
221,40,14114.453646
221,41,13811.469345
221,42,13796.492277
221,44,13603.169979
221,46,13525.169034
221,48,13243.328376
221,49,13179.652661
221,51,13142.511015
221,52,13033.311951
221,53,12988.207632
221,61,12731.751969
221,65,12700.840451
221,66,12636.128707
221,67,12633.781633
221,69,12420.380975
222,38,15571.522322
222,39,14474.193036
222,40,14114.453646
222,41,13811.469345
222,42,13796.492277
222,44,13603.169979
222,46,13525.169034
222,48,13243.328376
222,49,13179.652661
222,51,13142.511015
222,52,13033.311951
222,53,12988.207632
222,61,12731.751969
222,65,12700.840451
222,66,12636.128707
222,67,12633.781633
222,69,12420.380975
223,38,15571.522322
223,39,14474.193036
223,40,14114.453646
223,41,13781.643340
223,44,13603.169979
223,46,13525.169034
223,48,13232.557315
223,49,13179.652661
223,51,13142.511015
223,52,13033.311951
223,53,12988.207632
223,61,12731.214877
223,65,12700.211624
223,66,12636.128707
223,67,12633.781633
223,69,12404.336967
224,38,15571.522322
224,39,14474.193036
224,40,14114.453646
224,41,13781.643340
224,44,13603.169979
224,46,13525.169034
224,48,13232.557315
224,49,13179.652661
224,51,13142.511015
224,52,13033.311951
224,53,12988.207632
224,61,12731.214877
224,65,12700.211624
224,66,12636.128707
224,67,12633.781633
224,69,12404.336967
225,38,15571.522322
225,39,14474.193036
225,40,14114.453646
225,41,13781.643340
225,44,13603.169979
225,46,13525.169034
225,48,13232.557315
225,49,13160.113389
225,51,13094.319337
225,52,13033.311951
225,53,12988.207632
225,61,12715.793664
225,65,12699.827851
225,66,12636.128707
225,67,12633.781633
225,69,12398.271768
226,38,15571.522322
226,39,14474.193036
226,40,14114.453646
226,41,13781.643340
226,44,13603.169979
226,45,13601.066838
226,46,13525.169034
226,48,13232.557315
226,49,13160.113389
226,51,13094.319337
226,52,13033.311951
226,53,12988.207632
226,61,12715.793664
226,65,12699.827851
226,66,12636.128707
226,67,12633.781633
226,69,12398.271768
227,38,15571.522322
227,39,14474.193036
227,40,14114.453646
227,41,13781.643340
227,44,13603.169979
227,45,13601.066838
227,46,13453.792933
227,48,13232.557315
227,49,13160.113389
227,51,13094.319337
227,52,12957.932846
227,61,12715.793664
227,65,12698.507177
227,66,12605.188483
227,69,12396.055748
228,38,15571.522322
228,39,14474.193036
228,40,14114.453646
228,41,13781.643340
228,44,13603.169979
228,45,13601.066838
228,46,13453.792933
228,48,13232.557315
228,49,13160.113389
228,51,13094.319337
228,52,12957.932846
228,61,12715.793664
228,65,12698.507177
228,66,12605.188483
228,69,12396.055748
229,38,15571.522322
229,39,14474.193036
229,40,14114.453646
229,41,13781.643340
229,42,13775.083861
229,44,13603.169979
229,45,13567.336760
229,46,13453.792933
229,48,13232.557315
229,49,13156.081412
229,51,13084.227591
229,52,12955.332743
229,61,12712.491924
229,65,12694.580232
229,66,12604.722391
229,69,12378.594460
230,38,15571.522322
230,39,14474.193036
230,40,14114.453646
230,41,13781.643340
230,42,13775.083861
230,43,13741.030686
230,44,13603.169979
230,45,13567.336760
230,46,13453.792933
230,48,13232.557315
230,49,13156.081412
230,51,13084.227591
230,52,12955.332743
230,61,12712.491924
230,65,12609.607970
230,66,12604.722391
230,68,12438.489084
230,69,12378.594460
231,38,15571.522322
231,39,14474.193036
231,40,14114.453646
231,41,13781.643340
231,42,13775.083861
231,43,13741.030686
231,44,13603.169979
231,45,13567.336760
231,46,13429.992496
231,48,13212.586431
231,49,13156.081412
231,51,13084.227591
231,52,12955.332743
231,61,12711.315210
231,65,12605.164917
231,66,12544.054397
231,68,12433.937098
231,69,12378.594460
232,38,15571.522322
232,39,14474.193036
232,40,14114.453646
232,41,13781.643340
232,42,13775.083861
232,43,13581.226549
232,45,13567.336760
232,46,13429.992496
232,48,13212.586431
232,49,13156.081412
232,51,13084.227591
232,52,12955.332743
232,61,12711.315210
232,65,12605.164917
232,66,12544.054397
232,68,12433.937098
232,69,12378.594460
233,38,15571.522322
233,39,14474.193036
233,40,14114.453646
233,41,13781.643340
233,42,13775.083861
233,43,13581.226549
233,45,13567.336760
233,46,13388.434625
233,48,13212.586431
233,49,13156.081412
233,51,13084.227591
233,52,12955.332743
233,61,12711.315210
233,65,12605.164917
233,66,12543.846154
233,68,12431.262290
233,69,12346.670402
234,38,15571.522322
234,39,14474.193036
234,40,14114.453646
234,41,13754.653181
234,43,13581.226549
234,45,13567.336760
234,46,13388.434625
234,48,13212.586431
234,49,13156.081412
234,51,13084.227591
234,52,12955.332743
234,61,12711.315210
234,65,12605.164917
234,66,12543.846154
234,68,12431.262290
234,69,12346.670402
235,38,15571.522322
235,39,14474.193036
235,40,14114.453646
235,41,13754.653181
235,43,13581.226549
235,44,13540.591126
235,46,13388.434625
235,48,13212.586431
235,49,13156.081412
235,51,13068.415550
235,52,12955.332743
235,59,12954.107555
235,61,12711.315210
235,65,12588.798041
235,66,12543.846154
235,67,12401.826669
235,69,12346.670402
236,38,15571.522322
236,39,14474.193036
236,40,14114.453646
236,41,13744.157305
236,43,13581.226549
236,44,13540.591126
236,46,13388.434625
236,48,13212.586431
236,49,13156.081412
236,51,13068.415550
236,52,12955.332743
236,59,12954.107555
236,61,12711.315210
236,65,12588.798041
236,66,12543.846154
236,67,12401.826669
236,69,12346.670402
237,38,15571.522322
237,39,14474.193036
237,40,14114.453646
237,41,13744.157305
237,43,13581.226549
237,44,13540.591126
237,46,13388.434625
237,48,13212.586431
237,49,13156.081412
237,51,13068.415550
237,52,12951.447070
237,61,12711.315210
237,64,12563.529345
237,66,12512.689186
237,67,12401.826669
237,69,12328.480687
238,38,15571.522322
238,39,14474.193036
238,40,14114.453646
238,41,13720.168098
238,43,13581.226549
238,44,13540.591126
238,46,13388.434625
238,48,13212.586431
238,49,13156.081412
238,51,13068.415550
238,52,12951.447070
238,61,12711.315210
238,64,12563.529345
238,65,12517.574765
238,66,12512.689186
238,67,12401.826669
238,69,12328.480687
239,38,15571.522322
239,39,14474.193036
239,40,14114.453646
239,41,13720.168098
239,43,13581.226549
239,44,13540.591126
239,46,13388.434625
239,48,13209.901166
239,49,13144.712811
239,51,13068.415550
239,52,12940.107144
239,61,12711.315210
239,64,12563.529345
239,65,12482.315519
239,67,12398.219273
239,69,12326.730569
240,37,16882.721761
240,38,15368.543876
240,39,14474.193036
240,40,14114.453646
240,41,13720.168098
240,42,13657.330770
240,43,13581.226549
240,44,13540.591126
240,46,13388.434625
240,48,13209.901166
240,49,13144.712811
240,51,13068.415550
240,52,12940.107144
240,61,12711.315210
240,64,12563.529345
240,65,12482.315519
240,67,12398.219273
240,69,12326.730569
241,37,16882.721761
241,38,15368.543876
241,39,14474.193036
241,40,14114.453646
241,41,13720.168098
241,42,13657.330770
241,43,13581.226549
241,44,13540.591126
241,46,13377.568707
241,48,13209.901166
241,49,13144.712811
241,51,13068.415550
241,52,12940.107144
241,61,12709.162439
241,63,12555.131055
241,65,12469.628830
241,67,12397.905609
241,69,12311.969646
242,37,16882.721761
242,38,15368.543876
242,39,14474.193036
242,40,14078.505164
242,41,13663.866845
242,42,13635.528109
242,43,13581.226549
242,44,13540.591126
242,46,13377.568707
242,48,13209.901166
242,49,13144.712811
242,51,13068.415550
242,52,12940.107144
242,61,12709.162439
242,63,12555.131055
242,65,12469.628830
242,67,12397.905609
242,69,12311.969646
243,37,16882.721761
243,38,15368.543876
243,39,14474.193036
243,40,14078.505164
243,41,13663.866845
243,42,13635.528109
243,43,13581.226549
243,44,13540.591126
243,46,13361.478385
243,48,13209.901166
243,49,13144.712811
243,51,12937.141899
243,61,12709.162439
243,62,12546.773845
243,64,12463.445901
243,67,12397.905609
243,69,12311.969646
244,37,16623.854768
244,38,15368.543876
244,39,14474.193036
244,40,14078.505164
244,41,13663.866845
244,42,13635.528109
244,43,13559.920909
244,44,13540.591126
244,46,13361.478385
244,48,13209.901166
244,49,13144.712811
244,51,12937.141899
244,61,12709.162439
244,62,12546.773845
244,64,12463.445901
244,67,12397.905609
244,69,12311.969646
245,37,16623.854768
245,38,15368.543876
245,39,14474.193036
245,40,13920.722702
245,41,13663.866845
245,42,13635.528109
245,43,13559.920909
245,44,13540.591126
245,46,13361.478385
245,48,13208.998911
245,49,13144.712811
245,51,12937.141899
245,61,12709.162439
245,62,12546.773845
245,64,12456.234340
245,67,12393.855958
245,69,12303.003338
246,37,16623.854768
246,38,15368.543876
246,39,14474.193036
246,40,13920.722702
246,41,13663.866845
246,42,13635.528109
246,43,13559.920909
246,44,13540.591126
246,45,13466.620224
246,46,13361.478385
246,48,13208.998911
246,49,13144.712811
246,51,12937.141899
246,61,12709.162439
246,62,12546.773845
246,64,12456.234340
246,67,12393.855958
246,69,12303.003338
247,37,16349.160223
247,38,15284.355696
247,39,14474.193036
247,40,13920.722702
247,41,13663.866845
247,42,13635.528109
247,43,13559.920909
247,44,13540.591126
247,45,13466.620224
247,46,13361.478385
247,48,13186.606241
247,49,13133.050312
247,50,12933.713575
247,60,12722.613408
247,61,12689.530797
247,62,12546.773845
247,64,12456.234340
247,67,12393.855958
247,69,12303.003338
248,37,16349.160223
248,38,15284.355696
248,39,14474.193036
248,40,13920.722702
248,41,13663.866845
248,42,13635.528109
248,43,13559.920909
248,44,13540.591126
248,45,13466.620224
248,46,13361.478385
248,48,13186.606241
248,49,13133.050312
248,50,12933.713575
248,60,12722.613408
248,61,12689.530797
248,62,12546.773845
248,64,12456.234340
248,67,12393.855958
248,69,12303.003338
249,37,16349.160223
249,38,15284.355696
249,39,14474.193036
249,40,13920.722702
249,41,13614.758878
249,43,13559.920909
249,44,13540.591126
249,45,13466.620224
249,46,13334.818849
249,48,13186.606241
249,49,13132.776042
249,50,12924.413758
249,60,12722.519252
249,61,12689.530797
249,62,12546.773845
249,64,12455.511351
249,67,12393.855958
249,69,12303.003338
250,37,16349.160223
250,38,15284.355696
250,39,14474.193036
250,40,13920.722702
250,41,13614.758878
250,42,13584.579173
250,43,13559.920909
250,44,13540.591126
250,45,13466.620224
250,46,13334.818849
250,48,13186.606241
250,49,13132.776042
250,50,12924.413758
250,60,12722.519252
250,61,12689.530797
250,62,12546.773845
250,63,12543.958617
250,64,12455.511351
250,67,12393.855958
250,68,12366.822818
250,69,12303.003338
251,36,16816.468272
251,37,16349.160223
251,38,15284.355696
251,39,14474.193036
251,40,13920.722702
251,41,13614.758878
251,42,13584.579173
251,43,13559.920909
251,44,13540.591126
251,45,13466.620224
251,46,13334.818849
251,48,13186.606241
251,49,13132.776042
251,50,12921.077048
251,60,12722.519252
251,61,12689.530797
251,62,12528.895123
251,64,12455.511351
251,66,12347.040220
251,69,12303.003338
252,36,16816.468272
252,37,16349.160223
252,38,15284.355696
252,39,14474.193036
252,40,13920.722702
252,41,13614.758878
252,42,13584.579173
252,43,13559.920909
252,44,13540.591126
252,45,13466.620224
252,46,13334.818849
252,47,13331.845036
252,48,13186.606241
252,49,13132.776042
252,50,12921.077048
252,60,12588.550081
252,62,12528.895123
252,64,12455.511351
252,66,12347.040220
252,69,12303.003338
253,36,16816.468272
253,37,16349.160223
253,38,15284.355696
253,39,14474.193036
253,40,13920.722702
253,41,13614.758878
253,42,13584.579173
253,43,13559.920909
253,44,13540.591126
253,45,13466.620224
253,46,13296.672710
253,48,13186.606241
253,49,12880.486052
253,60,12588.550081
253,62,12499.368945
253,64,12453.167569
253,66,12347.040220
253,69,12301.414219
254,36,16816.468272
254,37,16349.160223
254,38,15284.355696
254,39,14474.193036
254,40,13920.722702
254,41,13614.758878
254,42,13584.579173
254,43,13559.920909
254,44,13540.591126
254,45,13466.620224
254,46,13296.672710
254,48,13186.606241
254,49,12880.486052
254,60,12588.550081
254,62,12499.368945
254,64,12453.167569
254,66,12347.040220
254,69,12301.414219
255,36,16816.468272
255,37,16349.160223
255,38,15284.355696
255,39,14474.193036
255,40,13920.722702
255,41,13614.758878
255,42,13584.579173
255,43,13551.293873
255,44,13463.857198
255,46,13296.672710
255,48,13186.606241
255,49,12874.755339
255,60,12588.550081
255,62,12499.368945
255,64,12421.955130
255,66,12347.040220
255,69,12298.815771
256,36,16816.468272
256,37,16349.160223
256,38,15284.355696
256,39,14474.193036
256,40,13920.722702
256,41,13614.758878
256,42,13584.579173
256,43,13543.807818
256,44,13463.857198
256,46,13296.672710
256,48,13186.606241
256,49,12874.755339
256,56,12827.638207
256,60,12588.550081
256,62,12499.368945
256,64,12421.955130
256,66,12347.040220
256,69,12298.815771
257,36,16816.468272
257,37,16349.160223
257,38,15284.355696
257,39,13924.996638
257,40,13920.722702
257,41,13614.758878
257,42,13584.579173
257,43,13543.807818
257,44,13447.609786
257,46,13258.476322
257,48,13177.463434
257,49,12871.332376
257,56,12808.023965
257,60,12588.550081
257,61,12484.812847
257,64,12392.141474
257,66,12331.583603
257,69,12298.815771
258,36,16816.468272
258,37,16349.160223
258,38,15284.355696
258,39,13924.996638
258,40,13920.722702
258,41,13614.758878
258,42,13584.579173
258,43,13543.807818
258,44,13447.609786
258,46,13258.476322
258,47,13230.616291
258,48,13177.463434
258,49,12871.332376
258,56,12808.023965
258,60,12588.550081
258,61,12484.812847
258,64,12392.141474
258,66,12331.583603
258,69,12298.815771
259,36,16816.468272
259,37,16349.160223
259,38,15284.355696
259,39,13924.996638
259,40,13920.722702
259,41,13540.804272
259,44,13447.609786
259,45,13373.227137
259,46,13247.386170
259,47,13227.334488
259,48,13177.463434
259,49,12871.332376
259,55,12768.821590
259,59,12586.034801
259,61,12484.606023
259,64,12382.292740
259,66,12331.583603
259,69,12298.815771
260,36,16816.468272
260,37,16349.160223
260,38,15284.355696
260,39,13924.996638
260,40,13920.722702
260,41,13540.804272
260,44,13447.609786
260,45,13373.227137
260,46,13247.386170
260,47,13227.334488
260,48,13177.463434
260,49,12871.332376
260,55,12768.821590
260,59,12586.034801
260,61,12484.606023
260,64,12382.292740
260,66,12331.583603
260,69,12298.815771
261,36,16816.468272
261,37,16349.160223
261,38,15284.355696
261,39,13924.996638
261,40,13920.722702
261,41,13540.804272
261,44,13447.609786
261,45,13373.227137
261,46,13247.386170
261,47,13222.445614
261,48,13177.463434
261,49,12870.424314
261,55,12768.821590
261,59,12586.034801
261,61,12484.606023
261,64,12382.292740
261,66,12331.583603
261,69,12298.815771
262,36,16816.468272
262,37,16349.160223
262,38,14155.599905
262,39,13924.996638
262,40,13572.292296
262,41,13540.804272
262,44,13447.609786
262,45,13373.227137
262,46,13247.386170
262,47,13153.652516
262,49,12870.424314
262,55,12768.821590
262,59,12586.034801
262,61,12484.606023
262,64,12382.292740
262,66,12331.583603
262,69,12298.815771
263,36,16816.468272
263,37,16349.160223
263,38,14155.599905
263,39,13918.084187
263,40,13572.292296
263,41,13540.804272
263,44,13447.609786
263,45,13373.227137
263,46,13246.780693
263,47,13153.652516
263,49,12870.424314
263,54,12765.309956
263,59,12584.956118
263,61,12467.134665
263,64,12373.948980
263,66,12331.488575
263,69,12298.815771
264,36,16816.468272
264,37,16349.160223
264,38,14155.599905
264,39,13918.084187
264,40,13572.292296
264,41,13540.804272
264,44,13447.609786
264,45,13373.227137
264,46,13246.780693
264,47,13153.652516
264,49,12870.424314
264,54,12765.309956
264,59,12584.956118
264,61,12467.134665
264,62,12440.561875
264,64,12373.948980
264,66,12331.488575
264,69,12298.815771
265,36,16816.468272
265,37,16349.160223
265,38,14155.599905
265,39,13918.084187
265,40,13572.292296
265,41,13540.804272
265,43,13498.271115
265,44,13447.609786
265,45,13373.227137
265,46,13246.780693
265,47,13152.087284
265,49,12856.033359
265,54,12763.125467
265,59,12577.526807
265,61,12459.923105
265,62,12440.561875
265,64,12373.948980
265,66,12331.247289
265,69,12276.103181
266,36,16816.468272
266,37,16349.160223
266,38,14155.599905
266,39,13883.991833
266,40,13572.292296
266,41,13540.804272
266,43,13498.271115
266,44,13447.609786
266,45,13373.227137
266,46,13246.780693
266,47,13152.087284
266,49,12856.033359
266,54,12763.125467
266,58,12561.483177
266,61,12459.923105
266,62,12440.561875
266,64,12373.948980
266,66,12331.247289
266,69,12276.103181
267,36,16816.468272
267,37,16349.160223
267,38,14155.599905
267,39,13829.788372
267,40,13572.292296
267,41,13540.804272
267,43,13488.245208
267,44,13447.609786
267,45,13373.227137
267,46,13246.780693
267,47,13139.777605
267,49,12856.033359
267,54,12754.642329
267,58,12561.483177
267,59,12517.473643
267,61,12459.923105
267,62,12420.177570
267,64,12373.948980
267,66,12324.840393
267,69,12274.075969
268,36,16816.468272
268,37,16349.160223
268,38,14155.599905
268,39,13829.788372
268,40,13572.292296
268,41,13540.804272
268,43,13488.245208
268,44,13447.609786
268,45,13373.227137
268,46,13246.780693
268,47,13063.201738
268,49,12856.033359
268,54,12754.642329
268,58,12561.483177
268,59,12517.473643
268,61,12459.923105
268,62,12420.177570
268,64,12373.948980
268,66,12324.840393
268,69,12274.075969
269,36,16816.468272
269,37,16349.160223
269,38,14155.599905
269,39,13829.788372
269,40,13572.292296
269,41,13540.804272
269,42,13517.308743
269,43,13488.245208
269,44,13447.609786
269,45,13237.031225
269,47,13060.685916
269,49,12856.033359
269,54,12754.642329
269,58,12547.224257
269,59,12501.166002
269,61,12439.161155
269,62,12420.177570
269,64,12373.948980
269,66,12324.621210
269,69,12274.075969
270,36,16816.468272
270,37,16349.160223
270,38,14155.599905
270,39,13829.788372
270,40,13572.292296
270,41,13538.569266
270,42,13517.308743
270,43,13465.759135
270,44,13447.609786
270,45,13237.031225
270,47,13060.685916
270,49,12856.033359
270,54,12754.642329
270,58,12547.224257
270,59,12501.166002
270,61,12439.161155
270,62,12420.177570
270,64,12373.948980
270,66,12324.621210
270,69,12274.075969
271,36,16816.468272
271,37,16349.160223
271,38,14131.961373
271,39,13829.788372
271,40,13572.292296
271,41,13538.569266
271,42,13517.308743
271,43,13465.759135
271,44,13447.609786
271,45,13237.031225
271,47,13060.685916
271,49,12856.033359
271,54,12737.701026
271,58,12547.224257
271,59,12500.104900
271,61,12386.173883
271,64,12373.533423
271,66,12324.621210
271,69,12274.075969
272,36,16816.468272
272,37,16349.160223
272,38,14131.961373
272,39,13829.788372
272,40,13572.292296
272,41,13538.569266
272,42,13517.308743
272,43,13465.759135
272,44,13447.609786
272,45,13237.031225
272,47,13060.685916
272,49,12856.033359
272,54,12737.701026
272,58,12547.224257
272,59,12500.104900
272,61,12386.173883
272,64,12373.533423
272,66,12324.621210
272,69,12274.075969
273,36,16816.468272
273,37,16349.160223
273,38,14131.961373
273,39,13829.788372
273,40,13572.292296
273,41,13538.569266
273,42,13517.308743
273,43,13465.759135
273,44,13447.609786
273,45,13237.031225
273,47,13050.181766
273,49,12838.064730
273,54,12704.711428
273,58,12538.345469
273,59,12490.766127
273,61,12386.173883
273,64,12364.934183
273,66,12324.621210
273,69,12274.075969
274,36,16816.468272
274,37,16349.160223
274,38,14131.961373
274,39,13829.788372
274,40,13572.292296
274,41,13538.569266
274,42,13517.308743
274,43,13465.759135
274,44,13447.609786
274,45,13237.031225
274,47,13050.181766
274,49,12838.064730
274,54,12704.711428
274,58,12538.345469
274,59,12490.766127
274,61,12386.173883
274,64,12364.934183
274,66,12324.621210
274,69,12274.075969
275,36,16816.468272
275,37,16349.160223
275,38,14009.480967
275,39,13712.367426
275,40,13572.292296
275,41,13538.569266
275,42,13517.308743
275,43,13465.759135
275,44,13447.609786
275,45,13218.623977
275,47,13050.181766
275,49,12838.064730
275,54,12703.328621
275,58,12538.345469
275,59,12488.857132
275,61,12386.173883
275,64,12364.934183
275,66,12309.963141
275,69,12274.075969
276,34,17480.586690
276,36,16816.468272
276,37,16349.160223
276,38,13959.926603
276,39,13712.367426
276,40,13572.292296
276,41,13538.569266
276,42,13517.308743
276,43,13465.759135
276,44,13447.609786
276,45,13218.623977
276,47,13050.181766
276,49,12838.064730
276,54,12703.328621
276,58,12538.345469
276,59,12488.857132
276,61,12386.173883
276,64,12364.934183
276,66,12309.963141
276,69,12274.075969
277,34,17480.586690
277,35,17278.215034
277,36,16816.468272
277,37,16349.160223
277,38,13959.926603
277,39,13712.367426
277,40,13572.292296
277,41,13538.569266
277,42,13517.308743
277,43,13465.759135
277,44,13447.609786
277,45,13218.623977
277,47,13050.041233
277,49,12827.575108
277,54,12703.328621
277,58,12538.345469
277,59,12488.805687
277,61,12345.713659
277,66,12309.963141
277,69,12274.075969
278,34,17480.586690
278,35,17278.215034
278,36,16816.468272
278,37,16349.160223
278,38,13959.926603
278,39,13712.367426
278,40,13572.292296
278,41,13538.569266
278,42,13517.308743
278,43,13465.759135
278,44,13447.609786
278,45,13218.623977
278,47,13050.041233
278,49,12827.575108
278,54,12703.328621
278,58,12538.345469
278,59,12488.805687
278,61,12345.713659
278,66,12309.963141
278,69,12274.075969
279,34,17480.586690
279,35,17278.215034
279,36,16816.468272
279,37,16349.160223
279,38,13959.926603
279,39,13700.030641
279,40,13564.168348
279,41,13523.532926
279,42,13517.308743
279,43,13465.759135
279,44,13447.609786
279,45,13218.623977
279,47,13040.627342
279,49,12827.575108
279,51,12795.192975
279,54,12672.185693
279,58,12538.345469
279,59,12481.982694
279,61,12345.131048
279,63,12337.906954
279,65,12278.904097
279,69,12274.075969
280,34,17393.423381
280,35,17278.215034
280,36,16816.468272
280,37,16349.160223
280,38,13959.926603
280,39,13700.030641
280,40,13564.168348
280,41,13508.181544
280,43,13465.759135
280,44,13447.609786
280,45,13218.623977
280,47,13040.627342
280,49,12827.575108
280,51,12795.192975
280,54,12672.185693
280,58,12538.345469
280,59,12481.982694
280,60,12421.090658
280,61,12345.131048
280,63,12337.906954
280,65,12278.904097
280,69,12274.075969
281,34,17393.423381
281,35,17278.215034
281,36,16816.468272
281,37,16349.160223
281,38,13959.926603
281,39,13700.030641
281,40,13564.168348
281,41,13508.181544
281,43,13465.759135
281,44,13447.609786
281,45,13218.623977
281,47,13040.627342
281,49,12806.617939
281,51,12795.192975
281,53,12664.588497
281,58,12538.345469
281,59,12480.859469
281,60,12421.090658
281,61,12345.131048
281,63,12337.906954
281,64,12277.092244
281,69,12273.698839
282,34,17393.423381
282,35,17278.215034
282,36,16816.468272
282,37,14430.160426
282,38,13959.926603
282,39,13700.030641
282,40,13564.168348
282,41,13508.181544
282,43,13465.759135
282,44,13447.609786
282,45,13218.623977
282,47,13040.627342
282,49,12806.617939
282,51,12795.192975
282,53,12664.588497
282,58,12538.345469
282,59,12480.859469
282,60,12421.090658
282,61,12345.131048
282,63,12337.906954
282,64,12277.092244
282,69,12273.698839
283,34,17393.423381
283,35,17278.215034
283,36,16816.468272
283,37,14430.160426
283,38,13959.926603
283,39,13678.877108
283,40,13564.168348
283,41,13508.181544
283,43,13465.759135
283,44,13447.609786
283,45,13218.623977
283,47,13040.627342
283,49,12806.617939
283,51,12772.015074
283,53,12664.588497
283,58,12538.345469
283,59,12480.859469
283,60,12414.921685
283,61,12344.260118
283,63,12254.331011
284,34,17393.423381
284,35,17278.215034
284,36,16816.468272
284,37,14430.160426
284,38,13959.926603
284,39,13678.877108
284,40,13564.168348
284,41,13508.181544
284,43,13465.759135
284,44,13447.609786
284,45,13218.623977
284,47,13040.627342
284,49,12806.617939
284,51,12772.015074
284,53,12664.588497
284,58,12538.345469
284,59,12480.859469
284,60,12414.921685
284,61,12344.260118
284,63,12254.331011
285,34,17393.423381
285,35,17278.215034
285,36,16816.468272
285,37,14430.160426
285,38,13959.926603
285,39,13678.877108
285,40,13564.168348
285,41,13508.181544
285,43,13465.759135
285,44,13447.609786
285,45,13218.623977
285,46,13036.956750
285,49,12806.198289
285,51,12772.015074
285,53,12650.563021
285,58,12538.345469
285,59,12480.859469
285,60,12341.744838
285,63,12247.915274
286,34,17393.423381
286,35,17278.215034
286,36,16816.468272
286,37,14430.160426
286,38,13959.926603
286,39,13678.877108
286,40,13549.498574
286,41,13508.181544
286,43,13465.759135
286,44,13447.609786
286,45,13218.623977
286,46,13036.956750
286,49,12806.198289
286,51,12772.015074
286,53,12650.563021
286,58,12538.345469
286,59,12480.859469
286,60,12341.744838
286,62,12339.374539
286,63,12247.915274
287,34,17393.423381
287,35,17278.215034
287,36,16816.468272
287,37,14430.160426
287,38,13959.926603
287,39,13595.627603
287,40,13549.498574
287,41,13508.181544
287,43,13465.759135
287,44,13447.609786
287,45,13218.623977
287,46,13036.956750
287,49,12806.198289
287,51,12766.104136
287,53,12620.262664
287,58,12537.284367
287,59,12468.779662
287,60,12324.769366
287,62,12226.107840
288,34,17393.423381
288,35,17278.215034
288,36,16816.468272
288,37,14430.160426
288,38,13959.926603
288,39,13595.627603
288,40,13548.816967
288,41,13508.181544
288,43,13465.759135
288,44,13447.609786
288,45,13218.623977
288,46,13036.956750
288,49,12806.198289
288,51,12766.104136
288,53,12620.262664
288,58,12537.284367
288,59,12468.779662
288,60,12324.769366
288,62,12226.107840
289,34,17393.423381
289,35,17278.215034
289,36,16816.468272
289,37,14430.160426
289,38,13779.374397
289,39,13595.627603
289,40,13548.816967
289,41,13508.181544
289,42,13499.141226
289,43,13465.759135
289,44,13206.510271
289,46,13036.956750
289,49,12806.198289
289,51,12766.104136
289,53,12620.262664
289,58,12537.284367
289,59,12468.779662
289,60,12321.158922
289,62,12204.624477
290,34,17393.423381
290,35,17278.215034
290,36,16816.468272
290,37,14430.160426
290,38,13779.374397
290,39,13595.627603
290,40,13548.816967
290,41,13508.181544
290,42,13499.141226
290,43,13465.759135
290,44,13206.510271
290,46,13036.956750
290,49,12806.198289
290,51,12766.104136
290,53,12620.262664
290,58,12537.284367
290,59,12468.779662
290,60,12321.158922
290,62,12204.624477
291,34,17393.423381
291,35,17278.215034
291,36,16816.468272
291,37,14430.160426
291,38,13779.374397
291,39,13595.627603
291,40,13548.816967
291,41,13508.181544
291,42,13470.619057
291,43,13431.737916
291,44,13206.510271
291,46,13036.956750
291,48,12780.946062
291,51,12766.104136
291,53,12620.262664
291,58,12537.248161
291,59,12468.779662
291,60,12321.158922
291,61,12183.240391
292,34,17393.423381
292,35,17278.215034
292,36,16816.468272
292,37,14430.160426
292,38,13779.374397
292,39,13487.896910
292,42,13470.619057
292,43,13431.737916
292,44,13206.510271
292,46,13036.956750
292,48,12780.946062
292,51,12766.104136
292,53,12620.262664
292,58,12537.248161
292,59,12468.779662
292,60,12321.158922
292,61,12183.240391
293,34,17393.423381
293,35,17278.215034
293,36,16816.468272
293,37,14430.160426
293,38,13779.374397
293,39,13487.896910
293,42,13470.619057
293,43,13431.737916
293,44,13203.733020
293,46,13026.055560
293,47,12754.889848
293,51,12742.193892
293,53,12616.439525
293,58,12516.879956
293,59,12468.779662
293,60,12321.158922
293,61,12183.240391
294,34,17393.423381
294,35,17278.215034
294,36,16816.468272
294,37,14430.160426
294,38,13779.374397
294,39,13487.896910
294,41,13475.390642
294,42,13470.619057
294,43,13431.737916
294,44,13203.733020
294,46,13026.055560
294,47,12754.889848
294,51,12742.193892
294,53,12616.439525
294,58,12516.879956
294,59,12468.779662
294,60,12321.158922
294,61,12183.240391
295,34,17393.423381
295,35,17278.215034
295,36,16816.468272
295,37,14430.160426
295,38,13779.374397
295,39,13487.896910
295,41,13475.390642
295,42,13470.619057
295,43,13431.737916
295,44,13203.733020
295,46,13014.284551
295,47,12754.889848
295,51,12739.605778
295,53,12616.439525
295,58,12514.067931
295,59,12313.236605
295,61,12183.240391
296,34,17393.423381
296,35,17278.215034
296,36,16816.468272
296,37,14430.160426
296,38,13779.374397
296,39,13487.896910
296,41,13475.390642
296,42,13470.619057
296,43,13431.737916
296,44,13203.733020
296,46,13014.284551
296,47,12754.889848
296,51,12739.605778
296,53,12616.439525
296,58,12514.067931
296,59,12313.236605
296,61,12183.240391
297,34,17393.423381
297,35,17278.215034
297,36,16816.468272
297,37,14430.160426
297,38,13779.374397
297,39,13487.896910
297,41,13475.390642
297,42,13470.619057
297,43,13400.167326
297,44,13159.046420
297,46,13008.443975
297,47,12753.772997
297,50,12702.567043
297,53,12613.933783
297,58,12287.664621
297,61,12173.583760
298,34,17393.423381
298,35,17278.215034
298,36,16816.468272
298,37,14430.160426
298,38,13779.374397
298,39,13487.896910
298,41,13475.390642
298,42,13470.619057
298,43,13400.167326
298,44,13159.046420
298,46,13008.443975
298,47,12753.772997
298,50,12702.567043
298,53,12613.933783
298,58,12287.664621
298,61,12173.583760
299,34,17393.423381
299,35,17278.215034
299,36,16816.468272
299,37,14430.160426
299,38,13779.374397
299,39,13487.896910
299,41,13475.390642
299,42,13467.848170
299,43,13371.556561
299,44,13159.046420
299,46,13008.443975
299,47,12753.772997
299,50,12698.993892
299,53,12613.933783
299,58,12287.664621
299,61,12173.583760
300,34,17393.423381
300,35,17278.215034
300,36,16816.468272
300,37,14430.160426
300,38,13779.374397
300,39,13487.896910
300,41,13475.390642
300,42,13405.143888
300,43,13371.556561
300,44,13159.046420
300,46,13008.443975
300,47,12753.772997
300,50,12698.993892
300,53,12613.933783
300,58,12287.664621
300,59,12151.712256
301,34,17393.423381
301,35,17278.215034
301,36,16816.468272
301,37,14430.160426
301,38,13772.456060
301,39,13487.896910
301,41,13436.759905
301,42,13405.143888
301,43,13371.556561
301,44,13159.046420
301,46,13006.519371
301,47,12753.772997
301,50,12698.993892
301,53,12612.919525
301,58,12287.664621
301,59,12151.712256
302,34,17393.423381
302,35,17278.215034
302,36,16816.468272
302,37,14430.160426
302,38,13772.456060
302,39,13487.896910
302,41,13436.759905
302,42,13405.143888
302,43,13371.556561
302,44,13159.046420
302,45,13105.070361
302,46,13006.519371
302,47,12753.772997
302,50,12698.993892
302,53,12612.919525
302,58,12287.664621
302,59,12151.712256
303,34,17393.423381
303,35,17278.215034
303,36,16816.468272
303,37,14386.362812
303,38,13772.456060
303,39,13466.602182
303,41,13436.759905
303,42,13403.236990
303,43,13345.485943
303,44,13140.174223
303,45,13088.397509
303,46,13006.519371
303,47,12753.772997
303,50,12698.993892
303,53,12594.700280
303,58,12145.348776
304,34,17377.263419
304,35,17278.215034
304,36,16816.468272
304,37,14386.362812
304,38,13772.456060
304,39,13442.021426
304,41,13436.759905
304,42,13403.236990
304,43,13345.485943
304,44,13140.174223
304,45,13088.397509
304,46,13006.519371
304,47,12739.022073
304,50,12698.993892
304,53,12594.700280
304,58,12145.348776
305,34,17377.263419
305,35,17278.215034
305,36,16816.468272
305,37,14386.362812
305,38,13772.456060
305,39,13442.021426
305,41,13436.759905
305,42,13402.178787
305,43,13345.410301
305,44,13140.174223
305,45,13071.871844
305,46,13002.115392
305,47,12739.022073
305,50,12698.750241
305,53,12594.700280
305,58,12145.348776
306,34,17377.263419
306,35,17278.215034
306,36,16816.468272
306,37,14386.362812
306,38,13772.456060
306,39,13442.021426
306,41,13436.759905
306,42,13402.178787
306,43,13345.410301
306,44,13140.174223
306,45,13071.871844
306,46,13002.115392
306,47,12739.022073
306,50,12698.750241
306,53,12594.700280
306,58,12145.348776
307,34,17377.263419
307,35,17278.215034
307,36,16816.468272
307,37,14386.362812
307,38,13476.855057
307,39,13442.021426
307,41,13396.141618
307,42,13390.730380
307,43,13314.778747
307,44,13106.684974
307,45,13052.758148
307,46,12994.154374
307,47,12739.022073
307,50,12698.750241
307,53,12594.700280
307,58,12145.348776
308,34,17377.263419
308,35,17269.297463
308,36,16816.468272
308,37,14386.362812
308,38,13476.855057
308,39,13442.021426
308,41,13396.141618
308,42,13390.730380
308,43,13314.778747
308,44,13106.684974
308,45,13052.758148
308,46,12994.154374
308,47,12739.022073
308,50,12698.750241
308,53,12594.700280
308,58,12145.348776
309,34,17377.263419
309,35,17269.297463
309,36,16816.468272
309,37,14386.362812
309,38,13476.855057
309,39,13442.021426
309,41,13396.141618
309,42,13390.730380
309,43,13288.818312
309,44,13106.684974
309,45,13052.758148
309,46,12967.429727
309,47,12739.022073
309,50,12698.750241
309,53,12547.518500
309,58,12145.348776
310,34,17321.702294
310,35,17269.297463
310,36,15696.267585
310,37,13745.386828
310,38,13476.855057
310,39,13442.021426
310,41,13396.141618
310,42,13390.730380
310,43,13288.818312
310,44,13106.684974
310,45,13052.758148
310,46,12967.429727
310,47,12739.022073
310,50,12698.750241
310,53,12547.518500
310,54,12380.895091
310,58,12145.348776
311,34,17321.702294
311,35,17269.297463
311,36,15696.267585
311,37,13745.386828
311,38,13476.855057
311,39,13442.021426
311,41,13396.141618
311,42,13389.130527
311,43,13284.608590
311,44,12992.082107
311,46,12955.904175
311,47,12739.022073
311,50,12698.750241
311,53,12544.854591
311,54,12380.895091
311,58,12145.215498
312,34,17103.881760
312,36,15696.267585
312,37,13561.591357
312,38,13476.855057
312,39,13442.021426
312,41,13396.141618
312,42,13389.130527
312,43,13284.608590
312,44,12992.082107
312,46,12955.904175
312,47,12739.022073
312,50,12698.750241
312,53,12544.854591
312,54,12380.895091
312,58,12145.215498
313,34,17103.881760
313,36,15696.267585
313,37,13561.591357
313,38,13476.855057
313,39,13442.021426
313,40,13425.966760
313,41,13373.762786
313,43,13272.868634
313,44,12992.082107
313,46,12955.904175
313,47,12734.969762
313,50,12698.750241
313,53,12531.160750
313,54,12380.832048
313,58,12145.215498
314,34,17005.658090
314,36,15696.267585
314,37,13561.591357
314,38,13476.855057
314,39,13419.066641
314,41,13373.762786
314,43,13272.868634
314,44,12992.082107
314,46,12955.904175
314,47,12734.969762
314,50,12698.750241
314,53,12531.160750
314,54,12380.832048
314,58,12145.215498
315,34,17005.658090
315,36,15696.267585
315,37,13561.591357
315,38,13476.855057
315,39,13419.066641
315,41,13373.762786
315,43,13272.868634
315,44,12992.082107
315,46,12936.215608
315,47,12724.889123
315,49,12694.677981
315,53,12531.160750
315,54,12380.832048
315,58,12132.421235
316,34,17005.658090
316,36,15696.267585
316,37,13561.591357
316,38,13476.855057
316,39,13419.066641
316,40,13378.431218
316,41,13373.762786
316,43,13272.868634
316,44,12992.082107
316,46,12936.215608
316,47,12724.889123
316,49,12694.677981
316,53,12531.160750
316,54,12380.832048
316,58,12132.421235
317,34,17005.658090
317,36,15696.267585
317,37,13561.591357
317,38,13476.855057
317,39,13419.066641
317,40,13378.431218
317,41,13373.762786
317,43,13272.868634
317,44,12987.869361
317,46,12929.323587
317,47,12704.944689
317,49,12694.677981
317,52,12673.311650
317,53,12520.638091
317,54,12380.832048
317,56,12327.716900
317,58,12086.508141
318,34,17005.658090
318,36,15696.267585
318,37,13561.591357
318,38,13476.855057
318,39,13419.066641
318,40,13378.431218
318,41,13373.762786
318,43,13272.868634
318,44,12987.869361
318,46,12929.323587
318,47,12704.944689
318,49,12694.677981
318,52,12673.311650
318,53,12520.638091
318,54,12380.832048
318,56,12327.716900
318,58,12086.508141
319,34,17005.658090
319,36,15696.267585
319,37,13561.591357
319,38,13476.855057
319,39,13419.066641
319,40,13378.431218
319,41,13373.762786
319,43,13268.043529
319,44,12987.869361
319,46,12926.245288
319,47,12704.944689
319,49,12680.799139
319,51,12639.704644
319,53,12520.638091
319,54,12380.832048
319,56,12327.716900
319,58,12081.997916
320,34,17005.658090
320,35,16982.711810
320,36,15696.267585
320,37,13561.591357
320,38,13476.855057
320,39,13419.066641
320,40,13378.431218
320,41,13373.762786
320,43,13268.043529
320,44,12987.869361
320,46,12926.245288
320,47,12704.944689
320,49,12680.799139
320,51,12639.704644
320,53,12520.638091
320,54,12380.832048
320,56,12327.716900
320,58,12081.997916
321,34,17005.658090
321,35,16982.711810
321,36,14749.121247
321,37,13561.591357
321,38,13476.855057
321,39,13419.066641
321,40,13378.431218
321,41,13373.762786
321,43,13247.905334
321,44,12987.869361
321,46,12926.223654
321,47,12702.931424
321,49,12680.799139
321,51,12639.704644
321,53,12520.638091
321,54,12380.832048
321,56,12326.205143
321,58,12069.064462
322,34,17005.658090
322,35,16774.359871
322,36,14355.654009
322,37,13561.591357
322,38,13476.855057
322,39,13419.066641
322,40,13378.431218
322,41,13373.762786
322,43,13247.905334
322,44,12987.869361
322,46,12926.223654
322,47,12702.931424
322,49,12680.799139
322,51,12639.704644
322,53,12520.638091
322,54,12380.832048
322,56,12326.205143
322,58,12069.064462
