Generation,NV,TOC
1,58,20907.323213
1,67,20709.616928
1,70,20150.642135
1,75,19033.045929
1,93,18246.726872
1,99,16486.999621
1,126,16426.732108
1,140,16079.526467
1,146,16046.435276
2,57,21250.286714
2,58,20907.323213
2,60,20330.201852
2,69,20207.102386
2,70,20150.642135
2,73,19535.908450
2,75,19033.045929
2,89,17413.596590
2,96,16576.490985
2,99,16486.999621
2,106,16456.140819
2,125,16150.820383
2,140,16079.526467
2,146,16046.435276
3,54,19456.744028
3,56,18924.474245
3,74,18825.895588
3,78,18498.926077
3,86,18402.399631
3,88,18196.033148
3,89,17413.596590
3,96,16576.490985
3,97,16565.919800
3,99,16486.999621
3,105,16322.610792
3,114,16315.377034
3,125,16150.820383
3,129,16121.913376
3,134,16062.604151
3,135,16052.384660
3,136,15864.916135
4,53,19577.685160
4,54,19456.744028
4,56,18924.474245
4,58,18211.247518
4,67,18105.491685
4,70,17861.460800
4,71,17837.295985
4,72,17710.174903
4,78,17285.175226
4,88,17014.563603
4,90,16813.298265
4,95,16372.210296
4,98,16365.171520
4,102,16240.355163
4,118,15975.529059
4,120,15923.372898
4,130,15826.582298
4,134,15793.164843
4,139,15718.006117
5,53,19577.685160
5,54,19456.744028
5,55,19019.361982
5,56,18924.474245
5,58,18211.247518
5,66,17739.237295
5,72,17710.174903
5,73,17540.772082
5,75,17364.082786
5,77,17191.327721
5,80,16922.064299
5,82,16701.703810
5,87,16579.410476
5,95,16372.210296
5,98,16365.171520
5,102,16240.355163
5,106,16212.913698
5,107,16108.245866
5,109,15942.114723
5,111,15738.339323
5,115,15668.284502
5,139,15554.468078
6,53,19577.685160
6,54,19456.744028
6,55,19019.361982
6,56,18924.474245
6,58,18093.203825
6,66,17699.855687
6,68,17403.715576
6,69,17013.661184
6,70,16928.978455
6,76,16712.288567
6,77,16537.810886
6,82,16399.366391
6,88,16338.000761
6,89,16019.723835
6,109,15942.114723
6,110,15750.863007
6,111,15738.339323
6,115,15668.284502
6,120,15617.146560
6,124,15608.249399
6,125,15581.791054
6,139,15554.468078
6,141,15520.776691
7,53,19110.248355
7,55,19019.361982
7,56,18924.474245
7,58,18093.203825
7,65,17958.735726
7,66,17641.843889
7,68,17403.715576
7,69,17013.661184
7,70,16928.978455
7,73,16887.185903
7,76,16712.288567
7,77,16233.208528
7,80,16231.537691
7,81,16194.477974
7,85,15947.567531
7,87,15839.238099
7,104,15312.330904
7,121,15171.130588
8,53,19110.248355
8,54,18990.321256
8,56,18924.474245
8,58,18093.203825
8,65,17958.735726
8,66,17641.843889
8,68,17403.715576
8,69,17013.661184
8,70,16928.978455
8,72,16834.929238
8,75,16408.710006
8,77,16233.208528
8,80,16231.537691
8,81,16194.477974
8,85,15774.689004
8,87,15763.585912
8,96,15630.204131
8,97,15570.984209
8,103,15224.966161
8,113,15178.091774
8,117,14904.505766
9,51,19736.918097
9,53,19110.248355
9,54,18767.947600
9,58,18093.203825
9,59,17944.121634
9,60,17378.292208
9,63,16942.422915
9,67,16753.441510
9,73,16744.942741
9,74,16527.433150
9,75,16093.306796
9,81,15919.998038
9,84,15804.373028
9,85,15774.689004
9,87,15763.585912
9,89,15584.880655
9,93,15302.738545
9,103,15224.966161
9,113,15178.091774
9,117,14904.505766
9,118,14902.773892
10,51,19695.468683
10,53,18968.724554
10,54,18767.947600
10,55,18600.645474
10,57,18434.575079
10,58,18093.203825
10,59,17944.121634
10,60,17378.292208
10,62,17373.515535
10,63,16942.422915
10,67,16753.441510
10,73,16744.942741
10,74,16527.433150
10,75,16093.306796
10,80,15991.402475
10,81,15919.998038
10,82,15866.001189
10,84,15740.055064
10,87,15554.273133
10,89,15245.668489
10,95,15218.430105
10,103,14994.139221
10,114,14911.196742
10,117,14840.393924
11,51,19695.468683
11,53,18968.724554
11,54,18767.947600
11,55,18233.066555
11,58,18093.203825
11,59,17944.121634
11,60,17378.292208
11,62,17373.515535
11,63,16942.422915
11,67,16753.441510
11,69,16285.320857
11,75,16093.306796
11,76,15729.204354
11,87,15554.273133
11,89,15245.668489
11,95,15218.430105
11,103,14994.139221
11,113,14955.321003
11,114,14911.196742
11,117,14738.987812
12,51,19695.468683
12,52,19543.849675
12,53,18968.724554
12,54,18767.947600
12,55,18233.066555
12,56,18082.518515
12,59,17334.240645
12,63,16942.422915
12,64,16809.521993
12,67,16753.441510
12,69,16285.320857
12,75,15560.080727
12,82,15399.793312
12,86,15110.823387
12,91,15029.444083
12,103,14994.139221
12,107,14706.436130
12,112,14660.404089
12,115,14612.610719
13,51,19674.239772
13,52,19543.849675
13,53,18894.985589
13,54,17909.454716
13,58,17409.036209
13,59,17143.132241
13,63,16886.396843
13,64,16809.521993
13,65,16768.643206
13,67,16753.441510
13,69,16285.320857
13,74,16280.436114
13,75,15560.080727
13,80,15543.810620
13,82,15399.793312
13,86,15110.823387
13,91,15029.444083
13,101,14816.758058
13,107,14706.436130
13,112,14660.404089
13,115,14612.610719
14,51,19674.239772
14,52,18662.056381
14,54,17909.454716
14,58,17409.036209
14,59,17143.132241
14,63,16770.293758
14,65,16318.804824
14,69,16285.320857
14,74,16280.436114
14,75,15560.080727
14,80,15543.810620
14,82,15399.793312
14,84,15259.215838
14,86,15110.823387
14,87,14975.431937
14,97,14798.468957
14,100,14735.196287
14,104,14713.553044
14,105,14497.882916
15,51,19674.239772
15,52,18662.056381
15,53,18414.739216
15,54,17909.454716
15,58,17409.036209
15,59,17143.132241
15,60,17083.430662
15,63,16612.100134
15,65,16318.804824
15,69,16285.320857
15,72,16171.738392
15,74,16011.517048
15,75,15560.080727
15,80,15436.039738
15,82,15399.793312
15,84,15259.215838
15,86,15110.823387
15,87,14975.431937
15,97,14798.468957
15,99,14796.132614
15,100,14735.196287
15,104,14404.566965
16,51,19674.239772
16,52,18325.262038
16,54,17909.454716
16,55,17872.810565
16,56,17651.878427
16,58,17409.036209
16,59,17143.132241
16,60,17083.430662
16,63,16558.566642
16,65,16318.804824
16,69,16136.678478
16,74,15945.394014
16,75,15560.080727
16,77,15456.498982
16,79,15285.668651
16,82,15256.504843
16,84,14854.029421
16,95,14672.052354
16,100,14301.935904
17,51,19674.239772
17,52,18325.262038
17,53,18276.582904
17,54,17909.454716
17,55,17872.810565
17,56,17651.878427
17,57,17560.221786
17,58,17409.036209
17,59,17143.132241
17,60,17083.430662
17,61,16582.576053
17,63,16558.566642
17,64,16472.662662
17,65,16318.804824
17,66,16283.897730
17,69,16136.678478
17,74,15945.394014
17,75,15560.080727
17,77,15456.498982
17,79,15285.668651
17,82,15256.504843
17,84,14854.029421
17,95,14672.052354
17,100,14301.935904
18,51,19674.239772
18,52,18325.262038
18,53,18165.050172
18,54,17909.454716
18,55,17872.810565
18,56,17534.806410
18,58,17409.036209
18,59,17143.132241
18,60,17083.430662
18,61,16582.576053
18,62,16393.609426
18,65,16318.804824
18,66,15729.761899
18,72,15579.597213
18,75,15560.080727
18,76,15402.675756
18,78,15167.786041
18,83,14796.793004
18,92,14632.863757
18,100,14268.683717
19,51,19674.239772
19,52,17449.771784
19,57,17306.978505
19,58,17285.000788
19,59,17143.132241
19,60,17083.430662
19,61,16582.576053
19,62,16393.609426
19,65,16318.804824
19,66,15729.761899
19,72,15579.597213
19,75,14895.912410
19,80,14824.433864
19,83,14796.793004
19,92,14632.863757
19,100,14268.683717
19,107,14233.547535
20,51,19627.301451
20,52,17449.771784
20,57,16864.905992
20,58,16352.528230
20,63,16099.959220
20,66,15729.761899
20,72,15579.597213
20,75,14895.912410
20,77,14790.048311
20,92,14632.863757
20,100,14268.683717
20,107,14233.547535
21,51,19627.301451
21,52,17449.771784
21,56,17318.808894
21,57,16864.905992
21,58,16352.528230
21,60,16206.613539
21,62,16144.924064
21,63,16099.959220
21,65,15949.694886
21,66,15729.761899
21,72,15579.597213
21,75,14895.912410
21,77,14790.048311
21,92,14632.863757
21,100,14268.683717
21,107,14233.547535
22,51,19627.301451
22,52,17449.771784
22,56,16426.459878
22,58,16352.528230
22,60,16206.613539
22,62,16073.997936
22,64,15877.449008
22,66,15729.761899
22,67,15717.264452
22,70,15298.594344
22,75,14895.912410
22,77,14790.048311
22,91,14730.526337
22,92,14548.600035
22,96,14529.746974
22,100,14268.683717
22,107,14233.547535
23,51,19627.301451
23,52,17449.771784
23,56,16426.459878
23,58,16352.528230
23,60,16206.613539
23,62,16073.997936
23,64,15877.449008
23,66,15729.761899
23,67,15717.264452
23,70,15298.594344
23,75,14895.912410
23,77,14790.048311
23,88,14737.461727
23,89,14686.246923
23,92,14548.600035
23,96,14529.746974
23,99,14360.133312
23,100,14268.683717
23,107,14233.547535
24,51,17436.562517
24,54,16834.907751
24,56,16426.459878
24,58,16352.528230
24,60,16206.613539
24,62,16073.997936
24,64,15877.449008
24,66,15729.761899
24,67,15717.264452
24,70,15298.594344
24,75,14824.272981
24,77,14790.048311
24,88,14580.312797
24,90,14370.575347
24,96,14245.194537
24,106,14210.575882
25,50,19346.201954
25,51,17436.562517
25,54,16834.907751
25,56,16426.459878
25,58,16352.528230
25,60,16206.613539
25,62,15764.741103
25,63,15285.750155
25,72,15276.205343
25,75,14824.272981
25,77,14790.048311
25,88,14580.312797
25,90,14370.575347
25,96,14245.194537
25,106,14210.575882
26,50,17423.421485
26,54,16834.907751
26,55,16717.568616
26,56,16426.459878
26,58,16352.528230
26,59,16008.515659
26,62,15764.741103
26,63,15285.750155
26,70,15162.629453
26,75,14824.272981
26,77,14790.048311
26,88,14580.312797
26,90,14370.575347
26,96,14245.194537
26,106,14210.575882
26,111,14207.632456
27,50,17178.591274
27,53,16842.377599
27,54,16138.986671
27,59,16008.515659
27,60,15921.468105
27,62,15625.048342
27,63,15285.750155
27,70,14972.975302
27,71,14728.578791
27,76,14719.187743
27,88,14550.258135
27,89,14498.912080
27,90,14365.466084
27,94,14214.414037
27,106,14200.731996
27,108,14146.979358
28,50,17178.591274
28,51,17055.243777
28,53,16842.377599
28,54,16138.986671
28,58,15783.656607
28,62,15625.048342
28,63,15285.750155
28,65,15259.237533
28,70,14972.975302
28,71,14728.578791
28,73,14645.701953
28,75,14629.193810
28,88,14550.258135
28,89,14498.912080
28,90,14365.466084
28,94,14214.414037
28,106,14200.731996
28,108,14146.979358
29,49,19482.562765
29,50,17178.591274
29,51,16573.663385
29,53,16557.765931
29,54,16138.986671
29,58,15783.656607
29,62,15625.048342
29,63,15285.750155
29,65,15259.237533
29,70,14972.975302
29,71,14728.578791
29,73,14645.701953
29,74,14538.947699
29,89,14498.912080
29,90,14365.466084
29,94,14214.414037
29,106,14200.731996
29,108,14146.979358
30,49,19482.562765
30,50,16710.897073
30,51,16573.663385
30,53,16166.193084
30,54,16138.986671
30,57,16115.382578
30,58,15783.656607
30,62,15625.048342
30,63,15285.750155
30,65,15259.237533
30,70,14972.975302
30,71,14728.578791
30,73,14645.701953
30,74,14538.947699
30,80,14448.304056
30,90,14365.466084
30,94,14214.414037
30,106,14200.731996
30,108,14146.979358
31,49,19230.195220
31,50,16710.897073
31,51,16573.663385
31,53,16166.193084
31,54,16138.986671
31,55,15942.624686
31,58,15319.202632
31,61,15228.499901
31,66,15042.190697
31,69,14963.764972
31,71,14728.578791
31,73,14645.701953
31,74,14538.947699
31,78,14486.158708
31,80,14448.304056
31,90,14365.466084
31,94,14214.414037
31,106,14200.731996
31,108,14146.979358
32,49,17570.899679
32,50,16710.897073
32,51,16573.663385
32,52,16466.603016
32,53,16166.193084
32,54,16138.986671
32,55,15942.624686
32,57,15932.161922
32,58,15319.202632
32,61,15228.499901
32,66,15042.190697
32,69,14963.764972
32,71,14728.578791
32,73,14585.039262
32,74,14523.238249
32,77,14518.597127
32,78,14454.092324
32,79,14346.990095
32,85,14343.855307
32,86,14308.542163
32,94,14214.414037
32,105,14185.578630
32,108,14146.979358
33,49,17541.907927
33,50,16710.897073
33,51,16573.663385
33,52,16466.603016
33,53,16166.193084
33,54,16138.986671
33,55,15942.624686
33,57,15550.181972
33,58,15319.202632
33,61,15228.499901
33,66,15042.190697
33,69,14963.764972
33,71,14562.118698
33,74,14523.238249
33,76,14345.131519
33,79,14288.377536
33,85,14260.757598
33,86,14245.588225
33,93,14203.857387
33,100,14115.487539
33,106,14097.720347
34,49,17541.907927
34,50,16710.897073
34,51,16573.663385
34,52,16466.603016
34,53,16166.193084
34,54,16138.986671
34,55,15406.666728
34,58,15319.202632
34,61,15228.499901
34,62,15016.742540
34,64,14954.120747
34,71,14562.118698
34,74,14523.238249
34,76,14345.131519
34,78,14313.937146
34,79,14288.377536
34,85,14260.757598
34,86,14245.588225
34,91,14213.789800
34,92,14135.542706
34,100,14068.696256
35,49,17541.907927
35,50,16710.897073
35,51,16573.663385
35,52,16466.603016
35,53,16166.193084
35,54,16088.778725
35,55,15020.026871
35,62,15016.742540
35,64,14954.120747
35,68,14573.679156
35,71,14562.118698
35,72,14468.951761
35,74,14267.248913
35,78,14237.574952
35,85,14214.172733
35,91,14169.645000
35,92,14135.542706
35,99,14061.355320
36,49,17504.271862
36,50,16710.897073
36,51,16573.663385
36,52,16466.603016
36,53,16166.193084
36,54,16071.675620
36,55,15020.026871
36,59,14753.278952
36,60,14627.318496
36,63,14597.761897
36,64,14569.622202
36,70,14529.922010
36,72,14468.951761
36,74,14267.248913
36,78,14237.574952
36,85,14214.172733
36,87,14141.960183
36,92,14135.542706
36,95,13981.792869
37,49,17309.033269
37,50,16710.897073
37,51,16465.865959
37,52,16362.744872
37,53,16166.193084
37,54,16071.675620
37,55,15020.026871
37,59,14629.037975
37,60,14588.449804
37,63,14533.502034
37,64,14479.312030
37,67,14275.585975
37,73,14129.562157
37,91,13960.029678
37,95,13912.360849
37,104,13899.703428
38,49,17309.033269
38,50,16710.897073
38,51,16465.865959
38,52,15753.896098
38,55,15020.026871
38,57,14910.554021
38,59,14629.037975
38,60,14588.449804
38,63,14487.451204
38,64,14479.312030
38,65,14315.585548
38,67,14275.585975
38,73,14129.562157
38,75,14092.744650
38,91,13960.029678
38,95,13912.360849
38,104,13899.703428
39,49,17309.033269
39,50,16710.897073
39,51,16387.493866
39,52,15753.896098
39,55,15020.026871
39,57,14910.554021
39,58,14894.985875
39,59,14597.040005
39,60,14531.894470
39,61,14366.241023
39,65,14281.001816
39,67,14244.413508
39,69,14089.463053
39,74,14033.225588
39,90,13918.396518
39,94,13886.338605
39,103,13880.831430
40,49,17309.033269
40,50,16710.897073
40,51,16387.493866
40,52,15753.896098
40,55,15020.026871
40,57,14910.554021
40,58,14803.171436
40,59,14597.040005
40,60,14531.894470
40,61,14366.241023
40,65,14281.001816
40,67,14244.413508
40,69,14089.463053
40,74,14033.225588
40,83,13937.353782
40,90,13918.396518
40,92,13916.911791
40,93,13859.040903
41,49,17139.156089
41,50,16710.897073
41,51,15726.513929
41,53,15346.191117
41,54,15171.070716
41,55,15020.026871
41,57,14910.554021
41,58,14803.171436
41,59,14597.040005
41,60,14391.088698
41,61,14366.241023
41,65,14281.001816
41,67,14173.817342
41,69,14089.463053
41,74,14023.075686
41,79,13904.773781
41,92,13734.478416
42,49,17139.156089
42,50,16464.198560
42,51,15726.513929
42,52,15568.499717
42,53,15346.191117
42,54,15171.070716
42,55,15020.026871
42,56,15010.563367
42,57,14910.554021
42,58,14803.171436
42,59,14570.371141
42,60,14391.088698
42,61,14366.241023
42,64,14274.137285
42,67,14173.817342
42,69,14089.463053
42,73,13965.904906
42,76,13877.674481
42,92,13734.478416
43,49,17139.156089
43,50,16464.198560
43,51,15726.513929
43,52,15568.499717
43,53,15258.590508
43,54,15171.070716
43,55,15020.026871
43,56,15010.563367
43,57,14860.006020
43,58,14734.866103
43,59,14387.800276
43,60,14342.037005
43,64,14274.137285
43,66,14156.003125
43,69,14047.359777
43,73,13965.904906
43,76,13856.892413
43,92,13728.959426
44,49,17139.156089
44,50,16464.198560
44,51,15726.513929
44,52,15568.499717
44,53,15258.590508
44,54,15171.070716
44,55,15020.026871
44,56,15010.563367
44,57,14860.006020
44,58,14734.866103
44,59,14387.800276
44,60,14342.037005
44,64,14274.137285
44,66,14156.003125
44,69,14047.359777
44,73,13965.904906
44,76,13856.892413
44,85,13823.726805
44,92,13728.959426
45,49,17006.331616
45,50,16464.198560
45,51,15726.513929
45,52,15568.499717
45,53,15258.590508
45,54,14983.756251
45,55,14748.135357
45,58,14473.563043
45,59,14205.469737
45,64,14189.662824
45,66,14156.003125
45,67,13925.345466
45,76,13851.515615
45,85,13823.655145
45,92,13728.959426
46,49,16802.927832
46,50,16254.005055
46,51,15726.513929
46,52,15568.499717
46,53,15258.590508
46,54,14983.756251
46,55,14748.135357
46,58,14473.563043
46,59,14205.469737
46,63,14131.874009
46,67,13925.345466
46,76,13851.515615
46,85,13823.655145
46,92,13728.959426
47,49,16802.927832
47,50,16254.005055
47,51,15726.513929
47,52,15568.499717
47,53,15165.304434
47,54,14960.774894
47,55,14720.768527
47,58,14449.784759
47,59,14154.231349
47,63,14029.583054
47,67,13925.345466
47,69,13800.970286
47,91,13711.634316
48,49,16802.927832
48,50,16138.618463
48,51,15726.513929
48,52,15568.499717
48,53,15165.304434
48,54,14960.774894
48,55,14720.768527
48,58,14449.784759
48,59,14154.231349
48,63,14029.583054
48,67,13925.345466
48,69,13800.970286
48,91,13711.634316
49,48,17920.902736
49,49,16802.927832
49,50,16138.618463
49,51,15558.439830
49,53,15165.304434
49,54,14705.081002
49,55,14696.097712
49,58,14424.840495
49,59,14121.211153
49,62,13950.760311
49,67,13898.897360
49,69,13800.970286
49,74,13790.272210
49,77,13701.043336
50,48,16174.024953
50,50,15930.698908
50,51,15558.439830
50,52,15468.675004
50,53,15165.304434
50,54,14705.081002
50,55,14696.097712
50,58,14424.840495
50,59,14121.211153
50,62,13950.760311
50,67,13898.897360
50,69,13800.970286
50,74,13790.272210
50,77,13701.043336
51,48,16174.024953
51,50,15930.698908
51,51,15558.439830
51,52,15468.675004
51,53,14983.336454
51,54,14612.819251
51,58,14418.807382
51,59,14102.630339
51,62,13950.760311
51,67,13814.111287
51,69,13800.970286
51,73,13759.346345
51,77,13687.897593
52,48,15523.027960
52,52,15468.675004
52,53,14983.336454
52,54,14612.819251
52,56,14473.487207
52,57,14266.686833
52,59,14102.630339
52,62,13950.760311
52,66,13853.006289
52,67,13814.111287
52,69,13800.970286
52,71,13743.309005
52,77,13687.897593
53,48,15523.027960
53,52,15274.260306
53,53,14983.336454
53,54,14612.819251
53,56,14435.226724
53,57,14266.686833
53,58,14170.934935
53,59,14092.576855
53,62,13923.767392
53,66,13824.807211
53,67,13814.111287
53,68,13770.044422
53,71,13676.720624
53,72,13655.523984
53,75,13639.320583
54,47,15944.207864
54,48,15523.027960
54,50,15461.593040
54,52,15274.260306
54,53,14983.336454
54,54,14612.819251
54,56,14435.226724
54,57,14266.686833
54,58,14170.934935
54,59,14092.576855
54,61,14048.656632
54,62,13923.767392
54,66,13824.807211
54,67,13814.111287
54,68,13770.044422
54,71,13676.720624
54,72,13655.523984
54,75,13639.320583
55,47,15944.207864
55,48,15523.027960
55,49,15370.005844
55,51,15276.238677
55,52,15274.260306
55,53,14983.336454
55,54,14612.819251
55,56,14435.226724
55,57,14266.686833
55,58,14170.934935
55,59,14059.029550
55,61,14048.656632
55,62,13923.767392
55,66,13789.220688
55,68,13750.133064
55,70,13502.296635
56,47,15591.077061
56,48,15523.027960
56,49,15370.005844
56,51,14827.941870
56,54,14612.819251
56,56,14435.226724
56,57,14266.686833
56,58,14170.934935
56,59,14059.029550
56,61,14048.656632
56,62,13923.767392
56,66,13789.220688
56,68,13750.133064
56,70,13502.296635
57,47,15591.077061
57,48,15523.027960
57,49,15370.005844
57,51,14827.941870
57,54,14612.819251
57,56,14407.090990
57,57,14186.685674
57,58,14170.934935
57,59,14059.029550
57,60,14004.267661
57,62,13895.903771
57,65,13778.221627
57,68,13722.188149
57,69,13481.513560
58,47,15591.077061
58,48,15523.027960
58,49,15370.005844
58,51,14827.941870
58,54,14612.819251
58,55,14197.694589
58,57,14186.685674
58,58,14170.934935
58,59,14059.029550
58,60,14004.267661
58,62,13753.846681
58,68,13722.188149
58,69,13481.513560
59,47,15591.077061
59,48,15511.059462
59,49,15370.005844
59,51,14736.189364
59,54,14577.073449
59,55,14149.345807
59,57,14110.985046
59,58,14104.159395
59,59,14012.848115
59,60,13999.508083
59,62,13719.429886
59,68,13716.383403
59,69,13481.513560
60,46,16024.972965
60,47,15591.077061
60,48,15272.834226
60,50,15102.811864
60,51,14736.189364
60,52,14618.431226
60,53,14524.366736
60,55,14149.345807
60,57,14110.985046
60,58,14104.159395
60,59,14012.848115
60,60,13999.508083
60,61,13984.829294
60,62,13719.429886
60,68,13716.383403
60,69,13481.513560
61,46,16024.972965
61,47,15591.077061
61,48,15126.144735
61,50,15016.637906
61,51,14736.189364
61,52,14602.761209
61,53,14523.900863
61,55,14116.182713
61,57,14034.289669
61,59,14002.039732
61,60,13996.809757
61,61,13690.512056
61,69,13481.513560
62,46,16024.972965
62,47,15591.077061
62,48,15126.144735
62,50,15016.637906
62,51,14695.069583
62,52,14513.570768
62,53,14457.872821
62,55,14116.182713
62,57,14034.289669
62,59,14002.039732
62,60,13996.809757
62,61,13690.512056
62,69,13481.513560
63,46,16024.972965
63,47,15591.077061
63,48,15126.144735
63,50,14890.141672
63,51,14695.069583
63,52,14477.203225
63,53,14457.872821
63,55,14072.836756
63,57,14009.292353
63,58,13923.323663
63,60,13676.553830
63,63,13650.759888
63,64,13635.918612
63,69,13475.996832
64,46,16024.972965
64,47,15591.077061
64,48,15126.144735
64,49,15001.953018
64,50,14890.141672
64,51,14695.069583
64,52,14477.203225
64,53,14457.872821
64,55,14072.836756
64,57,14009.292353
64,58,13923.323663
64,60,13676.553830
64,63,13650.759888
64,64,13635.918612
64,69,13475.996832
65,46,16024.972965
65,47,15591.077061
65,48,15126.144735
65,49,15001.953018
65,50,14668.206983
65,52,14477.203225
65,53,14457.872821
65,54,14250.793737
65,55,14071.498598
65,56,14002.680541
65,58,13911.579876
65,60,13676.553830
65,63,13650.200948
65,64,13635.918612
65,69,13451.212794
65,75,13396.171069
66,46,15448.324629
66,47,15372.981996
66,48,15126.144735
66,49,15001.953018
66,50,14668.206983
66,52,14477.203225
66,53,14457.872821
66,54,14250.793737
66,55,14071.498598
66,56,14002.680541
66,58,13911.579876
66,60,13676.553830
66,63,13650.200948
66,64,13635.918612
66,65,13613.530448
66,69,13451.212794
66,75,13396.171069
67,46,15448.324629
67,47,15199.005148
67,48,15126.144735
67,49,15001.953018
67,50,14668.206983
67,52,14477.203225
67,53,14457.872821
67,54,14250.793737
67,55,14070.107615
67,56,14002.680541
67,57,13901.684185
67,60,13676.553830
67,62,13619.740368
67,64,13619.643942
67,65,13608.642297
67,69,13440.878416
67,75,13396.171069
68,46,15448.324629
68,47,15199.005148
68,48,15126.144735
68,49,15001.953018
68,50,14668.206983
68,52,14477.203225
68,53,14457.872821
68,54,14194.173723
68,55,14070.107615
68,56,14002.680541
68,57,13901.684185
68,60,13676.553830
68,62,13619.740368
68,64,13619.643942
68,65,13608.642297
68,69,13440.878416
68,75,13396.171069
68,83,13386.179886
69,46,15448.324629
69,47,14861.354982
69,50,14668.206983
69,51,14577.908629
69,52,14477.203225
69,53,14457.872821
69,54,14194.173723
69,55,14070.107615
69,56,13998.844217
69,57,13871.224475
69,59,13621.058298
69,62,13599.977542
69,65,13591.357522
69,69,13424.783540
69,74,13336.497138
70,46,15448.324629
70,47,14861.354982
70,48,14525.785446
70,52,14477.203225
70,53,14457.872821
70,54,14194.173723
70,55,14070.107615
70,56,13998.844217
70,57,13871.224475
70,59,13621.058298
70,62,13599.977542
70,65,13591.357522
70,69,13424.783540
70,74,13336.497138
71,46,14743.188910
71,48,14525.785446
71,51,14436.320140
71,53,14192.356553
71,54,14069.319545
71,55,13999.846413
71,56,13998.844217
71,57,13870.734541
71,59,13620.499358
71,62,13599.977542
71,65,13567.276666
71,69,13409.321909
71,73,13326.424419
72,46,14743.188910
72,48,14525.785446
72,49,14491.824570
72,51,14436.320140
72,53,14192.356553
72,54,14069.319545
72,55,13999.846413
72,56,13998.844217
72,57,13808.916374
72,59,13620.499358
72,62,13599.977542
72,65,13567.276666
72,69,13409.321909
72,73,13326.424419
73,46,14743.188910
73,47,14734.822453
73,48,14525.785446
73,49,14491.824570
73,51,14384.569222
73,53,14192.356553
73,54,14069.319545
73,55,13997.505768
73,56,13767.984600
73,59,13620.499358
73,62,13530.413309
73,69,13409.321909
73,73,13326.424419
74,46,14743.188910
74,47,14641.632660
74,48,14525.785446
74,49,14465.582374
74,50,14396.734237
74,51,14384.569222
74,52,14289.603313
74,53,14192.356553
74,54,14069.319545
74,55,13997.505768
74,56,13767.984600
74,59,13620.499358
74,62,13530.413309
74,67,13509.048156
74,69,13409.321909
74,73,13326.424419
75,46,14743.188910
75,47,14641.632660
75,48,14493.379958
75,49,14412.158293
75,50,14339.335761
75,52,14257.314535
75,53,14192.356553
75,54,14067.504329
75,55,13997.505768
75,56,13732.501637
75,59,13548.951509
75,62,13530.413309
75,67,13509.048156
75,69,13409.321909
75,73,13326.424419
76,46,14743.188910
76,47,14641.632660
76,48,14457.380709
76,49,14341.575702
76,50,14339.335761
76,52,14257.314535
76,53,14192.356553
76,54,14067.504329
76,55,13997.505768
76,56,13732.501637
76,59,13548.951509
76,62,13530.413309
76,67,13509.048156
76,69,13409.321909
76,73,13326.424419
77,45,15571.959438
77,46,14743.188910
77,47,14641.632660
77,48,14457.380709
77,49,14341.575702
77,50,14339.335761
77,52,14151.779168
77,54,13917.674824
77,56,13729.530341
77,59,13548.951509
77,62,13512.504457
77,67,13509.048156
77,69,13402.457060
77,73,13326.424419
77,84,13260.911400
78,45,15061.218604
78,46,14743.188910
78,47,14641.632660
78,48,14457.380709
78,49,14341.575702
78,50,14339.335761
78,52,14151.779168
78,54,13917.674824
78,56,13729.530341
78,59,13548.951509
78,62,13512.504457
78,64,13408.016314
78,69,13402.457060
78,73,13326.424419
78,79,13284.997467
78,84,13260.911400
79,45,15061.218604
79,46,14743.188910
79,47,14427.607131
79,49,14341.575702
79,50,14339.335761
79,51,14267.026980
79,52,14151.779168
79,54,13908.842906
79,56,13701.726555
79,59,13534.402112
79,62,13477.100244
79,64,13408.016314
79,68,13352.658205
79,73,13326.424419
79,78,13267.410345
79,84,13253.585994
80,44,16211.621820
80,45,15061.218604
80,46,14743.188910
80,47,14427.607131
80,49,14341.575702
80,50,14339.335761
80,51,14267.026980
80,52,14151.779168
80,54,13908.842906
80,56,13701.726555
80,59,13534.402112
80,62,13477.100244
80,64,13408.016314
80,68,13352.658205
80,73,13313.881203
80,78,13267.410345
80,84,13253.585994
81,44,16211.621820
81,45,15061.218604
81,46,14743.188910
81,47,14427.607131
81,49,14341.575702
81,50,14178.932655
81,52,14151.779168
81,54,13908.842906
81,55,13696.050517
81,57,13674.112045
81,59,13529.261740
81,62,13457.266742
81,64,13408.016314
81,68,13335.318871
81,73,13313.881203
81,75,13266.624207
81,84,13230.861398
82,44,16211.621820
82,45,14719.634122
82,47,14427.607131
82,49,14341.575702
82,50,14178.932655
82,51,14172.405778
82,52,14151.779168
82,54,13908.842906
82,55,13696.050517
82,57,13674.112045
82,59,13529.261740
82,62,13457.266742
82,64,13408.016314
82,67,13404.237043
82,68,13335.318871
82,73,13313.881203
82,75,13266.624207
82,84,13230.861398
83,43,16448.227470
83,44,16211.621820
83,45,14719.634122
83,47,14427.607131
83,49,14341.575702
83,50,14178.932655
83,51,14172.405778
83,52,14151.779168
83,54,13908.842906
83,55,13696.050517
83,57,13661.024014
83,59,13529.261740
83,61,13454.268492
83,64,13403.583301
83,67,13386.002111
83,68,13235.182695
83,84,13221.575995
84,43,16448.227470
84,44,16211.621820
84,45,14719.634122
84,47,14427.607131
84,48,14383.352037
84,49,14341.575702
84,50,14178.932655
84,51,14172.405778
84,52,14151.779168
84,54,13908.842906
84,55,13696.050517
84,57,13661.024014
84,59,13529.261740
84,60,13375.039808
84,68,13235.182695
84,84,13221.575995
85,43,16448.227470
85,44,14969.195349
85,45,14719.634122
85,47,14425.448256
85,48,14383.352037
85,49,14341.575702
85,50,14160.332352
85,52,14151.779168
85,54,13841.687517
85,55,13691.038279
85,57,13633.897883
85,59,13484.012202
85,60,13362.617253
85,68,13235.182695
85,84,13221.575995
86,43,16317.739308
86,44,14924.796910
86,45,14719.634122
86,47,14425.448256
86,48,14383.352037
86,49,14341.575702
86,50,14160.332352
86,52,14151.779168
86,54,13841.687517
86,55,13691.038279
86,57,13633.897883
86,59,13484.012202
86,60,13362.617253
86,68,13235.182695
86,79,13192.586051
87,43,16164.741785
87,44,14924.796910
87,45,14719.634122
87,47,14425.448256
87,48,14383.352037
87,49,14294.705027
87,50,14121.806156
87,54,13841.687517
87,55,13691.038279
87,57,13627.907519
87,59,13475.871537
87,60,13352.862851
87,68,13219.337409
87,79,13188.912155
88,43,16164.741785
88,44,14924.796910
88,45,14719.634122
88,47,14425.448256
88,48,14322.705536
88,49,14255.357069
88,50,14121.806156
88,52,14103.802250
88,54,13841.687517
88,55,13691.038279
88,57,13627.907519
88,59,13475.871537
88,60,13352.862851
88,68,13219.337409
88,79,13188.912155
89,43,15310.617839
89,44,14924.796910
89,45,14719.634122
89,47,14425.448256
89,48,14322.705536
89,49,14255.357069
89,50,14121.806156
89,52,14103.802250
89,54,13803.085022
89,55,13644.071762
89,57,13582.690375
89,59,13466.381388
89,60,13352.862851
89,62,13319.238452
89,66,13296.729044
89,68,13217.581904
89,76,13157.326039
90,43,15310.617839
90,44,14924.796910
90,45,14719.634122
90,47,14425.448256
90,48,14322.705536
90,49,14255.357069
90,50,14121.806156
90,52,14103.802250
90,54,13803.085022
90,55,13644.071762
90,57,13582.690375
90,59,13466.381388
90,60,13352.862851
90,62,13319.238452
90,66,13296.729044
90,67,13280.007496
90,68,13217.581904
90,76,13157.326039
91,43,15310.617839
91,44,14924.796910
91,45,14719.634122
91,47,14425.448256
91,48,14322.705536
91,49,14255.357069
91,50,14121.806156
91,52,14103.802250
91,54,13803.085022
91,55,13638.339284
91,57,13521.213412
91,59,13450.023309
91,60,13345.501409
91,62,13308.831108
91,66,13296.729044
91,67,13280.007496
91,68,13217.581904
91,76,13125.207338
92,43,15310.617839
92,44,14924.796910
92,45,14719.634122
92,47,14425.448256
92,48,14322.705536
92,49,14255.357069
92,50,14121.806156
92,52,14041.105185
92,54,13803.085022
92,55,13638.339284
92,57,13521.213412
92,59,13450.023309
92,60,13345.501409
92,62,13308.831108
92,66,13296.729044
92,67,13280.007496
92,68,13217.581904
92,76,13125.207338
93,43,15310.617839
93,44,14924.796910
93,45,14719.634122
93,47,14425.448256
93,48,14322.705536
93,49,14255.357069
93,50,14121.806156
93,52,13916.148939
93,54,13794.257516
93,55,13625.084052
93,57,13511.932692
93,59,13444.772419
93,60,13313.091751
93,62,13308.831108
93,65,13194.407113
93,76,13125.207338
94,42,15320.070822
94,43,15310.617839
94,44,14924.796910
94,45,14719.634122
94,46,14667.854377
94,47,14425.448256
94,48,14322.705536
94,49,14255.357069
94,50,14121.806156
94,51,13967.460761
94,52,13916.148939
94,54,13794.257516
94,55,13625.084052
94,57,13511.932692
94,59,13444.772419
94,60,13313.091751
94,62,13308.831108
94,64,13255.232957
94,65,13194.407113
94,76,13125.207338
95,42,15320.070822
95,43,15310.617839
95,44,14924.796910
95,45,14719.634122
95,46,14667.854377
95,47,14425.448256
95,48,14322.705536
95,49,14255.357069
95,50,14121.806156
95,51,13967.460761
95,52,13916.148939
95,54,13794.257516
95,55,13619.961783
95,57,13511.932692
95,58,13441.651275
95,59,13409.341812
95,60,13309.108079
95,62,13240.898598
95,65,13194.407113
95,76,13112.603153
96,42,15320.070822
96,43,15310.617839
96,44,14924.796910
96,45,14719.634122
96,46,14667.854377
96,47,14384.934910
96,48,14322.705536
96,49,14255.357069
96,50,14121.806156
96,51,13967.460761
96,52,13916.148939
96,54,13794.257516
96,55,13619.961783
96,57,13511.932692
96,58,13441.651275
96,59,13409.341812
96,60,13252.820639
96,61,13219.448553
96,62,13207.903923
96,65,13194.407113
96,76,13112.603153
97,42,15320.070822
97,43,15310.617839
97,44,14924.796910
97,45,14719.634122
97,46,14667.854377
97,47,14384.934910
97,48,14322.705536
97,49,14255.357069
97,50,14121.806156
97,51,13967.460761
97,52,13916.148939
97,54,13718.183315
97,55,13603.566709
97,57,13511.932692
97,58,13430.981882
97,59,13391.901676
97,60,13249.134086
97,61,13219.448553
97,62,13188.717221
97,64,13182.908528
97,76,13094.695029
98,42,15316.296327
98,43,15210.511695
98,44,14924.796910
98,45,14719.634122
98,46,14667.854377
98,47,14384.934910
98,48,14322.705536
98,49,14255.357069
98,50,14121.806156
98,51,13967.460761
98,52,13916.148939
98,54,13718.183315
98,55,13603.566709
98,57,13511.932692
98,58,13430.981882
98,59,13391.901676
98,60,13249.134086
98,61,13219.448553
98,62,13188.717221
98,64,13182.908528
98,76,13094.695029
99,42,15316.296327
99,43,15095.120419
99,44,14924.796910
99,45,14719.634122
99,46,14667.854377
99,47,14384.934910
99,48,14322.705536
99,49,14255.357069
99,50,14121.806156
99,51,13967.460761
99,52,13916.148939
99,53,13665.282964
99,54,13514.790816
99,57,13430.193084
99,59,13384.778243
99,60,13236.777055
99,61,13219.448553
99,62,13113.398309
99,76,13006.409823
100,42,15316.296327
100,43,15095.120419
100,44,14924.796910
100,45,14719.634122
100,46,14528.024514
100,47,14384.934910
100,48,14322.705536
100,49,14255.357069
100,50,14121.806156
100,51,13967.460761
100,52,13916.148939
100,53,13665.282964
100,54,13514.790816
100,57,13430.193084
100,59,13384.778243
100,60,13236.777055
100,61,13219.448553
100,62,13113.398309
100,76,13006.409823
101,42,15316.296327
101,43,15095.120419
101,44,14924.796910
101,45,14719.634122
101,46,14528.024514
101,47,14384.934910
101,48,14322.705536
101,49,14255.357069
101,50,14121.806156
101,51,13959.209160
101,52,13916.148939
101,53,13665.282964
101,54,13514.790816
101,57,13386.059993
101,59,13379.937458
101,60,13219.736571
101,61,13209.531838
101,62,13113.398309
101,75,12975.350883
102,41,15079.656324
102,44,14716.856336
102,46,14528.024514
102,47,14329.245533
102,48,14263.993189
102,49,14255.357069
102,50,14121.806156
102,51,13959.209160
102,52,13916.148939
102,53,13665.282964
102,54,13514.790816
102,57,13386.059993
102,59,13379.937458
102,60,13219.736571
102,61,13209.531838
102,62,13113.398309
102,75,12975.350883
103,41,15079.656324
103,44,14716.856336
103,46,14528.024514
103,47,14329.245533
103,48,14263.993189
103,49,14255.357069
103,50,14121.806156
103,51,13947.868386
103,52,13916.148939
103,53,13664.799012
103,54,13508.516482
103,57,13380.665502
103,59,13379.937458
103,60,13219.736571
103,61,13076.793144
103,75,12965.092648
104,41,15079.656324
104,44,14716.856336
104,46,14528.024514
104,47,14329.245533
104,48,14263.993189
104,49,14255.357069
104,50,14121.806156
104,51,13947.868386
104,52,13916.148939
104,53,13664.799012
104,54,13508.516482
104,56,13454.720295
104,57,13380.665502
104,59,13379.937458
104,60,13219.736571
104,61,13076.793144
104,75,12965.092648
105,41,15079.656324
105,44,14716.856336
105,46,14528.024514
105,47,14329.245533
105,48,14263.993189
105,49,14255.357069
105,50,14121.806156
105,51,13916.974643
105,52,13900.492105
105,53,13664.799012
105,54,13468.411465
105,56,13454.720295
105,57,13376.389268
105,60,13219.667286
105,61,13076.793144
105,74,12955.838328
106,41,15079.656324
106,44,14716.856336
106,45,14603.967509
106,46,14528.024514
106,47,14329.245533
106,48,14263.993189
106,49,14196.644722
106,50,14121.806156
106,51,13916.974643
106,52,13900.492105
106,53,13664.799012
106,54,13468.411465
106,56,13454.720295
106,57,13376.389268
106,59,13359.122056
106,60,13219.667286
106,61,13076.793144
106,74,12955.838328
107,41,15079.656324
107,44,14716.856336
107,45,14603.967509
107,46,14528.024514
107,47,14329.245533
107,48,14263.993189
107,49,14196.644722
107,50,13913.454537
107,52,13863.663897
107,53,13664.799012
107,54,13398.842474
107,57,13376.389268
107,59,13170.772853
107,61,13014.795429
107,74,12955.838328
108,41,15079.656324
108,44,14716.856336
108,45,14528.461014
108,46,14528.024514
108,47,14329.245533
108,48,14263.993189
108,49,14196.644722
108,50,13913.454537
108,52,13863.663897
108,53,13664.799012
108,54,13398.842474
108,57,13376.389268
108,59,13170.772853
108,61,13014.795429
108,74,12955.838328
109,40,16362.100950
109,41,15079.656324
109,42,15053.108957
109,43,14842.091092
109,44,14584.771341
109,45,14419.989407
109,47,14329.245533
109,48,14263.993189
109,49,14104.992102
109,50,13906.269573
109,52,13830.592716
109,53,13641.517224
109,54,13395.442111
109,57,13376.389268
109,59,13170.772853
109,61,13014.795429
109,74,12910.293809
110,40,16362.100950
110,41,15079.656324
110,42,15053.108957
110,43,14842.091092
110,44,14584.771341
110,45,14419.989407
110,47,14329.245533
110,48,14263.993189
110,49,14104.992102
110,50,13906.269573
110,52,13830.592716
110,53,13641.517224
110,54,13395.442111
110,57,13376.389268
110,59,13170.772853
110,61,13014.795429
110,74,12910.293809
111,40,16362.100950
111,41,15079.656324
111,42,15053.108957
111,43,14842.091092
111,44,14584.771341
111,45,14419.989407
111,47,14329.245533
111,48,14233.906358
111,49,13888.979731
111,52,13635.443024
111,54,13395.442111
111,57,13376.389268
111,59,13170.772853
111,61,13000.237543
111,74,12910.293809
112,40,15519.507425
112,41,15079.656324
112,42,14909.354473
112,43,14842.091092
112,44,14584.771341
112,45,14419.989407
112,47,14329.245533
112,48,14233.906358
112,49,13888.979731
112,52,13635.443024
112,54,13395.442111
112,57,13376.389268
112,59,13170.772853
112,61,13000.237543
112,74,12910.293809
113,40,15319.102710
113,41,15079.656324
113,42,14909.354473
113,43,14842.091092
113,44,14584.771341
113,45,14419.989407
113,47,14198.312898
113,49,13888.979731
113,52,13635.443024
113,54,13393.964343
113,57,13368.030923
113,58,13360.886203
113,59,13123.687581
113,61,13000.237543
113,74,12901.719418
114,40,15319.102710
114,41,15079.656324
114,42,14909.354473
114,43,14842.091092
114,44,14584.771341
114,45,14419.989407
114,47,14198.312898
114,49,13888.979731
114,52,13635.443024
114,54,13393.964343
114,57,13336.064287
114,59,13123.687581
114,61,13000.237543
114,74,12901.719418
115,40,15319.102710
115,41,15079.656324
115,42,14909.354473
115,43,14842.091092
115,44,14467.405206
115,45,14409.337676
115,47,14198.312898
115,49,13844.059503
115,52,13627.766872
115,54,13393.964343
115,57,13276.059871
115,59,13123.687581
115,61,12994.335676
115,74,12899.085400
116,40,15319.102710
116,41,15079.656324
116,42,14909.354473
116,43,14842.091092
116,44,14467.405206
116,45,14409.337676
116,47,14198.312898
116,49,13844.059503
116,52,13627.766872
116,54,13393.964343
116,56,13345.512513
116,57,13276.059871
116,59,13123.687581
116,61,12994.335676
116,74,12899.085400
117,40,15319.102710
117,41,15079.656324
117,42,14909.354473
117,43,14842.091092
117,44,14467.405206
117,45,14409.115121
117,47,14198.070302
117,49,13823.610199
117,52,13627.638937
117,54,13363.615026
117,56,13262.514821
117,58,13123.440327
117,61,12994.335676
117,74,12897.115281
118,40,15319.102710
118,41,15079.656324
118,42,14828.493873
118,44,14467.405206
118,45,14409.115121
118,47,14198.070302
118,49,13823.610199
118,52,13627.638937
118,54,13363.615026
118,56,13262.514821
118,58,13123.440327
118,61,12994.335676
118,66,12960.857253
118,74,12897.115281
119,40,15319.102710
119,41,15079.656324
119,42,14828.493873
119,44,14467.405206
119,45,14324.098401
119,47,14171.498089
119,49,13823.610199
119,52,13623.626746
119,54,13341.174425
119,56,13257.880550
119,58,13123.440327
119,61,12994.335676
119,66,12960.857253
119,74,12897.115281
120,40,15319.102710
120,41,15079.656324
120,42,14828.493873
120,44,14459.164972
120,45,14324.098401
120,47,14171.498089
120,49,13823.610199
120,52,13623.626746
120,54,13341.174425
120,55,13249.444074
120,58,13123.440327
120,61,12994.335676
120,66,12960.857253
120,74,12897.115281
121,40,15319.102710
121,41,15079.656324
121,42,14828.493873
121,44,14459.164972
121,45,14324.098401
121,46,14146.283197
121,49,13817.029145
121,52,13623.626746
121,54,13341.174425
121,55,13249.444074
121,58,13107.482524
121,60,13107.022867
121,61,12994.335676
121,66,12944.199785
121,73,12871.166428
122,40,15319.102710
122,41,15079.656324
122,42,14828.493873
122,44,14459.164972
122,45,14324.098401
122,46,14146.283197
122,49,13817.029145
122,52,13623.626746
122,54,13341.174425
122,55,13248.723408
122,58,13107.482524
122,59,13051.416838
122,61,12994.335676
122,66,12944.199785
122,73,12871.166428
123,40,15319.102710
123,41,15079.656324
123,42,14828.493873
123,44,14459.164972
123,45,14324.098401
123,46,14146.283197
123,49,13797.988469
123,52,13611.492450
123,54,13155.475054
123,58,13106.827849
123,59,13026.480864
123,61,12983.895071
123,66,12944.199785
123,73,12863.009532
124,40,15319.102710
124,41,15060.509543
124,42,14710.273511
124,44,14459.164972
124,45,14324.098401
124,46,14146.283197
124,49,13797.988469
124,52,13611.492450
124,54,13155.475054
124,58,13106.827849
124,59,13026.480864
124,61,12983.895071
124,66,12944.199785
124,68,12912.578378
124,69,12907.602165
124,73,12863.009532
125,40,15319.102710
125,41,15060.509543
125,42,14710.273511
125,44,14459.164972
125,45,14324.098401
125,46,14146.283197
125,49,13751.799066
125,52,13604.325225
125,54,13155.475054
125,58,13077.420829
125,59,13026.480864
125,61,12982.353243
125,66,12939.577600
125,68,12912.578378
125,69,12907.602165
125,73,12863.009532
126,40,15290.297577
126,41,15005.519376
126,42,14683.213134
126,43,14594.519586
126,44,14404.748020
126,45,14324.098401
126,46,14146.283197
126,49,13751.799066
126,52,13318.417529
126,53,13170.018106
126,54,13155.475054
126,58,13077.420829
126,59,13026.480864
126,61,12982.353243
126,65,12911.607195
126,69,12907.602165
126,70,12874.121658
126,73,12863.009532
126,74,12854.082593
127,40,15290.297577
127,41,14798.285262
127,42,14683.213134
127,43,14594.519586
127,44,14404.748020
127,45,14324.098401
127,46,14146.283197
127,49,13741.364368
127,52,13294.445010
127,53,13170.018106
127,54,13124.750781
127,58,13032.497808
127,59,13024.023363
127,60,12966.257779
127,64,12840.046043
127,68,12796.652383
128,40,15290.297577
128,41,14798.285262
128,42,14683.213134
128,43,14549.605417
128,44,14404.748020
128,45,14324.098401
128,46,14146.283197
128,49,13741.364368
128,52,13294.445010
128,53,13170.018106
128,54,13124.750781
128,58,13032.497808
128,59,13024.023363
128,60,12966.257779
128,64,12840.046043
128,68,12796.652383
129,40,15198.634284
129,41,14798.285262
129,42,14683.213134
129,43,14549.605417
129,44,14404.748020
129,45,14301.514044
129,46,14146.283197
129,49,13740.955613
129,52,13156.434394
129,54,13111.042736
129,58,13013.763899
129,60,12960.839096
129,64,12839.322466
129,68,12795.528074
130,40,15198.634284
130,41,14798.285262
130,42,14637.598768
130,43,14502.322587
130,44,14404.748020
130,45,14301.514044
130,46,14146.283197
130,48,14056.376562
130,49,13740.955613
130,50,13610.215039
130,52,13156.434394
130,54,13111.042736
130,58,13013.763899
130,60,12960.839096
130,64,12839.322466
130,68,12795.528074
131,40,15198.634284
131,41,14798.285262
131,42,14637.598768
131,43,14502.322587
131,44,14403.749231
131,45,14301.514044
131,46,14146.283197
131,48,14056.376562
131,49,13740.872059
131,50,13495.641626
131,52,13156.434394
131,53,13102.831395
131,58,13013.763899
131,60,12959.721177
131,63,12836.312135
131,68,12756.715354
132,40,15198.634284
132,41,14798.285262
132,42,14637.598768
132,43,14502.322587
132,44,14403.749231
132,45,14301.514044
132,46,14146.283197
132,48,14056.376562
132,49,13740.872059
132,50,13495.641626
132,52,13156.434394
132,53,13102.831395
132,58,13013.763899
132,60,12959.721177
132,63,12836.312135
132,68,12756.715354
133,40,15198.634284
133,41,14798.285262
133,42,14637.598768
133,43,14454.499665
133,44,14403.749231
133,45,14286.825493
133,46,14146.283197
133,47,14066.980177
133,48,13803.436628
133,49,13719.016056
133,50,13492.323249
133,52,13155.908106
133,53,13102.831395
133,57,13039.291822
133,58,13013.763899
133,60,12959.721177
133,62,12825.422078
133,67,12708.144055
134,40,15198.634284
134,41,14798.285262
134,42,14432.273770
134,44,14403.749231
134,45,14286.825493
134,46,14146.283197
134,47,14066.980177
134,48,13803.436628
134,49,13719.016056
134,50,13492.323249
134,52,13155.908106
134,53,13102.831395
134,57,13039.291822
134,58,13013.763899
134,60,12959.721177
134,62,12825.422078
134,67,12708.144055
135,40,15198.634284
135,41,14798.285262
135,42,14432.273770
135,44,14389.085325
135,45,14286.825493
135,46,14146.283197
135,47,14066.980177
135,48,13803.436628
135,49,13719.016056
135,50,13476.993304
135,52,13155.908106
135,53,13102.831395
135,55,13081.854946
135,57,13039.291822
135,58,13013.106291
135,60,12933.133273
135,62,12825.422078
135,67,12693.016364
136,40,15198.634284
136,41,14798.285262
136,42,14432.273770
136,44,14389.085325
136,45,14286.825493
136,46,14146.283197
136,47,14066.980177
136,48,13803.436628
136,49,13460.597805
136,52,13155.908106
136,53,13102.831395
136,55,13081.854946
136,57,13039.291822
136,58,13013.106291
136,60,12933.133273
136,62,12825.422078
136,67,12693.016364
137,39,15333.200824
137,40,15198.634284
137,41,14798.285262
137,42,14432.273770
137,44,14389.085325
137,45,14286.825493
137,46,14146.283197
137,47,13789.379455
137,49,13405.150621
137,52,13155.908106
137,53,13102.831395
137,55,13080.098891
137,57,13036.281985
137,58,13007.204424
137,59,12917.169929
137,62,12823.073956
137,67,12684.756575
138,39,15333.200824
138,40,15198.634284
138,41,14798.285262
138,42,14432.273770
138,44,14344.438368
138,45,14286.825493
138,46,14146.283197
138,47,13789.379455
138,49,13405.150621
138,52,13155.908106
138,53,13102.831395
138,55,13080.098891
138,57,13036.281985
138,58,13007.204424
138,59,12917.169929
138,62,12823.073956
138,67,12684.756575
139,39,15333.200824
139,40,15198.634284
139,41,14798.285262
139,42,14432.273770
139,44,14344.438368
139,45,14286.825493
139,46,14146.283197
139,47,13789.379455
139,49,13385.901503
139,52,13155.908106
139,53,13081.482076
139,55,13066.524669
139,57,13022.818649
139,58,13007.204424
139,59,12917.169929
139,62,12823.073956
139,67,12673.995096
140,39,15333.200824
140,40,15198.634284
140,41,14798.285262
140,42,14432.273770
140,44,14344.438368
140,45,14286.825493
140,46,14146.283197
140,47,13789.379455
140,49,13385.901503
140,52,13155.908106
140,53,13081.482076
140,55,13066.524669
140,57,13022.818649
140,58,13007.204424
140,59,12917.169929
140,62,12823.073956
140,67,12673.995096
141,39,15333.200824
141,40,15198.634284
141,41,14798.285262
141,42,14432.273770
141,44,14300.374381
141,45,14286.825493
141,46,14146.283197
141,47,13789.379455
141,49,13349.718649
141,51,13233.850608
141,52,13127.530838
141,53,13028.943439
141,57,13022.818649
141,58,13007.204424
141,59,12917.169929
141,62,12796.373624
141,66,12659.144596
142,39,15333.200824
142,40,15059.143156
142,41,14798.285262
142,42,14432.273770
142,44,14300.374381
142,45,14286.825493
142,46,14009.472909
142,47,13789.379455
142,49,13349.718649
142,51,13233.850608
142,52,13127.530838
142,53,13028.943439
142,57,13022.818649
142,58,13007.204424
142,59,12917.169929
142,62,12796.373624
142,66,12659.144596
143,39,15333.200824
143,40,15059.143156
143,41,14798.285262
143,42,14432.273770
143,44,14300.374381
143,45,14286.825493
143,46,14009.472909
143,47,13789.379455
143,49,13349.056035
143,51,13217.033370
143,52,13109.401632
143,53,13028.943439
143,57,13005.644887
143,58,12996.027438
143,59,12914.459913
143,62,12794.307488
143,66,12659.144596
144,39,15333.200824
144,40,15059.143156
144,41,14798.285262
144,42,14432.273770
144,43,14371.879667
144,44,14300.374381
144,45,14286.825493
144,46,14009.472909
144,47,13789.379455
144,49,13349.056035
144,51,13217.033370
144,52,13109.401632
144,53,13028.943439
144,57,13005.644887
144,58,12996.027438
144,59,12914.459913
144,62,12794.307488
144,66,12659.144596
145,39,15333.200824
145,40,15059.143156
145,41,14798.285262
145,42,14432.273770
145,43,14326.316865
145,44,14300.374381
145,45,14279.191775
145,46,14009.472909
145,47,13789.379455
145,49,13304.479910
145,51,13215.307601
145,52,13109.357200
145,53,13028.943439
145,54,13002.865359
145,58,12996.027438
145,59,12900.238781
145,62,12794.307488
145,66,12649.443126
146,39,15333.200824
146,40,15059.143156
146,41,14616.735050
146,42,14432.273770
146,43,14326.316865
146,44,14300.374381
146,45,14279.191775
146,46,14009.472909
146,47,13789.379455
146,49,13304.479910
146,51,13215.307601
146,52,13109.357200
146,53,13016.954869
146,54,13002.865359
146,58,12996.027438
146,59,12900.238781
146,62,12794.307488
146,66,12649.443126
147,39,15089.621706
147,40,15059.143156
147,41,14616.735050
147,42,14432.273770
147,43,14326.316865
147,44,14300.374381
147,45,14279.191775
147,46,14009.472909
147,47,13772.427740
147,49,13304.479910
147,51,13123.421170
147,52,13023.486885
147,53,13016.954869
147,54,13002.411817
147,58,12986.065932
147,59,12900.238781
147,62,12790.025894
147,66,12648.856164
148,39,15029.757324
148,40,14801.054703
148,41,14616.735050
148,42,14432.273770
148,43,14326.316865
148,44,14300.374381
148,45,14279.191775
148,46,14009.472909
148,47,13772.427740
148,49,13304.479910
148,51,13123.421170
148,52,13023.486885
148,53,13016.954869
148,54,13002.411817
148,58,12986.065932
148,59,12900.238781
148,62,12790.025894
148,66,12648.856164
149,39,15029.757324
149,40,14801.054703
149,41,14616.735050
149,42,14432.273770
149,43,14326.316865
149,44,14300.374381
149,45,14279.191775
149,46,14009.472909
149,47,13741.475855
149,49,13299.481970
149,51,13075.670605
149,52,13023.486885
149,53,13001.352464
149,58,12978.430582
149,59,12899.584734
149,62,12779.560491
149,66,12648.856164
150,38,15182.546571
150,39,15029.757324
150,40,14801.054703
150,41,14549.273859
150,42,14432.273770
150,43,14248.136865
150,46,14009.472909
150,47,13741.475855
150,49,13299.481970
150,51,13075.670605
150,52,13023.486885
150,53,13001.352464
150,55,12995.775566
150,58,12978.430582
150,59,12899.584734
150,60,12865.260122
150,62,12779.560491
150,66,12648.856164
151,38,15182.546571
151,39,15029.757324
151,40,14801.054703
151,41,14549.273859
151,42,14432.273770
151,43,14248.136865
151,46,14009.472909
151,47,13741.475855
151,49,13296.896766
151,51,13075.670605
151,52,12934.277587
151,59,12860.214788
151,62,12743.567202
151,66,12648.856164
152,38,15182.546571
152,39,15029.757324
152,40,14632.709638
152,41,14549.273859
152,42,14432.273770
152,43,14248.136865
152,45,14203.619169
152,46,14009.472909
152,47,13741.475855
152,49,13296.896766
152,51,13075.670605
152,52,12934.277587
152,55,12867.385461
152,59,12860.214788
152,62,12743.567202
152,66,12648.856164
153,38,15182.546571
153,39,15029.757324
153,40,14632.709638
153,41,14549.273859
153,42,14432.273770
153,43,14226.414929
153,45,14203.619169
153,46,13980.682098
153,47,13741.475855
153,49,13277.607650
153,51,13071.714828
153,52,12934.277587
153,55,12866.290929
153,59,12856.543368
153,61,12731.409431
153,65,12618.916789
154,38,15182.546571
154,39,15029.757324
154,40,14632.709638
154,41,14549.273859
154,42,14326.193749
154,43,14226.414929
154,45,14135.210207
154,46,13980.682098
154,47,13741.475855
154,49,13277.607650
154,51,13071.714828
154,52,12934.277587
154,55,12866.290929
154,59,12856.543368
154,61,12731.409431
154,65,12618.916789
155,38,15182.546571
155,39,15009.147019
155,40,14632.709638
155,41,14549.273859
155,42,14326.193749
155,43,14225.469045
155,45,14135.210207
155,46,13926.538155
155,47,13712.694304
155,49,13277.607650
155,51,13071.714828
155,52,12928.630436
155,55,12856.644064
155,59,12856.543368
155,61,12699.275819
155,65,12618.916789
156,38,15182.546571
156,39,15009.147019
156,40,14632.709638
156,41,14549.273859
156,42,14326.193749
156,43,14225.469045
156,45,14135.210207
156,46,13926.538155
156,47,13712.694304
156,49,13277.607650
156,51,13071.714828
156,52,12928.630436
156,55,12856.644064
156,59,12856.543368
156,61,12699.275819
156,65,12618.916789
157,38,15182.546571
157,39,15000.841157
157,40,14632.709638
157,41,14549.273859
157,42,14326.193749
157,43,14225.469045
157,45,14135.210207
157,46,13913.961767
157,47,13712.694304
157,49,13277.607650
157,51,13068.763170
157,52,12928.076464
157,55,12856.644064
157,59,12853.420447
157,61,12680.491381
157,65,12605.835663
158,38,15182.546571
158,39,15000.841157
158,40,14567.083124
158,41,14549.273859
158,42,14326.193749
158,43,14225.469045
158,44,14222.353198
158,45,14135.210207
158,46,13913.961767
158,47,13712.694304
158,49,13277.607650
158,51,13068.763170
158,52,12928.076464
158,55,12856.644064
158,59,12853.420447
158,60,12633.674796
158,64,12604.009391
159,38,15182.546571
159,39,15000.841157
159,40,14567.083124
159,41,14549.273859
159,42,14326.193749
159,43,14225.469045
159,44,14222.353198
159,45,14135.210207
159,46,13913.961767
159,47,13676.439957
159,49,13262.615642
159,51,13048.183506
159,52,12928.076464
159,55,12856.644064
159,59,12603.749566
159,64,12600.986336
160,38,15182.546571
160,39,15000.841157
160,40,14567.083124
160,41,14549.273859
160,42,14326.193749
160,43,14225.469045
160,44,14222.353198
160,45,14135.210207
160,46,13913.961767
160,47,13676.439957
160,49,13262.615642
160,51,13048.183506
160,52,12928.076464
160,55,12856.644064
160,59,12603.749566
160,64,12600.986336
161,38,15182.546571
161,39,14629.777248
161,40,14567.083124
161,41,14549.273859
161,42,14326.193749
161,43,14225.469045
161,44,14198.887974
161,45,14070.860387
161,46,13796.323148
161,47,13511.815287
161,49,13262.615642
161,51,13048.183506
161,52,12897.670685
161,55,12845.806828
161,59,12603.749566
161,61,12585.515541
162,38,15182.546571
162,39,14629.777248
162,40,14567.083124
162,41,14358.245712
162,42,14326.193749
162,43,14225.469045
162,44,14152.266978
162,45,14070.860387
162,46,13796.323148
162,47,13511.815287
162,49,13262.615642
162,51,13048.183506
162,52,12897.670685
162,55,12845.806828
162,59,12603.749566
162,61,12585.515541
162,68,12563.848041
163,38,15182.546571
163,39,14629.777248
163,40,14567.083124
163,41,14265.792026
163,43,14225.469045
163,44,14152.266978
163,45,14003.235013
163,46,13789.837444
163,47,13508.890028
163,49,13262.615642
163,51,13038.581101
163,52,12897.670685
163,55,12845.806828
163,58,12845.168277
163,59,12585.569502
163,61,12585.515541
163,64,12555.651707
164,38,15182.546571
164,39,14629.777248
164,40,14567.083124
164,41,14265.792026
164,43,14225.469045
164,44,14093.392790
164,45,14003.235013
164,46,13789.837444
164,47,13508.890028
164,49,13262.615642
164,51,13038.581101
164,52,12897.670685
164,55,12845.806828
164,58,12845.168277
164,59,12585.569502
164,61,12585.515541
164,64,12555.651707
165,38,15182.546571
165,39,14629.777248
165,40,14567.083124
165,41,14265.792026
165,43,14225.469045
165,44,14093.392790
165,45,14003.235013
165,46,13778.779169
165,47,13508.890028
165,49,13238.259049
165,51,13024.367468
165,52,12894.080262
165,55,12845.806828
165,57,12818.755909
165,59,12550.708802
166,38,15182.546571
166,39,14629.777248
166,40,14542.674027
166,41,14265.792026
166,43,14225.469045
166,44,14093.392790
166,45,14003.235013
166,46,13778.779169
166,47,13508.890028
166,49,13238.259049
166,51,13024.367468
166,52,12894.080262
166,55,12845.806828
166,57,12818.755909
166,59,12550.708802
166,65,12545.430880
167,38,15182.546571
167,39,14629.777248
167,40,14542.674027
167,41,14265.792026
167,43,14225.469045
167,44,14093.392790
167,45,13987.417232
167,46,13778.779169
167,47,13508.890028
167,49,13232.346723
167,51,13024.367468
167,52,12877.005446
167,55,12832.814769
167,56,12796.409499
167,58,12521.240727
168,38,15182.546571
168,39,14587.901184
168,40,14542.674027
168,41,14265.792026
168,43,14225.469045
168,44,14093.392790
168,45,13987.417232
168,46,13778.779169
168,47,13508.890028
168,49,13232.346723
168,51,13024.367468
168,52,12877.005446
168,55,12832.814769
168,56,12796.409499
168,58,12521.240727
169,38,15182.546571
169,39,14587.901184
169,40,14542.674027
169,41,14265.792026
169,42,14261.855810
169,43,14197.119832
169,44,14093.392790
169,45,13977.040747
169,46,13773.778101
169,47,13498.034140
169,49,13225.201699
169,51,13016.755442
169,52,12859.709003
169,55,12710.888156
169,58,12510.797384
170,38,15182.546571
170,39,14587.901184
170,40,14542.674027
170,41,14265.792026
170,42,14261.855810
170,43,14197.119832
170,44,14093.392790
170,45,13977.040747
170,46,13773.778101
170,47,13498.034140
170,49,13225.201699
170,51,13016.755442
170,52,12859.709003
170,55,12710.888156
170,58,12510.797384
171,38,15182.546571
171,39,14570.090302
171,40,14542.674027
171,41,14265.792026
171,42,14261.855810
171,43,14197.119832
171,44,14034.475857
171,45,13977.040747
171,46,13740.045439
171,47,13482.888623
171,49,13165.773156
171,51,12978.826369
171,52,12859.709003
171,55,12710.888156
171,57,12613.539786
171,58,12507.951878
172,38,15182.546571
172,39,14570.090302
172,40,14542.674027
172,41,14265.792026
172,42,14096.675282
172,44,14034.475857
172,45,13977.040747
172,46,13740.045439
172,47,13482.888623
172,49,13165.773156
172,51,12978.826369
172,52,12859.709003
172,55,12710.888156
172,57,12613.539786
172,58,12507.951878
173,38,15182.546571
173,39,14413.228540
173,41,14265.792026
173,42,14096.675282
173,44,14034.475857
173,45,13937.868645
173,46,13723.373106
173,47,13482.888623
173,49,13160.640258
173,51,12967.112692
173,52,12859.709003
173,55,12710.888156
173,57,12606.381129
173,58,12489.173096
174,38,15182.546571
174,39,14413.228540
174,41,14265.792026
174,42,14096.675282
174,44,14034.475857
174,45,13937.868645
174,46,13723.373106
174,47,13482.888623
174,49,13160.640258
174,51,12967.112692
174,52,12859.709003
174,53,12847.350569
174,55,12710.888156
174,57,12606.381129
174,58,12489.173096
175,38,15182.546571
175,39,14413.228540
175,41,14265.792026
175,42,14096.675282
175,44,14034.475857
175,45,13913.359105
175,46,13717.575686
175,47,13482.888623
175,49,13157.077515
175,51,12967.112692
175,52,12847.933235
175,53,12847.350569
175,55,12694.403847
175,57,12575.101475
175,58,12467.851044
176,38,15182.546571
176,39,14413.228540
176,41,14265.792026
176,42,14096.675282
176,44,14034.475857
176,45,13913.359105
176,46,13717.575686
176,47,13482.888623
176,49,13157.077515
176,51,12967.112692
176,52,12847.933235
176,53,12847.350569
176,55,12694.403847
176,57,12575.101475
176,58,12467.851044
177,38,15182.546571
177,39,14413.228540
177,41,14265.792026
177,42,14096.675282
177,44,14034.475857
177,45,13913.359105
177,46,13688.859099
177,47,13470.294811
177,49,13157.077515
177,51,12949.582348
177,52,12834.768690
177,55,12694.403847
177,57,12568.770749
177,58,12463.428886
178,38,15182.546571
178,39,14413.228540
178,41,14265.792026
178,42,14096.675282
178,44,14034.475857
178,45,13913.359105
178,46,13688.859099
178,47,13470.294811
178,49,13157.077515
178,51,12949.582348
178,52,12834.768690
178,55,12694.403847
178,57,12568.770749
178,58,12463.428886
179,38,15182.546571
179,39,14413.228540
179,41,14265.792026
179,42,14096.675282
179,44,14034.475857
179,45,13831.181951
179,46,13687.844317
179,47,13380.672577
179,48,13230.368401
179,49,13157.077515
179,51,12949.582348
179,52,12832.416391
179,54,12688.417171
179,57,12553.012257
179,58,12463.428886
180,38,15182.546571
180,39,14413.228540
180,41,14265.792026
180,42,14006.541367
180,43,13930.515955
180,45,13831.181951
180,46,13687.844317
180,47,13380.672577
180,48,13230.368401
180,49,13157.077515
180,51,12949.582348
180,52,12832.416391
180,54,12688.417171
180,57,12553.012257
180,58,12463.428886
180,62,12452.124660
181,38,15182.546571
181,39,14413.228540
181,41,14265.792026
181,42,14006.541367
181,43,13930.515955
181,45,13831.181951
181,46,13686.279029
181,47,13380.536630
181,48,13181.152867
181,49,13144.789691
181,51,12938.327031
181,52,12832.416391
181,54,12684.216341
181,57,12553.012257
181,58,12463.384606
181,62,12452.124660
182,38,15182.546571
182,39,14413.228540
182,41,14265.792026
182,42,14006.541367
182,43,13930.515955
182,45,13831.181951
182,46,13686.279029
182,47,13380.536630
182,48,13181.152867
182,49,13144.789691
182,51,12938.327031
182,52,12832.416391
182,53,12818.574075
182,54,12684.216341
182,57,12553.012257
182,58,12463.384606
182,60,12447.362661
183,38,14778.596418
183,39,14413.228540
183,41,14237.046769
183,42,14006.541367
183,43,13930.515955
183,45,13718.435258
183,46,13686.279029
183,47,13380.536630
183,48,13149.408231
183,49,13144.789691
183,51,12938.327031
183,52,12821.613949
183,53,12800.793185
183,54,12684.216341
183,57,12553.012257
183,58,12433.216625
184,38,14778.596418
184,39,14413.228540
184,41,14199.550668
184,42,14006.541367
184,43,13930.515955
184,45,13718.435258
184,46,13686.279029
184,47,13380.536630
184,48,13149.408231
184,49,13144.789691
184,51,12938.327031
184,52,12821.613949
184,53,12800.793185
184,54,12684.216341
184,57,12553.012257
184,58,12433.216625
184,62,12430.149685
185,38,14778.596418
185,39,14413.228540
185,41,14199.550668
185,42,14006.541367
185,43,13930.515955
185,45,13718.435258
185,46,13686.279029
185,47,13380.536630
185,48,13147.592700
185,49,13135.583153
185,51,12938.327031
185,52,12821.613949
185,53,12800.793185
185,54,12681.088662
185,57,12553.012257
185,58,12433.216625
185,60,12394.827245
185,61,12379.470874
186,38,14778.596418
186,39,14413.228540
186,40,14347.274574
186,41,14199.550668
186,42,14006.541367
186,43,13930.515955
186,45,13718.435258
186,46,13686.279029
186,47,13380.536630
186,48,13147.592700
186,49,13135.583153
186,51,12938.327031
186,52,12821.613949
186,53,12800.793185
186,54,12681.088662
186,57,12553.012257
186,58,12433.216625
186,60,12394.827245
186,61,12379.470874
187,38,14778.596418
187,39,14413.228540
187,40,14347.274574
187,41,14197.361940
187,42,14006.541367
187,43,13930.515955
187,45,13718.435258
187,46,13686.279029
187,47,13380.536630
187,48,13147.592700
187,49,13130.253578
187,51,12938.327031
187,52,12821.613949
187,53,12800.793185
187,54,12673.517910
187,57,12553.012257
187,58,12420.139558
187,60,12385.995143
187,61,12378.880334
188,38,14778.596418
188,39,14413.228540
188,40,14347.274574
188,41,14186.159400
188,42,14006.541367
188,43,13930.515955
188,44,13793.707093
188,45,13718.435258
188,46,13686.279029
188,47,13380.536630
188,48,13147.592700
188,49,13130.253578
188,51,12938.327031
188,52,12821.613949
188,53,12800.793185
188,54,12673.517910
188,57,12553.012257
188,58,12420.139558
188,60,12385.995143
188,61,12378.880334
189,38,14778.596418
189,39,14413.228540
189,40,14347.274574
189,41,14186.159400
189,42,14006.541367
189,43,13930.515955
189,44,13793.707093
189,45,13718.435258
189,46,13686.279029
189,47,13380.536630
189,48,13147.592700
189,49,13121.017639
189,50,13053.583562
189,51,12932.362393
189,52,12821.613949
189,53,12762.991113
189,54,12656.456329
189,56,12549.677882
189,58,12417.849995
189,60,12382.930737
189,61,12378.880334
190,37,15760.184167
190,38,14778.596418
190,39,14413.228540
190,40,14347.274574
190,41,14186.159400
190,42,14006.541367
190,43,13930.515955
190,44,13793.707093
190,45,13718.435258
190,46,13686.279029
190,47,13380.536630
190,48,13147.592700
190,49,13121.017639
190,50,13053.583562
190,51,12932.362393
190,52,12821.613949
190,53,12762.991113
190,54,12656.456329
190,56,12549.677882
190,58,12417.849995
190,60,12382.930737
190,61,12378.880334
191,37,15760.184167
191,38,14778.596418
191,39,14413.228540
191,40,14347.274574
191,41,14186.159400
191,42,14006.541367
191,43,13930.515955
191,44,13793.707093
191,45,13718.435258
191,46,13686.279029
191,47,13380.536630
191,48,13147.592700
191,49,13121.017639
191,50,13039.474828
191,51,12932.362393
191,52,12748.172396
191,54,12656.456329
191,56,12549.677882
191,58,12417.849995
191,60,12382.930737
191,61,12378.880334
192,37,15760.184167
192,38,14778.596418
192,39,14413.228540
192,40,14347.274574
192,41,14186.159400
192,42,13992.897256
192,43,13906.924833
192,44,13793.707093
192,45,13718.435258
192,46,13686.279029
192,47,13380.536630
192,48,13147.592700
192,49,13121.017639
192,50,13039.474828
192,51,12932.362393
192,52,12748.172396
192,54,12656.456329
192,56,12549.677882
192,58,12417.849995
192,60,12382.930737
192,61,12378.880334
193,37,15760.184167
193,38,14778.596418
193,39,14413.228540
193,40,14347.274574
193,41,14186.159400
193,42,13992.897256
193,43,13906.924833
193,44,13793.707093
193,45,13718.435258
193,46,13686.279029
193,47,13380.536630
193,48,13133.556343
193,49,13119.901501
193,50,13039.474828
193,51,12915.023227
193,52,12748.172396
193,54,12650.543305
193,56,12548.435540
193,58,12412.652675
193,60,12382.886457
193,61,12369.560300
194,37,15760.184167
194,38,14778.596418
194,39,14413.228540
194,40,14347.274574
194,41,14186.159400
194,42,13961.914268
194,43,13863.887529
194,44,13793.707093
194,45,13718.435258
194,46,13686.279029
194,47,13380.536630
194,48,13133.556343
194,49,13119.901501
194,50,13039.474828
194,51,12915.023227
194,52,12748.172396
194,54,12650.543305
194,56,12548.435540
194,58,12412.652675
194,60,12382.886457
194,61,12369.560300
195,37,15760.184167
195,38,14778.596418
195,39,14413.228540
195,40,14347.274574
195,41,14186.159400
195,42,13961.914268
195,43,13863.887529
195,44,13793.707093
195,45,13718.435258
195,46,13686.279029
195,47,13380.536630
195,48,13126.606761
195,49,13119.901501
195,50,13023.620197
195,51,12915.023227
195,52,12734.462420
195,54,12626.731578
195,56,12548.435540
195,58,12407.416343
195,60,12382.886457
195,61,12369.560300
196,37,15760.184167
196,38,14778.596418
196,39,14413.228540
196,40,14347.274574
196,41,13956.273594
196,43,13863.887529
196,44,13793.707093
196,45,13718.435258
196,46,13686.279029
196,47,13380.536630
196,48,13126.606761
196,49,13119.901501
196,50,13023.620197
196,51,12915.023227
196,52,12734.462420
196,54,12626.731578
196,56,12548.435540
196,58,12407.416343
196,60,12382.886457
196,61,12369.560300
197,37,15760.184167
197,38,14753.086236
197,39,14413.228540
197,40,14347.274574
197,41,13956.273594
197,43,13755.062815
197,45,13718.435258
197,46,13686.279029
197,47,13380.536630
197,48,13126.145679
197,49,13111.433793
197,50,13023.620197
197,51,12914.744941
197,52,12733.357195
197,53,12625.851523
197,56,12508.769303
197,58,12400.184084
197,60,12382.886457
197,61,12369.439541
198,37,15760.184167
198,38,14753.086236
198,39,14413.228540
198,40,14347.274574
198,41,13827.323951
198,42,13823.056381
198,43,13755.062815
198,45,13718.435258
198,46,13686.279029
198,47,13380.536630
198,48,13126.145679
198,49,13111.433793
198,50,13023.620197
198,51,12914.744941
198,52,12733.357195
198,53,12625.851523
198,56,12508.769303
198,58,12400.184084
198,60,12382.886457
198,61,12369.439541
199,37,15760.184167
199,38,14753.086236
199,39,14413.228540
199,40,14347.274574
199,41,13827.323951
199,42,13804.646352
199,43,13755.062815
199,45,13718.435258
199,46,13686.279029
199,47,13380.536630
199,48,13126.145679
199,49,13090.820813
199,50,13023.620197
199,51,12907.720138
199,52,12719.798725
199,53,12625.851523
199,56,12495.525027
199,58,12400.184084
199,60,12382.886457
199,61,12368.872239
200,37,15368.558125
200,38,14753.086236
200,39,14413.228540
200,40,14347.274574
200,41,13796.115816
200,43,13755.062815
200,45,13718.435258
200,46,13617.963215
200,47,13380.536630
200,48,13126.145679
200,49,13090.820813
200,50,13023.620197
200,51,12907.720138
200,52,12719.798725
200,53,12625.851523
200,56,12495.525027
200,58,12400.184084
200,60,12382.886457
200,61,12368.872239
201,37,15368.558125
201,38,14653.950349
201,39,14413.228540
201,40,14296.359488
201,41,13796.115816
201,43,13755.062815
201,44,13750.111517
201,45,13718.435258
201,46,13617.963215
201,47,13380.536630
201,48,13126.145679
201,49,13090.179776
201,50,12982.021945
201,51,12666.547392
201,53,12605.767383
201,56,12495.525027
201,58,12400.184084
201,59,12391.083146
201,60,12382.886457
201,61,12363.070017
202,37,15368.558125
202,38,14653.950349
202,39,14413.228540
202,40,14170.353109
202,41,13796.115816
202,43,13755.062815
202,44,13750.111517
202,45,13718.435258
202,46,13617.963215
202,47,13340.840167
202,48,13126.145679
202,49,13090.179776
202,50,12904.675392
202,51,12666.547392
202,53,12605.767383
202,56,12495.525027
202,58,12400.184084
202,59,12364.381123
202,61,12363.070017
203,37,15368.558125
203,38,14653.950349
203,39,14191.671697
203,40,14170.353109
203,41,13704.159555
203,46,13617.963215
203,47,13340.840167
203,48,13068.100250
203,49,13003.920509
203,50,12904.516689
203,51,12662.675190
203,53,12605.767383
203,56,12495.525027
203,58,12400.184084
203,59,12361.455371
203,61,12357.910474
204,37,15368.558125
204,38,14653.950349
204,39,14191.671697
204,40,14170.353109
204,41,13704.159555
204,46,13617.963215
204,47,13340.840167
204,48,13068.100250
204,49,13003.920509
204,50,12904.516689
204,51,12662.675190
204,53,12605.767383
204,54,12526.269237
204,56,12495.525027
204,58,12400.184084
204,59,12361.455371
204,61,12357.910474
205,37,15368.558125
205,38,14633.168840
205,39,14191.671697
205,40,14170.353109
205,41,13704.159555
205,43,13655.947414
205,46,13617.963215
205,47,13340.840167
205,48,13054.392204
205,49,13003.920509
205,50,12893.427018
205,51,12654.554077
205,53,12598.449520
205,54,12523.547293
205,56,12495.488076
205,58,12388.514767
205,59,12361.455371
205,61,12357.910474
206,37,15368.558125
206,38,14633.168840
206,39,14191.671697
206,40,14170.353109
206,41,13704.159555
206,43,13655.947414
206,46,13580.795964
206,47,13340.840167
206,48,13054.392204
206,49,13003.920509
206,50,12893.427018
206,51,12654.554077
206,53,12598.449520
206,54,12523.547293
206,56,12495.488076
206,58,12388.514767
206,59,12361.455371
206,61,12357.910474
207,37,15368.558125
207,38,14633.168840
207,39,14191.671697
207,40,14170.353109
207,41,13704.159555
207,43,13655.947414
207,46,13580.795964
207,47,13265.327251
207,48,13049.424113
207,49,12979.843708
207,50,12887.955050
207,51,12654.554077
207,53,12595.085794
207,54,12519.675091
207,56,12481.658896
207,58,12377.729971
207,59,12347.745395
208,37,15368.558125
208,38,14633.168840
208,39,14191.671697
208,40,13947.051075
208,41,13704.159555
208,42,13702.527711
208,43,13655.947414
208,46,13580.795964
208,47,13265.327251
208,48,13049.424113
208,49,12979.843708
208,50,12887.955050
208,51,12654.554077
208,53,12595.085794
208,54,12519.675091
208,56,12481.658896
208,58,12377.729971
208,59,12347.745395
209,37,15368.558125
209,38,14633.168840
209,39,14191.671697
209,40,13939.909700
209,41,13704.159555
209,42,13660.419716
209,43,13655.947414
209,45,13521.045991
209,47,13265.327251
209,48,13043.274891
209,49,12977.139446
209,50,12887.955050
209,51,12654.554077
209,53,12588.084958
209,54,12519.675091
209,56,12480.398152
209,58,12373.420059
209,59,12343.175590
210,37,15368.558125
210,38,14633.168840
210,39,14191.671697
210,40,13913.768709
210,41,13704.159555
210,42,13660.419716
210,43,13655.947414
210,45,13521.045991
210,47,13265.327251
210,48,13043.274891
210,49,12977.139446
210,50,12887.955050
210,51,12654.554077
210,53,12588.084958
210,54,12519.675091
210,56,12480.398152
210,58,12363.745493
210,59,12343.175590
211,37,15368.558125
211,38,14633.168840
211,39,14191.671697
211,40,13913.768709
211,41,13704.159555
211,42,13660.419716
211,43,13655.947414
211,45,13521.045991
211,47,13265.327251
211,48,13042.923545
211,49,12977.139446
211,50,12867.818940
211,51,12642.314632
211,53,12588.084958
211,54,12519.675091
211,56,12471.405778
211,58,12354.913391
211,59,12342.967158
212,37,15368.558125
212,38,14481.028002
212,39,14191.671697
212,40,13913.768709
212,41,13704.159555
212,42,13597.735103
212,45,13521.045991
212,47,13265.327251
212,48,13042.923545
212,49,12977.139446
212,50,12867.818940
212,51,12642.314632
212,53,12588.084958
212,54,12519.675091
212,56,12471.405778
212,58,12354.913391
212,59,12342.967158
213,37,15368.558125
213,38,14481.028002
213,39,14191.671697
213,40,13913.768709
213,41,13704.159555
213,42,13597.735103
213,45,13521.045991
213,46,13249.409717
213,48,13032.917840
213,49,12976.566064
213,50,12867.818940
213,51,12642.314632
213,53,12587.111742
213,54,12510.737224
213,56,12451.193387
213,58,12354.852830
213,59,12325.528844
214,37,15368.558125
214,38,14481.028002
214,39,14042.086754
214,40,13913.768709
214,41,13704.159555
214,42,13597.735103
214,45,13521.045991
214,46,13249.409717
214,48,13032.917840
214,49,12976.566064
214,50,12867.818940
214,51,12642.314632
214,53,12587.111742
214,54,12510.737224
214,56,12451.193387
214,58,12354.852830
214,59,12325.528844
215,37,15368.558125
215,38,14481.028002
215,39,14042.086754
215,40,13913.768709
215,41,13704.159555
215,42,13597.735103
215,45,13521.045991
215,46,13249.409717
215,47,12980.253555
215,49,12976.566064
215,50,12867.818940
215,51,12636.228853
215,53,12554.381584
215,54,12473.908537
215,56,12441.248822
215,58,12354.852830
215,59,12314.918946
216,36,16480.971531
216,37,14519.267280
216,38,14481.028002
216,39,14042.086754
216,40,13913.768709
216,41,13704.159555
216,42,13597.735103
216,44,13571.107018
216,45,13521.045991
216,46,13249.409717
216,47,12980.253555
216,49,12976.566064
216,50,12867.818940
216,51,12636.228853
216,53,12554.381584
216,54,12473.908537
216,56,12441.248822
216,58,12354.852830
216,59,12314.918946
217,36,16480.971531
217,37,14425.051416
217,38,14013.798097
217,40,13865.074797
217,41,13704.159555
217,42,13597.735103
217,44,13571.107018
217,45,13521.045991
217,46,13249.409717
217,47,12980.253555
217,49,12899.171269
217,50,12866.909924
217,51,12636.228853
217,53,12551.841440
217,54,12450.095602
217,56,12441.248822
217,58,12354.852830
217,59,12314.918946
218,36,16480.971531
218,37,14214.103765
218,38,14013.798097
218,40,13865.074797
218,41,13704.159555
218,42,13597.735103
218,44,13571.107018
218,45,13521.045991
218,46,13249.409717
218,47,12980.253555
218,49,12899.171269
218,50,12866.909924
218,51,12636.228853
218,53,12551.841440
218,54,12450.095602
218,56,12441.248822
218,58,12354.852830
218,59,12314.918946
218,60,12286.900923
219,36,16480.971531
219,37,14214.103765
219,38,13929.062397
219,40,13865.074797
219,41,13704.159555
219,42,13597.735103
219,44,13571.107018
219,45,13521.045991
219,46,13015.903099
219,47,12980.253555
219,49,12873.424588
219,50,12866.909924
219,51,12636.228853
219,53,12551.841440
219,54,12450.095602
219,56,12433.583631
219,58,12351.105681
219,59,12306.822407
219,60,12286.900923
220,36,16480.971531
220,37,14214.103765
220,38,13929.062397
220,40,13865.074797
220,41,13704.159555
220,42,13597.735103
220,44,13571.107018
220,45,13521.045991
220,46,13015.903099
220,47,12980.253555
220,49,12873.424588
220,50,12866.909924
220,51,12636.228853
220,53,12551.841440
220,54,12450.095602
220,56,12433.583631
220,58,12351.105681
220,59,12306.822407
220,60,12286.900923
221,36,16480.971531
221,37,14214.103765
221,38,13929.062397
221,40,13865.074797
221,41,13704.159555
221,42,13597.735103
221,44,13571.107018
221,45,13521.045991
221,46,13015.903099
221,47,12957.139567
221,49,12849.746896
221,51,12603.952071
221,53,12549.726152
221,54,12450.095602
221,56,12427.592130
221,58,12342.990919
221,59,12306.822407
221,60,12286.900923
222,36,16480.971531
222,37,14214.103765
222,38,13929.062397
222,40,13865.074797
222,41,13704.159555
222,42,13597.735103
222,44,13571.107018
222,45,13521.045991
222,46,13015.903099
222,47,12957.139567
222,49,12849.746896
222,51,12603.952071
222,53,12549.726152
222,54,12450.095602
222,56,12427.592130
222,58,12342.990919
222,59,12278.272620
223,36,16480.971531
223,37,14214.103765
223,38,13929.062397
223,40,13865.074797
223,41,13704.159555
223,42,13597.735103
223,44,13571.107018
223,45,12994.512439
223,47,12957.139567
223,49,12849.746896
223,51,12578.075683
223,53,12434.719245
223,56,12427.592130
223,58,12342.990919
223,59,12278.272620
224,36,16480.971531
224,37,14214.103765
224,38,13929.062397
224,40,13865.074797
224,41,13704.159555
224,42,13597.735103
224,44,13571.107018
224,45,12994.512439
224,47,12957.139567
224,49,12849.746896
224,51,12578.075683
224,53,12434.719245
224,56,12427.592130
224,58,12342.990919
224,59,12278.272620
225,36,16480.971531
225,37,14214.103765
225,38,13929.062397
225,39,13882.829452
225,40,13865.074797
225,41,13704.159555
225,42,13581.870224
225,44,13560.423477
225,45,12994.512439
225,47,12945.149142
225,49,12849.746896
225,51,12578.075683
225,53,12420.316278
225,58,12342.990919
225,59,12278.272620
226,36,16480.971531
226,37,14214.103765
226,38,13878.128204
226,39,13746.093701
226,41,13704.159555
226,42,13581.870224
226,44,13560.423477
226,45,12994.512439
226,47,12945.149142
226,49,12849.746896
226,51,12578.075683
226,53,12420.316278
226,58,12342.990919
226,59,12278.272620
227,36,16480.971531
227,37,14214.103765
227,38,13878.128204
227,39,13746.093701
227,41,13704.159555
227,42,13530.385483
227,45,12927.298894
227,47,12923.913783
227,48,12907.744335
227,49,12849.746896
227,51,12569.366650
227,53,12408.858627
227,58,12335.591836
227,59,12251.438653
228,36,16470.788616
228,37,14214.103765
228,38,13865.001270
228,39,13746.093701
228,41,13704.159555
228,42,13530.385483
228,45,12927.298894
228,47,12923.913783
228,48,12907.744335
228,49,12849.746896
228,51,12569.366650
228,52,12542.446944
228,53,12408.858627
228,58,12335.591836
228,59,12251.438653
229,36,14711.312690
229,37,14214.103765
229,38,13848.164888
229,39,13746.093701
229,41,13704.159555
229,42,13530.385483
229,44,12863.490697
229,49,12848.284342
229,51,12569.366650
229,52,12542.446944
229,53,12408.858627
229,56,12354.110502
229,57,12303.799057
229,59,12251.438653
230,36,14711.312690
230,37,14214.103765
230,38,13848.164888
230,39,13746.093701
230,41,13626.726309
230,42,13530.385483
230,44,12863.490697
230,49,12848.284342
230,51,12569.366650
230,52,12542.446944
230,53,12408.858627
230,54,12346.512672
230,57,12252.118541
230,59,12251.438653
231,36,14711.312690
231,37,14214.103765
231,38,13848.164888
231,39,13746.093701
231,41,13626.726309
231,42,13529.344268
231,44,12853.837320
231,49,12848.284342
231,51,12569.366650
231,52,12542.446944
231,53,12408.858627
231,54,12346.512672
231,56,12240.856037
232,36,14580.897175
232,37,14214.103765
232,38,13848.164888
232,39,13746.093701
232,41,13626.726309
232,42,13529.344268
232,44,12839.704844
232,51,12569.366650
232,52,12542.446944
232,53,12408.858627
232,54,12346.512672
232,56,12240.856037
233,36,14580.897175
233,37,14214.103765
233,38,13848.164888
233,39,13746.093701
233,40,13622.630106
233,42,13529.344268
233,44,12837.975144
233,51,12568.928868
233,52,12398.209259
233,54,12337.638993
233,56,12240.278732
234,36,14580.897175
234,37,14214.103765
234,38,13848.164888
234,39,13746.093701
234,40,13622.630106
234,42,13529.344268
234,44,12837.975144
234,51,12568.928868
234,52,12398.209259
234,54,12337.638993
234,56,12240.278732
235,36,14580.897175
235,37,14202.773363
235,38,13848.164888
235,39,13688.744016
235,40,13622.195347
235,41,13466.490255
235,44,12794.285437
235,51,12565.379699
235,52,12397.607705
235,54,12337.638993
235,56,12237.737420
236,36,14580.897175
236,37,14202.773363
236,38,13848.164888
236,39,13688.744016
236,40,13622.195347
236,41,13466.490255
236,44,12794.285437
236,51,12565.379699
236,52,12397.607705
236,54,12337.638993
236,56,12237.737420
237,36,14542.866477
237,37,14202.773363
237,38,13817.351921
237,39,13581.187395
237,41,13466.490255
237,44,12794.285437
237,51,12565.379699
237,52,12397.607705
237,54,12329.753005
237,56,12232.754603
238,36,14542.866477
238,37,14202.773363
238,38,13817.351921
238,39,13581.187395
238,41,13466.490255
238,44,12794.285437
238,51,12565.379699
238,52,12397.607705
238,54,12329.753005
238,56,12232.754603
239,36,14542.866477
239,37,14202.122039
239,38,13817.351921
239,39,13571.414735
239,41,13466.490255
239,44,12794.285437
239,51,12389.775474
239,54,12329.477414
239,56,12225.159566
240,36,14542.866477
240,37,14202.122039
240,38,13805.646683
240,39,13571.414735
240,41,13466.490255
240,44,12794.285437
240,47,12782.377821
240,50,12749.558648
240,51,12389.775474
240,54,12329.477414
240,56,12225.159566
241,36,14542.866477
241,37,14183.478002
241,38,13804.626872
241,39,13535.119361
241,41,13433.592459
241,44,12779.041378
241,47,12765.072621
241,50,12749.558648
241,51,12389.775474
241,54,12328.998428
241,56,12225.159566
242,36,14542.866477
242,37,14104.591114
242,38,13804.626872
242,39,13535.119361
242,41,13397.134244
242,42,13383.203920
242,44,12779.041378
242,47,12765.072621
242,50,12476.590146
242,51,12389.775474
242,53,12374.152307
242,54,12328.998428
242,56,12225.159566
243,36,14542.866477
243,37,14104.591114
243,38,13804.626872
243,39,13535.119361
243,41,13378.442149
243,44,12758.074351
243,50,12463.145505
243,51,12385.944749
243,53,12302.979748
243,56,12225.159566
244,36,14376.331665
244,37,14104.591114
244,38,13804.626872
244,39,13535.119361
244,40,13416.657787
244,41,13378.442149
244,44,12758.074351
244,45,12755.602365
244,49,12744.239781
244,50,12463.145505
244,51,12385.944749
244,53,12302.979748
244,56,12225.159566
245,36,14376.331665
245,37,14030.740654
245,38,13804.626872
245,39,13535.119361
245,40,13416.657787
245,41,13378.442149
245,44,12748.916122
245,48,12746.293826
245,49,12744.239781
245,50,12462.452022
245,51,12381.943714
245,53,12301.777409
245,56,12224.055559
246,36,14376.331665
246,37,13979.244914
246,38,13804.626872
246,39,13535.119361
246,40,13416.657787
246,41,13378.442149
246,44,12748.916122
246,46,12721.799956
246,50,12462.452022
246,51,12381.943714
246,53,12301.777409
246,56,12224.055559
247,36,14376.331665
247,37,13979.244914
247,38,13804.482282
247,39,13535.115420
247,40,13408.826040
247,41,13353.335335
247,44,12748.916122
247,46,12718.974099
247,50,12460.611438
247,51,12381.943714
247,53,12295.974149
247,56,12224.055559
248,36,14376.331665
248,37,13979.244914
248,38,13804.482282
248,39,13535.115420
248,40,13408.826040
248,41,13353.335335
248,44,12748.916122
248,46,12718.974099
248,50,12460.611438
248,51,12381.943714
248,53,12295.974149
248,55,12249.300064
248,56,12224.055559
249,36,14376.331665
249,37,13979.244914
249,38,13804.482282
249,39,13535.115420
249,40,13408.826040
249,41,13353.335335
249,44,12748.708070
249,46,12715.381618
249,50,12460.611438
249,51,12381.943714
249,53,12278.347357
249,55,12249.300064
249,56,12216.613891
250,36,14376.331665
250,37,13979.244914
250,38,13638.263254
250,39,13535.115420
250,40,13408.826040
250,41,13353.335335
250,44,12748.708070
250,46,12715.381618
250,50,12460.611438
250,51,12381.943714
250,53,12278.347357
250,55,12249.300064
250,56,12216.613891
251,36,14376.331665
251,37,13979.244914
251,38,13638.263254
251,39,13535.115420
251,40,13406.240487
251,41,13299.283943
251,44,12748.708070
251,46,12715.381618
251,48,12630.766162
251,50,12460.611438
251,51,12372.657376
251,53,12278.347357
251,55,12221.957460
251,56,12215.209080
252,36,14376.331665
252,37,13885.711791
252,38,13633.512028
252,39,13535.115420
252,40,13406.240487
252,41,13299.283943
252,44,12748.708070
252,46,12715.381618
252,47,12697.791641
252,48,12630.766162
252,50,12460.611438
252,51,12372.657376
252,53,12268.221809
252,55,12221.957460
252,56,12215.209080
253,36,14376.331665
253,37,13885.711791
253,38,13633.512028
253,39,13535.115420
253,40,13406.240487
253,41,13299.283943
253,44,12748.705925
253,46,12715.381618
253,47,12681.167805
253,48,12610.110413
253,50,12460.611438
253,51,12372.657376
253,53,12248.811766
253,55,12221.957460
253,56,12215.209080
254,36,14376.331665
254,37,13885.711791
254,38,13633.512028
254,39,13535.115420
254,40,13406.240487
254,41,13299.283943
254,44,12748.705925
254,46,12715.381618
254,47,12681.167805
254,48,12610.110413
254,50,12460.611438
254,51,12372.657376
254,53,12248.811766
254,55,12221.957460
254,56,12215.209080
255,36,14376.331665
255,37,13885.711791
255,38,13633.512028
255,39,13535.115420
255,40,13406.240487
255,41,13274.897749
255,44,12748.705925
255,46,12700.031791
255,47,12681.167805
255,48,12592.107210
255,50,12460.611438
255,51,12372.657376
255,53,12248.811766
255,55,12212.200821
256,36,14376.331665
256,37,13885.711791
256,38,13633.512028
256,39,13535.115420
256,40,13406.240487
256,41,13274.897749
256,44,12748.705925
256,46,12700.031791
256,47,12681.167805
256,48,12592.107210
256,50,12460.611438
256,51,12372.657376
256,53,12248.811766
256,55,12212.200821
257,36,14376.331665
257,37,13885.711791
257,38,13633.512028
257,39,13535.115420
257,40,13385.712247
257,41,13269.861078
257,44,12730.614324
257,46,12692.854113
257,47,12681.167805
257,48,12592.107210
257,50,12363.716768
257,52,12230.628143
257,55,12212.200821
258,36,14376.331665
258,37,13885.711791
258,38,13633.512028
258,39,13535.115420
258,40,13385.712247
258,41,13269.861078
258,44,12730.614324
258,46,12692.854113
258,47,12681.167805
258,48,12592.107210
258,50,12363.716768
258,51,12310.906698
258,52,12230.628143
258,55,12212.200821
258,57,12190.853456
259,36,14376.331665
259,37,13885.711791
259,38,13633.512028
259,39,13535.115420
259,40,13385.712247
259,41,13243.469548
259,44,12697.360104
259,46,12692.854113
259,47,12681.167805
259,48,12592.107210
259,50,12363.716768
259,51,12310.906698
259,52,12230.628143
259,55,12212.200821
259,57,12190.853456
260,36,14376.331665
260,37,13885.711791
260,38,13633.512028
260,39,13535.115420
260,40,13385.712247
260,41,13243.469548
260,44,12697.360104
260,45,12682.921210
260,47,12681.167805
260,48,12592.107210
260,50,12363.716768
260,51,12310.906698
260,52,12230.628143
260,55,12212.200821
260,57,12190.853456
261,36,14376.331665
261,37,13885.711791
261,38,13633.512028
261,39,13535.115420
261,40,13385.712247
261,41,13243.413921
261,44,12697.360104
261,45,12682.921210
261,46,12676.696365
261,48,12581.388535
261,50,12363.716768
261,51,12310.906698
261,52,12229.181092
261,55,12203.782113
261,57,12190.853456
262,36,14376.331665
262,37,13885.711791
262,38,13633.512028
262,39,13535.115420
262,40,13385.712247
262,41,13243.413921
262,42,13222.086982
262,44,12697.360104
262,45,12682.921210
262,46,12676.696365
262,48,12581.388535
262,50,12363.716768
262,51,12310.906698
262,52,12229.181092
262,55,12203.782113
262,57,12190.853456
263,36,14376.331665
263,37,13885.711791
263,38,13633.334998
263,39,13535.115420
263,40,13339.250598
263,41,13243.413921
263,42,13222.086982
263,44,12697.360104
263,45,12682.921210
263,46,12676.696365
263,47,12547.683120
263,50,12363.372110
263,51,12297.060761
263,52,12229.181092
263,55,12193.028894
263,57,12190.853456
264,36,14376.331665
264,37,13861.940648
264,38,13619.505832
264,39,13535.115420
264,40,13310.003876
264,41,13243.413921
264,42,13222.086982
264,44,12697.360104
264,45,12682.921210
264,46,12676.696365
264,47,12547.683120
264,50,12363.372110
264,51,12297.060761
264,52,12229.181092
264,55,12193.028894
264,57,12190.853456
265,36,14376.331665
265,37,13861.940648
265,38,13619.505832
265,39,13466.155350
265,40,13310.003876
265,41,13243.413921
265,42,13222.086982
265,44,12682.334919
265,46,12676.696365
265,47,12547.683120
265,49,12357.381474
265,51,12297.060761
265,52,12229.181092
265,54,12188.871553
266,36,14376.331665
266,37,13693.331982
266,38,13619.505832
266,39,13466.155350
266,40,13310.003876
266,41,13243.413921
266,42,13222.086982
266,43,12851.004657
266,44,12682.334919
266,46,12676.696365
266,47,12547.683120
266,49,12357.381474
266,51,12297.060761
266,52,12229.181092
266,54,12188.871553
267,36,14376.331665
267,37,13693.331982
267,38,13599.069114
267,39,13466.155350
267,40,13310.003876
267,41,13242.687166
267,42,13124.839013
267,43,12764.508633
267,44,12682.334919
267,46,12615.192764
267,47,12547.683120
267,49,12357.200907
267,51,12297.060761
267,52,12229.181092
267,54,12188.871553
268,36,14376.331665
268,37,13693.331982
268,38,13599.069114
268,39,13466.155350
268,40,13310.003876
268,41,13242.687166
268,42,13124.839013
268,43,12764.508633
268,44,12682.334919
268,45,12673.626700
268,46,12615.192764
268,47,12547.683120
268,49,12357.200907
268,51,12297.060761
268,52,12229.181092
268,54,12188.871553
269,36,14376.331665
269,37,13693.331982
269,38,13532.432561
269,39,13466.155350
269,40,13310.003876
269,41,13242.687166
269,42,13124.839013
269,43,12764.152476
269,44,12682.281517
269,45,12673.626700
269,46,12615.192764
269,47,12547.683120
269,49,12331.900956
269,51,12295.161814
269,52,12229.181092
269,54,12188.871553
270,36,14376.331665
270,37,13693.331982
270,38,13532.432561
270,39,13466.155350
270,40,13310.003876
270,41,13242.687166
270,42,13124.839013
270,43,12764.152476
270,44,12682.281517
270,45,12673.626700
270,46,12615.192764
270,47,12547.683120
270,49,12331.900956
270,51,12295.161814
270,52,12221.960174
270,54,12188.871553
271,36,14376.331665
271,37,13491.250059
271,39,13466.155350
271,40,13310.003876
271,41,13242.687166
271,42,13124.839013
271,43,12764.152476
271,44,12652.294873
271,45,12603.045253
271,47,12540.845696
271,49,12324.185496
271,51,12289.398676
271,52,12205.466156
271,54,12188.871553
272,36,14376.331665
272,37,13491.250059
272,39,13466.155350
272,40,13310.003876
272,41,13242.687166
272,42,13124.839013
272,43,12764.152476
272,44,12652.294873
272,45,12603.045253
272,47,12540.845696
272,49,12324.185496
272,51,12289.398676
272,52,12205.466156
272,54,12188.871553
273,36,14376.331665
273,37,13491.250059
273,39,13466.155350
273,40,13310.003876
273,41,13242.687166
273,42,13092.611503
273,43,12759.164834
273,44,12652.294873
273,45,12603.045253
273,47,12540.845696
273,49,12324.185496
273,51,12289.398676
273,52,12202.029922
273,54,12188.871553
274,36,13813.495715
274,37,13491.250059
274,38,13480.797696
274,39,13466.155350
274,40,13310.003876
274,41,13242.687166
274,42,13092.611503
274,43,12759.164834
274,44,12652.294873
274,45,12603.045253
274,47,12540.845696
274,49,12324.185496
274,51,12289.398676
274,52,12202.029922
274,54,12188.871553
275,36,13813.495715
275,37,13477.888690
275,39,13466.155350
275,40,13310.003876
275,41,13242.687166
275,42,13092.611503
275,43,12729.917449
275,44,12648.887185
275,45,12602.020905
275,47,12540.845696
275,49,12306.723495
275,51,12214.227122
275,52,12202.029922
275,53,12196.719610
275,54,12174.842243
276,36,13813.495715
276,37,13477.888690
276,39,13466.155350
276,40,13310.003876
276,41,13242.687166
276,42,13092.611503
276,43,12729.917449
276,44,12648.887185
276,45,12602.020905
276,47,12540.845696
276,49,12306.723495
276,51,12214.227122
276,52,12202.029922
276,53,12196.719610
276,54,12174.842243
277,36,13813.495715
277,37,13477.888690
277,39,13466.155350
277,40,13310.003876
277,41,13242.687166
277,42,13045.256100
277,43,12725.189918
277,44,12647.616950
277,45,12602.020905
277,47,12537.438757
277,49,12306.723495
277,51,12214.227122
277,52,12190.494918
277,54,12174.803522
278,36,13813.495715
278,37,13448.314410
278,40,13310.003876
278,41,13242.687166
278,42,13045.256100
278,43,12725.189918
278,44,12647.616950
278,45,12602.020905
278,47,12537.438757
278,49,12306.723495
278,51,12214.227122
278,52,12190.494918
278,54,12174.803522
279,36,13813.495715
279,37,13448.314410
279,38,13443.429120
279,40,13310.003876
279,41,13239.036448
279,42,13045.256100
279,43,12711.964095
279,44,12645.327107
279,45,12601.186331
279,47,12537.438757
279,49,12306.205088
279,51,12208.225818
279,52,12190.494918
279,54,12163.210879
280,36,13813.495715
280,37,13448.314410
280,38,13443.429120
280,40,13310.003876
280,41,13239.036448
280,42,13045.256100
280,43,12711.964095
280,44,12645.327107
280,45,12601.186331
280,47,12537.438757
280,49,12306.205088
280,51,12191.906004
280,52,12190.494918
280,54,12163.210879
281,36,13813.495715
281,37,13448.314410
281,38,13443.429120
281,40,13310.003876
281,41,13239.036448
281,42,13027.011197
281,43,12638.751366
281,45,12568.958821
281,47,12524.797289
281,48,12434.031864
281,49,12293.372553
281,51,12191.906004
281,52,12190.494918
281,54,12163.210879
282,36,13813.495715
282,37,13448.314410
282,38,13443.429120
282,40,13310.003876
282,41,13239.036448
282,42,13027.011197
282,43,12638.751366
282,45,12568.958821
282,47,12524.797289
282,48,12434.031864
282,49,12293.372553
282,51,12191.906004
282,52,12190.494918
282,54,12163.210879
283,36,13813.495715
283,37,13448.314410
283,38,13443.429120
283,40,13310.003876
283,41,13239.036448
283,42,13027.011197
283,43,12638.751366
283,45,12568.958821
283,47,12524.797289
283,48,12434.031864
283,49,12293.018557
283,51,12191.888774
283,52,12190.494918
283,54,12157.905400
284,36,13789.590175
284,37,13448.314410
284,38,13443.429120
284,40,13253.333894
284,41,13239.036448
284,42,13027.011197
284,43,12638.751366
284,45,12568.958821
284,47,12524.797289
284,48,12434.031864
284,49,12293.018557
284,51,12191.888774
284,52,12190.494918
284,54,12157.905400
285,36,13789.590175
285,37,13448.314410
285,38,13443.429120
285,40,13253.333894
285,41,13228.854753
285,42,12974.883509
285,43,12638.751366
285,45,12547.041502
285,47,12524.797289
285,48,12434.031864
285,49,12272.390041
285,50,12172.811485
285,54,12156.567882
286,36,13789.590175
286,37,13448.314410
286,38,13443.429120
286,40,13253.333894
286,41,13228.854753
286,42,12974.883509
286,43,12638.751366
286,45,12547.041502
286,47,12524.797289
286,48,12434.031864
286,49,12272.390041
286,50,12172.811485
286,54,12156.567882
287,36,13789.590175
287,37,13448.314410
287,38,13415.919863
287,40,13253.333894
287,41,13228.854753
287,42,12963.794936
287,43,12638.751366
287,45,12535.616336
287,47,12524.797289
287,48,12434.031864
287,49,12272.163264
287,50,12172.811485
287,54,12156.226363
288,36,13731.790109
288,37,13448.314410
288,38,13415.919863
288,40,13253.333894
288,41,13228.854753
288,42,12963.794936
288,43,12638.751366
288,45,12535.616336
288,47,12524.797289
288,48,12434.031864
288,49,12272.163264
288,50,12172.811485
288,54,12156.226363
289,36,13731.790109
289,37,13448.314410
289,38,13415.919863
289,39,13337.336705
289,40,13243.225878
289,41,13217.098191
289,42,12955.714885
289,43,12638.751366
289,45,12513.032182
289,48,12269.037271
289,50,12172.811485
289,54,12156.226363
290,36,13731.790109
290,37,13448.314410
290,38,13415.919863
290,39,13337.336705
290,40,13243.225878
290,41,13217.098191
290,42,12955.714885
290,43,12638.751366
290,45,12513.032182
290,48,12269.037271
290,50,12172.811485
290,54,12156.226363
291,36,13731.790109
291,37,13448.314410
291,38,13374.291884
291,39,13306.456503
291,40,13243.225878
291,41,13217.098191
291,42,12953.509345
291,43,12638.751366
291,45,12513.032182
291,48,12238.201499
291,50,12172.811485
291,54,12156.226363
292,36,13731.790109
292,37,13448.314410
292,38,13374.291884
292,39,13306.456503
292,40,13243.225878
292,41,13217.098191
292,42,12953.509345
292,43,12638.751366
292,45,12513.032182
292,46,12510.722018
292,48,12238.201499
292,50,12172.811485
292,54,12156.226363
293,36,13592.443756
293,37,13448.314410
293,38,13374.291884
293,39,13306.456503
293,40,13210.104260
293,42,12953.509345
293,43,12633.215624
293,45,12513.032182
293,46,12510.722018
293,47,12479.292548
293,48,12237.773897
293,50,12172.811485
293,53,12147.266764
294,36,13592.443756
294,37,13448.314410
294,38,13374.291884
294,39,13306.456503
294,40,13210.104260
294,42,12953.509345
294,43,12633.215624
294,45,12513.032182
294,46,12510.722018
294,47,12479.292548
294,48,12237.773897
294,50,12172.811485
294,53,12147.266764
295,36,13592.443756
295,37,13448.314410
295,38,13330.638049
295,39,13306.456503
295,40,13206.631062
295,42,12948.361935
295,43,12633.215624
295,45,12513.032182
295,46,12510.722018
295,47,12224.015797
295,50,12172.811485
295,53,12147.266764
296,36,13592.443756
296,37,13448.314410
296,38,13330.638049
296,39,13306.456503
296,40,13206.631062
296,42,12948.361935
296,43,12633.215624
296,45,12513.032182
296,46,12510.722018
296,47,12224.015797
296,49,12209.475750
296,50,12172.811485
296,53,12147.266764
297,36,13592.443756
297,37,13448.314410
297,38,13330.638049
297,39,13297.824338
297,40,13206.631062
297,42,12948.361935
297,43,12633.215624
297,45,12509.998851
297,46,12495.139124
297,47,12224.015797
297,49,12209.475750
297,50,12172.811485
297,53,12147.266764
298,36,13592.443756
298,37,13448.314410
298,38,13330.638049
298,39,13297.824338
298,40,13206.631062
298,42,12948.361935
298,43,12633.215624
298,45,12509.998851
298,46,12495.139124
298,47,12224.015797
298,49,12209.475750
298,50,12172.811485
298,53,12147.266764
299,36,13592.443756
299,37,13448.314410
299,38,13311.826762
299,39,13297.824338
299,40,13203.702686
299,41,12923.407174
299,43,12633.215624
299,45,12508.838152
299,46,12489.720857
299,47,12214.594718
299,49,12208.077130
299,50,12168.393277
299,53,12147.266764
300,36,13592.443756
300,37,13448.314410
300,38,13311.826762
300,39,13297.824338
300,40,13203.702686
300,41,12923.407174
300,43,12633.215624
300,45,12508.838152
300,46,12489.720857
300,47,12214.594718
300,49,12208.077130
300,50,12168.393277
300,53,12147.266764
301,35,14332.254895
301,36,13592.443756
301,37,13400.168879
301,38,13311.826762
301,39,13275.613874
301,40,13159.130507
301,41,12923.407174
301,43,12633.215624
301,45,12489.486189
301,47,12214.594718
301,49,12208.077130
301,50,12168.393277
301,53,12147.266764
302,35,14332.254895
302,36,13592.443756
302,37,13400.168879
302,38,13311.826762
302,39,13275.613874
302,40,13159.130507
302,41,12923.407174
302,42,12755.977413
302,43,12633.215624
302,44,12524.645881
302,45,12489.486189
302,47,12214.594718
302,49,12208.077130
302,50,12168.393277
302,53,12147.266764
303,35,14332.254895
303,36,13592.443756
303,37,13400.168879
303,38,13311.826762
303,39,13275.613874
303,40,13153.629225
303,41,12917.441051
303,42,12755.977413
303,43,12633.215624
303,44,12516.851187
303,45,12489.486189
303,47,12214.594718
303,49,12208.016569
303,50,12167.101967
303,53,12147.266764
304,35,14332.254895
304,36,13592.443756
304,37,13387.358525
304,38,13308.622571
304,39,13275.613874
304,40,13153.629225
304,41,12917.441051
304,42,12755.977413
304,43,12633.215624
304,44,12516.851187
304,45,12489.486189
304,47,12214.594718
304,49,12208.016569
304,50,12167.101967
304,53,12147.266764
305,35,14120.033482
305,36,13592.443756
305,37,13387.358525
305,38,13245.884205
305,40,13153.629225
305,41,12917.441051
305,42,12744.217620
305,43,12633.215624
305,44,12516.851187
305,45,12489.486189
305,47,12214.594718
305,49,12208.016569
305,50,12167.101967
305,53,12141.008451
306,35,14120.033482
306,36,13592.443756
306,37,13387.358525
306,38,13245.884205
306,40,13091.668301
306,41,12917.441051
306,42,12744.217620
306,43,12633.215624
306,44,12516.851187
306,45,12489.486189
306,47,12214.594718
306,49,12208.016569
306,50,12167.101967
306,53,12141.008451
307,35,14120.033482
307,36,13592.443756
307,37,13387.358525
307,38,13245.884205
307,40,13091.049022
307,41,12904.062858
307,42,12701.921622
307,43,12633.215624
307,44,12464.636691
307,47,12214.594718
307,49,12164.177729
307,53,12141.008451
308,35,14120.033482
308,36,13592.443756
308,37,13387.358525
308,38,13245.884205
308,40,13091.049022
308,41,12904.062858
308,42,12701.921622
308,43,12633.215624
308,44,12464.636691
308,47,12214.594718
308,49,12164.177729
308,53,12141.008451
309,35,14120.033482
309,36,13592.443756
309,37,13377.469131
309,38,13245.884205
309,40,13091.049022
309,41,12899.159507
309,42,12688.466487
309,43,12633.215624
309,44,12456.416488
309,47,12214.594718
309,49,12163.884624
309,53,12141.008451
310,35,13933.620868
310,36,13592.443756
310,37,13377.469131
310,38,13245.884205
310,39,13188.654579
310,40,13091.049022
310,41,12899.159507
310,42,12688.466487
310,43,12633.215624
310,44,12456.416488
310,47,12214.594718
310,49,12163.884624
310,53,12141.008451
311,35,13933.620868
311,36,13592.443756
311,37,13377.469131
311,38,13245.884205
311,39,13188.654579
311,40,13071.879413
311,41,12885.719250
311,42,12688.466487
311,43,12632.401093
311,44,12456.416488
311,47,12214.594718
311,48,12189.469721
311,49,12156.563402
311,53,12141.008451
312,35,13933.620868
312,36,13592.443756
312,37,13377.469131
312,38,13245.884205
312,39,13188.654579
312,40,13071.879413
312,41,12885.719250
312,42,12688.466487
312,43,12632.401093
312,44,12456.416488
312,47,12214.594718
312,48,12175.251047
312,49,12156.563402
312,53,12141.008451
313,35,13933.620868
313,36,13592.443756
313,37,13377.469131
313,38,13220.252721
313,39,13166.685346
313,40,13069.033899
313,41,12885.621277
313,42,12688.466487
313,43,12629.094943
313,44,12453.930025
313,47,12214.594718
313,48,12158.757029
313,49,12151.372013
313,53,12141.008451
314,35,13933.620868
314,36,13592.443756
314,37,13377.469131
314,38,13197.290948
314,39,13166.685346
314,40,13069.033899
314,41,12885.621277
314,42,12688.466487
314,43,12629.094943
314,44,12453.930025
314,47,12214.594718
314,48,12158.757029
314,49,12151.372013
314,53,12141.008451
315,35,13933.620868
315,36,13592.443756
315,37,13377.469131
315,38,13197.290948
315,39,13166.685346
315,40,13069.033899
315,41,12885.621277
315,42,12687.291920
315,43,12604.710720
315,44,12453.930025
315,47,12206.211761
315,48,12158.757029
315,49,12149.431513
315,53,12129.473446
316,35,13933.620868
316,36,13592.443756
316,37,13359.008315
316,38,13197.290948
316,39,13166.685346
316,40,13069.033899
316,41,12885.621277
316,42,12687.291920
316,43,12604.710720
316,44,12453.930025
316,47,12206.211761
316,48,12158.757029
316,49,12149.431513
316,53,12129.473446
317,35,13931.956579
317,36,13592.443756
317,37,13359.008315
317,38,13197.290948
317,39,13166.685346
317,40,13050.024214
317,41,12882.390066
317,42,12675.389978
317,43,12599.085767
317,44,12453.930025
317,47,12201.336414
317,48,12158.757029
317,49,12149.431513
317,53,12129.473446
318,35,13931.956579
318,36,13592.443756
318,37,13313.450069
318,38,13197.290948
318,39,13166.685346
318,40,13050.024214
318,41,12882.390066
318,42,12675.389978
318,43,12593.427654
318,44,12446.231250
318,47,12201.336414
318,48,12158.757029
318,49,12149.431513
318,53,12129.473446
319,35,13931.956579
319,36,13592.443756
319,37,13313.450069
319,38,13197.290948
319,39,13158.539230
319,40,12986.793703
319,41,12882.390066
319,42,12675.389978
319,43,12593.427654
319,44,12446.231250
319,47,12165.250347
319,48,12158.757029
319,49,12149.431513
319,53,12129.473446
320,35,13931.956579
320,36,13592.443756
320,37,13313.450069
320,38,13197.290948
320,39,13158.539230
320,40,12986.793703
320,41,12882.390066
320,42,12675.389978
320,43,12593.427654
320,44,12446.231250
320,46,12358.482338
320,47,12165.250347
320,48,12140.037228
320,49,12136.188513
320,53,12129.473446
321,35,13931.956579
321,36,13592.443756
321,37,13313.450069
321,38,13197.290948
321,39,13158.539230
321,40,12986.793703
321,41,12859.241516
321,42,12675.389978
321,43,12593.427654
321,44,12428.677846
321,46,12339.551805
321,47,12165.250347
321,48,12140.037228
321,49,12136.188513
321,53,12128.572453
322,35,13904.471332
322,36,13592.443756
322,37,13313.450069
322,38,13197.290948
322,39,13158.539230
322,40,12986.793703
322,41,12859.241516
322,42,12675.389978
322,43,12593.427654
322,44,12428.677846
322,46,12339.551805
322,47,12165.250347
322,48,12140.037228
322,49,12136.188513
322,53,12128.572453
