Generation,NV,TOC
1,50,24036.867154
1,59,23954.437394
1,69,22611.314275
1,78,22312.057398
1,90,19668.068988
1,98,19404.018304
1,100,18835.585088
1,134,18820.051521
1,153,18642.724709
1,162,18075.724769
1,163,17912.347920
2,50,24036.867154
2,53,23681.300117
2,59,22080.683846
2,60,21946.075403
2,70,20860.121376
2,77,20158.266901
2,89,19782.733777
2,90,19668.068988
2,96,19503.040905
2,98,19404.018304
2,100,18835.585088
2,104,18729.007848
2,151,18456.608116
2,155,18348.414620
2,157,18307.372226
2,162,18026.644840
2,163,17912.347920
3,50,23503.949219
3,57,22325.508847
3,59,22080.683846
3,60,21946.075403
3,63,21663.349231
3,67,21499.354162
3,70,20860.121376
3,77,20158.266901
3,83,19618.945717
3,88,19543.793042
3,94,19179.895090
3,97,18932.338341
3,99,18678.969919
3,104,18341.407288
3,125,17959.566940
3,151,17472.110649
3,159,17359.863388
4,49,24623.554011
4,50,23503.949219
4,54,23060.150409
4,56,22842.324398
4,57,22325.508847
4,59,22080.683846
4,60,21930.086737
4,62,21658.848618
4,67,21499.354162
4,70,20860.121376
4,74,20203.002313
4,77,20158.266901
4,79,19884.458973
4,82,19758.089210
4,83,19618.945717
4,88,19543.793042
4,94,19179.895090
4,97,18932.338341
4,99,18678.969919
4,102,18595.305636
4,104,18341.407288
4,116,18277.808303
4,117,18262.903307
4,125,17959.566940
4,130,17573.732838
4,151,17472.110649
4,155,17458.051649
4,159,17270.871286
4,162,17260.872447
5,46,24568.490083
5,47,24243.900874
5,50,23503.949219
5,51,22996.520469
5,56,22621.260888
5,57,22325.508847
5,58,21849.226272
5,62,21658.848618
5,66,20741.338518
5,74,20203.002313
5,77,20158.266901
5,79,19884.458973
5,80,19862.240548
5,81,19694.534731
5,82,19641.444694
5,83,19618.945717
5,86,19245.097653
5,93,19134.097203
5,95,18985.044009
5,97,18932.338341
5,99,18678.969919
5,102,18595.305636
5,104,18341.407288
5,112,18298.358256
5,113,18277.320729
5,116,18210.871086
5,122,18015.236758
5,125,17646.749883
5,130,17547.638610
5,138,17473.356115
5,151,17472.110649
5,155,17458.051649
5,157,17337.560697
5,159,17270.871286
5,162,17260.872447
5,164,17217.636316
6,46,24568.490083
6,47,24243.900874
6,50,23503.949219
6,51,22996.520469
6,54,22615.144866
6,55,22399.280146
6,57,22325.508847
6,58,21849.226272
6,59,21572.976449
6,61,21442.300309
6,66,20741.338518
6,73,20463.993349
6,74,20203.002313
6,76,19566.415205
6,81,19419.477779
6,86,19245.097653
6,89,18978.950660
6,92,18894.521476
6,93,18688.884231
6,99,18656.197167
6,102,18595.305636
6,104,18341.407288
6,106,18156.933755
6,116,18080.356815
6,117,18034.602113
6,119,17934.668608
6,123,17537.240956
6,138,17473.356115
6,151,17472.110649
6,154,17347.456871
6,157,17337.560697
6,159,17158.671706
7,46,24568.490083
7,47,24243.900874
7,50,23503.949219
7,51,22996.520469
7,53,22771.529269
7,54,22615.144866
7,55,22399.280146
7,57,22325.508847
7,58,21849.226272
7,59,21572.976449
7,61,20825.459096
7,64,20804.945643
7,66,20741.338518
7,73,20463.993349
7,74,20203.002313
7,75,19974.115873
7,76,19566.415205
7,81,19419.477779
7,86,19245.097653
7,89,18978.950660
7,91,18677.855064
7,99,18656.197167
7,100,18297.060662
7,106,18156.933755
7,109,17934.285672
7,119,17765.171208
7,123,17537.240956
7,128,17529.545241
7,137,17221.091727
7,159,17158.671706
7,160,16981.295791
8,46,24568.490083
8,47,24243.900874
8,50,23458.615350
8,51,22970.121465
8,52,22836.078511
8,53,22771.529269
8,54,22615.144866
8,55,22399.280146
8,57,22325.508847
8,58,21849.226272
8,59,21572.976449
8,60,20962.904762
8,61,20812.258188
8,64,20804.945643
8,66,20585.842558
8,68,20239.075947
8,69,20089.234184
8,74,19866.073621
8,76,19566.415205
8,81,19368.373251
8,86,19077.593570
8,89,18978.950660
8,91,18677.855064
8,99,18656.197167
8,100,18297.060662
8,101,18077.776393
8,109,17934.285672
8,117,17854.920469
8,119,17765.171208
8,123,17537.240956
8,126,17454.480637
8,137,17221.091727
8,158,17042.078367
8,160,16975.028252
9,46,24568.490083
9,47,24243.900874
9,50,23458.615350
9,51,22699.587535
9,54,22615.144866
9,55,22399.280146
9,57,21585.014683
9,59,21510.494648
9,60,20962.904762
9,61,20812.258188
9,62,20800.799738
9,66,20363.666076
9,67,20356.284018
9,68,20239.075947
9,69,20089.234184
9,71,19928.537682
9,74,19662.553200
9,76,19566.415205
9,80,19444.777332
9,81,19244.369065
9,84,18952.262899
9,86,18849.083862
9,91,18677.855064
9,93,18635.930299
9,94,18515.573736
9,100,18297.060662
9,101,18077.776393
9,105,18024.100468
9,109,17934.285672
9,117,17854.920469
9,118,17802.936830
9,119,17765.171208
9,123,17537.240956
9,126,17454.480637
9,133,17289.946134
9,137,17221.091727
9,158,17042.078367
9,160,16975.028252
10,46,24568.490083
10,47,24243.900874
10,48,23671.786832
10,50,23458.615350
10,51,22699.587535
10,54,22562.024119
10,55,22399.280146
10,56,21413.123074
10,60,20962.904762
10,61,20812.258188
10,62,20800.799738
10,66,20363.666076
10,67,20237.240675
10,69,20089.234184
10,70,19863.177885
10,74,19662.553200
10,75,19568.202840
10,76,19566.415205
10,78,19379.202005
10,81,19244.369065
10,84,18949.922086
10,86,18690.081030
10,91,18677.855064
10,92,18632.231781
10,94,18515.573736
10,97,18337.549930
10,100,18297.060662
10,101,18077.776393
10,105,17754.168056
10,113,17446.266621
10,114,17155.358106
10,141,17097.757236
10,158,17042.078367
10,160,16975.028252
11,46,24568.490083
11,47,24243.900874
11,48,23671.786832
11,50,23187.160555
11,51,22699.587535
11,53,22515.429352
11,54,21810.359848
11,55,21769.964235
11,56,21413.123074
11,60,20927.727086
11,61,20812.258188
11,62,20800.799738
11,65,20700.420649
11,66,20363.666076
11,67,20237.240675
11,68,20108.635342
11,69,20089.234184
11,70,19863.177885
11,72,19787.409360
11,74,19662.553200
11,75,19568.202840
11,76,19566.415205
11,78,19379.202005
11,80,19192.897625
11,84,18949.922086
11,85,18643.860232
11,92,18632.231781
11,94,18515.573736
11,97,18337.549930
11,98,18235.044548
11,100,18120.357580
11,101,18077.776393
11,105,17754.168056
11,113,17446.266621
11,114,17155.358106
11,118,16997.606467
11,124,16751.863547
11,142,16653.018990
12,46,24568.490083
12,47,24243.900874
12,48,23671.786832
12,50,22949.740730
12,51,22699.587535
12,53,22515.429352
12,54,21810.359848
12,55,21769.964235
12,56,21413.123074
12,58,21135.186596
12,60,20851.800416
12,61,20812.258188
12,62,20800.799738
12,63,20517.788974
12,66,20292.905997
12,67,20237.240675
12,68,20108.635342
12,69,20089.234184
12,70,19863.177885
12,72,19787.409360
12,74,19662.553200
12,75,19568.202840
12,76,19566.415205
12,78,19379.202005
12,80,19192.897625
12,83,19049.052076
12,84,18949.922086
12,85,18643.860232
12,86,18508.018166
12,88,18441.343341
12,97,18337.549930
12,98,18235.044548
12,100,18120.357580
12,101,18077.776393
12,104,17652.528008
12,110,17576.804008
12,113,16863.268179
12,124,16751.863547
12,132,16691.624393
12,142,16653.018990
12,149,16603.197358
13,46,24568.490083
13,47,24243.900874
13,48,23671.786832
13,50,22441.055381
13,54,21810.359848
13,55,21769.964235
13,56,21413.123074
13,58,20828.471467
13,61,20223.042381
13,65,19995.522486
13,68,19494.221597
13,76,19112.251793
13,83,19049.052076
13,84,18949.922086
13,85,18643.860232
13,86,18508.018166
13,88,18441.343341
13,97,18337.549930
13,98,18235.044548
13,100,18120.357580
13,101,18077.776393
13,104,17652.528008
13,110,17576.804008
13,113,16863.268179
13,124,16751.863547
13,132,16691.624393
13,140,16686.995121
13,142,16653.018990
13,149,16603.197358
14,46,24568.490083
14,47,24243.900874
14,48,23017.233362
14,49,22348.618582
14,53,22309.687866
14,54,21810.359848
14,55,21769.964235
14,56,20861.349313
14,58,20828.471467
14,61,20223.042381
14,63,19531.107037
14,68,19494.221597
14,73,19229.289835
14,75,19202.974650
14,76,19112.251793
14,80,18885.706496
14,81,18819.752074
14,85,18643.860232
14,86,18508.018166
14,88,18441.343341
14,95,17553.126180
14,104,17297.526813
14,109,17206.639978
14,113,16863.268179
14,121,16746.146090
14,128,16530.039369
14,132,16450.513425
15,46,24568.490083
15,47,24243.900874
15,48,23017.233362
15,49,22348.618582
15,51,22007.937012
15,54,21249.273985
15,56,20550.933702
15,61,20223.042381
15,63,19531.107037
15,68,19494.221597
15,73,19229.289835
15,75,19202.974650
15,76,19112.251793
15,77,19054.636046
15,79,18770.142183
15,85,18518.770592
15,86,18508.018166
15,87,18273.498487
15,88,18246.714782
15,94,17477.311856
15,104,17275.292619
15,109,17087.300294
15,113,16863.268179
15,119,16648.170145
15,120,16602.984216
15,128,16285.977116
16,46,24568.490083
16,47,24243.900874
16,48,23017.233362
16,49,22348.618582
16,50,21728.275856
16,53,21460.089509
16,54,21249.273985
16,56,20550.933702
16,57,20412.173905
16,61,19848.274159
16,63,19531.107037
16,68,19494.221597
16,73,19229.289835
16,75,18917.225392
16,79,18491.332633
16,87,18273.498487
16,88,18246.714782
16,94,17477.311856
16,104,17275.292619
16,109,17087.300294
16,111,16650.780850
16,118,16581.501010
16,126,16515.560372
16,128,16285.977116
17,46,24568.490083
17,47,24243.900874
17,48,22750.864838
17,49,22348.618582
17,50,21728.275856
17,53,21460.089509
17,54,21249.273985
17,56,20550.933702
17,57,20412.173905
17,58,20045.338464
17,61,19848.274159
17,63,19531.107037
17,68,19309.560743
17,73,19229.289835
17,75,18917.225392
17,77,18907.882398
17,79,18491.332633
17,80,18166.752984
17,89,18064.687429
17,94,17477.311856
17,104,17275.292619
17,109,17087.300294
17,111,16650.780850
17,118,16581.501010
17,120,16375.365212
17,128,16285.977116
17,134,16208.219851
18,46,24553.052664
18,47,24243.900874
18,48,22750.864838
18,49,22348.618582
18,50,21728.275856
18,53,21460.089509
18,54,21249.273985
18,56,20550.933702
18,57,20412.173905
18,58,20045.338464
18,60,19855.047825
18,61,19848.274159
18,63,19531.107037
18,66,19005.977145
18,75,18565.948189
18,79,18491.332633
18,80,18166.752984
18,86,18121.678419
18,87,18093.443577
18,89,18064.687429
18,90,17939.942098
18,91,17633.779961
18,93,17212.512459
18,101,17208.947834
18,103,17139.746219
18,106,16847.508516
18,111,16650.780850
18,118,16581.501010
18,120,16375.365212
18,121,16271.774027
18,133,16242.891460
18,134,16208.219851
19,46,24553.052664
19,47,24243.900874
19,48,22750.864838
19,49,22348.618582
19,50,21728.275856
19,52,21238.427393
19,53,21139.086084
19,56,20550.933702
19,57,20412.173905
19,58,20045.338464
19,60,19855.047825
19,61,19848.274159
19,63,19297.505740
19,65,19261.744161
19,66,19005.977145
19,72,18984.006785
19,73,18598.232044
19,75,18565.948189
19,79,18491.332633
19,80,18166.752984
19,86,18121.678419
19,87,18093.443577
19,89,18064.687429
19,90,17939.942098
19,91,17633.779961
19,93,17212.512459
19,100,17159.143855
19,103,17139.746219
19,106,16847.508516
19,111,16650.780850
19,118,16581.501010
19,119,16447.735667
19,120,16375.365212
19,121,16271.774027
19,133,16242.891460
19,134,16208.219851
19,138,16145.310228
20,45,24088.415811
20,48,22750.864838
20,49,22348.618582
20,50,21695.740675
20,52,21098.117749
20,53,20874.910193
20,56,20550.933702
20,57,20412.173905
20,58,20045.338464
20,60,19855.047825
20,61,19848.274159
20,63,19297.505740
20,65,19261.744161
20,66,19005.977145
20,72,18254.389676
20,80,18166.752984
20,86,18121.678419
20,87,18093.443577
20,89,18064.687429
20,90,17939.942098
20,91,17633.779961
20,93,17212.512459
20,98,17155.895229
20,101,16906.943878
20,104,16777.830246
20,107,16565.179881
20,117,16285.412306
20,120,16134.568288
20,133,16104.896354
20,135,16068.604629
21,45,24088.415811
21,48,22750.864838
21,49,22348.618582
21,50,21360.723442
21,52,20641.737678
21,56,20550.933702
21,57,20412.173905
21,58,20045.338464
21,59,19792.429264
21,63,19297.505740
21,65,19261.744161
21,66,19005.977145
21,71,18742.682403
21,72,18254.389676
21,80,18166.752984
21,86,18121.678419
21,87,18093.443577
21,89,18064.687429
21,90,17939.942098
21,91,17633.779961
21,92,17591.037075
21,93,17212.512459
21,98,17155.895229
21,101,16906.943878
21,104,16777.830246
21,107,16565.179881
21,113,16558.203566
21,115,16227.636210
21,120,16134.568288
21,133,16104.896354
21,135,16068.604629
22,45,24088.415811
22,48,22595.300114
22,49,21928.101137
22,50,21360.723442
22,51,21004.339056
22,52,20641.737678
22,56,20550.933702
22,57,20412.173905
22,58,20045.338464
22,59,19792.429264
22,62,19398.927377
22,63,19297.505740
22,65,19261.744161
22,66,19005.977145
22,71,18742.682403
22,72,18254.389676
22,80,18166.752984
22,86,18121.678419
22,87,18093.443577
22,89,17718.889378
22,91,17633.779961
22,92,17591.037075
22,93,17212.512459
22,95,17192.287296
22,98,17155.895229
22,99,16921.548843
22,101,16906.943878
22,104,16777.830246
22,107,16565.179881
22,113,16558.203566
22,115,16227.636210
22,120,16134.568288
22,133,16104.896354
22,135,16068.604629
23,45,24088.415811
23,46,23830.897485
23,47,23465.713856
23,48,22595.300114
23,49,21499.847344
23,50,21360.723442
23,51,21004.339056
23,52,20641.737678
23,55,19951.287324
23,59,19608.863385
23,62,19398.927377
23,63,19297.505740
23,65,19261.744161
23,66,19005.977145
23,67,18672.080115
23,72,18254.389676
23,80,18166.752984
23,86,18121.678419
23,87,17839.876236
23,89,17718.889378
23,91,17633.779961
23,92,17591.037075
23,93,17212.512459
23,95,17192.287296
23,98,17155.895229
23,99,16921.548843
23,100,16916.681685
23,101,16906.943878
23,104,16777.830246
23,107,16565.179881
23,113,16558.203566
23,115,16227.636210
23,120,16134.568288
23,133,16104.896354
23,135,16068.604629
24,45,24088.415811
24,46,23830.897485
24,47,22571.441396
24,49,21381.018154
24,50,21360.723442
24,51,21004.339056
24,52,20641.737678
24,55,19844.704714
24,59,19608.863385
24,62,19398.927377
24,63,19297.505740
24,64,19150.584394
24,66,19005.977145
24,67,18672.080115
24,72,18254.389676
24,78,18017.349670
24,87,17839.876236
24,89,17718.889378
24,91,17633.779961
24,92,17591.037075
24,93,17212.512459
24,95,17192.287296
24,98,17155.895229
24,99,16921.548843
24,100,16916.681685
24,101,16906.943878
24,104,16777.830246
24,107,16565.179881
24,113,16558.203566
24,115,16227.636210
24,120,16134.568288
24,133,16104.896354
24,135,16068.604629
25,45,23667.311375
25,47,22571.441396
25,48,22463.127988
25,49,21381.018154
25,50,21360.723442
25,51,21004.339056
25,52,20641.737678
25,55,19844.704714
25,59,19608.863385
25,61,18793.919865
25,65,18786.080743
25,67,18672.080115
25,68,18476.810558
25,72,18254.389676
25,78,18017.349670
25,81,17929.450259
25,82,17734.451396
25,89,17718.889378
25,91,17633.779961
25,92,17591.037075
25,93,17212.512459
25,95,17192.287296
25,98,17155.895229
25,99,16858.270356
25,100,16823.000475
25,102,16753.964767
25,107,16565.179881
25,112,16509.175067
25,113,16173.503873
25,120,16099.164785
25,133,16041.025721
25,135,16004.109546
26,45,23667.311375
26,47,22571.441396
26,48,22073.170112
26,49,21004.004917
26,52,20641.737678
26,55,19844.704714
26,58,19245.428130
26,61,18793.919865
26,65,18786.080743
26,67,18672.080115
26,68,18476.810558
26,72,18254.389676
26,78,18017.349670
26,79,18001.301834
26,81,17929.450259
26,82,17734.451396
26,84,17701.432249
26,89,17544.797681
26,91,17416.300733
26,93,17212.512459
26,95,17192.287296
26,98,17155.895229
26,99,16858.270356
26,100,16823.000475
26,102,16753.964767
26,107,16565.179881
26,112,16509.175067
26,113,16173.503873
26,120,16099.164785
26,124,16075.719476
26,128,16014.778496
26,135,16004.109546
27,45,23667.311375
27,47,22571.441396
27,48,22073.170112
27,49,21004.004917
27,51,20839.498512
27,52,20641.737678
27,53,20484.811773
27,55,19844.704714
27,56,19786.267004
27,58,19245.428130
27,61,18793.919865
27,65,18786.080743
27,67,18672.080115
27,68,18476.810558
27,72,18254.389676
27,78,18017.349670
27,79,18001.301834
27,81,17929.450259
27,82,17734.451396
27,84,17701.432249
27,89,17544.797681
27,91,17416.300733
27,93,17212.512459
27,94,17185.198765
27,98,17155.895229
27,99,16858.270356
27,100,16823.000475
27,102,16753.964767
27,107,16565.179881
27,112,16509.175067
27,113,16173.503873
27,120,16099.164785
27,124,16075.719476
27,128,16014.778496
27,132,15895.167069
28,45,23667.311375
28,47,22571.441396
28,48,22073.170112
28,49,21004.004917
28,50,20780.242644
28,52,20271.599527
28,55,19729.996188
28,58,19245.428130
28,61,18793.919865
28,65,18786.080743
28,67,18672.080115
28,68,18476.810558
28,69,18011.786214
28,75,17952.573177
28,78,17781.621338
28,82,17734.451396
28,84,17701.432249
28,85,17484.905867
28,86,17475.253099
28,87,17396.516530
28,92,17112.461117
28,93,17062.801587
28,99,16858.270356
28,100,16823.000475
28,102,16744.771293
28,103,16435.404719
28,113,16173.503873
28,118,16125.907610
28,120,16099.164785
28,124,16075.719476
28,127,16036.388165
28,128,16014.778496
28,131,15965.878692
28,132,15895.167069
29,45,23667.311375
29,47,22571.441396
29,48,21525.656366
29,49,21004.004917
29,50,20780.242644
29,52,20271.599527
29,55,19729.996188
29,58,19245.428130
29,61,18793.919865
29,63,18750.933751
29,66,18229.959003
29,69,18011.786214
29,75,17896.611528
29,77,17625.730952
29,81,17602.169600
29,84,17212.260572
29,88,17190.234366
29,91,17185.003507
29,92,17112.461117
29,93,17062.801587
29,94,16836.733997
29,100,16823.000475
29,102,16744.771293
29,103,16435.404719
29,113,16173.503873
29,118,16125.907610
29,120,16099.164785
29,124,15956.330304
29,129,15858.683009
29,130,15777.187074
30,45,23667.311375
30,47,22556.223666
30,48,21525.656366
30,49,21004.004917
30,50,20780.242644
30,51,20668.917920
30,52,20271.599527
30,54,19870.659028
30,55,19729.996188
30,58,19245.428130
30,59,19102.620870
30,61,18793.919865
30,63,18716.581057
30,66,18229.959003
30,69,18011.786214
30,75,17896.611528
30,77,17625.730952
30,81,17602.169600
30,84,17212.260572
30,85,17177.644509
30,92,16693.342187
30,100,16408.636906
30,112,16097.324810
30,115,16009.333622
30,123,15819.665628
30,129,15752.978009
31,45,23667.311375
31,46,22740.553842
31,47,22556.223666
31,48,21525.656366
31,49,21004.004917
31,50,20780.242644
31,51,20668.917920
31,52,20271.599527
31,54,19809.625274
31,55,19729.996188
31,56,19621.147615
31,57,19561.891143
31,58,19245.428130
31,59,18918.888878
31,61,18479.931704
31,66,17927.043978
31,75,17896.611528
31,77,17625.730952
31,78,17441.965191
31,84,17212.260572
31,85,17177.644509
31,90,16879.330564
31,92,16693.342187
31,97,16638.827366
31,100,16408.636906
31,112,16097.324810
31,115,16009.333622
31,123,15819.665628
31,129,15752.978009
32,45,23667.311375
32,46,22740.553842
32,47,22556.223666
32,48,21525.656366
32,49,21004.004917
32,50,20780.242644
32,51,20668.917920
32,52,20271.599527
32,53,19840.709766
32,54,19794.022321
32,55,19729.996188
32,56,19621.147615
32,57,19561.891143
32,58,19245.428130
32,59,18918.888878
32,61,18479.931704
32,65,18446.140499
32,66,17927.043978
32,72,17571.187272
32,78,17441.965191
32,84,17212.260572
32,85,17177.644509
32,89,16755.762755
32,92,16693.342187
32,97,16638.827366
32,100,16408.636906
32,112,16097.324810
32,115,16009.333622
32,120,15944.191704
32,123,15819.665628
32,129,15752.978009
33,45,23667.311375
33,46,22740.553842
33,47,22556.223666
33,48,21411.512831
33,49,21004.004917
33,50,20317.591727
33,52,20271.599527
33,53,19840.709766
33,54,19536.895747
33,58,19245.428130
33,59,18918.888878
33,61,18479.931704
33,62,18395.445058
33,65,17802.808119
33,72,17571.187272
33,78,17441.965191
33,84,17063.185307
33,89,16755.762755
33,92,16693.342187
33,97,16638.827366
33,100,16408.636906
33,108,16242.162652
33,112,16097.324810
33,115,16009.333622
33,120,15944.191704
33,123,15819.665628
33,127,15738.652928
34,45,23667.311375
34,46,22740.553842
34,47,21849.810298
34,48,20664.788660
34,49,19837.102130
34,53,19747.551498
34,54,19474.303722
34,58,19245.428130
34,59,18797.839491
34,61,18479.931704
34,62,18395.445058
34,65,17802.808119
34,72,17571.187272
34,78,17441.965191
34,84,17063.185307
34,85,16995.522471
34,89,16755.762755
34,92,16693.342187
34,97,16638.827366
34,100,16408.636906
34,108,16242.162652
34,112,16097.324810
34,115,16009.333622
34,120,15944.191704
34,123,15819.665628
34,127,15738.652928
34,130,15724.600210
35,45,23667.311375
35,46,21584.203076
35,48,20664.788660
35,49,19837.102130
35,50,19770.545797
35,52,19728.488437
35,54,19474.303722
35,57,18715.618220
35,58,18562.790246
35,61,18479.931704
35,62,18395.445058
35,65,17802.808119
35,66,17572.231126
35,72,17571.187272
35,78,17441.965191
35,84,17063.185307
35,85,16995.522471
35,88,16976.623640
35,89,16755.762755
35,92,16693.342187
35,97,16638.827366
35,100,16408.636906
35,108,16242.162652
35,112,16097.324810
35,115,16009.333622
35,120,15944.191704
35,123,15819.665628
35,127,15738.652928
35,130,15724.600210
36,45,23667.311375
36,46,21584.203076
36,48,20330.917911
36,49,19837.102130
36,50,19770.545797
36,51,19410.688661
36,55,19309.242488
36,56,19019.720587
36,57,18715.618220
36,58,18562.790246
36,59,18537.529246
36,61,18479.931704
36,62,18395.445058
36,63,17968.866016
36,65,17670.426112
36,66,17572.231126
36,72,17571.187272
36,75,17431.512664
36,78,17318.976504
36,84,17063.185307
36,85,16995.522471
36,88,16976.623640
36,89,16755.762755
36,92,16693.342187
36,97,16638.827366
36,99,16485.362241
36,100,16408.636906
36,108,16242.162652
36,112,16097.324810
36,115,16009.333622
36,120,15944.191704
36,121,15846.080217
36,123,15819.665628
36,127,15738.652928
36,130,15724.600210
37,45,23667.311375
37,46,21584.203076
37,47,21519.316597
37,48,20330.917911
37,49,19837.102130
37,50,19770.545797
37,51,19410.688661
37,54,19396.250316
37,55,18600.616645
37,58,18562.790246
37,59,18537.529246
37,61,18310.007937
37,63,17968.866016
37,65,17670.426112
37,66,17469.549315
37,73,17413.448822
37,78,17318.976504
37,84,17063.185307
37,85,16995.522471
37,87,16900.804702
37,89,16755.762755
37,92,16693.342187
37,97,16638.827366
37,99,16485.362241
37,100,16408.636906
37,108,16242.162652
37,109,16144.577689
37,112,16097.324810
37,115,16009.333622
37,120,15944.191704
37,121,15846.080217
37,123,15819.665628
37,127,15738.652928
37,130,15724.600210
38,45,23667.311375
38,46,20814.019486
38,48,20320.517339
38,49,19837.102130
38,50,19770.545797
38,51,19410.688661
38,54,19396.250316
38,55,18600.616645
38,56,18519.626564
38,59,18073.716904
38,62,18036.966811
38,63,17968.866016
38,65,17670.426112
38,66,17469.549315
38,67,17443.072334
38,73,17310.959352
38,82,17090.630132
38,84,17063.185307
38,85,16995.522471
38,87,16900.804702
38,89,16755.762755
38,92,16693.342187
38,96,16595.341827
38,98,16301.568230
38,108,16242.162652
38,109,16144.577689
38,112,16097.324810
38,115,16009.333622
38,120,15944.191704
38,121,15846.080217
38,123,15819.665628
38,127,15738.652928
38,130,15724.600210
39,45,23667.311375
39,46,20814.019486
39,48,19927.604128
39,49,19802.445631
39,50,19770.545797
39,51,19410.688661
39,53,18769.940120
39,55,18600.616645
39,56,18519.626564
39,58,18511.058474
39,59,18073.716904
39,62,18036.966811
39,63,17968.866016
39,65,17670.426112
39,66,17469.549315
39,67,17443.072334
39,71,17330.964440
39,73,17034.004398
39,81,16952.941977
39,82,16751.826158
39,92,16693.342187
39,95,16682.805620
39,96,16595.341827
39,98,16301.568230
39,108,16242.162652
39,109,16144.577689
39,112,16097.324810
39,115,16009.333622
39,120,15944.191704
39,121,15846.080217
39,123,15819.665628
39,127,15738.652928
39,130,15724.600210
40,45,23667.311375
40,46,20757.253180
40,48,19793.931881
40,50,18944.322880
40,53,18769.940120
40,55,18600.616645
40,56,18519.626564
40,58,18511.058474
40,59,17927.732934
40,60,17920.559378
40,63,17917.623725
40,64,17685.297181
40,65,17670.426112
40,66,17469.549315
40,67,17443.072334
40,69,16947.405057
40,82,16751.826158
40,92,16693.342187
40,93,16607.998277
40,96,16595.341827
40,98,16301.568230
40,108,16242.162652
40,109,16144.577689
40,112,16097.324810
40,115,16009.333622
40,118,15982.327249
40,120,15944.191704
40,121,15846.080217
40,123,15819.665628
40,126,15528.634017
41,45,23667.311375
41,46,20757.253180
41,47,20525.568512
41,48,19356.544320
41,49,19154.945317
41,50,18944.322880
41,52,18533.086532
41,56,18519.626564
41,57,18397.148995
41,59,17927.732934
41,60,17855.994990
41,64,17679.156122
41,65,17670.426112
41,66,17469.549315
41,67,17443.072334
41,69,16947.405057
41,82,16751.826158
41,88,16595.138346
41,89,16572.625147
41,98,16301.568230
41,108,16242.162652
41,109,16144.577689
41,112,16097.324810
41,115,16009.333622
41,118,15982.327249
41,120,15944.191704
41,121,15846.080217
41,123,15819.665628
41,126,15528.634017
42,45,23667.311375
42,46,20757.253180
42,47,19148.728449
42,50,18944.322880
42,52,18533.086532
42,53,18256.603218
42,59,17786.479386
42,64,17679.156122
42,65,17670.426112
42,66,17452.557404
42,67,17443.072334
42,69,16947.405057
42,80,16882.589633
42,82,16751.826158
42,88,16595.138346
42,89,16572.625147
42,95,16555.745356
42,98,16301.568230
42,108,16242.162652
42,109,16144.577689
42,112,16097.324810
42,115,16009.333622
42,118,15820.437455
42,123,15808.709059
42,126,15528.634017
43,45,23667.311375
43,46,19355.729523
43,47,19148.728449
43,48,19073.796874
43,50,18944.322880
43,52,18533.086532
43,53,18256.603218
43,59,17786.479386
43,64,17679.156122
43,65,17670.426112
43,66,17452.557404
43,67,17443.072334
43,69,16947.405057
43,80,16882.589633
43,82,16741.498975
43,88,16595.138346
43,89,16572.625147
43,91,16569.393669
43,95,16555.745356
43,97,16293.433785
43,101,16272.851495
43,108,16242.162652
43,109,16144.577689
43,112,16097.324810
43,115,16009.333622
43,118,15820.437455
43,123,15808.709059
43,126,15528.634017
44,45,23667.311375
44,46,19355.729523
44,47,19148.728449
44,48,19073.796874
44,49,19065.606781
44,50,18884.305887
44,52,18533.086532
44,53,18256.603218
44,54,18183.457117
44,59,17786.479386
44,64,17679.156122
44,65,17670.426112
44,66,17452.557404
44,67,17443.072334
44,69,16947.405057
44,80,16882.589633
44,82,16741.498975
44,85,16727.790619
44,88,16595.138346
44,89,16477.233549
44,92,16389.170420
44,94,16259.663306
44,96,16159.700013
44,101,16124.893892
44,107,15964.750495
44,112,15584.538819
44,124,15460.635373
45,45,23667.311375
45,46,19355.729523
45,47,19148.728449
45,48,19073.796874
45,49,19065.606781
45,50,18884.305887
45,51,18826.642320
45,52,18478.851671
45,53,18256.603218
45,54,18183.457117
45,59,17732.244525
45,64,17679.156122
45,65,17670.426112
45,66,17452.557404
45,67,17443.072334
45,69,16947.405057
45,80,16882.589633
45,82,16741.498975
45,84,16664.342107
45,88,16595.138346
45,89,16477.233549
45,92,16389.170420
45,94,16259.663306
45,96,16159.700013
45,101,16124.893892
45,104,15990.074885
45,107,15964.750495
45,112,15584.538819
45,124,15460.635373
46,45,23667.311375
46,46,19190.667914
46,47,19148.728449
46,48,18888.089727
46,50,18801.713583
46,51,18708.121382
46,52,18478.851671
46,53,18256.603218
46,54,18183.457117
46,55,17825.248636
46,59,17564.865911
46,66,17452.557404
46,67,17443.072334
46,69,16947.405057
46,80,16882.589633
46,82,16741.498975
46,83,16613.440587
46,88,16595.138346
46,89,16477.233549
46,92,16389.170420
46,94,16259.663306
46,95,16248.940717
46,96,16159.700013
46,101,16124.893892
46,104,15990.074885
46,107,15964.750495
46,111,15773.967012
46,112,15584.538819
46,124,15460.635373
47,45,20534.147711
47,46,19190.667914
47,47,19018.752661
47,48,18888.089727
47,49,18788.709473
47,51,18708.121382
47,52,18478.851671
47,53,18256.603218
47,54,18183.457117
47,55,17825.248636
47,57,17693.746954
47,59,17564.865911
47,66,17452.557404
47,67,17443.072334
47,69,16947.405057
47,80,16882.589633
47,82,16741.498975
47,83,16613.440587
47,88,16595.138346
47,89,16477.233549
47,92,16389.170420
47,94,16259.663306
47,95,16248.940717
47,96,16159.700013
47,101,16124.893892
47,104,15990.074885
47,107,15964.750495
47,111,15773.967012
47,112,15584.538819
47,124,15460.635373
48,45,20202.966816
48,46,19176.416706
48,47,18705.902928
48,49,18470.444825
48,52,17824.028346
48,57,17693.746954
48,59,17564.865911
48,64,17556.457899
48,66,17390.315921
48,69,16947.405057
48,80,16534.268645
48,89,16477.233549
48,92,16389.170420
48,94,16259.663306
48,95,16248.940717
48,96,16159.700013
48,101,16124.893892
48,103,15917.118455
48,110,15784.172569
48,111,15773.967012
48,112,15584.538819
48,124,15460.635373
49,45,19535.330721
49,46,19176.416706
49,47,18705.902928
49,49,18470.444825
49,50,18441.948934
49,52,17824.028346
49,55,17467.593674
49,66,17390.315921
49,69,16947.405057
49,76,16787.850621
49,80,16534.268645
49,89,16477.233549
49,92,16389.170420
49,93,16303.904622
49,94,16259.663306
49,95,16248.940717
49,96,16159.700013
49,97,16043.787362
49,103,15917.118455
49,109,15754.718154
49,112,15584.538819
49,124,15460.635373
50,45,19535.330721
50,46,19176.416706
50,47,18705.902928
50,49,18470.444825
50,50,18078.728924
50,52,17824.028346
50,55,17467.593674
50,64,17435.659568
50,66,17330.984015
50,69,16947.405057
50,76,16787.850621
50,80,16534.268645
50,89,16477.233549
50,92,16389.170420
50,93,16303.904622
50,94,16259.663306
50,95,16248.940717
50,96,16159.700013
50,97,16043.787362
50,103,15917.118455
50,106,15858.450588
50,109,15754.718154
50,112,15584.538819
50,124,15460.635373
51,45,19535.330721
51,46,19176.416706
51,47,18545.739801
51,48,18415.501811
51,50,18078.728924
51,52,17824.028346
51,55,17467.593674
51,64,17435.659568
51,66,17330.984015
51,67,17303.145944
51,69,16947.405057
51,76,16787.850621
51,77,16758.117791
51,80,16534.268645
51,86,16265.698920
51,94,16259.663306
51,95,16248.940717
51,96,15903.945985
51,98,15747.469756
51,112,15584.538819
51,124,15460.635373
52,45,19535.330721
52,46,19176.416706
52,47,18395.874976
52,49,17800.664352
52,54,17407.272610
52,55,17318.100805
52,59,17233.117089
52,63,17090.840759
52,69,16855.264456
52,76,16787.850621
52,77,16758.117791
52,80,16534.268645
52,86,16265.698920
52,94,16259.663306
52,95,16248.940717
52,96,15903.945985
52,98,15747.469756
52,111,15662.470424
52,112,15584.538819
52,124,15460.635373
53,45,19535.330721
53,46,18880.942133
53,47,18395.874976
53,49,17800.664352
53,54,17407.272610
53,55,17318.100805
53,59,17233.117089
53,63,17090.840759
53,67,17008.980450
53,68,16910.993125
53,69,16855.264456
53,76,16787.850621
53,77,16758.117791
53,80,16534.268645
53,82,16432.808330
53,86,16265.698920
53,92,16118.470504
53,96,15903.945985
53,98,15747.469756
53,103,15694.305598
53,111,15662.470424
53,112,15570.932386
53,113,15546.541195
53,121,15524.278795
53,124,15460.635373
54,45,19535.330721
54,46,18805.294032
54,47,18395.874976
54,49,17800.664352
54,53,17573.071940
54,54,17407.272610
54,55,17318.100805
54,57,17212.058505
54,59,17174.436809
54,62,17088.068337
54,67,17008.980450
54,68,16910.993125
54,69,16855.264456
54,74,16668.917183
54,78,16493.793297
54,82,16432.808330
54,86,16265.698920
54,91,16194.585089
54,92,16118.470504
54,96,15903.945985
54,98,15747.469756
54,103,15694.305598
54,111,15662.470424
54,112,15570.932386
54,113,15546.541195
54,121,15524.278795
54,124,15460.635373
55,44,19655.471202
55,45,19535.330721
55,46,18805.294032
55,47,18395.874976
55,49,17800.664352
55,52,17772.665035
55,53,17573.071940
55,54,17407.272610
55,55,17318.100805
55,57,17212.058505
55,58,17180.638734
55,59,17174.436809
55,62,17088.068337
55,67,17008.980450
55,68,16910.993125
55,69,16855.264456
55,70,16851.793271
55,74,16668.917183
55,78,16493.793297
55,81,16437.775873
55,82,16432.808330
55,86,16265.698920
55,91,16194.585089
55,92,16118.470504
55,94,16048.834981
55,96,15903.945985
55,98,15747.469756
55,103,15694.305598
55,111,15662.470424
55,112,15570.932386
55,113,15546.541195
55,121,15524.278795
55,122,15495.019358
55,124,15460.635373
55,127,15449.482432
56,44,19655.471202
56,45,19535.330721
56,46,18743.359459
56,47,18357.709486
56,48,17824.426244
56,49,17800.664352
56,51,17733.486089
56,52,17589.057169
56,53,17573.071940
56,54,17407.272610
56,55,17318.100805
56,57,17212.058505
56,58,17153.946525
56,61,17019.286038
56,62,16965.596267
56,63,16888.284357
56,65,16792.896830
56,69,16694.763551
56,74,16668.917183
56,78,16493.793297
56,81,16437.775873
56,82,16432.808330
56,83,16364.805790
56,86,16265.698920
56,91,16194.585089
56,92,16118.470504
56,93,15902.467796
56,94,15856.296245
56,98,15747.469756
56,103,15662.863063
56,108,15614.713733
56,109,15532.891575
56,121,15383.557882
57,44,19655.471202
57,45,19535.330721
57,46,18743.359459
57,47,18357.709486
57,48,17824.426244
57,49,17800.664352
57,50,17678.794849
57,51,17203.149798
57,58,17153.946525
57,60,17143.676410
57,61,17007.850622
57,62,16965.596267
57,63,16879.681477
57,65,16792.896830
57,67,16717.889415
57,69,16694.763551
57,74,16405.623833
57,77,16307.747247
57,86,16265.698920
57,90,16183.771885
57,92,16118.470504
57,93,15902.467796
57,94,15856.296245
57,98,15747.469756
57,103,15662.863063
57,108,15614.713733
57,109,15532.891575
57,121,15383.557882
58,44,19655.471202
58,45,19535.330721
58,46,18563.582564
58,47,18357.709486
58,48,17824.426244
58,49,17800.664352
58,50,17571.317391
58,51,17203.149798
58,53,17097.076505
58,55,17088.626946
58,56,16702.219308
58,69,16694.763551
58,72,16614.775804
58,74,16405.623833
58,75,16278.130452
58,86,16265.698920
58,90,16183.771885
58,92,16118.470504
58,93,15902.467796
58,94,15856.296245
58,98,15747.469756
58,103,15662.863063
58,108,15614.713733
58,109,15532.891575
58,110,15466.032083
58,121,15383.557882
59,44,19635.643430
59,45,19535.330721
59,46,18563.582564
59,47,18357.709486
59,48,17824.426244
59,49,17800.664352
59,50,17571.317391
59,51,17203.149798
59,52,17108.719425
59,53,17097.076505
59,55,17088.626946
59,56,16702.219308
59,57,16685.303618
59,58,16620.625987
59,65,16593.612399
59,70,16511.950447
59,72,16125.366322
59,91,16053.057407
59,93,15902.467796
59,94,15856.296245
59,98,15747.469756
59,103,15662.863063
59,108,15614.713733
59,109,15447.871686
59,121,15383.557882
60,44,19635.643430
60,45,19535.330721
60,46,18563.582564
60,47,18072.559552
60,48,17824.426244
60,49,17303.042938
60,50,17004.925944
60,56,16702.219308
60,57,16685.303618
60,58,16620.625987
60,60,16506.396135
60,61,16246.613106
60,72,16106.830092
60,89,15926.800612
60,90,15764.411029
60,93,15717.045783
60,103,15662.863063
60,108,15614.713733
60,109,15447.871686
60,121,15383.557882
61,44,19635.643430
61,45,19535.330721
61,46,18563.582564
61,47,17522.715393
61,49,17303.042938
61,50,17004.925944
61,55,16567.239506
61,60,16506.396135
61,61,16246.613106
61,62,16235.455491
61,69,16046.476250
61,70,15931.464539
61,86,15748.460264
61,91,15530.250857
61,106,15438.861227
61,121,15383.557882
62,44,19635.643430
62,45,19535.330721
62,46,18494.497775
62,47,17522.715393
62,49,17303.042938
62,50,17004.925944
62,55,16567.239506
62,60,16506.396135
62,61,16246.613106
62,62,16235.455491
62,65,16083.506769
62,69,16046.476250
62,70,15931.464539
62,73,15862.143115
62,86,15748.460264
62,91,15530.250857
62,106,15438.861227
62,121,15383.557882
63,44,19635.643430
63,45,19436.738866
63,46,18494.497775
63,47,17522.715393
63,49,17303.042938
63,50,17004.925944
63,53,16874.330426
63,55,16567.239506
63,60,16506.396135
63,61,16246.613106
63,62,16235.455491
63,63,16034.335647
63,70,15931.464539
63,73,15862.143115
63,76,15834.908578
63,86,15748.460264
63,91,15530.250857
63,106,15438.861227
63,121,15383.557882
64,44,19635.643430
64,45,19436.738866
64,46,17988.962603
64,47,17522.715393
64,48,17444.800684
64,49,17303.042938
64,50,17004.925944
64,53,16874.330426
64,54,16853.683181
64,55,16567.239506
64,58,16486.897213
64,61,16246.613106
64,62,16235.455491
64,63,16034.335647
64,70,15887.401082
64,73,15862.143115
64,76,15826.985091
64,81,15826.608903
64,83,15791.033161
64,86,15745.701551
64,91,15530.250857
64,95,15509.103383
64,106,15438.861227
64,121,15383.557882
64,122,15371.055532
65,44,19635.643430
65,45,19360.066486
65,46,17988.962603
65,47,17243.046581
65,50,17004.925944
65,52,16874.551597
65,53,16788.600112
65,55,16567.239506
65,58,16486.897213
65,61,16246.613106
65,62,16235.455491
65,63,16034.335647
65,70,15887.401082
65,73,15862.143115
65,76,15826.985091
65,77,15766.434831
65,86,15745.701551
65,88,15734.767299
65,91,15530.250857
65,93,15518.800419
65,95,15509.103383
65,106,15438.861227
65,121,15383.557882
65,122,15371.055532
66,44,19424.311596
66,45,19360.066486
66,46,17500.506936
66,47,17243.046581
66,50,17004.925944
66,52,16874.551597
66,53,16788.600112
66,55,16567.239506
66,58,16486.897213
66,61,16246.613106
66,62,16235.455491
66,63,16034.335647
66,70,15887.401082
66,73,15862.143115
66,76,15826.985091
66,77,15766.434831
66,85,15705.090186
66,86,15685.495749
66,91,15513.450116
66,95,15509.103383
66,106,15438.861227
66,121,15383.557882
66,122,15371.055532
67,44,19424.311596
67,45,18001.060622
67,46,17500.506936
67,47,17243.046581
67,49,17168.829888
67,50,17004.925944
67,52,16874.551597
67,53,16788.600112
67,55,16567.239506
67,58,16486.897213
67,60,16475.613431
67,61,16246.613106
67,62,16235.455491
67,63,16034.335647
67,69,15838.807056
67,76,15826.985091
67,77,15766.434831
67,81,15659.370207
67,89,15452.425515
67,94,15426.058019
67,98,15338.457117
68,44,19424.311596
68,45,18001.060622
68,46,17500.506936
68,47,17243.046581
68,49,17168.829888
68,50,17004.925944
68,52,16874.551597
68,53,16788.600112
68,55,16567.239506
68,56,16524.234341
68,58,16423.501480
68,61,16246.613106
68,62,16235.455491
68,63,16034.335647
68,69,15838.807056
68,76,15826.985091
68,77,15766.434831
68,81,15659.370207
68,89,15452.425515
68,94,15426.058019
68,98,15338.457117
69,44,19424.311596
69,45,18001.060622
69,46,17500.506936
69,47,17088.405326
69,50,17004.925944
69,52,16874.551597
69,53,16788.600112
69,55,16567.239506
69,56,16524.234341
69,58,16423.501480
69,60,16237.981397
69,62,16235.455491
69,63,16034.335647
69,69,15838.807056
69,76,15826.985091
69,77,15766.434831
69,81,15659.370207
69,88,15649.644920
69,89,15452.425515
69,94,15426.058019
69,97,15354.305145
69,98,15338.457117
70,44,19424.311596
70,45,18001.060622
70,46,17429.811151
70,47,17088.405326
70,50,17004.925944
70,52,16874.551597
70,53,16788.600112
70,55,16567.239506
70,56,16524.234341
70,58,16423.501480
70,60,16237.981397
70,62,16235.455491
70,63,15873.010070
70,66,15725.316017
70,72,15541.818479
70,80,15460.338943
70,89,15418.203483
70,96,15284.720491
71,44,19424.311596
71,45,18001.060622
71,46,17429.811151
71,47,17088.405326
71,50,17004.925944
71,52,16699.554037
71,55,16567.239506
71,56,16524.234341
71,58,16423.501480
71,60,16237.981397
71,62,16235.455491
71,63,15873.010070
71,66,15725.316017
71,72,15541.818479
71,80,15460.338943
71,89,15418.203483
71,91,15417.481188
71,93,15374.395708
71,94,15366.977559
71,96,15284.720491
72,44,19424.311596
72,45,18001.060622
72,46,17429.811151
72,47,17088.405326
72,50,17004.925944
72,51,16921.757608
72,52,16699.554037
72,55,16458.092258
72,58,16423.501480
72,60,16237.981397
72,62,16235.455491
72,63,15873.010070
72,66,15725.316017
72,72,15541.818479
72,80,15460.338943
72,83,15381.670472
72,86,15370.295907
72,94,15366.977559
72,96,15284.720491
73,44,19424.311596
73,45,18001.060622
73,46,17429.811151
73,47,17088.405326
73,50,16825.642932
73,51,16722.665692
73,52,16699.554037
73,53,16677.573690
73,55,16458.092258
73,58,16423.501480
73,60,16237.981397
73,62,16235.455491
73,63,15873.010070
73,66,15725.316017
73,72,15541.818479
73,80,15460.338943
73,81,15431.200125
73,83,15381.670472
73,86,15370.295907
73,88,15349.196155
73,96,15284.720491
74,44,19424.311596
74,45,18001.060622
74,46,17116.089796
74,47,17088.405326
74,50,16825.642932
74,51,16722.665692
74,52,16699.554037
74,53,16677.573690
74,55,16458.092258
74,58,16423.501480
74,59,16408.937174
74,60,16151.309309
74,63,15873.010070
74,66,15725.316017
74,70,15695.261525
74,72,15541.818479
74,80,15460.338943
74,81,15431.200125
74,83,15381.670472
74,86,15370.295907
74,88,15349.196155
74,96,15284.720491
75,44,19424.311596
75,45,17863.304139
75,46,17116.089796
75,47,17088.405326
75,50,16825.642932
75,51,16722.665692
75,52,16699.554037
75,53,16677.573690
75,55,16458.092258
75,57,16434.235555
75,58,16178.185193
75,59,16173.884900
75,60,16151.309309
75,63,15873.010070
75,66,15725.316017
75,70,15647.626385
75,72,15541.818479
75,80,15415.775396
75,83,15381.670472
75,84,15297.752290
75,92,15285.605276
75,95,15077.659387
75,99,15003.508737
76,44,18447.783908
76,45,17574.447607
76,46,17116.089796
76,47,17088.405326
76,48,16848.869601
76,50,16825.642932
76,51,16722.665692
76,52,16699.554037
76,53,16677.573690
76,54,16657.915147
76,55,16458.092258
76,56,16310.106921
76,57,16222.107510
76,58,16178.185193
76,59,16173.884900
76,60,16151.309309
76,63,15873.010070
76,66,15725.316017
76,70,15647.626385
76,71,15646.857611
76,72,15541.818479
76,80,15415.775396
76,83,15381.670472
76,84,15297.752290
76,92,15285.605276
76,95,15077.659387
76,99,15003.508737
77,44,18447.783908
77,45,17574.447607
77,46,17116.089796
77,47,17088.405326
77,48,16848.869601
77,49,16828.372571
77,50,16825.642932
77,51,16722.665692
77,52,16687.885439
77,53,16677.573690
77,54,16657.915147
77,55,16458.092258
77,56,16310.106921
77,57,16222.107510
77,58,16178.185193
77,59,16173.884900
77,60,16151.309309
77,61,16093.678995
77,63,15873.010070
77,66,15725.316017
77,70,15496.884658
77,72,15463.686210
77,80,15415.775396
77,83,15381.670472
77,84,15297.752290
77,92,15285.605276
77,95,15077.659387
77,99,15003.508737
78,44,18239.714601
78,45,17574.447607
78,46,17116.089796
78,47,17088.405326
78,48,16848.869601
78,49,16817.267566
78,51,16722.665692
78,52,16687.885439
78,53,16465.060363
78,55,16458.092258
78,56,16310.106921
78,57,16222.107510
78,58,16178.185193
78,59,16173.884900
78,60,16151.309309
78,61,16093.678995
78,63,15873.010070
78,66,15725.316017
78,70,15496.884658
78,72,15463.686210
78,80,15415.775396
78,83,15381.670472
78,84,15297.752290
78,92,15285.605276
78,95,15077.659387
78,99,15003.508737
79,44,18239.714601
79,45,17344.698910
79,46,17116.089796
79,47,17088.405326
79,48,16805.211029
79,51,16639.976040
79,53,16465.060363
79,55,16458.092258
79,56,16310.106921
79,57,16222.107510
79,58,16178.185193
79,59,16173.884900
79,60,16151.309309
79,61,16093.678995
79,63,15873.010070
79,66,15725.316017
79,70,15496.884658
79,72,15463.686210
79,80,15415.775396
79,83,15372.537635
79,84,15272.055396
79,95,15077.659387
79,99,15003.508737
80,44,18239.714601
80,45,17344.698910
80,46,17116.089796
80,47,16889.106433
80,48,16805.211029
80,50,16761.238914
80,51,16628.921522
80,53,16465.060363
80,55,16458.092258
80,56,16310.106921
80,57,16222.107510
80,58,16178.185193
80,59,16139.146435
80,61,16093.678995
80,63,15873.010070
80,65,15521.370036
80,70,15496.884658
80,72,15428.822683
80,80,15399.101999
80,83,15286.239336
80,84,15244.226520
80,95,15077.659387
80,99,15003.508737
81,44,18239.714601
81,45,17344.698910
81,46,17116.089796
81,47,16889.106433
81,48,16805.211029
81,49,16781.584866
81,50,16761.238914
81,51,16628.921522
81,53,16388.931307
81,55,16339.742715
81,56,16310.106921
81,57,16222.107510
81,58,16178.185193
81,59,16139.146435
81,60,15607.085061
81,65,15521.370036
81,70,15496.884658
81,72,15428.822683
81,79,15157.819587
81,95,15077.659387
81,99,15003.508737
82,44,18239.714601
82,45,17344.698910
82,46,17116.089796
82,47,16889.106433
82,48,16805.211029
82,49,16685.251955
82,51,16562.776051
82,53,16388.931307
82,55,16214.734615
82,58,16178.185193
82,59,16139.146435
82,60,15607.085061
82,65,15521.370036
82,70,15496.884658
82,72,15428.822683
82,79,15157.819587
82,95,15077.659387
82,99,15003.508737
83,44,18239.714601
83,45,17344.698910
83,46,17116.089796
83,47,16889.106433
83,48,16805.211029
83,49,16685.251955
83,51,16562.776051
83,53,16388.931307
83,55,16168.811188
83,58,16016.102378
83,60,15607.085061
83,65,15521.370036
83,70,15496.884658
83,72,15428.822683
83,79,15157.819587
83,91,15154.581474
83,95,15077.659387
83,99,15003.508737
84,44,18239.714601
84,45,17344.698910
84,46,17116.089796
84,47,16889.106433
84,48,16805.211029
84,49,16685.251955
84,51,16562.776051
84,53,16388.931307
84,55,16168.811188
84,58,16016.102378
84,60,15607.085061
84,65,15521.370036
84,70,15496.884658
84,72,15428.822683
84,77,15192.150592
84,79,15157.819587
84,90,15141.215285
84,95,15077.659387
84,99,15003.508737
85,44,18239.714601
85,45,17344.698910
85,46,17062.728584
85,47,16874.135733
85,48,16805.211029
85,49,16685.251955
85,50,16676.826385
85,51,16562.776051
85,52,16555.299946
85,53,16388.931307
85,55,16140.669324
85,58,15974.092509
85,60,15607.085061
85,65,15337.455993
85,77,15119.100512
85,95,15011.927192
85,99,15003.508737
86,44,17845.662195
86,45,17344.698910
86,46,17062.728584
86,47,16874.135733
86,48,16805.211029
86,49,16685.251955
86,50,16676.826385
86,51,16562.776051
86,52,16555.299946
86,53,16388.931307
86,54,16249.116274
86,55,16140.669324
86,58,15974.092509
86,60,15607.085061
86,65,15337.455993
86,77,15119.100512
86,86,15100.420144
86,90,14967.489639
87,44,17845.662195
87,45,17344.698910
87,46,16980.424171
87,47,16874.135733
87,48,16805.211029
87,49,16685.251955
87,50,16655.242643
87,51,16562.776051
87,52,16555.299946
87,53,16388.931307
87,54,16249.116274
87,55,16140.669324
87,58,15974.092509
87,60,15607.085061
87,65,15337.455993
87,66,15334.704550
87,77,15119.100512
87,81,15088.028883
87,85,15039.097872
87,89,14883.878539
87,90,14874.328829
87,91,14862.212446
88,44,17845.662195
88,45,17344.698910
88,46,16980.424171
88,47,16874.135733
88,48,16805.211029
88,49,16685.251955
88,50,16655.242643
88,51,16439.975835
88,52,16373.888282
88,54,16249.116274
88,55,16140.669324
88,56,16100.303576
88,58,15867.311073
88,60,15607.085061
88,65,15337.455993
88,66,15334.704550
88,77,15119.100512
88,79,14999.573570
88,89,14883.878539
88,90,14874.328829
88,91,14862.212446
89,44,17845.662195
89,45,17338.433259
89,46,16980.424171
89,47,16874.135733
89,48,16805.211029
89,49,16685.251955
89,50,16302.385300
89,54,16249.116274
89,55,16140.669324
89,56,16100.303576
89,58,15867.311073
89,60,15607.085061
89,65,15337.455993
89,66,15334.704550
89,77,15025.966394
89,79,14999.573570
89,89,14883.878539
89,90,14874.328829
89,91,14862.212446
90,43,18819.749996
90,44,17845.662195
90,45,17159.387763
90,46,16980.424171
90,47,16871.823255
90,48,16805.211029
90,49,16685.251955
90,50,16302.385300
90,53,16288.285336
90,54,16249.116274
90,55,16140.669324
90,56,16100.303576
90,58,15822.432687
90,59,15718.767952
90,60,15499.203589
90,64,15208.110004
90,77,15025.966394
90,79,14999.573570
90,88,14982.200678
90,89,14807.351743
91,43,18819.749996
91,44,17845.662195
91,45,17159.387763
91,46,16980.424171
91,47,16871.823255
91,48,16805.211029
91,49,16685.251955
91,50,16302.385300
91,52,15970.593301
91,58,15822.432687
91,59,15718.767952
91,60,15499.203589
91,64,15208.110004
91,77,15025.966394
91,79,14999.573570
91,88,14982.200678
91,89,14807.351743
92,43,18819.749996
92,44,17464.839993
92,45,17159.387763
92,46,16931.304655
92,47,16871.823255
92,48,16805.211029
92,49,16685.251955
92,50,16302.385300
92,52,15970.593301
92,58,15822.432687
92,59,15718.767952
92,60,15499.203589
92,64,15208.110004
92,77,15025.966394
92,79,14999.573570
92,88,14982.200678
92,89,14807.351743
93,43,18443.292707
93,44,17464.839993
93,45,17159.387763
93,46,16931.304655
93,47,16871.823255
93,48,16805.211029
93,49,16386.452111
93,50,16302.385300
93,52,15970.593301
93,58,15822.432687
93,59,15718.767952
93,60,15499.203589
93,64,15208.110004
93,67,15199.811169
93,68,15197.796562
93,77,15025.966394
93,79,14999.573570
93,87,14951.217829
93,88,14796.283406
93,89,14708.389196
94,43,18443.292707
94,44,17464.839993
94,45,17159.387763
94,46,16931.304655
94,47,16871.823255
94,48,16805.211029
94,49,16386.452111
94,50,16302.385300
94,52,15970.593301
94,57,15942.549820
94,58,15822.432687
94,59,15718.767952
94,60,15499.203589
94,64,15208.110004
94,67,15199.811169
94,68,15197.796562
94,73,15050.709180
94,77,15025.966394
94,79,14999.573570
94,80,14987.972834
94,87,14948.593731
94,88,14796.283406
94,89,14708.389196
95,43,18443.292707
95,44,17464.839993
95,45,17159.387763
95,46,16931.304655
95,47,16839.566732
95,48,16805.211029
95,49,16386.452111
95,50,16302.385300
95,52,15970.593301
95,57,15942.549820
95,58,15822.432687
95,59,15718.767952
95,60,15499.203589
95,64,15124.902269
95,66,15062.581520
95,73,15050.709180
95,75,14940.182507
95,87,14774.597135
95,89,14708.389196
96,43,18443.292707
96,44,17416.518571
96,45,17159.387763
96,46,16849.215138
96,47,16839.566732
96,48,16666.334322
96,49,16386.452111
96,50,16302.385300
96,52,15970.593301
96,54,15818.567662
96,59,15718.767952
96,60,15499.203589
96,64,15124.902269
96,66,15062.581520
96,73,15050.709180
96,75,14940.182507
96,86,14926.039772
96,87,14774.597135
96,89,14708.389196
97,43,18443.292707
97,44,17416.518571
97,45,16898.380874
97,46,16849.215138
97,47,16818.544070
97,48,16666.334322
97,49,16386.452111
97,50,16302.385300
97,52,15970.593301
97,54,15818.567662
97,59,15718.767952
97,60,15499.203589
97,64,15124.902269
97,66,15062.581520
97,73,15050.709180
97,75,14940.182507
97,82,14851.988779
97,87,14774.597135
97,89,14708.389196
98,43,18443.292707
98,44,17416.518571
98,45,16898.380874
98,46,16849.215138
98,47,16818.544070
98,48,16666.334322
98,49,16386.452111
98,50,16302.385300
98,52,15970.593301
98,54,15818.567662
98,58,15626.697920
98,60,15499.203589
98,64,15124.902269
98,66,15062.581520
98,73,15050.709180
98,75,14940.182507
98,82,14851.988779
98,87,14774.597135
98,89,14708.389196
99,43,18443.292707
99,44,17279.809839
99,45,16887.881749
99,46,16849.215138
99,47,16818.544070
99,48,16666.334322
99,49,16386.452111
99,50,16302.385300
99,51,16232.595408
99,52,15970.593301
99,54,15818.567662
99,58,15626.697920
99,60,15499.203589
99,64,15124.902269
99,66,15062.581520
99,73,15050.709180
99,75,14940.182507
99,82,14851.988779
99,87,14774.597135
99,89,14708.389196
100,43,18443.292707
100,44,17279.809839
100,45,16887.881749
100,46,16840.164033
100,47,16818.544070
100,48,16666.334322
100,49,16386.452111
100,50,16302.385300
100,51,16232.595408
100,52,15970.593301
100,54,15818.567662
100,58,15626.697920
100,60,15421.947979
100,64,15080.481869
100,65,14974.169906
100,74,14929.088970
100,80,14777.394237
100,85,14735.903699
100,89,14708.389196
101,43,18443.292707
101,44,17279.809839
101,45,16887.881749
101,46,16840.164033
101,47,16767.758539
101,48,16666.334322
101,49,16386.452111
101,50,16302.385300
101,51,16232.595408
101,52,15970.593301
101,54,15818.567662
101,58,15626.697920
101,60,15421.947979
101,61,15316.259288
101,64,15080.481869
101,65,14974.169906
101,74,14929.088970
101,80,14777.394237
101,85,14735.903699
101,89,14708.389196
102,43,18443.292707
102,44,17279.809839
102,45,16887.881749
102,46,16840.164033
102,47,16767.758539
102,48,16666.334322
102,49,16386.452111
102,50,16302.385300
102,51,16232.595408
102,52,15970.593301
102,54,15818.567662
102,58,15626.697920
102,60,15421.947979
102,61,15316.259288
102,64,15080.481869
102,65,14974.169906
102,74,14929.088970
102,79,14883.680912
102,80,14777.394237
102,85,14735.903699
102,89,14708.389196
103,43,18443.292707
103,44,17279.809839
103,45,16833.143076
103,47,16767.758539
103,48,16666.334322
103,49,16386.452111
103,50,16302.385300
103,51,16232.595408
103,52,15970.593301
103,54,15818.567662
103,58,15626.697920
103,60,15421.947979
103,61,15316.259288
103,64,15046.738680
103,65,14974.169906
103,74,14929.088970
103,79,14883.680912
103,80,14777.394237
103,85,14735.903699
103,87,14730.059875
103,89,14708.389196
104,43,18443.292707
104,44,17279.809839
104,45,16802.612080
104,47,16767.758539
104,48,16522.863741
104,49,16386.452111
104,50,16302.385300
104,51,16232.595408
104,52,15970.593301
104,54,15818.567662
104,58,15626.697920
104,60,15421.947979
104,61,15316.259288
104,63,14936.093254
104,74,14929.088970
104,77,14917.622189
104,78,14755.751645
104,85,14735.903699
104,87,14730.059875
104,89,14708.389196
105,43,18001.588754
105,44,17279.809839
105,45,16802.612080
105,47,16767.758539
105,48,16522.863741
105,49,16386.452111
105,50,16302.385300
105,51,16232.595408
105,52,15970.593301
105,54,15818.567662
105,57,15728.629052
105,58,15601.133070
105,60,15421.947979
105,61,14857.118140
105,77,14847.575741
105,78,14710.909267
105,83,14660.322999
106,43,18001.588754
106,44,16839.234816
106,45,16802.612080
106,47,16767.758539
106,48,16391.588675
106,49,16386.452111
106,50,16124.045294
106,52,15925.625444
106,54,15818.567662
106,57,15728.629052
106,58,15601.133070
106,60,15421.947979
106,61,14857.118140
106,77,14847.575741
106,78,14710.909267
106,83,14660.322999
106,90,14648.243879
107,43,17174.100715
107,44,16839.234816
107,45,16802.612080
107,47,16767.758539
107,48,16391.588675
107,49,16386.452111
107,50,16124.045294
107,52,15925.625444
107,54,15818.567662
107,57,15728.629052
107,58,15601.133070
107,60,15421.947979
107,61,14857.118140
107,73,14852.600714
107,77,14847.575741
107,78,14710.909267
107,83,14660.322999
107,90,14648.243879
108,43,17174.100715
108,44,16839.234816
108,45,16802.612080
108,47,16667.335183
108,48,16391.588675
108,49,16386.452111
108,50,16124.045294
108,52,15925.625444
108,54,15818.567662
108,57,15728.629052
108,58,15601.133070
108,60,15421.947979
108,61,14857.118140
108,70,14806.090152
108,73,14790.782964
108,78,14710.909267
108,83,14660.322999
108,90,14648.243879
109,43,17174.100715
109,44,16839.234816
109,45,16765.638417
109,47,16667.335183
109,48,16391.588675
109,49,16060.024729
109,52,15925.625444
109,54,15818.567662
109,57,15728.629052
109,58,15601.133070
109,60,14877.036885
109,61,14857.118140
109,70,14806.090152
109,73,14790.782964
109,78,14710.909267
109,83,14660.322999
109,90,14648.243879
110,43,17174.100715
110,44,16839.234816
110,45,16765.638417
110,47,16607.784862
110,48,15803.641782
110,57,14954.656417
110,60,14793.992641
110,65,14751.733448
110,73,14740.976544
110,78,14710.909267
110,83,14660.322999
110,89,14535.456837
111,43,17174.100715
111,44,16801.747759
111,45,16765.638417
111,47,16584.068996
111,48,15803.641782
111,54,15773.780676
111,57,14954.656417
111,60,14793.992641
111,65,14751.733448
111,73,14740.976544
111,76,14627.347320
111,89,14535.456837
112,43,17174.100715
112,44,16801.747759
112,45,16765.638417
112,47,16501.126478
112,48,15803.641782
112,54,15773.780676
112,56,15631.799591
112,57,14954.656417
112,60,14793.992641
112,65,14751.733448
112,73,14740.976544
112,76,14627.347320
112,89,14535.456837
113,43,17174.100715
113,44,16767.952118
113,45,16765.638417
113,46,16728.518175
113,47,16501.126478
113,48,15803.641782
113,54,15773.780676
113,55,15246.808359
113,57,14954.656417
113,60,14793.992641
113,65,14751.733448
113,73,14740.976544
113,76,14627.347320
113,89,14535.456837
114,43,17174.100715
114,44,16767.952118
114,45,16746.332372
114,46,16563.482619
114,47,16501.126478
114,48,15803.641782
114,54,15773.780676
114,55,15246.808359
114,57,14954.656417
114,58,14871.418809
114,60,14793.992641
114,65,14751.733448
114,70,14695.865878
114,71,14689.445914
114,76,14627.347320
114,89,14535.456837
115,43,17174.100715
115,44,16767.952118
115,45,16287.960700
115,48,15803.641782
115,52,15307.055745
115,55,15193.079403
115,57,14954.656417
115,58,14766.259734
115,65,14726.545627
115,70,14646.059458
115,76,14467.866966
116,43,17174.100715
116,44,16767.952118
116,45,16287.960700
116,48,15803.641782
116,49,15655.288306
116,52,15307.055745
116,55,15131.874133
116,57,14954.656417
116,58,14750.563342
116,60,14674.780631
116,70,14646.059458
116,76,14467.866966
117,43,17174.100715
117,44,16767.952118
117,45,16287.960700
117,47,16005.942525
117,48,15489.622474
117,49,15326.840190
117,52,15259.116512
117,53,15231.996438
117,54,15140.543961
117,55,15131.874133
117,56,14886.245416
117,58,14750.563342
117,60,14674.780631
117,70,14646.059458
117,75,14583.028497
117,76,14467.866966
118,43,16612.487361
118,45,16287.960700
118,47,16005.942525
118,48,15489.622474
118,49,15326.840190
118,52,15259.116512
118,53,15231.996438
118,54,14982.509933
118,55,14962.457098
118,56,14886.245416
118,58,14750.563342
118,60,14674.780631
118,70,14646.059458
118,71,14611.132001
118,75,14583.028497
118,76,14467.866966
119,43,16612.487361
119,45,16287.960700
119,47,16005.942525
119,48,15483.320454
119,49,15326.840190
119,52,15259.116512
119,53,15162.040155
119,54,14982.509933
119,55,14962.457098
119,56,14886.245416
119,58,14750.563342
119,60,14674.780631
119,69,14537.783893
119,76,14467.866966
120,42,18646.377132
120,43,16612.487361
120,45,16287.960700
120,47,15797.674378
120,48,15483.320454
120,49,15326.840190
120,52,15079.623109
120,54,14982.509933
120,55,14854.611201
120,57,14748.801174
120,60,14564.340484
120,69,14537.783893
120,75,14419.862671
121,42,18646.377132
121,43,16612.487361
121,45,16287.960700
121,47,15797.674378
121,48,15483.320454
121,49,15326.840190
121,52,15079.623109
121,54,14982.509933
121,55,14853.265612
121,57,14748.801174
121,60,14564.340484
121,69,14537.783893
121,75,14419.862671
122,42,18646.377132
122,43,16612.487361
122,45,16287.960700
122,47,15797.674378
122,48,15483.320454
122,49,15326.840190
122,52,15079.623109
122,54,14959.245639
122,55,14853.265612
122,57,14748.801174
122,60,14564.340484
122,69,14537.783893
122,75,14419.862671
123,42,18646.377132
123,43,16562.730440
123,45,16147.418954
123,47,15797.674378
123,48,15483.320454
123,49,15326.840190
123,52,15067.365338
123,54,14959.245639
123,55,14853.265612
123,57,14748.801174
123,60,14564.340484
123,68,14549.112712
123,69,14537.783893
123,75,14419.862671
124,42,18646.377132
124,43,16562.730440
124,45,16147.418954
124,47,15797.674378
124,48,15483.320454
124,49,15326.840190
124,52,15067.365338
124,54,14801.650844
124,57,14748.801174
124,60,14564.340484
124,68,14549.112712
124,69,14443.450066
124,70,14440.405795
124,75,14419.862671
125,42,18605.406104
125,43,16562.730440
125,45,16031.679570
125,46,15753.202203
125,48,15402.943621
125,49,15302.261483
125,52,14981.884264
125,54,14668.489162
125,60,14489.030317
125,68,14369.191049
125,69,14248.534942
126,42,18605.406104
126,43,16562.730440
126,44,16162.615274
126,45,16031.679570
126,46,15753.202203
126,48,15402.943621
126,49,15302.261483
126,52,14981.884264
126,54,14668.489162
126,60,14489.030317
126,68,14369.191049
126,69,14248.534942
127,42,18377.698945
127,43,16562.730440
127,44,16149.833667
127,45,16031.679570
127,46,15753.202203
127,48,15402.943621
127,49,15302.261483
127,52,14981.884264
127,54,14668.489162
127,60,14489.030317
127,62,14459.836311
127,68,14369.191049
127,69,14248.534942
128,42,18377.698945
128,43,16562.730440
128,44,16129.857992
128,45,15962.540146
128,46,15753.202203
128,48,15402.943621
128,49,15302.261483
128,52,14981.884264
128,54,14668.489162
128,60,14489.030317
128,62,14459.836311
128,68,14369.191049
128,69,14248.534942
129,42,16325.926787
129,44,16129.857992
129,45,15962.540146
129,46,15753.202203
129,48,15402.943621
129,49,15302.261483
129,52,14981.884264
129,53,14949.901024
129,54,14668.489162
129,60,14489.030317
129,62,14459.836311
129,67,14382.121821
129,68,14369.191049
129,69,14248.534942
130,42,16325.926787
130,44,16129.857992
130,45,15962.540146
130,46,15753.202203
130,48,15364.800009
130,49,15244.122829
130,51,14971.546993
130,52,14895.182723
130,54,14633.764240
130,60,14457.714582
130,66,14247.113607
130,69,14227.080700
131,42,16325.926787
131,44,16129.857992
131,45,15962.540146
131,46,15753.202203
131,48,15364.800009
131,49,15244.122829
131,51,14971.546993
131,52,14895.182723
131,54,14633.764240
131,60,14457.714582
131,66,14247.113607
131,69,14227.080700
132,42,16325.926787
132,44,16129.857992
132,45,15962.540146
132,46,15753.202203
132,48,15364.800009
132,49,15244.122829
132,51,14971.546993
132,52,14895.182723
132,54,14633.764240
132,60,14457.714582
132,66,14247.113607
132,69,14227.080700
133,42,16325.926787
133,43,15998.093996
133,45,15962.540146
133,46,15753.202203
133,48,15364.800009
133,49,15244.122829
133,51,14971.546993
133,52,14895.182723
133,54,14633.764240
133,60,14457.714582
133,66,14247.113607
133,69,14227.080700
134,42,16325.926787
134,43,15998.093996
134,45,15962.540146
134,46,15753.202203
134,48,15364.800009
134,49,15244.122829
134,51,14971.546993
134,52,14895.182723
134,54,14633.764240
134,60,14457.714582
134,66,14247.113607
134,69,14227.080700
135,42,16325.926787
135,43,15980.703242
135,45,15962.540146
135,46,15753.202203
135,47,15285.760104
135,49,15137.555956
135,50,14834.109170
135,53,14727.244806
135,54,14548.325526
135,60,14443.696067
135,64,14377.253829
135,66,14220.071197
135,68,14164.151476
136,42,16325.926787
136,43,15980.703242
136,45,15962.540146
136,46,15753.202203
136,47,15285.760104
136,49,15137.555956
136,50,14834.109170
136,52,14645.477159
136,54,14548.325526
136,60,14443.696067
136,64,14377.253829
136,65,14366.350194
136,66,14220.071197
136,68,14164.151476
137,42,16325.926787
137,43,15980.703242
137,44,15931.686094
137,46,15753.202203
137,47,15285.760104
137,49,15137.555956
137,50,14834.109170
137,52,14645.477159
137,54,14548.325526
137,60,14443.696067
137,64,14377.253829
137,65,14366.350194
137,66,14220.071197
137,68,14164.151476
138,42,16325.926787
138,43,15949.752848
138,44,15890.426082
138,46,15753.202203
138,47,15285.760104
138,49,15137.555956
138,50,14834.109170
138,52,14645.477159
138,54,14548.325526
138,60,14443.696067
138,64,14377.253829
138,65,14366.350194
138,66,14220.071197
138,68,14164.151476
139,42,16325.926787
139,43,15945.895232
139,44,15890.426082
139,46,15753.202203
139,47,15285.760104
139,49,15137.555956
139,50,14834.109170
139,52,14645.477159
139,54,14548.325526
139,60,14373.601038
139,64,14372.045827
139,65,14366.350194
139,66,14220.071197
139,68,14164.151476
140,42,16142.220393
140,43,15945.895232
140,44,15890.426082
140,45,15753.221779
140,46,15753.202203
140,47,15232.213264
140,49,15051.324369
140,50,14798.791507
140,52,14529.620386
140,60,14373.601038
140,64,14353.069076
140,66,14219.575460
140,68,14164.151476
141,42,16142.220393
141,43,15945.895232
141,44,15888.239393
141,45,15753.221779
141,46,15753.202203
141,47,15232.213264
141,49,15046.337073
141,50,14798.791507
141,52,14529.620386
141,60,14373.601038
141,64,14338.472994
141,66,14219.575460
141,68,14164.151476
142,42,15904.079441
142,43,15846.602109
142,45,15753.221779
142,46,15607.981650
142,47,15232.213264
142,48,15144.961605
142,49,15046.337073
142,50,14798.791507
142,52,14529.620386
142,60,14373.601038
142,64,14338.472994
142,66,14219.575460
142,68,14164.151476
143,42,15904.079441
143,43,15841.604957
143,45,15753.221779
143,46,15607.981650
143,47,15232.213264
143,48,15144.961605
143,49,15046.337073
143,50,14798.791507
143,52,14529.620386
143,60,14373.601038
143,64,14338.472994
143,66,14219.575460
143,68,14164.151476
144,42,15877.639059
144,43,15811.740805
144,44,15744.144989
144,46,15607.981650
144,47,15232.213264
144,48,15144.961605
144,49,15046.337073
144,50,14798.791507
144,52,14529.620386
144,59,14480.988283
144,60,14373.601038
144,64,14338.472994
144,66,14219.575460
144,68,14164.151476
145,42,15877.639059
145,43,15811.740805
145,44,15744.144989
145,46,15607.981650
145,47,15169.922545
145,48,15047.219484
145,49,14913.241769
145,50,14749.942176
145,52,14529.620386
145,59,14406.302216
145,60,14203.338808
145,68,14072.888661
146,42,15695.568562
146,46,15607.981650
146,47,15169.922545
146,48,15047.219484
146,49,14913.241769
146,50,14749.942176
146,52,14529.620386
146,59,14406.302216
146,60,14203.338808
146,68,14072.888661
147,42,15695.568562
147,46,15607.981650
147,47,15169.922545
147,48,15047.219484
147,49,14913.241769
147,50,14749.942176
147,52,14529.620386
147,57,14382.870795
147,60,14203.338808
147,68,14072.888661
148,42,15695.568562
148,44,15635.042257
148,46,15607.981650
148,47,15169.922545
148,48,14893.999872
148,50,14749.942176
148,51,14657.477165
148,52,14529.620386
148,57,14382.870795
148,60,14203.338808
148,68,14072.888661
149,41,16471.406450
149,42,15695.568562
149,44,15578.254799
149,45,15498.813568
149,47,15169.922545
149,48,14893.999872
149,50,14749.942176
149,51,14640.898268
149,52,14529.620386
149,57,14382.870795
149,60,14203.338808
149,68,14072.888661
150,41,16471.406450
150,42,15659.053730
150,44,15578.254799
150,45,15432.961503
150,47,15110.652724
150,48,14861.391036
150,50,14749.942176
150,51,14614.463778
150,52,14446.386455
150,57,14382.870795
150,60,14203.338808
150,68,14058.416381
151,41,16471.406450
151,42,15659.053730
151,44,15578.254799
151,45,15432.961503
151,47,14805.850968
151,50,14749.942176
151,51,14614.463778
151,52,14446.386455
151,57,14382.870795
151,60,14203.338808
151,68,14058.416381
152,41,16471.406450
152,42,15638.526510
152,44,15578.254799
152,45,15432.961503
152,47,14805.850968
152,50,14749.942176
152,51,14614.463778
152,52,14446.386455
152,57,14382.870795
152,60,14203.338808
152,68,14058.416381
153,41,16471.406450
153,42,15638.526510
153,44,15578.254799
153,45,15432.961503
153,47,14805.850968
153,50,14737.979546
153,51,14614.463778
153,52,14446.386455
153,57,14382.870795
153,60,14203.338808
153,68,14058.416381
154,41,16471.406450
154,42,15638.526510
154,44,15578.254799
154,45,15432.961503
154,47,14805.850968
154,49,14783.796775
154,50,14737.979546
154,51,14614.463778
154,52,14446.386455
154,57,14382.870795
154,59,14354.173877
154,60,14203.338808
154,68,14058.416381
155,41,15735.733259
155,42,15638.526510
155,44,15578.254799
155,45,15412.799443
155,46,14943.420979
155,47,14769.885154
155,50,14527.091024
155,52,14349.182199
155,54,14206.160992
155,60,14203.338808
155,68,14058.416381
156,40,17331.062404
156,41,15675.482194
156,42,15638.526510
156,43,15586.482643
156,44,15578.254799
156,45,15412.799443
156,46,14943.420979
156,47,14769.885154
156,50,14527.091024
156,51,14396.045533
156,52,14349.182199
156,54,14206.160992
156,56,14206.047912
156,60,14203.338808
156,67,14057.753039
157,40,17331.062404
157,41,15675.482194
157,42,15638.526510
157,43,15586.482643
157,44,15578.254799
157,45,15412.799443
157,46,14943.420979
157,47,14769.885154
157,50,14527.091024
157,51,14339.781997
157,53,14265.766174
157,54,14206.160992
157,56,14117.542395
157,67,14057.753039
158,40,16466.266833
158,41,15675.482194
158,42,15638.045530
158,43,15586.482643
158,44,15578.254799
158,45,15412.799443
158,46,14943.420979
158,47,14769.885154
158,48,14729.556887
158,50,14527.091024
158,51,14339.781997
158,53,14265.766174
158,54,14206.160992
158,56,14117.542395
158,67,14057.753039
159,40,16466.266833
159,41,15675.482194
159,42,15525.419115
159,45,15412.799443
159,46,14943.420979
159,47,14762.444123
159,48,14729.556887
159,50,14223.819748
159,54,14206.160992
159,56,14117.542395
159,60,14116.476053
159,67,14057.753039
159,69,13999.923026
160,40,16466.266833
160,41,15675.482194
160,42,15525.419115
160,45,14861.845610
160,46,14713.128117
160,49,14663.415408
160,50,14223.819748
160,54,14206.160992
160,55,14154.013781
160,56,14110.757262
160,67,14030.355003
160,69,13998.079855
161,40,16466.266833
161,41,15675.482194
161,42,15525.419115
161,45,14861.845610
161,46,14713.128117
161,49,14574.261899
161,50,14223.819748
161,54,14206.160992
161,55,14154.013781
161,56,14110.757262
161,67,14030.355003
161,69,13998.079855
162,40,16466.266833
162,41,15675.482194
162,42,15525.419115
162,45,14861.845610
162,46,14713.128117
162,49,14574.261899
162,50,14223.819748
162,54,14056.125073
162,61,14029.266134
162,69,13998.079855
163,40,16466.266833
163,41,15675.482194
163,42,15525.419115
163,44,15420.445666
163,45,14861.845610
163,46,14713.128117
163,49,14574.261899
163,50,14223.819748
163,53,14119.493565
163,54,14056.125073
163,61,14029.266134
163,69,13998.079855
164,40,16466.266833
164,41,15675.482194
164,42,15525.419115
164,43,15401.946066
164,45,14861.845610
164,46,14713.128117
164,49,14574.261899
164,50,14223.819748
164,53,14119.493565
164,54,14056.125073
164,56,14055.748825
164,57,14050.563121
164,61,14029.266134
164,69,13998.079855
165,40,16466.266833
165,41,15675.482194
165,42,15525.419115
165,43,15401.946066
165,45,14854.033220
165,46,14713.128117
165,47,14545.911226
165,49,14209.176099
165,53,14079.866343
165,54,14056.125073
165,55,13947.949301
165,66,13944.030532
166,40,16302.650978
166,41,15675.482194
166,42,15525.419115
166,43,15401.946066
166,45,14854.033220
166,46,14713.128117
166,47,14545.911226
166,49,14209.176099
166,53,14079.866343
166,54,14056.125073
166,55,13947.949301
166,66,13944.030532
167,40,16302.650978
167,41,15649.661947
167,42,15525.419115
167,43,15401.946066
167,45,14854.033220
167,46,14713.128117
167,47,14545.911226
167,49,14209.176099
167,50,14208.424428
167,53,14079.866343
167,54,14056.125073
167,55,13947.949301
167,66,13944.030532
168,39,16097.265622
168,41,15649.661947
168,42,15417.842583
168,43,15401.946066
168,45,14854.033220
168,46,14713.128117
168,47,14545.911226
168,49,14209.176099
168,50,14188.686400
168,53,14079.866343
168,54,14056.125073
168,55,13947.949301
168,66,13944.030532
169,39,16097.265622
169,40,16022.918961
169,41,15536.018897
169,42,15417.842583
169,43,15401.946066
169,45,14854.033220
169,46,14713.128117
169,47,14545.911226
169,49,14209.176099
169,50,14188.686400
169,53,14079.866343
169,54,14056.125073
169,55,13947.949301
169,66,13944.030532
170,39,16097.265622
170,40,15840.644161
170,41,15536.018897
170,42,15417.842583
170,43,15401.946066
170,45,14820.552763
170,46,14686.192558
170,47,14463.857008
170,49,14209.176099
170,50,14188.686400
170,53,14079.866343
170,54,14056.125073
170,55,13902.090752
171,39,16097.265622
171,40,15840.644161
171,41,15496.939043
171,42,15417.842583
171,43,15401.946066
171,45,14820.552763
171,46,14614.727064
171,47,14463.857008
171,49,14209.176099
171,50,14188.686400
171,53,14079.866343
171,54,14024.921602
171,55,13902.090752
172,39,16097.265622
172,40,15840.644161
172,41,15496.939043
172,42,15417.842583
172,43,15401.946066
172,44,14554.194687
172,46,14418.772474
172,49,14209.176099
172,50,14188.686400
172,51,14177.476535
172,53,14079.866343
172,54,14024.921602
172,55,13902.090752
173,39,16097.265622
173,40,15728.315091
173,41,15496.939043
173,42,15417.842583
173,43,15401.946066
173,44,14554.194687
173,46,14418.772474
173,49,14209.176099
173,50,14188.686400
173,51,14177.476535
173,53,14079.866343
173,54,14024.921602
173,55,13902.090752
174,39,16097.265622
174,40,15728.315091
174,41,15496.939043
174,42,15126.577559
174,44,14554.194687
174,46,14418.772474
174,49,14209.176099
174,50,14171.772099
174,51,14165.382575
174,53,14079.866343
174,54,14024.921602
174,55,13902.090752
175,39,16097.265622
175,40,15678.562559
175,41,15323.096055
175,42,15078.219415
175,44,14516.421182
175,46,14418.772474
175,49,14142.179150
175,52,14121.359244
175,53,14009.183850
175,55,13882.853569
176,39,16097.265622
176,40,15678.562559
176,41,15323.096055
176,42,15078.219415
176,44,14516.421182
176,46,14418.772474
176,49,14142.179150
176,50,14060.359828
176,53,14009.183850
176,55,13882.853569
176,59,13875.828535
177,39,16097.265622
177,40,15678.562559
177,41,15323.096055
177,42,15078.219415
177,44,14516.421182
177,45,14438.965623
177,46,14418.772474
177,49,14142.179150
177,50,14060.359828
177,53,14009.183850
177,55,13882.853569
177,59,13875.828535
178,39,16097.265622
178,40,15678.562559
178,41,15323.096055
178,42,15078.219415
178,44,14516.421182
178,45,14438.965623
178,46,14418.772474
178,49,14142.179150
178,50,14060.359828
178,53,14009.183850
178,54,13904.311686
178,55,13882.853569
178,57,13861.313042
179,39,16097.265622
179,40,15678.562559
179,41,15323.096055
179,42,15078.219415
179,44,14437.458857
179,46,14418.772474
179,49,14142.179150
179,50,14060.359828
179,53,14009.183850
179,54,13904.311686
179,55,13882.853569
179,56,13780.216336
180,39,16097.265622
180,40,15678.562559
180,41,15323.096055
180,42,15078.219415
180,43,14495.425949
180,44,14437.458857
180,46,14418.772474
180,49,14113.609861
180,50,14060.359828
180,51,14021.052046
180,53,14009.183850
180,54,13904.311686
180,55,13882.853569
180,56,13780.216336
181,39,16097.265622
181,40,15678.562559
181,41,15323.096055
181,42,15078.219415
181,43,14369.207604
181,49,14113.609861
181,50,14060.359828
181,51,14021.052046
181,53,14009.183850
181,54,13904.311686
181,55,13882.853569
181,56,13780.216336
182,39,16097.265622
182,40,15498.713009
182,41,15323.096055
182,42,15078.219415
182,43,14369.207604
182,48,14327.101303
182,49,14113.609861
182,50,14060.359828
182,51,14021.052046
182,53,14009.183850
182,54,13904.311686
182,55,13882.853569
182,56,13756.874565
183,39,16097.265622
183,40,15498.713009
183,41,15323.096055
183,42,15078.219415
183,43,14369.207604
183,48,14327.101303
183,49,14113.609861
183,50,14060.359828
183,51,14021.052046
183,53,14009.183850
183,54,13904.311686
183,55,13882.853569
183,56,13756.874565
184,39,16097.265622
184,40,15498.713009
184,41,15323.096055
184,42,15078.219415
184,43,14369.207604
184,48,14327.101303
184,49,14113.609861
184,50,14060.359828
184,51,14021.052046
184,53,14009.183850
184,54,13904.311686
184,55,13882.853569
184,56,13756.874565
185,39,16097.265622
185,40,15498.713009
185,41,15263.897837
185,42,15078.219415
185,43,14322.810058
185,46,14256.279453
185,49,14113.609861
185,50,14060.359828
185,51,13976.508436
185,54,13878.318990
185,55,13683.328563
186,39,16097.265622
186,40,15498.713009
186,41,15263.897837
186,42,15078.219415
186,43,14322.810058
186,46,14256.279453
186,49,14113.609861
186,50,14060.359828
186,51,13976.508436
186,54,13878.318990
186,55,13683.328563
187,39,16097.265622
187,40,15451.423233
187,41,15263.897837
187,42,15078.219415
187,43,14322.810058
187,46,14256.279453
187,49,14113.609861
187,50,14060.359828
187,51,13976.508436
187,54,13878.318990
187,55,13683.328563
188,39,16097.265622
188,40,15451.423233
188,41,15263.897837
188,42,15078.219415
188,43,14322.810058
188,46,14256.279453
188,49,14113.609861
188,50,14060.359828
188,51,13976.508436
188,54,13878.318990
188,55,13683.328563
189,39,16097.265622
189,40,15451.423233
189,41,15263.897837
189,42,15078.219415
189,43,14322.810058
189,46,14256.279453
189,49,14113.609861
189,50,14060.359828
189,51,13976.508436
189,54,13878.318990
189,55,13683.328563
190,39,16097.265622
190,40,15184.516931
190,42,14910.364360
190,43,14282.254641
190,46,14256.279453
190,49,13946.847745
190,50,13944.486815
190,54,13878.318990
190,55,13683.328563
191,39,16097.265622
191,40,15184.516931
191,41,15130.369179
191,42,14910.364360
191,43,14282.254641
191,46,14256.279453
191,49,13946.847745
191,50,13944.486815
191,54,13878.318990
191,55,13683.328563
192,39,16097.265622
192,40,15184.516931
192,41,15130.369179
192,42,14910.364360
192,43,14282.254641
192,46,14256.279453
192,49,13946.847745
192,50,13944.486815
192,54,13878.318990
192,55,13683.328563
193,39,16097.265622
193,40,15184.516931
193,41,15130.369179
193,42,14910.364360
193,43,14282.254641
193,46,14256.279453
193,49,13946.847745
193,50,13944.486815
193,54,13878.318990
193,55,13683.328563
193,57,13681.494429
194,39,16097.265622
194,40,15184.516931
194,41,15130.369179
194,42,14910.364360
194,43,14282.254641
194,46,14256.279453
194,49,13946.847745
194,50,13944.486815
194,54,13878.318990
194,55,13683.328563
194,57,13681.494429
195,39,15741.828634
195,40,15184.516931
195,41,15129.057153
195,42,14896.332716
195,43,14231.358991
195,47,14076.013970
195,49,13946.847745
195,50,13944.486815
195,54,13859.732620
195,55,13681.090558
196,39,15741.828634
196,40,15184.516931
196,41,15129.057153
196,42,14896.332716
196,43,14231.358991
196,47,14076.013970
196,49,13946.847745
196,50,13944.486815
196,51,13863.712948
196,54,13859.732620
196,55,13681.090558
197,39,15741.828634
197,40,15184.516931
197,41,15129.057153
197,42,14896.332716
197,43,14231.358991
197,47,14076.013970
197,49,13946.847745
197,50,13933.862457
197,51,13863.712948
197,54,13859.732620
197,55,13681.090558
198,39,15741.828634
198,40,15184.516931
198,41,15129.057153
198,42,14731.407989
198,43,14231.358991
198,47,14076.013970
198,49,13946.847745
198,50,13875.022214
198,51,13863.712948
198,54,13859.732620
198,55,13681.090558
199,39,15741.828634
199,40,15184.516931
199,41,15129.057153
199,42,14452.615956
199,43,14231.358991
199,47,14076.013970
199,49,13946.847745
199,50,13875.022214
199,51,13863.712948
199,54,13823.700407
199,55,13681.090558
200,39,15741.828634
200,40,15140.636774
200,41,15074.548357
200,42,14413.318447
200,43,14221.922170
200,47,14072.037333
200,49,13946.847745
200,50,13795.285362
200,55,13631.889695
201,39,15741.828634
201,40,15140.636774
201,41,15074.548357
201,42,14413.318447
201,43,14221.922170
201,47,14072.037333
201,49,13946.847745
201,50,13795.285362
201,55,13631.889695
202,39,15720.413088
202,40,15140.636774
202,41,15074.548357
202,42,14413.318447
202,43,14221.922170
202,47,14072.037333
202,49,13946.847745
202,50,13795.285362
202,55,13631.889695
203,39,15720.413088
203,40,15140.636774
203,41,15074.548357
203,42,14276.486304
203,43,14221.922170
203,47,14072.037333
203,49,13946.847745
203,50,13795.285362
203,55,13631.889695
204,39,15720.413088
204,40,15140.636774
204,41,15074.548357
204,42,14276.486304
204,43,14221.922170
204,47,14072.037333
204,49,13946.847745
204,50,13795.285362
204,51,13783.976096
204,55,13631.889695
205,39,15409.322357
205,40,15102.080533
205,41,15074.548357
205,42,14238.226358
205,43,14220.320037
205,47,14056.204954
205,49,13946.847745
205,50,13759.594347
205,55,13609.580913
206,39,15409.322357
206,40,15102.080533
206,41,15074.548357
206,42,14238.226358
206,43,14220.320037
206,47,14056.204954
206,49,13946.847745
206,50,13759.594347
206,55,13609.580913
207,39,15409.322357
207,40,15102.080533
207,41,15074.548357
207,42,14238.226358
207,43,14220.320037
207,47,14056.204954
207,49,13946.847745
207,50,13759.594347
207,55,13609.580913
208,39,15409.322357
208,40,15102.080533
208,41,14505.057476
208,42,14238.226358
208,43,14220.320037
208,47,14056.204954
208,49,13946.847745
208,50,13759.594347
208,55,13609.580913
209,38,16167.880277
209,39,15409.322357
209,40,15102.080533
209,41,14505.057476
209,42,14238.226358
209,43,14220.320037
209,47,14056.204954
209,49,13946.847745
209,50,13759.594347
209,55,13609.580913
210,38,16167.880277
210,39,15324.588673
210,40,15100.592294
210,41,14434.168832
210,42,14233.398403
210,43,14188.836639
210,47,14056.204954
210,49,13729.461349
210,55,13596.920478
211,38,16167.880277
211,39,15324.588673
211,40,15100.592294
211,41,14434.168832
211,42,14233.398403
211,43,14188.836639
211,47,14056.204954
211,49,13729.461349
211,55,13596.920478
212,38,16167.880277
212,39,15324.588673
212,40,15100.592294
212,41,14434.168832
212,42,14233.398403
212,43,14188.836639
212,46,14135.460110
212,47,14056.204954
212,49,13729.461349
212,54,13719.445947
212,55,13596.920478
213,38,16167.880277
213,39,15310.002308
213,40,15100.592294
213,41,14434.168832
213,42,14233.398403
213,43,14188.836639
213,44,14134.506551
213,45,14109.522022
213,47,14056.204954
213,48,13731.494824
213,49,13729.461349
213,54,13719.445947
213,55,13596.920478
214,38,15787.411573
214,39,15310.002308
214,40,15100.592294
214,41,14434.168832
214,42,14233.398403
214,43,14188.836639
214,44,14134.506551
214,45,14109.522022
214,47,14056.204954
214,48,13731.494824
214,49,13729.461349
214,54,13719.445947
214,55,13596.920478
215,38,15787.411573
215,39,15163.785207
215,40,15100.592294
215,41,14346.890429
215,42,14221.514862
215,43,14171.727361
215,44,14134.506551
215,45,14109.522022
215,47,14043.669570
215,48,13731.494824
215,49,13729.461349
215,54,13719.445947
215,55,13587.246604
216,38,15787.411573
216,39,15163.785207
216,40,15100.592294
216,41,14346.890429
216,42,14221.514862
216,43,14171.727361
216,44,14134.506551
216,45,13956.450582
216,48,13731.494824
216,49,13729.461349
216,50,13625.791509
216,55,13587.246604
217,38,15787.411573
217,39,15163.785207
217,40,15100.592294
217,41,14346.890429
217,42,14221.514862
217,43,14171.727361
217,44,14134.506551
217,45,13956.450582
217,48,13731.494824
217,49,13729.461349
217,50,13625.791509
217,55,13587.246604
218,38,15787.411573
218,39,15163.785207
218,40,15100.592294
218,41,14346.890429
218,42,14180.780509
218,43,14171.727361
218,44,14134.506551
218,45,13956.450582
218,48,13731.494824
218,49,13729.461349
218,50,13625.791509
218,55,13587.246604
219,38,15787.411573
219,39,15163.785207
219,40,15100.592294
219,41,14346.890429
219,42,14180.780509
219,43,14171.727361
219,44,14134.506551
219,45,13956.450582
219,48,13731.494824
219,49,13729.461349
219,50,13625.791509
219,55,13587.246604
220,38,15787.411573
220,39,15115.034566
220,40,14964.286539
220,41,14323.682411
220,42,14115.414523
220,43,14101.334434
220,45,13956.450582
220,48,13714.151671
220,50,13625.791509
220,55,13555.465772
221,38,15545.729650
221,39,15115.034566
221,40,14964.286539
221,41,14323.682411
221,42,14115.414523
221,43,14101.334434
221,45,13916.998634
221,48,13714.151671
221,50,13625.791509
221,55,13555.465772
222,38,15545.729650
222,39,15115.034566
222,40,14964.286539
222,41,14199.687643
222,42,14115.414523
222,43,14101.334434
222,45,13916.998634
222,48,13714.151671
222,50,13625.791509
222,55,13551.426257
223,38,15545.729650
223,39,15113.954077
223,40,14964.286539
223,41,14132.640837
223,42,14115.414523
223,43,14101.334434
223,45,13916.998634
223,46,13724.410018
223,48,13714.151671
223,50,13625.791509
223,55,13551.426257
224,38,15545.729650
224,39,15113.954077
224,40,14964.286539
224,41,14132.640837
224,42,14115.414523
224,43,14101.334434
224,45,13916.998634
224,46,13724.410018
224,48,13714.151671
224,50,13625.791509
224,55,13539.236466
225,38,15462.854366
225,39,14974.963759
225,40,14960.446012
225,41,14076.439585
225,42,14043.752160
225,45,13916.998634
225,46,13719.011939
225,48,13704.957329
225,49,13579.297769
225,55,13520.479362
226,38,15171.783639
226,39,14974.963759
226,40,14960.446012
226,41,14024.194974
226,45,13916.998634
226,46,13719.011939
226,48,13704.957329
226,49,13579.297769
226,55,13520.479362
227,38,15171.783639
227,39,14974.963759
227,40,14960.446012
227,41,14024.194974
227,44,14005.039794
227,45,13916.998634
227,46,13719.011939
227,48,13704.957329
227,49,13579.297769
227,55,13520.479362
228,38,15171.783639
228,39,14974.963759
228,40,14960.446012
228,41,14024.194974
228,44,14005.039794
228,45,13916.998634
228,46,13719.011939
228,48,13704.957329
228,49,13579.297769
228,55,13520.479362
229,38,15171.783639
229,39,14974.963759
229,40,14960.446012
229,41,14024.194974
229,44,14005.039794
229,45,13916.998634
229,46,13719.011939
229,48,13704.957329
229,49,13579.297769
229,55,13520.479362
230,38,15102.165071
230,39,14378.156270
230,41,14024.194974
230,44,13972.579879
230,45,13874.586834
230,46,13719.011939
230,48,13704.957329
230,49,13579.297769
230,55,13519.141223
231,38,15090.061295
231,39,14378.156270
231,41,14024.194974
231,44,13972.579879
231,45,13874.586834
231,46,13719.011939
231,48,13704.957329
231,49,13579.297769
231,55,13519.141223
231,58,13510.382110
232,38,15090.061295
232,39,14378.156270
232,41,14024.194974
232,44,13972.579879
232,45,13874.586834
232,46,13719.011939
232,48,13704.957329
232,49,13579.297769
232,55,13519.141223
232,58,13510.382110
233,38,15090.061295
233,39,14378.156270
233,41,14024.194974
233,44,13972.579879
233,45,13874.586834
233,46,13719.011939
233,48,13704.957329
233,49,13579.297769
233,55,13519.141223
233,58,13510.382110
234,38,15090.061295
234,39,14378.156270
234,41,14006.555924
234,44,13972.579879
234,45,13874.586834
234,46,13719.011939
234,48,13698.567291
234,49,13579.297769
234,55,13519.141223
234,58,13510.382110
235,37,15770.093600
235,38,15090.061295
235,39,14330.244572
235,41,14006.555924
235,44,13972.285353
235,45,13874.586834
235,46,13715.718345
235,48,13652.941403
235,49,13579.297769
235,50,13556.923706
235,52,13492.143926
236,37,15770.093600
236,38,15090.061295
236,39,14330.244572
236,41,14006.555924
236,44,13972.285353
236,45,13874.586834
236,46,13715.718345
236,48,13652.941403
236,49,13579.297769
236,50,13556.923706
236,52,13492.143926
237,37,15770.093600
237,38,15090.061295
237,39,14330.244572
237,41,14006.555924
237,43,14003.319293
237,44,13972.285353
237,45,13874.586834
237,46,13715.718345
237,48,13652.941403
237,49,13579.297769
237,50,13556.923706
237,52,13492.143926
238,37,15770.093600
238,38,15090.061295
238,39,14330.244572
238,41,14006.555924
238,43,14003.319293
238,44,13972.285353
238,45,13874.586834
238,46,13715.718345
238,48,13652.941403
238,49,13579.297769
238,50,13556.923706
238,52,13492.143926
239,37,15770.093600
239,38,15090.061295
239,39,14330.244572
239,41,14006.555924
239,43,14003.319293
239,44,13972.285353
239,45,13874.586834
239,46,13715.718345
239,48,13652.941403
239,49,13524.840161
239,52,13492.143926
240,37,15770.093600
240,38,15014.071818
240,39,14318.495512
240,41,14006.555924
240,43,13971.573026
240,44,13957.177213
240,45,13874.586834
240,46,13698.213514
240,47,13614.960021
240,49,13524.840161
240,50,13422.113596
241,37,15770.093600
241,38,15014.071818
241,39,14318.495512
241,40,14231.090609
241,41,14006.555924
241,43,13971.573026
241,44,13957.177213
241,45,13874.586834
241,46,13698.213514
241,47,13614.960021
241,49,13524.840161
241,50,13422.113596
242,37,15770.093600
242,38,14961.242288
242,39,14318.495512
242,40,14231.090609
242,41,14006.555924
242,43,13971.573026
242,44,13957.177213
242,45,13874.586834
242,46,13698.213514
242,47,13614.960021
242,48,13504.861999
242,50,13422.113596
243,37,15770.093600
243,38,14961.242288
243,39,14318.495512
243,40,14231.090609
243,41,14006.555924
243,43,13971.573026
243,44,13957.177213
243,45,13874.586834
243,46,13698.213514
243,47,13614.960021
243,48,13504.861999
243,50,13422.113596
244,37,15770.093600
244,38,14928.838724
244,39,14318.495512
244,40,14231.090609
244,41,14006.555924
244,43,13971.573026
244,44,13946.642736
244,45,13874.586834
244,46,13698.213514
244,47,13614.960021
244,48,13504.861999
244,50,13422.113596
245,37,15770.093600
245,38,14925.025021
245,39,14203.778008
245,40,14160.044695
245,41,13993.752625
245,43,13954.729950
245,44,13946.642736
245,45,13832.414311
245,46,13626.936307
245,47,13600.845489
245,48,13378.596169
246,37,15770.093600
246,38,14925.025021
246,39,14203.778008
246,40,14160.044695
246,41,13993.752625
246,43,13954.729950
246,44,13946.642736
246,45,13832.414311
246,46,13626.936307
246,47,13600.845489
246,48,13378.596169
247,37,15770.093600
247,38,14925.025021
247,39,14203.778008
247,40,14160.044695
247,41,13979.928842
247,43,13954.729950
247,44,13946.642736
247,45,13832.414311
247,46,13626.936307
247,47,13600.845489
247,48,13378.596169
248,37,15751.725748
248,38,14835.523681
248,39,14203.778008
248,40,14160.044695
248,41,13979.928842
248,42,13978.624660
248,43,13954.729950
248,44,13946.642736
248,45,13832.414311
248,46,13626.936307
248,47,13600.845489
248,48,13378.596169
249,37,15751.725748
249,38,14835.523681
249,39,14203.778008
249,40,14160.044695
249,41,13979.928842
249,42,13936.531311
249,45,13832.414311
249,46,13626.936307
249,47,13600.845489
249,48,13378.596169
250,37,14723.696786
250,39,14203.778008
250,40,14160.044695
250,41,13979.928842
250,42,13884.426840
250,45,13828.585009
250,46,13626.936307
250,47,13600.845489
250,48,13378.596169
251,37,14665.828244
251,39,14203.778008
251,40,14160.044695
251,41,13979.928842
251,42,13884.426840
251,45,13828.585009
251,46,13626.936307
251,47,13600.845489
251,48,13378.596169
252,36,15298.466951
252,37,14665.828244
252,39,14203.778008
252,40,14160.044695
252,41,13979.928842
252,42,13884.426840
252,45,13828.585009
252,46,13626.936307
252,47,13600.845489
252,48,13378.596169
253,36,15298.466951
253,37,14665.828244
253,39,14203.778008
253,40,14160.044695
253,41,13979.928842
253,42,13884.426840
253,45,13828.585009
253,46,13626.936307
253,47,13600.845489
253,48,13378.596169
253,49,13362.199575
254,36,14909.824514
254,37,14665.828244
254,39,14203.778008
254,40,14160.044695
254,41,13979.928842
254,42,13884.426840
254,45,13828.585009
254,46,13626.936307
254,47,13600.845489
254,48,13378.596169
254,49,13362.199575
255,36,14909.824514
255,37,14665.828244
255,39,14182.105541
255,40,14155.345507
255,41,13929.739406
255,42,13865.347461
255,45,13805.403079
255,46,13626.936307
255,47,13513.314582
255,48,13321.206698
256,36,14909.824514
256,37,14665.828244
256,39,14182.105541
256,40,14155.345507
256,41,13905.290796
256,42,13865.347461
256,45,13805.403079
256,46,13626.936307
256,47,13513.314582
256,48,13321.206698
257,36,14909.824514
257,37,14665.828244
257,39,14182.105541
257,40,14155.345507
257,41,13902.056714
257,42,13865.347461
257,45,13805.403079
257,46,13626.936307
257,47,13513.314582
257,48,13321.206698
258,36,14909.824514
258,37,14665.828244
258,39,14182.105541
258,40,14155.345507
258,41,13902.056714
258,42,13865.347461
258,45,13805.403079
258,46,13626.936307
258,47,13513.314582
258,48,13321.206698
259,36,14909.824514
259,37,14665.828244
259,39,14182.105541
259,40,14155.345507
259,41,13902.056714
259,42,13865.347461
259,45,13805.403079
259,46,13626.936307
259,47,13513.314582
259,48,13321.206698
259,54,13301.376412
260,36,14909.824514
260,37,14595.114353
260,39,14142.508078
260,41,13886.631770
260,42,13831.651191
260,45,13805.403079
260,46,13626.936307
260,47,13502.929099
260,48,13321.206698
260,54,13301.376412
261,36,14909.824514
261,37,14595.114353
261,39,14142.508078
261,40,14080.279787
261,41,13886.631770
261,42,13831.651191
261,45,13805.403079
261,46,13626.936307
261,47,13502.929099
261,48,13321.206698
261,53,13282.005411
262,36,14909.824514
262,37,14595.114353
262,39,14142.508078
262,40,14080.279787
262,41,13886.631770
262,42,13831.651191
262,45,13805.403079
262,46,13626.936307
262,47,13502.929099
262,48,13321.206698
262,53,13282.005411
263,36,14890.448327
263,37,14595.114353
263,39,14142.508078
263,40,14080.279787
263,41,13886.631770
263,42,13831.651191
263,45,13805.403079
263,46,13626.936307
263,47,13502.929099
263,48,13321.206698
263,53,13282.005411
264,36,14890.448327
264,37,14595.114353
264,39,14142.508078
264,40,14080.279787
264,41,13886.631770
264,42,13831.651191
264,45,13805.403079
264,46,13626.936307
264,47,13502.929099
264,48,13321.206698
264,53,13282.005411
265,36,14890.448327
265,37,14576.517688
265,38,14055.911526
265,41,13885.837486
265,42,13811.520825
265,45,13797.065962
265,46,13608.302624
265,47,13454.630235
265,48,13295.975067
265,53,13255.593893
266,36,14890.448327
266,37,14576.517688
266,38,14055.911526
266,41,13885.837486
266,42,13811.520825
266,45,13797.065962
266,46,13608.302624
266,47,13454.630235
266,48,13295.975067
266,53,13255.593893
267,36,14890.448327
267,37,14518.400273
267,38,14055.911526
267,41,13885.837486
267,42,13811.520825
267,45,13683.380110
267,46,13608.302624
267,47,13454.630235
267,48,13295.975067
267,53,13255.593893
268,36,14890.448327
268,37,14518.400273
268,38,14055.911526
268,41,13885.837486
268,42,13811.520825
268,45,13683.380110
268,46,13608.302624
268,47,13454.630235
268,48,13295.975067
268,53,13255.593893
269,36,14890.448327
269,37,14518.400273
269,38,14055.911526
269,40,13887.010186
269,41,13885.837486
269,42,13811.520825
269,45,13683.380110
269,46,13608.302624
269,47,13454.630235
269,48,13295.975067
269,49,13287.813529
269,53,13255.593893
270,36,14890.448327
270,37,14518.400273
270,38,14055.911526
270,40,13887.010186
270,41,13879.528570
270,42,13739.704662
270,45,13683.380110
270,46,13593.642359
270,47,13452.388163
270,48,13288.159629
270,49,13287.813529
270,53,13255.593893
271,36,14890.448327
271,37,14518.400273
271,38,14055.911526
271,40,13887.010186
271,41,13879.528570
271,42,13739.704662
271,43,13598.994764
271,46,13593.642359
271,47,13452.388163
271,48,13288.159629
271,49,13287.813529
271,53,13255.593893
272,36,14890.448327
272,37,14518.400273
272,38,14055.911526
272,39,13979.311155
272,40,13887.010186
272,41,13879.528570
272,42,13739.704662
272,43,13598.994764
272,46,13593.642359
272,47,13452.388163
272,48,13288.159629
272,49,13287.813529
272,53,13255.593893
273,36,14890.448327
273,37,14518.400273
273,38,14055.911526
273,39,13979.311155
273,40,13887.010186
273,41,13879.528570
273,42,13739.704662
273,43,13598.994764
273,46,13593.642359
273,47,13452.388163
273,48,13271.004675
273,53,13255.593893
274,36,14828.079347
274,37,14518.400273
274,38,14055.911526
274,39,13979.311155
274,40,13887.010186
274,41,13879.528570
274,42,13739.704662
274,43,13598.994764
274,46,13593.642359
274,47,13452.388163
274,48,13255.762227
274,53,13255.593893
275,36,14828.079347
275,37,14518.400273
275,38,14055.911526
275,39,13941.760842
275,40,13887.010186
275,41,13861.358403
275,42,13739.704662
275,43,13598.994764
275,46,13468.109622
275,47,13452.388163
275,48,13248.446787
276,35,15008.147742
276,36,14828.079347
276,37,14518.400273
276,38,14055.911526
276,39,13941.760842
276,40,13887.010186
276,41,13861.358403
276,42,13739.704662
276,43,13598.994764
276,46,13468.109622
276,47,13219.770424
277,35,15008.147742
277,36,14828.079347
277,37,14518.400273
277,38,14055.911526
277,39,13904.656236
277,40,13871.011054
277,41,13861.358403
277,42,13739.704662
277,43,13598.994764
277,46,13468.109622
277,47,13219.770424
278,35,15008.147742
278,36,14828.079347
278,37,14518.400273
278,38,14055.911526
278,39,13904.656236
278,40,13871.011054
278,41,13861.358403
278,42,13739.704662
278,43,13598.994764
278,46,13468.109622
278,47,13219.770424
279,35,15008.147742
279,36,14828.079347
279,37,14518.400273
279,38,14055.911526
279,39,13904.656236
279,40,13871.011054
279,41,13861.358403
279,42,13739.704662
279,43,13598.994764
279,46,13468.109622
279,47,13219.770424
280,35,14876.870010
280,36,14793.990923
280,37,14518.400273
280,38,14028.443374
280,39,13904.656236
280,40,13848.646218
280,42,13634.605441
280,43,13558.374162
280,46,13407.616171
280,47,13212.584954
281,35,14876.870010
281,36,14793.990923
281,37,14518.400273
281,38,14028.443374
281,39,13904.656236
281,40,13848.646218
281,42,13634.605441
281,43,13558.374162
281,46,13407.616171
281,47,13211.212964
282,35,14876.870010
282,36,14793.990923
282,37,14518.400273
282,38,14028.443374
282,39,13904.656236
282,40,13848.646218
282,42,13634.605441
282,43,13558.374162
282,46,13407.616171
282,47,13211.212964
282,49,13160.648378
283,35,14876.870010
283,36,14793.990923
283,37,14518.400273
283,38,14028.443374
283,39,13904.656236
283,40,13842.265581
283,42,13634.605441
283,43,13558.374162
283,46,13407.616171
283,47,13211.212964
283,49,13160.648378
284,35,14876.870010
284,36,14793.990923
284,37,14518.400273
284,38,14028.443374
284,39,13904.656236
284,40,13842.265581
284,42,13634.605441
284,43,13558.374162
284,46,13407.616171
284,47,13208.072454
284,49,13160.648378
285,35,14876.870010
285,36,14673.453289
285,37,14479.696032
285,38,14000.295692
285,39,13904.656236
285,40,13824.876579
285,42,13603.614384
285,43,13537.824567
285,46,13407.616171
285,47,13183.659374
285,49,13147.511834
286,35,14812.028191
286,36,14673.453289
286,37,14479.696032
286,38,14000.295692
286,39,13904.656236
286,40,13814.796165
286,42,13603.614384
286,43,13537.824567
286,46,13407.616171
286,47,13183.659374
286,49,13147.511834
287,35,14812.028191
287,36,14673.453289
287,37,14479.696032
287,38,14000.295692
287,39,13904.656236
287,40,13814.796165
287,42,13603.614384
287,43,13537.824567
287,46,13407.616171
287,47,13183.659374
287,49,13147.511834
288,34,15611.025703
288,35,14812.028191
288,36,14673.453289
288,37,14241.702946
288,38,14000.295692
288,39,13904.656236
288,40,13814.796165
288,42,13603.614384
288,43,13537.824567
288,46,13224.681991
288,47,13183.659374
288,49,13147.511834
289,34,15611.025703
289,35,14812.028191
289,36,14673.453289
289,37,14241.702946
289,38,14000.295692
289,39,13904.656236
289,40,13814.796165
289,42,13603.614384
289,43,13537.824567
289,46,13224.681991
289,47,13183.659374
289,49,13147.511834
290,34,15611.025703
290,35,14812.028191
290,36,14657.105641
290,37,14116.415492
290,38,13983.434681
290,39,13847.933663
290,40,13814.796165
290,42,13576.636236
290,43,13537.824567
290,46,13224.681991
290,47,13142.376947
290,49,13114.594451
291,34,15611.025703
291,35,14812.028191
291,36,14657.105641
291,37,14116.415492
291,38,13983.434681
291,39,13847.933663
291,40,13814.796165
291,42,13576.636236
291,43,13537.824567
291,46,13224.681991
291,47,13142.376947
291,49,13114.594451
292,34,15611.025703
292,35,14812.028191
292,36,14657.105641
292,37,14116.415492
292,38,13983.434681
292,39,13847.933663
292,40,13814.796165
292,42,13576.636236
292,43,13537.824567
292,46,13224.681991
292,47,13142.376947
292,49,13114.594451
293,34,15611.025703
293,35,14785.912545
293,36,14657.105641
293,37,14116.415492
293,38,13983.434681
293,39,13847.933663
293,40,13814.796165
293,42,13576.636236
293,43,13537.824567
293,46,13224.681991
293,47,13120.746663
293,49,13114.594451
294,34,15611.025703
294,35,14785.912545
294,36,14657.105641
294,37,14116.415492
294,38,13983.434681
294,39,13847.933663
294,40,13814.796165
294,42,13576.636236
294,43,13537.824567
294,46,13181.973416
294,47,13086.158493
295,34,15611.025703
295,35,14785.912545
295,36,14608.986756
295,37,14041.282125
295,38,13949.382764
295,39,13837.600893
295,40,13814.796165
295,42,13576.636236
295,43,13537.824567
295,46,13181.973416
295,47,13079.135717
296,34,15611.025703
296,35,14785.912545
296,36,14608.986756
296,37,14041.282125
296,38,13949.382764
296,39,13837.600893
296,40,13814.796165
296,42,13576.636236
296,43,13537.824567
296,46,13181.973416
296,47,13079.135717
297,34,15611.025703
297,35,14762.979354
297,36,14608.986756
297,37,14041.282125
297,38,13949.382764
297,39,13837.600893
297,40,13814.796165
297,41,13811.306935
297,42,13576.636236
297,43,13537.824567
297,45,13358.051479
297,46,13181.973416
297,47,13079.135717
298,34,15611.025703
298,35,14762.979354
298,36,14608.986756
298,37,14041.282125
298,38,13949.382764
298,39,13837.600893
298,40,13767.168442
298,42,13576.636236
298,43,13537.824567
298,45,13358.051479
298,46,13181.973416
298,47,13079.135717
299,34,15611.025703
299,35,14762.979354
299,36,14608.986756
299,37,14041.282125
299,38,13949.382764
299,39,13837.600893
299,40,13767.168442
299,42,13576.636236
299,43,13537.824567
299,45,13358.051479
299,46,13181.973416
299,47,13079.135717
300,34,15611.025703
300,35,14762.979354
300,36,14608.986756
300,37,14041.282125
300,38,13949.382764
300,39,13820.274514
300,40,13754.673476
300,42,13548.138656
300,43,13479.663521
300,45,13246.294920
300,46,13154.630431
300,47,13044.440762
301,34,15611.025703
301,35,14762.979354
301,36,14608.986756
301,37,14041.282125
301,38,13949.382764
301,39,13820.274514
301,40,13754.673476
301,42,13548.138656
301,43,13479.663521
301,45,13221.978146
301,46,13146.732778
301,47,13044.440762
302,34,15611.025703
302,35,14762.979354
302,36,14608.986756
302,37,14041.282125
302,38,13949.382764
302,39,13820.274514
302,40,13754.673476
302,42,13548.138656
302,43,13479.663521
302,45,13221.978146
302,46,13146.732778
302,47,13044.440762
303,34,15611.025703
303,35,14762.979354
303,36,14608.986756
303,37,14041.282125
303,38,13949.382764
303,39,13820.274514
303,40,13754.673476
303,42,13548.138656
303,43,13479.663521
303,45,13038.205840
304,34,15611.025703
304,35,14731.631038
304,36,14608.986756
304,37,14041.282125
304,38,13949.382764
304,39,13820.274514
304,40,13754.673476
304,41,13612.223918
304,42,13548.138656
304,43,13479.663521
304,45,13038.205840
305,34,15611.025703
305,35,14731.631038
305,36,14608.986756
305,37,14026.749986
305,38,13888.674198
305,39,13762.907602
305,40,13744.113318
305,41,13612.223918
305,42,13534.886741
305,43,13479.663521
305,45,13022.049174
306,34,15611.025703
306,35,14731.631038
306,36,14608.986756
306,37,14026.749986
306,38,13888.674198
306,39,13762.907602
306,40,13744.113318
306,41,13612.223918
306,42,13534.886741
306,43,13479.663521
306,45,13022.049174
306,48,13011.864027
307,34,15611.025703
307,35,14731.631038
307,36,14608.986756
307,37,14026.749986
307,38,13888.674198
307,39,13762.907602
307,40,13744.113318
307,41,13612.223918
307,42,13534.886741
307,43,13479.663521
307,45,13022.049174
307,48,13011.864027
308,34,15611.025703
308,35,14731.631038
308,36,14608.986756
308,37,14026.749986
308,38,13888.674198
308,39,13762.907602
308,40,13744.113318
308,41,13612.223918
308,42,13534.886741
308,43,13479.663521
308,45,13022.049174
308,48,12985.092106
309,34,15611.025703
309,35,14731.631038
309,36,14608.986756
309,37,14026.749986
309,38,13888.674198
309,39,13762.907602
309,40,13696.894457
309,41,13612.223918
309,42,13534.886741
309,43,13479.663521
309,45,13022.049174
309,47,13020.285347
309,48,12985.092106
310,34,15611.025703
310,35,14731.631038
310,36,14566.436290
310,37,13997.413421
310,38,13884.106210
310,39,13736.525335
310,40,13686.851692
310,41,13612.223918
310,42,13519.541587
310,43,13478.574449
310,45,12987.311298
310,47,12982.455636
311,34,15611.025703
311,35,14731.631038
311,36,14566.436290
311,37,13997.413421
311,38,13884.106210
311,39,13715.227294
311,40,13686.851692
311,41,13612.223918
311,42,13519.541587
311,43,13478.574449
311,44,13131.579432
311,45,12987.311298
311,47,12982.455636
312,34,15611.025703
312,35,14731.631038
312,36,14566.436290
312,37,13997.413421
312,38,13884.106210
312,39,13715.227294
312,40,13686.851692
312,41,13612.223918
312,42,13519.541587
312,43,13478.574449
312,44,13131.579432
312,45,12987.311298
312,47,12982.455636
312,50,12974.329522
313,34,15611.025703
313,35,14731.631038
313,36,14566.436290
313,37,13997.413421
313,38,13884.106210
313,39,13715.227294
313,40,13669.733707
313,41,13612.223918
313,42,13519.541587
313,43,13478.574449
313,44,13131.579432
313,45,12987.311298
313,47,12982.455636
313,50,12974.329522
314,34,15611.025703
314,35,14731.631038
314,36,14566.436290
314,37,13997.413421
314,38,13884.106210
314,39,13715.227294
314,40,13669.733707
314,41,13612.223918
314,42,13519.541587
314,43,13478.574449
314,44,13131.579432
314,45,12987.311298
314,47,12982.455636
314,50,12974.329522
315,34,15611.025703
315,35,14731.631038
315,36,14544.425069
315,37,13995.810980
315,38,13884.106210
315,39,13715.227294
315,40,13662.847629
315,41,13612.223918
315,42,13473.537844
315,43,13470.389616
315,44,13078.159599
315,45,12956.616600
316,34,15611.025703
316,35,14731.631038
316,36,14544.425069
316,37,13995.810980
316,38,13884.106210
316,39,13715.227294
316,40,13662.847629
316,41,13612.223918
316,42,13473.537844
316,43,13470.389616
316,44,12969.167716
316,45,12921.016534
317,34,15611.025703
317,35,14731.631038
317,36,14314.769532
317,37,13995.810980
317,38,13884.106210
317,39,13693.112453
317,40,13662.847629
317,41,13612.223918
317,42,13473.537844
317,43,13470.389616
317,44,12969.167716
317,45,12921.016534
318,34,15611.025703
318,35,14731.631038
318,36,14314.769532
318,37,13995.810980
318,38,13884.106210
318,39,13693.112453
318,40,13639.390469
318,41,13612.223918
318,42,13473.537844
318,43,13470.389616
318,44,12969.167716
318,45,12921.016534
319,34,15350.106012
319,35,14731.631038
319,36,14314.769532
319,37,13995.810980
319,38,13884.106210
319,39,13693.112453
319,40,13639.390469
319,41,13612.223918
319,42,13473.537844
319,43,13470.389616
319,44,12969.167716
319,45,12911.983382
320,34,15350.106012
320,35,14708.793061
320,36,14314.769532
320,37,13974.900121
320,38,13878.868505
320,39,13693.112453
320,40,13635.516914
320,41,13612.223918
320,42,13469.884342
320,44,12952.976937
320,45,12911.983382
321,34,15350.106012
321,35,14708.793061
321,36,14314.769532
321,37,13974.900121
321,38,13878.868505
321,39,13650.244779
321,40,13635.516914
321,41,13612.223918
321,42,13469.884342
321,44,12952.976937
321,45,12911.983382
322,34,15350.106012
322,35,14708.793061
322,36,14314.769532
322,37,13974.900121
322,38,13878.868505
322,39,13650.244779
322,40,13635.516914
322,41,13612.223918
322,42,13469.884342
322,44,12919.057648
322,45,12911.983382
323,34,15350.106012
323,35,14605.606055
323,36,14314.769532
323,37,13974.900121
323,38,13878.868505
323,39,13650.244779
323,40,13635.516914
323,41,13612.223918
323,42,13469.884342
323,44,12830.412298
324,34,15350.106012
324,35,14605.606055
324,36,14314.769532
324,37,13974.900121
324,38,13878.868505
324,39,13650.244779
324,40,13635.516914
324,41,13612.223918
324,42,13469.884342
324,44,12830.412298
325,34,15215.519166
325,35,14358.718860
325,36,14310.928620
325,37,13956.000028
325,38,13860.214378
325,39,13649.675057
325,40,13635.516914
325,41,13612.223918
325,42,13469.884342
325,44,12830.412298
326,34,15215.519166
326,35,14358.718860
326,36,14310.928620
326,37,13956.000028
326,38,13860.214378
326,39,13649.675057
326,40,13635.516914
326,41,13612.223918
326,42,13469.884342
326,44,12830.412298
327,34,15215.519166
327,35,14358.718860
327,36,14310.928620
327,37,13956.000028
327,38,13860.214378
327,39,13649.675057
327,40,13635.516914
327,41,13612.223918
327,42,13469.884342
327,44,12830.412298
328,34,15215.519166
328,35,14358.718860
328,36,14310.928620
328,37,13956.000028
328,38,13860.214378
328,39,13649.675057
328,40,13498.561180
328,42,13404.697049
328,44,12830.412298
