Generation,NV,TOC
1,57,25191.000487
1,71,24772.705122
1,74,21200.649429
1,91,19087.657835
1,94,18855.840811
1,97,18715.904160
1,98,18515.547471
1,106,18263.824834
1,107,18198.722374
1,111,17984.706349
1,119,17890.690872
1,120,17452.890381
1,132,17317.260617
1,134,17287.950427
1,135,17286.837507
1,136,17181.431798
1,139,16933.276301
1,144,16708.035291
1,156,16676.271163
1,165,16630.999465
1,181,16386.189920
1,190,16304.347133
2,57,25191.000487
2,61,24961.350861
2,71,24772.705122
2,72,23617.549659
2,74,21200.649429
2,91,19087.657835
2,94,18600.761664
2,97,18398.475807
2,105,18056.001514
2,111,17984.706349
2,117,17941.967389
2,119,17890.690872
2,120,17452.890381
2,121,17020.317009
2,125,16918.035478
2,136,16849.989840
2,140,16745.290761
2,144,16683.867199
2,154,15987.839766
3,57,25191.000487
3,59,24452.324106
3,64,23381.602277
3,73,20534.249141
3,85,18682.676451
3,92,18559.982363
3,93,18103.537029
3,97,17525.543554
3,111,17086.691487
3,116,16690.053002
3,130,15881.111262
3,138,15872.036029
4,57,25191.000487
4,59,24452.324106
4,60,24288.668580
4,62,23968.589724
4,64,23381.602277
4,66,22786.269716
4,73,20534.249141
4,81,19722.463471
4,85,18682.676451
4,90,18490.058410
4,91,18416.979048
4,93,18103.537029
4,97,17525.543554
4,108,17236.887087
4,111,17086.691487
4,114,16665.550494
4,117,16389.325131
4,122,16241.820335
4,130,15881.111262
4,138,15872.036029
4,140,15863.235837
4,156,15848.252279
4,157,15806.558227
5,57,25191.000487
5,58,23875.417757
5,64,23381.602277
5,66,22611.763218
5,68,21355.411194
5,73,20534.249141
5,81,19722.463471
5,85,18682.676451
5,90,18490.058410
5,91,18416.979048
5,93,18103.537029
5,97,17525.543554
5,108,17236.887087
5,111,17086.691487
5,112,16876.609488
5,114,16665.550494
5,117,16389.325131
5,122,16241.820335
5,128,16000.720767
5,130,15881.111262
5,138,15872.036029
5,140,15863.235837
5,146,15746.193240
6,57,24353.394984
6,58,23875.417757
6,59,23089.715812
6,66,22611.763218
6,68,21355.411194
6,73,20534.249141
6,76,20490.993083
6,80,19917.001372
6,81,19722.463471
6,85,18682.676451
6,90,18490.058410
6,91,18416.979048
6,93,17826.775484
6,97,17525.543554
6,108,17236.887087
6,110,16690.890797
6,114,16578.568535
6,116,16269.946451
6,120,16212.220694
6,121,16128.896828
6,128,15765.072162
6,140,15510.912963
7,57,24353.394984
7,58,23875.417757
7,59,23089.715812
7,65,22871.569287
7,66,22117.114063
7,68,21355.411194
7,73,20534.249141
7,76,20490.993083
7,80,19917.001372
7,81,19722.463471
7,83,17951.874967
7,87,17506.118287
7,97,17018.828619
7,110,16690.890797
7,114,16578.568535
7,116,16269.946451
7,120,16212.220694
7,121,16128.896828
7,128,15765.072162
7,140,15510.912963
8,57,24353.394984
8,58,23875.417757
8,59,20876.246896
8,70,18756.607061
8,72,18314.837934
8,83,17951.874967
8,87,17506.118287
8,95,17244.555015
8,96,17158.999002
8,97,17018.828619
8,110,16690.890797
8,114,16578.568535
8,116,16269.946451
8,120,16212.220694
8,121,16128.896828
8,128,15765.072162
8,140,15510.912963
9,55,22878.227473
9,58,22017.198974
9,59,20876.246896
9,65,19554.788232
9,69,18919.952154
9,70,18756.607061
9,72,18314.837934
9,77,18114.233343
9,82,17504.256793
9,95,17244.555015
9,96,17158.999002
9,97,17018.828619
9,100,16929.822380
9,110,16690.890797
9,114,16578.568535
9,116,16269.946451
9,120,16212.220694
9,121,16128.896828
9,128,15765.072162
9,140,15510.912963
10,55,22878.227473
10,58,22017.198974
10,59,20876.246896
10,65,19554.788232
10,69,18919.952154
10,70,18756.607061
10,72,18314.837934
10,75,18282.949005
10,77,18114.233343
10,82,17504.256793
10,84,17388.217219
10,86,17324.432167
10,91,16423.928040
10,114,16333.370409
10,116,16269.946451
10,118,16258.451007
10,119,16256.251992
10,120,16212.220694
10,121,16128.896828
10,128,15765.072162
10,140,15510.912963
10,158,15501.873052
11,55,22878.227473
11,58,22017.198974
11,59,20876.246896
11,65,19554.788232
11,66,19220.530457
11,69,18919.952154
11,70,18756.607061
11,72,18314.837934
11,75,17792.065017
11,81,17760.843622
11,82,17202.479385
11,86,16986.779672
11,89,16566.277303
11,91,16423.928040
11,110,16105.559932
11,117,15956.420151
11,128,15765.072162
11,140,15510.912963
11,143,15497.377163
12,55,22878.227473
12,58,22017.198974
12,59,20876.246896
12,65,19554.788232
12,66,19220.530457
12,69,18919.952154
12,70,18756.607061
12,72,18314.837934
12,74,18008.548714
12,75,17792.065017
12,79,17348.437000
12,82,17202.479385
12,86,16656.178272
12,87,16502.689610
12,90,16310.330888
12,93,16170.080054
12,110,16002.823112
12,116,15857.866732
12,127,15636.994970
12,139,15364.677772
13,55,22398.005351
13,58,22017.198974
13,59,20876.246896
13,65,19554.788232
13,66,19220.530457
13,67,19064.025096
13,68,18809.377557
13,70,18756.607061
13,71,18411.669241
13,72,18314.837934
13,74,18008.548714
13,75,17792.065017
13,78,17766.247243
13,79,17348.437000
13,82,17202.479385
13,86,16656.178272
13,87,16502.689610
13,90,16310.330888
13,93,16170.080054
13,110,16002.823112
13,113,15920.211911
13,116,15857.866732
13,127,15636.994970
13,139,15364.677772
14,54,21953.214679
14,59,20876.246896
14,65,19554.788232
14,66,19220.530457
14,67,18964.132680
14,68,18809.377557
14,70,18756.607061
14,71,18411.669241
14,72,18314.837934
14,74,18008.548714
14,75,17792.065017
14,78,17766.247243
14,79,17032.815720
14,81,16970.104617
14,84,16531.916880
14,86,16408.674550
14,88,16126.821071
14,92,16120.618867
14,102,15536.761024
14,139,15316.430809
15,54,21953.214679
15,59,20876.246896
15,64,19431.767789
15,65,19185.230876
15,67,18964.132680
15,68,18549.595689
15,71,18411.669241
15,72,18314.837934
15,74,18008.548714
15,75,17792.065017
15,78,17766.247243
15,79,17032.815720
15,81,16970.104617
15,84,16531.916880
15,86,16408.674550
15,88,16126.821071
15,92,16120.618867
15,102,15536.761024
15,125,15504.201017
15,128,15461.222409
15,138,15378.632712
15,139,15316.430809
16,54,21953.214679
16,55,20981.670365
16,59,20876.246896
16,61,20325.771731
16,64,19431.767789
16,65,19185.230876
16,67,18964.132680
16,68,18549.595689
16,71,18411.669241
16,72,18314.837934
16,74,18008.548714
16,75,17792.065017
16,78,17766.247243
16,79,17032.815720
16,81,16875.805793
16,83,16508.220328
16,85,16298.600001
16,88,15949.258216
16,102,15523.774675
16,124,15430.330839
16,136,15160.020869
17,54,21953.214679
17,55,20981.670365
17,59,20876.246896
17,61,20325.771731
17,64,19431.767789
17,65,19185.230876
17,67,18964.132680
17,68,18549.595689
17,71,18411.669241
17,72,18314.837934
17,74,18008.548714
17,75,17783.382356
17,78,17766.247243
17,79,17032.815720
17,81,16875.805793
17,83,16508.220328
17,85,16298.600001
17,88,15949.258216
17,102,15523.774675
17,115,15462.556789
17,117,15415.107345
17,136,15160.020869
18,52,21437.755801
18,55,20981.670365
18,59,20876.246896
18,61,20325.771731
18,64,19431.767789
18,65,19185.230876
18,66,18593.243466
18,68,18549.595689
18,71,18411.669241
18,72,18314.837934
18,74,18008.548714
18,75,17783.382356
18,78,16977.177566
18,81,16875.805793
18,82,16452.952147
18,85,16230.074802
18,88,15817.597775
18,96,15809.536706
18,101,15440.590094
18,113,15302.478333
18,115,15259.402868
18,117,15043.034634
19,51,22810.997803
19,52,21437.755801
19,54,21242.144708
19,55,20981.670365
19,59,20876.246896
19,61,19124.603962
19,66,18593.243466
19,68,18549.595689
19,71,18411.669241
19,72,18314.837934
19,73,16675.705551
19,79,16319.714408
19,85,16230.074802
19,88,15817.597775
19,96,15809.536706
19,101,15440.590094
19,113,15302.478333
19,115,15140.609793
19,117,15043.034634
20,51,22810.997803
20,52,21437.755801
20,54,21242.144708
20,55,20981.670365
20,59,20876.246896
20,61,19124.603962
20,64,18304.961959
20,72,16530.695945
20,78,16237.227444
20,84,16111.710707
20,85,15793.479886
20,96,15764.285119
20,99,15605.664044
20,101,15300.371818
20,109,15191.744139
20,113,14970.304948
21,51,22810.997803
21,52,21437.755801
21,54,21242.144708
21,55,20981.670365
21,57,20871.832168
21,61,19124.603962
21,64,18304.961959
21,65,17892.946244
21,71,17635.090056
21,72,16530.695945
21,78,16237.227444
21,84,16111.710707
21,85,15793.479886
21,94,15694.121696
21,99,15605.664044
21,101,15300.371818
21,109,15191.744139
21,111,15162.359284
21,113,14970.304948
22,51,21100.415766
22,53,20741.863773
22,56,19799.616312
22,61,19124.603962
22,62,18948.975649
22,63,18530.974171
22,64,18304.961959
22,65,17892.946244
22,68,17848.896784
22,71,17635.090056
22,72,16530.695945
22,76,15962.090357
22,84,15771.040952
22,91,15687.466425
22,94,15624.417590
22,98,15210.166394
22,108,15043.336699
22,112,14965.429610
23,51,21100.415766
23,53,20741.863773
23,56,19799.616312
23,58,19253.873653
23,59,18852.317195
23,63,18493.056531
23,64,18304.961959
23,65,17892.946244
23,68,16681.937786
23,72,16530.695945
23,76,15962.090357
23,83,15805.538688
23,84,15771.040952
23,89,15471.667902
23,98,15210.166394
23,108,15043.336699
23,112,14965.429610
24,51,21100.415766
24,52,20614.570354
24,53,18680.703120
24,63,18493.056531
24,64,18304.961959
24,65,17892.946244
24,67,17510.729600
24,68,16681.937786
24,72,16530.695945
24,74,16323.158301
24,76,15962.090357
24,83,15805.538688
24,84,15771.040952
24,87,15374.667367
24,96,15293.480405
24,98,15182.456731
24,104,15154.887191
24,105,14961.579055
24,107,14939.588779
24,111,14918.884557
24,117,14877.004223
25,51,21100.415766
25,52,20614.570354
25,53,18680.703120
25,59,18607.021701
25,62,17379.485897
25,67,16579.359508
25,72,16530.695945
25,74,16323.158301
25,76,15962.090357
25,83,15600.203702
25,87,15374.667367
25,96,15293.480405
25,97,15100.853381
25,105,14961.579055
25,107,14939.588779
25,111,14918.884557
25,117,14877.004223
26,51,21100.415766
26,52,20614.570354
26,53,18680.703120
26,59,18607.021701
26,62,17379.485897
26,66,17017.241713
26,67,16579.359508
26,72,16408.534612
26,73,16144.169116
26,76,15837.586468
26,83,15600.203702
26,86,15272.460299
26,94,15211.349429
26,95,15036.114753
26,104,14869.747791
26,115,14826.360046
27,49,19777.839841
27,50,18997.170574
27,53,18680.703120
27,59,18607.021701
27,60,18370.546985
27,62,17379.485897
27,66,17017.241713
27,67,16579.359508
27,72,16408.534612
27,73,16144.169116
27,76,15837.586468
27,80,15821.180018
27,81,15762.692955
27,83,15600.203702
27,86,15272.460299
27,94,15211.349429
27,95,15036.114753
27,104,14869.747791
27,115,14826.360046
28,49,19777.839841
28,50,18997.170574
28,53,18680.703120
28,59,18607.021701
28,60,18370.546985
28,62,17379.485897
28,66,17017.241713
28,67,16579.359508
28,71,16447.826773
28,72,16408.534612
28,73,16144.169116
28,76,15837.586468
28,78,15670.973328
28,80,15564.260903
28,84,15243.881204
28,93,15180.223881
28,94,15001.548326
28,101,14963.526555
28,102,14779.172911
29,49,19777.839841
29,50,18911.759909
29,53,18680.703120
29,59,18607.021701
29,60,18033.612366
29,62,17379.485897
29,64,17088.803077
29,66,17017.241713
29,67,16579.359508
29,71,16447.826773
29,72,16408.534612
29,73,16144.169116
29,76,15837.586468
29,78,15670.973328
29,80,15564.260903
29,84,15243.881204
29,93,15180.223881
29,94,15001.548326
29,101,14963.526555
29,102,14779.172911
30,46,20265.219273
30,49,19777.839841
30,50,18911.759909
30,53,18680.703120
30,59,18202.722366
30,60,17906.457043
30,62,17379.485897
30,64,17088.803077
30,66,17017.241713
30,67,16579.359508
30,71,16447.826773
30,72,16408.534612
30,73,16144.169116
30,76,15755.158539
30,77,15610.836202
30,79,15531.087816
30,83,15182.054132
30,93,15092.786794
30,94,15001.548326
30,99,14863.329376
30,102,14765.227230
31,46,20265.219273
31,47,19832.476595
31,49,19777.839841
31,50,18911.759909
31,53,18561.276994
31,56,18269.867318
31,58,17957.719062
31,60,17906.457043
31,61,17558.926318
31,62,17379.485897
31,64,17088.803077
31,66,17017.241713
31,67,16551.197951
31,68,16514.446687
31,70,16259.645923
31,73,16144.169116
31,76,15755.158539
31,77,15610.836202
31,79,15531.087816
31,83,15182.054132
31,93,15092.786794
31,94,15001.548326
31,97,14943.455835
31,99,14863.329376
31,102,14765.227230
32,46,20265.219273
32,47,19832.476595
32,49,19777.839841
32,50,18911.759909
32,53,18561.276994
32,56,18269.867318
32,57,17566.562114
32,60,17309.883102
32,64,16680.793997
32,67,16551.197951
32,68,16514.446687
32,69,15990.209568
32,71,15955.456470
32,76,15728.827659
32,77,15525.186089
32,79,15458.091328
32,83,15100.988621
32,93,15092.786794
32,94,14882.168134
32,98,14654.622912
33,46,20265.219273
33,47,19832.476595
33,48,19348.427744
33,50,18911.759909
33,53,18561.276994
33,56,18269.867318
33,57,17557.527663
33,60,17309.883102
33,63,16741.442869
33,64,16352.882829
33,67,16236.643494
33,69,15990.209568
33,71,15955.456470
33,74,15635.857550
33,77,15525.186089
33,79,15458.091328
33,83,15100.988621
33,90,15057.031048
33,94,14862.760734
33,95,14839.788142
33,97,14778.763843
33,98,14654.622912
33,103,14618.121484
34,46,20265.219273
34,47,19832.476595
34,48,19348.427744
34,49,19046.146850
34,50,18911.759909
34,53,18561.276994
34,55,17843.596621
34,57,17557.527663
34,58,17476.777719
34,60,17309.883102
34,62,16750.469694
34,63,16741.442869
34,64,16352.882829
34,67,16236.643494
34,69,15990.209568
34,71,15955.456470
34,74,15635.857550
34,77,15525.186089
34,78,15285.619440
34,83,15048.901816
34,86,14958.621611
34,92,14807.250923
34,96,14752.934753
34,98,14630.377914
34,103,14592.772920
35,46,20265.219273
35,47,19832.476595
35,48,19312.550047
35,49,19046.146850
35,50,18911.759909
35,53,18561.276994
35,55,17843.596621
35,57,17557.527663
35,58,17476.777719
35,60,17224.133849
35,62,16750.469694
35,63,16741.442869
35,64,16352.882829
35,67,16236.643494
35,69,15990.209568
35,71,15955.456470
35,72,15775.988432
35,74,15635.857550
35,75,15552.198490
35,77,15525.186089
35,78,15285.619440
35,83,15048.901816
35,86,14958.621611
35,92,14807.250923
35,96,14752.934753
35,98,14630.377914
35,103,14592.772920
36,46,20265.219273
36,47,19832.476595
36,48,19312.550047
36,49,19046.146850
36,50,18911.759909
36,52,18166.264624
36,55,17817.758030
36,57,17492.210910
36,58,17476.777719
36,60,17224.133849
36,61,16875.129463
36,62,16750.469694
36,63,16741.442869
36,64,16352.882829
36,67,16236.643494
36,69,15990.209568
36,71,15955.456470
36,72,15600.384121
36,75,15552.198490
36,77,15257.869241
36,81,14981.259030
36,85,14900.328329
36,91,14840.740428
36,92,14691.208434
36,96,14574.123858
36,98,14507.053981
37,46,20265.219273
37,47,19832.476595
37,48,18583.235371
37,52,18166.264624
37,55,17817.758030
37,57,17492.210910
37,58,17476.777719
37,60,17224.133849
37,61,16564.382502
37,63,16485.983088
37,64,16352.882829
37,67,16218.530767
37,69,15990.209568
37,70,15979.616615
37,71,15955.456470
37,72,15600.384121
37,75,15552.198490
37,77,15257.869241
37,81,14981.259030
37,85,14900.328329
37,91,14840.740428
37,92,14691.208434
37,96,14574.123858
37,98,14507.053981
38,46,20265.219273
38,47,19832.476595
38,48,18583.235371
38,52,18166.264624
38,55,17817.758030
38,57,17492.210910
38,58,17476.777719
38,59,16752.614304
38,61,16564.382502
38,63,16485.983088
38,64,16352.882829
38,67,16218.530767
38,69,15990.209568
38,70,15888.588600
38,72,15452.251521
38,77,15222.849481
38,80,14957.913121
38,85,14900.328329
38,91,14793.185302
38,92,14645.613163
38,96,14566.100281
38,97,14453.658307
39,46,20265.219273
39,47,19832.476595
39,48,18583.235371
39,52,18166.264624
39,54,17809.034142
39,57,17492.210910
39,58,17476.777719
39,59,16752.614304
39,61,16564.382502
39,63,16485.983088
39,64,16352.882829
39,65,16088.326501
39,69,15989.775527
39,70,15888.588600
39,71,15855.162753
39,72,15452.251521
39,77,15222.849481
39,80,14957.913121
39,85,14900.328329
39,89,14772.720107
39,92,14645.613163
39,96,14566.100281
39,97,14453.658307
40,46,20265.219273
40,47,18212.638290
40,52,18166.264624
40,54,17809.034142
40,56,17562.369106
40,57,17492.210910
40,58,17311.802467
40,59,16752.614304
40,61,16564.382502
40,63,16485.983088
40,64,16258.149904
40,65,16042.441045
40,68,15549.813217
40,72,15348.519847
40,77,15222.849481
40,80,14957.913121
40,84,14898.303000
40,89,14675.008301
40,92,14556.856874
40,93,14463.023753
40,96,14401.421531
41,46,20265.219273
41,47,18212.638290
41,52,18166.264624
41,53,17994.493276
41,54,17809.034142
41,56,17562.369106
41,57,17492.210910
41,58,17311.802467
41,59,16752.614304
41,61,16340.749967
41,64,16258.149904
41,65,16042.441045
41,68,15549.813217
41,72,15348.519847
41,75,15280.942441
41,77,15222.849481
41,80,14957.913121
41,84,14898.303000
41,89,14675.008301
41,92,14556.856874
41,93,14463.023753
41,96,14401.421531
42,46,18732.917490
42,47,18212.638290
42,52,18166.264624
42,53,17252.189040
42,55,17085.848088
42,59,16752.614304
42,61,16340.749967
42,64,16258.149904
42,65,16042.441045
42,66,15986.980598
42,67,15453.389703
42,71,15205.594311
42,75,15189.385021
42,76,15156.167167
42,79,14882.229353
42,84,14829.782986
42,88,14659.822677
42,92,14508.126395
42,93,14383.620497
42,96,14374.212343
43,45,18634.724174
43,47,18212.638290
43,52,18166.264624
43,53,17252.189040
43,55,17085.848088
43,58,16811.488842
43,59,16752.614304
43,61,16340.749967
43,64,16236.285062
43,65,16042.441045
43,66,15986.980598
43,67,15453.389703
43,69,15349.292650
43,71,15205.594311
43,75,15189.385021
43,76,15156.167167
43,79,14882.229353
43,84,14829.782986
43,85,14730.289120
43,88,14659.822677
43,92,14508.126395
43,93,14383.620497
43,96,14374.212343
43,98,14360.783265
44,45,18634.724174
44,47,18212.638290
44,52,18166.264624
44,53,17252.189040
44,54,17049.383248
44,57,16623.654355
44,61,16340.749967
44,64,16236.285062
44,65,16042.441045
44,66,15986.980598
44,67,15453.389703
44,69,15349.292650
44,70,15305.294110
44,71,15205.594311
44,75,15189.385021
44,76,15156.167167
44,78,14959.080857
44,79,14882.229353
44,81,14747.668133
44,85,14700.005099
44,88,14652.428648
44,92,14489.470202
44,93,14383.620497
44,96,14374.212343
44,98,14340.050495
45,45,18634.724174
45,47,18212.638290
45,49,17306.605840
45,53,17252.189040
45,54,17049.383248
45,55,16885.735525
45,57,16623.654355
45,58,16479.376016
45,59,16242.402902
45,62,16071.064534
45,63,16029.664294
45,64,16025.234946
45,66,15986.980598
45,67,15453.389703
45,69,15259.292819
45,71,15205.594311
45,75,15189.385021
45,76,15156.167167
45,78,14959.080857
45,79,14882.229353
45,81,14747.668133
45,85,14700.005099
45,88,14652.428648
45,92,14489.470202
45,93,14383.620497
45,96,14374.212343
45,98,14306.518703
46,45,18634.724174
46,47,18212.638290
46,49,17306.605840
46,53,17252.189040
46,54,17049.383248
46,55,16885.735525
46,56,16648.563168
46,57,16623.654355
46,58,16479.376016
46,59,16242.402902
46,62,16071.064534
46,63,16029.664294
46,64,15908.302325
46,67,15453.389703
46,69,15259.292819
46,71,15205.594311
46,75,15189.385021
46,76,15077.232251
46,78,14954.261995
46,79,14827.554396
46,81,14712.746083
46,82,14535.511120
46,91,14348.777585
46,92,14341.210204
46,94,14318.668404
46,98,14277.226338
47,45,18634.724174
47,46,18258.426757
47,47,18212.638290
47,49,17306.605840
47,52,17290.853760
47,53,17252.189040
47,54,16934.109775
47,55,16885.735525
47,56,16648.563168
47,57,16623.654355
47,58,16479.376016
47,59,16242.402902
47,60,16125.421595
47,62,16071.064534
47,63,16029.664294
47,64,15908.302325
47,67,15453.389703
47,69,15259.292819
47,71,15130.550245
47,76,15077.232251
47,78,14954.261995
47,79,14827.554396
47,81,14712.746083
47,82,14535.511120
47,91,14348.777585
47,92,14341.210204
47,94,14318.668404
47,98,14277.226338
48,45,18634.724174
48,46,17957.746559
48,47,17678.806813
48,49,17306.605840
48,51,17301.356300
48,52,17290.853760
48,53,17252.189040
48,54,16934.109775
48,55,16866.283217
48,56,16648.563168
48,57,16361.346728
48,59,16242.402902
48,60,16125.421595
48,61,16088.602601
48,62,16071.064534
48,63,15775.463892
48,66,15731.883750
48,67,15453.389703
48,68,15197.377448
48,71,15055.958242
48,76,15018.887991
48,78,14766.488630
48,81,14672.858971
48,82,14529.748351
48,91,14296.938835
48,93,14293.902020
48,97,14244.841006
49,45,18634.724174
49,46,17739.752696
49,47,17678.806813
49,48,17339.279362
49,49,17306.605840
49,51,17301.356300
49,52,17290.853760
49,53,17252.189040
49,54,16934.109775
49,55,16866.283217
49,56,16648.563168
49,57,16361.346728
49,59,16164.881980
49,60,15842.515610
49,63,15775.463892
49,65,15449.583902
49,68,15197.377448
49,71,15055.958242
49,75,14978.028640
49,78,14766.488630
49,81,14672.858971
49,82,14529.748351
49,89,14478.322417
49,91,14296.938835
49,93,14293.902020
49,97,14197.839119
50,45,18634.724174
50,46,17739.752696
50,47,17678.806813
50,48,17339.279362
50,49,17306.605840
50,51,17301.356300
50,52,17279.766275
50,53,17143.136621
50,54,16934.109775
50,55,16533.813908
50,57,16361.346728
50,59,16164.881980
50,60,15842.515610
50,63,15775.463892
50,65,15449.583902
50,68,15197.377448
50,71,15055.958242
50,75,14934.153041
50,76,14716.994010
50,80,14609.932520
50,82,14497.354192
50,88,14424.263685
50,89,14231.386079
50,97,14197.839119
51,45,18634.724174
51,46,17739.752696
51,47,17321.714103
51,48,17201.283211
51,53,17116.676033
51,54,16934.109775
51,55,16533.813908
51,57,16361.346728
51,58,16210.581257
51,59,16164.881980
51,60,15842.515610
51,63,15775.463892
51,64,15546.137758
51,65,15449.583902
51,66,15414.416833
51,68,15197.377448
51,71,15055.958242
51,75,14934.153041
51,76,14716.994010
51,80,14609.932520
51,82,14497.354192
51,88,14424.263685
51,89,14231.386079
51,97,14197.839119
52,45,17846.454539
52,46,17203.750395
52,47,17196.145425
52,53,16527.517757
52,55,16410.843126
52,57,16336.344205
52,58,16210.581257
52,59,16037.032458
52,60,15842.515610
52,61,15741.989838
52,64,15307.404307
52,68,15197.377448
52,71,14939.261862
52,74,14895.610660
52,76,14699.502113
52,78,14555.531625
52,82,14497.354192
52,88,14221.628150
52,97,14189.643016
53,45,17846.454539
53,46,17203.750395
53,47,17040.882179
53,49,16994.509011
53,53,16527.517757
53,55,16410.843126
53,57,16336.344205
53,58,16210.581257
53,59,16037.032458
53,60,15842.515610
53,61,15741.989838
53,63,15611.960543
53,64,15307.404307
53,66,15285.505466
53,67,15153.687212
53,71,14939.261862
53,74,14895.610660
53,76,14699.502113
53,78,14555.531625
53,82,14497.354192
53,88,14221.628150
53,92,14139.170990
53,96,14129.594918
54,45,17846.454539
54,46,17203.750395
54,47,17040.882179
54,49,16892.062475
54,52,16884.535717
54,53,16527.517757
54,54,15870.478944
54,60,15842.515610
54,61,15500.313067
54,64,15279.362897
54,66,15133.281020
54,67,15020.122549
54,71,14898.432843
54,74,14816.055951
54,75,14663.176642
54,78,14528.576361
54,82,14379.656202
54,88,14221.628150
54,92,14116.803831
54,95,14093.418247
55,45,17846.454539
55,46,17203.750395
55,47,17040.882179
55,49,16892.062475
55,52,16460.493609
55,54,15870.478944
55,59,15334.266946
55,64,15279.362897
55,66,15125.276298
55,67,15020.122549
55,69,14903.692005
55,71,14898.432843
55,74,14816.055951
55,75,14663.176642
55,76,14502.230182
55,82,14379.656202
55,88,14221.628150
55,92,14116.803831
55,95,14093.418247
56,44,17947.071046
56,45,17846.454539
56,46,17203.750395
56,47,17040.882179
56,49,16892.062475
56,52,16460.493609
56,53,16301.262358
56,54,15870.478944
56,59,15334.266946
56,64,15279.362897
56,66,15125.276298
56,67,14883.626129
56,68,14794.272025
56,73,14659.261395
56,75,14480.112052
56,82,14345.724172
56,84,14213.016957
56,87,14184.048327
56,91,14048.108237
57,44,17947.071046
57,45,17830.486076
57,46,17203.750395
57,47,16967.516280
57,49,16892.062475
57,52,16460.493609
57,53,16301.262358
57,54,15870.478944
57,59,15334.266946
57,64,15279.362897
57,66,15125.276298
57,67,14883.626129
57,68,14794.272025
57,73,14659.261395
57,75,14480.112052
57,82,14345.724172
57,84,14213.016957
57,87,14184.048327
57,90,14130.104270
57,91,14048.108237
58,44,17947.071046
58,45,17830.486076
58,46,17203.750395
58,47,16967.516280
58,49,16892.062475
58,52,16460.493609
58,53,16301.262358
58,54,15870.478944
58,57,15515.007114
58,59,15334.266946
58,64,15279.362897
58,66,15125.276298
58,67,14881.221712
58,68,14756.670998
58,73,14598.096919
58,75,14462.970006
58,81,14291.320951
58,83,14166.226748
58,85,14143.739138
58,90,14068.894337
58,91,14048.108237
58,98,13961.888689
59,44,17947.071046
59,45,17730.857891
59,46,17203.750395
59,47,16967.516280
59,49,16892.062475
59,52,16460.493609
59,53,16301.262358
59,54,15870.478944
59,57,15515.007114
59,59,15334.266946
59,64,15279.362897
59,65,15171.781374
59,66,15125.276298
59,67,14881.221712
59,68,14756.670998
59,73,14598.096919
59,75,14462.970006
59,81,14291.320951
59,83,14166.226748
59,85,14143.739138
59,90,14068.894337
59,91,14048.108237
59,93,14002.762559
59,98,13961.888689
60,44,17947.071046
60,45,17730.857891
60,46,17203.750395
60,47,16967.516280
60,49,16832.352794
60,50,16599.320061
60,51,16386.676942
60,53,16301.262358
60,54,15870.478944
60,57,15515.007114
60,59,15334.266946
60,63,15052.990114
60,67,14881.221712
60,68,14756.670998
60,72,14603.062509
60,73,14598.096919
60,74,14431.307733
60,81,14156.436185
60,85,14143.739138
60,90,13986.770316
60,91,13938.922035
60,96,13849.791824
61,44,17947.071046
61,45,17730.857891
61,46,17203.750395
61,47,16967.516280
61,49,16685.378856
61,50,16599.320061
61,51,16386.676942
61,53,16301.262358
61,54,15870.478944
61,57,15515.007114
61,59,15334.266946
61,63,15052.990114
61,64,14956.719956
61,67,14816.836341
61,68,14756.670998
61,72,14603.062509
61,73,14598.096919
61,74,14431.307733
61,81,14156.436185
61,85,14143.739138
61,90,13986.770316
61,91,13938.922035
61,96,13849.791824
62,44,17947.071046
62,45,17436.070556
62,46,17203.750395
62,47,16608.728474
62,50,16599.320061
62,51,16386.676942
62,53,16301.262358
62,54,15870.478944
62,56,15742.352737
62,57,15515.007114
62,59,15334.266946
62,63,15052.990114
62,64,14956.719956
62,67,14731.623513
62,72,14550.014028
62,73,14392.493797
62,79,14294.597328
62,80,14126.845536
62,87,13981.019542
62,91,13938.922035
62,95,13831.615274
63,44,17947.071046
63,45,17093.543568
63,46,17084.698646
63,47,16445.912029
63,50,16324.652194
63,53,16301.262358
63,54,15817.111740
63,56,15742.352737
63,57,15515.007114
63,59,15334.266946
63,63,15052.990114
63,64,14956.719956
63,67,14731.623513
63,72,14550.014028
63,73,14392.493797
63,77,14268.199340
63,80,14126.845536
63,87,13981.019542
63,91,13938.922035
63,95,13831.615274
64,43,18460.607114
64,44,17947.071046
64,45,17093.543568
64,46,17084.698646
64,47,16445.912029
64,50,16324.652194
64,53,16301.262358
64,54,15817.111740
64,56,15742.352737
64,57,15515.007114
64,59,15334.266946
64,61,15246.377269
64,63,15052.990114
64,64,14956.239551
64,65,14830.110348
64,66,14707.125942
64,71,14500.534040
64,73,14298.197963
64,76,14246.860051
64,79,14083.897217
64,85,13950.806963
64,91,13894.959610
64,95,13831.615274
65,43,18460.607114
65,44,17947.071046
65,45,17093.543568
65,46,16849.070988
65,47,16445.912029
65,50,16224.799645
65,53,15762.469688
65,56,15742.352737
65,57,15410.093172
65,59,15109.138310
65,63,15052.990114
65,64,14831.910320
65,65,14830.110348
65,66,14707.125942
65,71,14500.534040
65,73,14298.197963
65,76,14246.860051
65,79,14083.897217
65,83,14045.397337
65,84,13922.779842
65,91,13894.959610
65,95,13831.615274
66,43,18460.607114
66,44,17947.071046
66,45,17093.543568
66,46,16849.070988
66,47,16445.912029
66,50,16224.799645
66,52,15986.132792
66,53,15762.469688
66,55,15737.573041
66,57,15410.093172
66,58,15177.114304
66,59,15109.138310
66,62,14999.332676
66,64,14831.910320
66,65,14766.956987
66,66,14706.856206
66,71,14484.837981
66,73,14298.197963
66,76,14135.301582
66,79,14045.594760
66,82,14005.445845
66,84,13893.395262
66,90,13847.296930
66,94,13765.916031
67,43,18460.607114
67,44,17526.793337
67,45,17093.543568
67,46,16741.869690
67,47,16445.912029
67,49,16136.756330
67,50,16064.367000
67,52,15986.132792
67,53,15762.469688
67,55,15737.573041
67,57,15410.093172
67,58,15177.114304
67,59,15109.138310
67,62,14999.332676
67,64,14831.910320
67,65,14766.956987
67,66,14706.856206
67,71,14484.837981
67,73,14298.197963
67,76,14135.301582
67,79,14045.594760
67,82,14005.445845
67,84,13893.395262
67,90,13847.296930
67,94,13765.916031
68,43,18460.607114
68,44,17526.793337
68,45,17093.543568
68,46,16741.869690
68,47,16445.912029
68,49,16136.756330
68,50,16064.367000
68,52,15986.132792
68,53,15762.469688
68,54,15606.422871
68,55,15462.836395
68,57,15410.093172
68,58,15083.948975
68,60,15049.146026
68,61,15028.740986
68,62,14999.332676
68,64,14724.869201
68,66,14637.517477
68,71,14392.473482
68,73,14298.197963
68,76,14135.301582
68,79,14040.189589
68,81,13865.116342
68,90,13847.296930
68,93,13745.016379
69,43,17966.089189
69,44,17526.793337
69,45,17093.543568
69,46,16741.869690
69,47,16445.912029
69,49,16136.756330
69,50,16064.367000
69,52,15986.132792
69,53,15762.469688
69,54,15606.422871
69,55,15462.836395
69,57,15410.093172
69,58,15083.948975
69,59,14956.439870
69,62,14856.218364
69,64,14724.869201
69,66,14637.517477
69,71,14392.473482
69,73,14298.197963
69,76,14135.301582
69,79,14040.189589
69,81,13865.116342
69,90,13847.296930
69,93,13745.016379
70,43,17966.089189
70,44,17526.793337
70,45,17093.543568
70,46,16741.869690
70,47,16445.912029
70,49,16136.756330
70,50,16011.415968
70,52,15986.132792
70,53,15762.469688
70,54,15606.422871
70,55,15462.836395
70,56,15396.657311
70,58,15083.948975
70,59,14956.439870
70,61,14896.398465
70,62,14856.218364
70,64,14724.869201
70,65,14499.284854
70,71,14280.784948
70,72,14233.955027
70,76,14130.302297
70,79,14040.189589
70,81,13865.116342
70,90,13837.174121
70,93,13745.016379
71,43,17966.089189
71,44,17526.793337
71,45,17093.543568
71,46,16429.571859
71,49,16136.756330
71,50,16011.415968
71,52,15986.132792
71,53,15762.469688
71,54,15606.422871
71,55,15462.836395
71,56,15396.657311
71,58,15083.948975
71,59,14956.439870
71,61,14896.398465
71,62,14856.218364
71,64,14724.869201
71,65,14499.284854
71,71,14280.784948
71,72,14233.955027
71,76,14130.302297
71,79,14040.189589
71,81,13865.116342
71,90,13837.174121
71,93,13745.016379
72,43,17966.089189
72,44,17526.793337
72,45,17093.543568
72,46,16429.571859
72,49,16136.756330
72,50,16011.415968
72,52,15984.247873
72,53,15762.469688
72,54,15606.422871
72,55,15462.836395
72,56,15396.657311
72,58,15083.948975
72,59,14956.439870
72,61,14892.816624
72,62,14856.218364
72,64,14662.571981
72,65,14499.284854
72,69,14268.002180
72,72,14223.560547
72,76,14130.302297
72,78,13954.424096
72,79,13785.717356
72,93,13745.016379
73,43,17966.089189
73,44,17526.793337
73,45,17093.543568
73,46,16429.571859
73,49,16136.756330
73,50,16011.415968
73,52,15984.247873
73,53,15762.469688
73,54,15606.422871
73,55,15462.836395
73,56,15396.657311
73,58,15083.948975
73,59,14956.439870
73,61,14892.816624
73,62,14856.218364
73,64,14662.571981
73,65,14499.284854
73,69,14268.002180
73,72,14223.560547
73,76,14130.302297
73,78,13954.424096
73,79,13785.717356
73,93,13745.016379
74,43,17966.089189
74,44,17526.793337
74,45,17093.543568
74,46,16429.571859
74,47,16232.446652
74,49,16136.756330
74,50,16011.415968
74,51,15949.588040
74,53,15762.469688
74,54,15606.422871
74,55,15462.836395
74,56,15396.657311
74,58,15083.948975
74,59,14956.439870
74,61,14892.816624
74,62,14822.633005
74,63,14658.966613
74,64,14475.129225
74,69,14268.002180
74,72,14223.560547
74,75,14029.700740
74,78,13938.887849
74,79,13785.717356
74,93,13745.016379
75,43,17966.089189
75,44,17526.793337
75,45,16869.514917
75,46,16429.571859
75,47,16064.809328
75,49,15926.370690
75,53,15762.469688
75,54,15477.047677
75,55,15462.836395
75,56,15396.657311
75,57,15394.167703
75,58,15083.948975
75,59,14956.439870
75,61,14892.816624
75,62,14822.633005
75,63,14658.966613
75,64,14475.129225
75,69,14268.002180
75,72,14223.560547
75,75,14029.700740
75,78,13938.887849
75,79,13785.717356
75,93,13745.016379
76,43,17966.089189
76,44,17526.793337
76,45,16869.514917
76,46,16429.571859
76,47,16064.809328
76,48,16019.142247
76,49,15926.370690
76,51,15840.566771
76,53,15762.469688
76,54,15477.047677
76,55,15462.836395
76,56,15396.657311
76,57,15394.167703
76,58,15083.948975
76,59,14956.439870
76,61,14849.010868
76,62,14629.890728
76,64,14475.129225
76,69,14268.002180
76,72,14223.560547
76,75,14008.678262
76,78,13934.714529
76,79,13767.305090
76,92,13716.375535
77,43,17966.089189
77,44,17526.793337
77,45,16869.514917
77,46,16429.571859
77,47,16064.809328
77,48,16019.142247
77,49,15926.370690
77,51,15840.566771
77,52,15413.297272
77,56,15396.657311
77,57,15217.529060
77,58,15083.948975
77,59,14956.439870
77,61,14849.010868
77,62,14629.890728
77,64,14475.129225
77,69,14268.002180
77,72,14223.560547
77,75,14008.678262
77,78,13934.714529
77,79,13767.305090
77,92,13716.375535
78,43,17966.089189
78,44,17526.793337
78,45,16869.514917
78,46,16429.571859
78,47,16064.809328
78,48,16019.142247
78,49,15926.370690
78,50,15709.931498
78,52,15413.297272
78,56,15322.135365
78,57,15217.529060
78,58,15083.948975
78,59,14713.502886
78,62,14528.109747
78,64,14475.129225
78,68,14207.295754
78,72,14168.869480
78,75,13943.625124
78,78,13934.714529
78,79,13767.305090
78,92,13658.833827
79,43,17966.089189
79,44,17526.793337
79,45,16480.248093
79,46,16429.571859
79,47,16064.809328
79,48,16019.142247
79,49,15732.552929
79,50,15709.931498
79,52,15413.297272
79,56,15322.135365
79,57,15217.529060
79,58,15083.948975
79,59,14713.502886
79,62,14528.109747
79,64,14475.129225
79,68,14207.295754
79,72,14168.869480
79,75,13943.625124
79,78,13934.714529
79,79,13767.305090
79,92,13658.833827
80,43,17966.089189
80,44,17526.793337
80,45,16480.248093
80,46,16429.571859
80,47,16064.809328
80,48,16019.142247
80,49,15732.552929
80,50,15695.598438
80,51,15646.093169
80,52,15413.297272
80,56,15060.678803
80,59,14713.502886
80,62,14528.109747
80,64,14443.275266
80,68,14153.707521
80,72,14134.402402
80,74,13941.514566
80,78,13758.811807
80,92,13642.009829
81,43,17966.089189
81,44,17360.938001
81,45,16480.248093
81,46,16429.571859
81,47,16064.809328
81,48,16019.142247
81,49,15732.552929
81,50,15695.598438
81,51,15646.093169
81,52,15413.297272
81,56,15060.678803
81,59,14713.502886
81,62,14528.109747
81,64,14443.275266
81,66,14078.416703
81,74,13941.514566
81,78,13758.811807
81,92,13642.009829
82,43,17966.089189
82,44,17360.938001
82,45,16480.248093
82,46,16376.060989
82,47,16064.809328
82,48,16019.142247
82,49,15732.552929
82,50,15695.598438
82,51,15646.093169
82,52,15413.297272
82,56,15053.988439
82,59,14670.696391
82,62,14470.802582
82,64,14423.212133
82,66,14026.823831
82,73,13896.844718
82,77,13850.745806
82,78,13758.811807
82,92,13642.009829
83,43,17966.089189
83,44,17360.938001
83,45,16480.248093
83,46,16227.963015
83,47,16064.809328
83,48,16019.142247
83,49,15732.552929
83,50,15695.598438
83,51,15646.093169
83,52,15413.297272
83,54,15308.274165
83,56,15053.988439
83,59,14670.696391
83,62,14470.802582
83,64,14423.212133
83,66,14026.823831
83,73,13896.844718
83,77,13850.745806
83,78,13758.811807
83,89,13716.877197
83,92,13642.009829
84,43,17966.089189
84,44,16873.034569
84,45,16480.248093
84,46,16227.963015
84,47,16064.809328
84,48,15945.235208
84,49,15732.552929
84,50,15695.598438
84,51,15646.093169
84,52,15413.297272
84,54,15308.274165
84,56,15053.988439
84,57,14975.049895
84,59,14660.320241
84,62,14470.802582
84,64,14403.965770
84,66,14026.823831
84,73,13868.727315
84,77,13678.297511
84,92,13630.223701
85,43,17966.089189
85,44,16532.020261
85,45,16480.248093
85,46,16227.963015
85,47,16064.809328
85,48,15905.185806
85,49,15732.552929
85,50,15695.598438
85,51,15646.093169
85,52,15413.297272
85,54,15268.112497
85,55,15127.591841
85,56,15053.988439
85,57,14975.049895
85,59,14660.320241
85,62,14470.802582
85,64,14403.965770
85,66,14026.823831
85,73,13868.727315
85,77,13678.297511
85,79,13662.473975
85,87,13660.966371
85,89,13657.694089
85,92,13630.223701
86,43,17966.089189
86,44,16532.020261
86,45,16480.248093
86,46,16140.967832
86,47,16064.809328
86,48,15905.185806
86,49,15732.552929
86,50,15695.598438
86,51,15646.093169
86,52,15413.297272
86,54,15268.112497
86,55,15113.404704
86,56,15053.988439
86,57,14975.049895
86,59,14660.320241
86,62,14470.802582
86,64,14403.965770
86,66,14026.823831
86,73,13868.727315
86,77,13678.297511
86,79,13662.473975
86,87,13660.966371
86,89,13657.694089
86,92,13630.223701
87,43,17966.089189
87,44,16532.020261
87,45,16392.089360
87,46,16140.967832
87,47,16064.809328
87,48,15905.185806
87,49,15732.552929
87,50,15695.598438
87,51,15641.843844
87,52,15406.730894
87,54,15268.112497
87,55,15113.404704
87,56,15053.988439
87,57,14975.049895
87,59,14660.320241
87,62,14470.802582
87,64,14356.018108
87,66,14026.823831
87,67,13905.445835
87,73,13868.727315
87,77,13678.105631
87,78,13626.371419
87,86,13624.275870
88,43,17966.089189
88,44,16532.020261
88,45,16392.089360
88,46,16140.967832
88,47,16001.125030
88,48,15905.185806
88,49,15732.552929
88,50,15695.598438
88,51,15641.843844
88,52,15406.730894
88,53,15365.893913
88,54,15268.112497
88,55,15113.404704
88,56,15053.988439
88,57,14975.049895
88,59,14660.320241
88,62,14470.802582
88,64,14356.018108
88,66,14026.823831
88,67,13905.445835
88,73,13868.727315
88,77,13678.105631
88,78,13626.371419
88,86,13624.275870
89,43,17966.089189
89,44,16532.020261
89,45,16392.089360
89,46,16140.967832
89,47,16001.125030
89,48,15905.185806
89,49,15644.457845
89,51,15641.843844
89,52,15406.730894
89,53,15340.616649
89,54,15268.112497
89,55,15113.404704
89,56,15053.988439
89,57,14975.049895
89,59,14613.655817
89,62,14468.330313
89,64,14229.361726
89,66,14021.974200
89,67,13896.061184
89,73,13859.460636
89,77,13651.732279
89,78,13626.371419
89,83,13567.344677
90,43,17966.089189
90,44,16532.020261
90,45,16392.089360
90,46,16140.967832
90,47,16001.125030
90,48,15905.185806
90,49,15644.457845
90,51,15641.843844
90,52,15367.468319
90,53,15322.035673
90,54,15212.218440
90,55,15113.404704
90,56,15053.988439
90,57,14975.049895
90,59,14613.655817
90,62,14468.330313
90,64,14229.361726
90,66,14021.974200
90,67,13896.061184
90,73,13859.460636
90,77,13651.732279
90,78,13626.371419
90,83,13567.344677
91,43,17966.089189
91,44,16532.020261
91,45,16281.790197
91,46,16095.215135
91,47,16001.125030
91,48,15905.185806
91,49,15644.457845
91,51,15641.843844
91,52,15367.468319
91,53,15322.035673
91,54,15212.218440
91,55,15113.404704
91,56,15053.988439
91,57,14946.667261
91,59,14613.655817
91,62,14468.330313
91,64,14219.741430
91,66,14021.974200
91,67,13896.061184
91,69,13709.043867
91,77,13651.732279
91,78,13598.829828
91,83,13539.323660
92,43,17966.089189
92,44,16532.020261
92,45,15983.186803
92,48,15905.185806
92,49,15644.457845
92,51,15428.421902
92,52,15367.468319
92,53,15322.035673
92,54,15212.218440
92,55,15113.404704
92,56,15053.988439
92,57,14946.667261
92,59,14613.655817
92,62,14468.330313
92,64,14219.741430
92,66,14021.974200
92,67,13896.061184
92,69,13709.043867
92,77,13651.732279
92,78,13598.829828
92,83,13539.323660
93,43,17966.089189
93,44,16532.020261
93,45,15983.186803
93,48,15905.185806
93,49,15644.457845
93,51,15315.582664
93,54,15212.218440
93,55,15113.404704
93,56,15053.988439
93,57,14946.667261
93,59,14609.452744
93,62,14468.330313
93,64,14216.057751
93,66,13828.382607
93,69,13709.043867
93,77,13634.559626
93,78,13598.829828
93,83,13486.484701
94,43,17966.089189
94,44,16532.020261
94,45,15983.186803
94,46,15756.056703
94,47,15745.837312
94,48,15593.424047
94,51,15315.582664
94,54,15212.218440
94,55,15113.404704
94,56,15053.988439
94,57,14946.667261
94,59,14609.452744
94,62,14468.330313
94,64,14216.057751
94,66,13828.382607
94,69,13709.043867
94,77,13634.559626
94,78,13598.829828
94,83,13486.484701
95,43,17966.089189
95,44,16532.020261
95,45,15948.458375
95,46,15756.056703
95,47,15571.114848
95,51,15315.582664
95,54,15212.218440
95,55,14899.703631
95,57,14629.902878
95,59,14606.496853
95,61,14413.092019
95,64,14216.057751
95,66,13813.359673
95,69,13709.043867
95,77,13608.152792
95,78,13598.637603
95,83,13457.638584
96,43,17966.089189
96,44,16532.020261
96,45,15948.458375
96,46,15756.056703
96,47,15571.114848
96,51,15315.582664
96,54,15212.218440
96,55,14899.703631
96,57,14629.902878
96,59,14606.496853
96,61,14413.092019
96,64,14216.057751
96,66,13813.359673
96,69,13709.043867
96,77,13608.152792
96,78,13598.637603
96,83,13457.638584
97,43,17966.089189
97,44,16532.020261
97,45,15948.458375
97,46,15756.056703
97,47,15571.114848
97,51,15315.582664
97,54,15212.218440
97,55,14899.703631
97,57,14430.186715
97,60,14360.037562
97,64,14180.673756
97,66,13783.262920
97,69,13709.043867
97,77,13608.152792
97,78,13598.637603
97,83,13457.638584
98,43,17966.089189
98,44,16532.020261
98,45,15948.458375
98,46,15756.056703
98,47,15571.114848
98,51,15315.582664
98,52,15168.815607
98,55,14899.703631
98,57,14430.186715
98,60,14360.037562
98,64,14180.673756
98,66,13783.262920
98,69,13709.043867
98,77,13596.837469
98,81,13560.709958
98,83,13457.638584
99,43,17966.089189
99,44,16532.020261
99,45,15948.458375
99,46,15638.799252
99,47,15571.114848
99,50,15415.935715
99,51,15315.582664
99,52,15168.815607
99,54,15116.270820
99,55,14836.244365
99,57,14430.186715
99,60,14357.369420
99,64,14180.673756
99,66,13731.162829
99,69,13709.043867
99,75,13557.553370
99,79,13503.663751
99,83,13445.013353
100,43,17966.089189
100,44,16532.020261
100,45,15864.270478
100,46,15638.799252
100,47,15571.114848
100,50,15415.935715
100,51,15315.582664
100,52,15168.815607
100,54,15116.270820
100,55,14836.244365
100,57,14430.186715
100,60,14357.369420
100,64,14180.673756
100,66,13661.080099
100,75,13557.553370
100,79,13503.663751
100,83,13445.013353
101,43,17966.089189
101,44,16532.020261
101,45,15864.270478
101,46,15609.681527
101,47,15571.114848
101,50,15415.935715
101,51,15315.582664
101,52,15168.815607
101,54,15034.535392
101,55,14836.244365
101,57,14412.204788
101,60,14356.686286
101,64,14138.054392
101,66,13653.604328
101,74,13490.416702
101,77,13485.375410
101,81,13471.922517
101,83,13434.249429
102,43,17966.089189
102,44,16532.020261
102,45,15864.270478
102,46,15569.919552
102,48,15481.275104
102,49,15383.471263
102,50,15370.857111
102,51,15314.524265
102,52,15168.815607
102,54,15034.535392
102,55,14763.006903
102,57,14412.204788
102,60,14356.686286
102,64,14138.054392
102,66,13653.604328
102,74,13490.416702
102,77,13485.375410
102,78,13479.290590
102,81,13433.139487
103,43,17966.089189
103,44,16532.020261
103,45,15837.536137
103,46,15569.919552
103,48,15481.275104
103,49,15383.471263
103,50,15370.857111
103,51,15314.524265
103,52,15168.815607
103,54,15034.535392
103,55,14763.006903
103,56,14396.470038
103,60,14356.686286
103,64,14121.845654
103,66,13598.751508
103,72,13568.453962
103,73,13431.687343
104,43,17966.089189
104,44,16532.020261
104,45,15837.536137
104,46,15569.919552
104,48,15481.275104
104,49,15383.471263
104,50,15370.857111
104,51,15247.467739
104,52,15168.815607
104,53,15078.126743
104,54,15034.535392
104,55,14763.006903
104,56,14396.470038
104,60,14356.686286
104,64,14121.845654
104,66,13598.751508
104,72,13568.453962
104,73,13431.687343
105,43,16064.553309
105,44,16007.899465
105,45,15837.536137
105,46,15569.919552
105,48,15481.275104
105,49,15383.471263
105,50,15370.857111
105,51,15247.467739
105,52,15168.815607
105,53,14977.006633
105,54,14908.934251
105,55,14726.566510
105,56,14367.441022
105,60,14353.352250
105,63,14065.802435
105,66,13564.555525
105,72,13529.333034
105,73,13411.320550
105,83,13374.255958
106,43,16064.553309
106,44,16007.899465
106,45,15821.175681
106,46,15569.919552
106,48,15481.275104
106,49,15383.471263
106,50,15322.586671
106,51,15247.467739
106,52,15168.815607
106,53,14977.006633
106,54,14908.934251
106,55,14726.566510
106,56,14367.441022
106,60,14071.156068
106,63,14065.802435
106,66,13564.555525
106,72,13529.333034
106,73,13411.320550
106,83,13374.255958
107,43,16064.553309
107,44,16007.899465
107,45,15821.175681
107,46,15569.919552
107,48,15481.275104
107,49,15383.471263
107,50,15322.586671
107,51,15247.467739
107,52,15168.815607
107,53,14938.976276
107,54,14908.934251
107,55,14718.518091
107,56,14311.429745
107,60,14046.346010
107,66,13555.720826
107,72,13529.333034
107,73,13411.320550
107,83,13333.677200
108,43,16064.553309
108,44,16007.899465
108,45,15708.344904
108,46,15569.919552
108,48,15481.275104
108,49,15383.471263
108,50,15274.306505
108,51,15247.467739
108,52,15168.815607
108,53,14938.976276
108,54,14908.934251
108,55,14718.518091
108,56,14311.429745
108,60,14046.346010
108,66,13555.720826
108,72,13529.333034
108,73,13411.320550
108,83,13333.677200
109,43,16064.553309
109,44,16007.899465
109,45,15708.344904
109,46,15569.919552
109,48,15481.275104
109,49,15371.538361
109,50,15274.306505
109,51,15247.467739
109,52,15168.815607
109,53,14876.217471
109,55,14668.056464
109,56,14205.098335
109,60,14009.821356
109,66,13555.720826
109,72,13529.333034
109,73,13390.715734
109,74,13369.595041
109,83,13297.951175
110,43,16064.553309
110,44,15845.113089
110,45,15708.344904
110,46,15569.919552
110,48,15481.275104
110,49,15336.747794
110,50,15274.306505
110,51,15247.467739
110,52,15168.815607
110,53,14876.217471
110,55,14668.056464
110,56,14205.098335
110,60,14009.821356
110,66,13555.720826
110,72,13529.333034
110,73,13390.715734
110,74,13369.595041
110,83,13297.951175
111,43,16064.553309
111,44,15711.468749
111,45,15708.344904
111,46,15569.919552
111,48,15481.275104
111,49,15336.747794
111,50,15274.306505
111,51,15247.467739
111,52,14785.917822
111,55,14562.811531
111,56,14205.098335
111,60,13966.225359
111,66,13555.720826
111,72,13529.333034
111,73,13367.880359
111,83,13296.492073
112,43,16064.553309
112,44,15711.468749
112,45,15708.344904
112,46,15569.919552
112,48,15481.275104
112,49,15303.041443
112,50,15274.306505
112,51,15247.467739
112,52,14785.917822
112,55,14562.811531
112,56,14205.098335
112,60,13966.225359
112,66,13555.720826
112,72,13529.333034
112,73,13367.880359
112,75,13363.930072
112,83,13296.492073
113,43,16064.553309
113,44,15711.468749
113,45,15708.344904
113,46,15569.919552
113,47,15560.116409
113,48,15481.275104
113,49,15303.041443
113,50,15274.306505
113,51,14762.415736
113,55,14521.750160
113,56,14164.893663
113,60,13966.225359
113,65,13523.105798
113,72,13482.538147
113,73,13360.707171
113,77,13348.702577
113,83,13294.448229
114,43,16064.553309
114,44,15711.468749
114,45,15708.344904
114,46,15569.919552
114,47,15560.116409
114,48,15450.074715
114,49,15303.041443
114,50,15265.995348
114,51,14762.415736
114,55,14521.750160
114,56,14164.893663
114,60,13966.225359
114,65,13523.105798
114,72,13482.538147
114,73,13360.707171
114,77,13348.702577
114,83,13294.448229
115,43,16064.553309
115,44,15711.468749
115,45,15552.571292
115,48,15450.074715
115,49,15303.041443
115,50,15265.995348
115,51,14762.415736
115,52,14639.029284
115,53,14500.992132
115,55,14137.158309
115,60,13966.225359
115,65,13505.871904
115,71,13460.769992
115,73,13360.707171
115,76,13292.999614
115,83,13288.729046
116,43,16064.553309
116,44,15654.930081
116,45,15552.571292
116,47,15444.324581
116,48,15407.191984
116,49,15303.041443
116,50,15227.507219
116,51,14762.415736
116,52,14639.029284
116,53,14500.992132
116,55,14137.158309
116,56,14096.978208
116,60,13966.225359
116,65,13505.871904
116,71,13460.769992
116,73,13360.707171
116,76,13292.999614
116,83,13288.729046
117,43,16064.553309
117,44,15654.930081
117,45,15552.571292
117,46,15549.763443
117,47,15444.324581
117,48,15407.191984
117,49,15303.041443
117,50,15227.507219
117,51,14762.415736
117,52,14639.029284
117,53,14500.992132
117,55,14045.146396
117,60,13966.225359
117,63,13857.295457
117,65,13487.968483
117,71,13460.769992
117,73,13356.230719
117,75,13250.272225
118,43,16064.553309
118,44,15654.930081
118,45,15552.571292
118,46,15548.783476
118,47,15444.324581
118,48,15407.191984
118,49,15303.041443
118,50,15227.507219
118,51,14762.415736
118,52,14639.029284
118,53,14500.992132
118,55,14045.146396
118,60,13966.225359
118,63,13857.295457
118,65,13487.968483
118,71,13460.769992
118,73,13356.230719
118,75,13250.272225
119,43,16064.553309
119,44,15654.930081
119,45,15552.571292
119,46,15548.783476
119,47,15444.324581
119,48,15401.003909
119,49,15299.331875
119,50,15063.163720
119,51,14708.820704
119,52,14639.029284
119,53,14380.993472
119,55,14021.786681
119,60,13833.740699
119,64,13459.263756
119,73,13306.190919
119,75,13250.272225
120,43,16064.553309
120,44,15654.930081
120,45,15552.571292
120,46,15548.783476
120,47,15444.324581
120,48,15401.003909
120,49,15299.331875
120,50,15063.163720
120,51,14708.820704
120,52,14639.029284
120,53,14380.993472
120,55,14021.786681
120,60,13833.740699
120,64,13459.263756
120,73,13306.190919
120,75,13250.272225
121,43,16064.553309
121,44,15654.930081
121,45,15552.571292
121,46,15548.783476
121,47,15444.324581
121,48,15401.003909
121,49,15228.916753
121,50,14982.835614
121,51,14680.122716
121,52,14601.043854
121,53,14380.993472
121,55,14021.786681
121,60,13789.299936
121,64,13459.263756
121,73,13304.643728
121,75,13232.527980
122,42,17829.712066
122,43,16064.553309
122,44,15654.930081
122,45,15552.571292
122,46,15533.686971
122,47,15444.324581
122,48,15401.003909
122,49,15228.916753
122,50,14982.835614
122,51,14680.122716
122,52,14601.043854
122,53,14380.993472
122,55,14021.786681
122,59,13859.345360
122,60,13789.299936
122,63,13711.057661
122,64,13459.263756
122,73,13304.643728
122,75,13232.527980
123,42,17829.712066
123,43,16064.553309
123,44,15654.930081
123,45,15552.571292
123,46,15533.686971
123,47,15444.324581
123,48,15299.536028
123,49,15228.916753
123,50,14982.835614
123,51,14622.950275
123,52,14601.043854
123,53,14344.351699
123,55,14013.234457
123,59,13828.410930
123,60,13789.299936
123,62,13707.462383
123,64,13439.710613
123,73,13286.221943
123,75,13220.829406
124,42,17829.712066
124,43,16064.553309
124,44,15654.930081
124,45,15552.571292
124,46,15533.686971
124,47,15444.324581
124,48,15299.536028
124,49,15228.916753
124,50,14982.835614
124,51,14622.950275
124,52,14601.043854
124,53,14344.351699
124,55,14013.234457
124,59,13828.410930
124,60,13789.299936
124,62,13707.462383
124,64,13439.710613
124,73,13286.221943
124,75,13220.829406
125,42,17829.712066
125,43,15928.494842
125,44,15654.930081
125,45,15552.571292
125,46,15533.686971
125,47,15444.324581
125,48,15299.536028
125,49,15228.916753
125,50,14982.835614
125,51,14582.475140
125,53,14281.552734
125,54,13957.421775
125,58,13772.396485
125,62,13664.470824
125,64,13423.379611
125,72,13278.591465
125,75,13220.829406
126,42,17829.712066
126,43,15928.494842
126,44,15654.930081
126,45,15552.571292
126,46,15533.686971
126,47,15444.324581
126,48,15299.536028
126,49,15228.916753
126,50,14982.835614
126,51,14582.475140
126,53,14281.552734
126,54,13957.421775
126,58,13772.396485
126,62,13664.470824
126,64,13423.379611
126,72,13278.591465
126,75,13220.829406
126,86,13174.705252
127,42,17829.712066
127,43,15928.494842
127,44,15654.930081
127,45,15552.571292
127,46,15533.686971
127,47,15439.604266
127,48,15299.536028
127,49,15228.916753
127,50,14982.835614
127,51,14582.475140
127,53,14281.552734
127,54,13957.421775
127,58,13772.396485
127,62,13664.470824
127,64,13423.379611
127,72,13278.591465
127,75,13220.829406
127,86,13174.705252
128,42,17829.712066
128,43,15928.494842
128,44,15654.930081
128,45,15552.571292
128,46,15533.686971
128,47,15439.604266
128,48,15299.536028
128,49,15228.916753
128,50,14926.047556
128,51,14566.067434
128,53,14281.552734
128,54,13957.421775
128,58,13772.396485
128,62,13664.470824
128,64,13399.632929
128,72,13239.512353
128,75,13219.004662
128,86,13148.968524
129,42,17829.712066
129,43,15928.494842
129,44,15654.930081
129,45,15552.571292
129,46,15533.686971
129,47,15398.653858
129,48,15299.536028
129,49,15228.916753
129,50,14926.047556
129,51,14566.067434
129,53,14281.552734
129,54,13957.421775
129,58,13772.396485
129,62,13664.470824
129,64,13399.632929
129,72,13155.736417
129,86,13148.968524
130,42,16592.861076
130,43,15928.494842
130,44,15654.930081
130,45,15552.571292
130,46,15533.686971
130,47,15398.653858
130,48,15299.536028
130,49,15180.295786
130,50,14926.047556
130,51,14470.617228
130,53,14213.086535
130,54,13957.421775
130,58,13654.909180
130,64,13399.632929
130,72,13154.861173
130,84,13146.437937
131,42,16592.861076
131,43,15928.494842
131,44,15654.930081
131,45,15552.571292
131,46,15533.686971
131,47,15398.653858
131,48,14954.731032
131,50,14926.047556
131,51,14470.617228
131,53,14213.086535
131,54,13957.421775
131,58,13654.909180
131,64,13399.632929
131,72,13154.861173
131,84,13146.437937
132,42,16592.861076
132,43,15928.494842
132,44,15654.930081
132,45,15498.114374
132,47,15388.189568
132,48,14922.010581
132,49,14566.065943
132,51,14452.122901
132,53,14135.547927
132,54,13957.421775
132,58,13632.376464
132,64,13399.632929
132,72,13154.861173
132,84,13145.301056
133,42,16592.861076
133,43,15928.494842
133,44,15631.694798
133,45,15495.592753
133,46,15364.020828
133,48,14922.010581
133,49,14566.065943
133,51,14452.122901
133,53,14135.547927
133,54,13957.421775
133,58,13632.376464
133,64,13399.632929
133,72,13154.861173
133,84,13145.301056
134,42,16592.861076
134,43,15928.494842
134,44,15631.694798
134,45,15495.592753
134,46,15364.020828
134,47,14856.561378
134,49,14499.006066
134,51,14452.122901
134,53,14099.150576
134,54,13939.641499
134,58,13632.376464
134,64,13376.952359
134,72,13127.697905
135,42,16592.861076
135,43,15928.494842
135,44,15631.694798
135,45,15495.592753
135,46,15364.020828
135,47,14856.561378
135,49,14499.006066
135,51,14452.122901
135,52,14214.402316
135,53,14099.150576
135,54,13939.641499
135,58,13632.376464
135,64,13376.952359
135,72,13127.697905
136,42,16592.861076
136,43,15928.494842
136,44,15631.694798
136,45,15495.592753
136,46,15329.383853
136,47,14856.561378
136,49,14499.006066
136,51,14413.260069
136,52,14214.402316
136,53,14099.150576
136,54,13939.641499
136,58,13552.280800
136,64,13344.786730
136,72,13113.541693
137,41,18120.028520
137,42,16592.861076
137,43,15928.494842
137,44,15631.694798
137,45,15495.592753
137,46,15278.671911
137,47,14856.561378
137,49,14499.006066
137,51,14413.260069
137,52,14214.402316
137,53,14099.150576
137,54,13939.641499
137,57,13834.762127
137,58,13552.280800
137,64,13344.786730
137,72,13113.541693
138,41,18120.028520
138,42,16592.861076
138,43,15928.494842
138,44,15631.694798
138,45,15495.592753
138,46,15278.671911
138,47,14567.393358
138,49,14464.862328
138,51,14168.853351
138,53,14076.620278
138,54,13870.508283
138,56,13717.089875
138,58,13552.280800
138,64,13338.274886
138,72,13113.541693
139,41,18120.028520
139,42,16592.861076
139,43,15928.494842
139,44,15631.694798
139,45,15495.592753
139,46,15278.671911
139,47,14567.393358
139,49,14464.862328
139,51,14168.853351
139,53,14076.620278
139,54,13870.508283
139,56,13717.089875
139,58,13552.280800
139,61,13403.794893
139,64,13338.274886
139,72,13113.541693
139,82,13111.217606
140,41,18120.028520
140,42,16592.861076
140,43,15928.494842
140,44,15631.694798
140,45,15495.592753
140,46,15278.671911
140,47,14567.393358
140,49,14464.862328
140,51,14168.853351
140,52,14141.774901
140,53,14076.620278
140,54,13870.508283
140,56,13717.089875
140,58,13552.280800
140,61,13403.794893
140,64,13338.274886
140,70,13315.219376
140,72,13113.541693
140,82,13111.217606
141,41,18120.028520
141,42,16592.861076
141,43,15928.494842
141,44,15631.694798
141,45,15495.592753
141,46,15278.671911
141,47,14567.393358
141,49,14464.862328
141,51,14168.853351
141,52,14095.876819
141,53,14051.807534
141,54,13869.130932
141,56,13695.204695
141,57,13530.597636
141,61,13362.980567
141,64,13305.026733
141,69,13292.286776
141,72,13109.211819
142,41,18120.028520
142,42,16592.861076
142,43,15928.494842
142,44,15631.694798
142,45,15495.592753
142,46,15278.671911
142,47,14567.393358
142,49,14464.862328
142,51,14168.853351
142,52,14095.876819
142,53,14051.807534
142,54,13869.130932
142,56,13695.204695
142,57,13530.597636
142,61,13362.980567
142,64,13305.026733
142,69,13292.286776
142,71,13276.226800
142,72,13109.211819
143,41,18120.028520
143,42,16592.861076
143,43,15928.494842
143,44,15631.694798
143,45,15495.592753
143,46,15278.671911
143,47,14567.393358
143,49,14464.862328
143,51,14168.853351
143,52,14095.876819
143,53,14028.631876
143,54,13824.559989
143,56,13695.204695
143,57,13530.597636
143,61,13362.980567
143,64,13303.307591
143,68,13254.546370
143,72,13105.266181
144,41,18120.028520
144,42,16592.861076
144,43,15854.420350
144,44,15631.694798
144,45,15495.592753
144,46,15278.671911
144,47,14567.393358
144,49,14464.862328
144,51,14168.853351
144,52,14095.876819
144,53,14028.631876
144,54,13824.559989
144,56,13695.204695
144,57,13530.597636
144,61,13362.980567
144,64,13303.307591
144,68,13254.546370
144,72,13105.266181
145,41,18120.028520
145,42,16592.861076
145,43,15854.420350
145,44,15631.694798
145,45,15495.592753
145,46,15278.671911
145,47,14567.393358
145,49,14464.862328
145,50,14242.375321
145,51,14145.765757
145,52,14095.876819
145,53,14000.689105
145,54,13742.813093
145,56,13695.204695
145,57,13530.597636
145,61,13362.980567
145,64,13303.292627
145,68,13242.521545
145,72,13081.011961
146,41,18120.028520
146,42,16592.861076
146,43,15854.420350
146,44,15631.694798
146,45,15495.592753
146,46,15278.671911
146,47,14567.393358
146,49,14464.862328
146,50,14242.375321
146,51,14145.765757
146,52,14095.876819
146,53,14000.689105
146,54,13742.813093
146,56,13682.310986
146,57,13530.597636
146,61,13362.980567
146,64,13303.292627
146,68,13242.521545
146,72,13081.011961
147,41,18120.028520
147,42,16592.861076
147,43,15854.420350
147,44,15631.694798
147,45,15495.592753
147,46,14975.292708
147,47,14567.393358
147,49,14464.862328
147,50,14242.375321
147,51,14123.131856
147,52,13964.885214
147,54,13736.979828
147,56,13663.662107
147,57,13512.405895
147,60,13334.563470
147,64,13303.292627
147,68,13202.613454
147,72,13029.167037
148,41,18120.028520
148,42,16592.861076
148,43,15854.420350
148,44,15631.694798
148,45,15495.592753
148,46,14975.292708
148,47,14567.393358
148,49,14464.862328
148,50,14242.375321
148,51,14123.131856
148,52,13964.885214
148,54,13736.979828
148,56,13663.662107
148,57,13512.405895
148,60,13334.563470
148,64,13303.292627
148,68,13202.613454
148,72,13029.167037
149,41,18120.028520
149,42,16592.861076
149,43,15854.420350
149,44,15591.934923
149,45,15427.008644
149,46,14975.292708
149,47,14567.393358
149,49,14105.738953
149,52,13964.885214
149,54,13704.302129
149,56,13492.491271
149,60,13331.407834
149,64,13293.081890
149,68,13202.613454
149,72,13006.704079
150,41,18120.028520
150,42,16592.861076
150,43,15547.509571
150,45,15427.008644
150,46,14975.292708
150,47,14567.393358
150,49,14105.738953
150,52,13964.885214
150,53,13804.887162
150,54,13704.302129
150,56,13492.491271
150,60,13331.407834
150,64,13293.081890
150,68,13202.613454
150,72,13006.704079
151,41,18120.028520
151,42,16592.861076
151,43,15547.509571
151,45,15427.008644
151,46,14975.292708
151,47,14460.135944
151,49,14092.152652
151,52,13964.885214
151,53,13614.113679
151,56,13490.153303
151,60,13329.069867
151,64,13293.081890
151,67,13174.052989
151,72,13006.704079
152,41,18120.028520
152,42,16592.861076
152,43,15547.509571
152,45,15427.008644
152,46,14975.292708
152,47,14460.135944
152,49,14092.152652
152,52,13964.885214
152,53,13614.113679
152,56,13490.153303
152,60,13329.069867
152,62,13236.969849
152,67,13174.052989
152,69,13137.684492
152,72,13006.704079
152,76,12992.514824
153,41,18120.028520
153,42,16592.861076
153,43,15547.509571
153,44,15536.443685
153,45,15266.765216
153,46,14975.292708
153,47,14460.135944
153,49,14092.152652
153,50,14069.089934
153,52,13961.886641
153,53,13614.113679
153,56,13490.153303
153,60,13329.069867
153,62,13236.969849
153,64,13112.682227
153,68,13105.800924
153,72,13006.704079
153,76,12992.514824
153,78,12806.252417
154,41,18120.028520
154,42,16592.861076
154,43,15547.509571
154,44,15520.861873
154,45,15266.765216
154,46,14975.292708
154,47,14460.135944
154,49,14092.152652
154,50,14069.089934
154,52,13961.886641
154,53,13614.113679
154,56,13490.153303
154,60,13329.069867
154,62,13236.969849
154,64,13112.682227
154,68,13105.800924
154,72,13006.704079
154,76,12992.514824
154,78,12806.252417
155,41,18120.028520
155,42,16592.861076
155,43,15547.509571
155,44,15520.861873
155,45,15266.765216
155,46,14975.292708
155,47,14460.135944
155,49,14092.152652
155,50,14069.089934
155,52,13948.865021
155,53,13556.398273
155,56,13490.153303
155,60,13150.129314
155,64,13112.682227
155,68,13086.382310
155,72,13006.704079
155,76,12936.436267
155,78,12800.435992
156,41,18120.028520
156,42,16540.614141
156,43,15547.509571
156,44,15520.861873
156,45,15266.765216
156,46,14975.292708
156,47,14460.135944
156,49,14092.152652
156,50,14069.089934
156,51,14051.121669
156,52,13948.865021
156,53,13556.398273
156,56,13490.153303
156,60,13150.129314
156,64,13112.682227
156,68,13086.382310
156,72,13006.704079
156,76,12936.436267
156,78,12800.435992
157,41,18120.028520
157,42,16540.614141
157,43,15547.509571
157,44,15520.861873
157,45,15266.765216
157,46,14975.292708
157,47,14460.135944
157,49,14092.152652
157,50,14069.089934
157,51,14035.983548
157,52,13538.998774
157,56,13466.483236
157,60,13148.337660
157,64,13112.682227
157,67,13084.127715
157,70,12977.935285
157,76,12896.763579
157,78,12800.435992
158,41,18120.028520
158,42,16540.614141
158,43,15547.509571
158,44,15520.861873
158,45,15266.765216
158,46,14975.292708
158,47,14460.135944
158,49,14092.152652
158,50,14069.089934
158,51,14035.983548
158,52,13538.998774
158,56,13466.483236
158,59,13418.304679
158,60,13148.337660
158,64,13112.682227
158,67,13084.127715
158,70,12977.935285
158,76,12896.763579
158,78,12800.435992
159,41,18120.028520
159,42,16540.614141
159,43,15547.509571
159,44,15520.861873
159,45,15266.765216
159,46,14975.292708
159,47,14460.135944
159,49,14092.152652
159,50,14069.089934
159,51,14035.983548
159,52,13538.998774
159,55,13404.859345
159,59,13312.570099
159,60,13146.252602
159,64,13093.521945
159,67,13084.127715
159,68,13076.585798
159,70,12977.935285
159,76,12880.810569
159,78,12800.435992
160,41,18120.028520
160,42,16540.614141
160,43,15174.257543
160,46,14975.292708
160,47,14460.135944
160,48,14410.621464
160,49,14092.152652
160,50,14069.089934
160,51,14035.983548
160,52,13538.998774
160,53,13500.762497
160,55,13404.859345
160,58,13313.391243
160,59,13312.570099
160,60,13146.252602
160,64,13093.521945
160,67,13084.127715
160,68,13076.585798
160,69,13072.863879
160,70,12977.935285
160,76,12880.810569
160,78,12800.435992
161,41,18120.028520
161,42,15966.954608
161,43,15174.257543
161,44,14982.583250
161,46,14975.292708
161,47,14460.135944
161,48,14410.621464
161,49,14092.152652
161,50,14069.089934
161,51,14035.983548
161,52,13538.998774
161,53,13500.762497
161,55,13404.859345
161,58,13309.669849
161,60,13146.252602
161,64,13093.521945
161,67,13084.127715
161,68,13048.240949
161,70,12958.595022
161,76,12880.810569
161,78,12781.869163
162,41,18120.028520
162,42,15966.954608
162,43,15174.257543
162,44,14982.583250
162,46,14975.292708
162,47,14460.135944
162,48,14410.621464
162,49,14092.152652
162,50,14069.089934
162,51,13859.972670
162,52,13538.998774
162,53,13500.762497
162,55,13404.859345
162,58,13309.669849
162,60,13146.252602
162,64,13093.521945
162,66,13064.134867
162,67,12913.359936
162,76,12880.810569
162,78,12781.869163
163,41,18120.028520
163,42,15966.954608
163,43,15174.257543
163,44,14982.583250
163,46,14975.292708
163,47,14460.135944
163,48,14410.621464
163,49,14092.152652
163,50,14069.089934
163,51,13859.972670
163,52,13471.925732
163,55,13404.859345
163,56,13368.987768
163,58,13289.169687
163,60,13146.252602
163,64,13093.521945
163,66,13064.134867
163,67,12895.587809
163,76,12876.999666
163,78,12781.869163
164,41,18120.028520
164,42,15966.954608
164,43,15174.257543
164,44,14982.583250
164,46,14975.292708
164,47,14460.135944
164,48,14410.621464
164,49,14092.152652
164,50,14069.089934
164,51,13745.345189
164,52,13471.925732
164,55,13404.859345
164,56,13368.987768
164,58,13289.169687
164,60,13146.252602
164,64,13093.521945
164,65,13031.727772
164,67,12895.587809
164,76,12876.999666
164,78,12781.869163
165,41,18120.028520
165,42,15966.954608
165,43,15174.257543
165,44,14982.583250
165,46,14975.292708
165,47,14460.135944
165,48,14410.621464
165,49,14092.152652
165,50,14069.089934
165,51,13745.345189
165,52,13471.925732
165,55,13404.859345
165,56,13352.027647
165,58,13276.913816
165,59,13115.924842
165,64,13093.521945
165,65,13031.727772
165,67,12893.502751
165,76,12876.999666
165,78,12741.468162
166,41,18120.028520
166,42,15966.954608
166,43,15174.257543
166,44,14982.583250
166,46,14975.292708
166,47,14460.135944
166,48,14410.621464
166,49,14092.152652
166,50,14069.089934
166,51,13745.345189
166,52,13471.925732
166,55,13404.859345
166,56,13352.027647
166,58,13276.913816
166,59,13115.924842
166,64,13093.521945
166,65,13031.727772
166,67,12893.502751
166,76,12876.999666
166,78,12741.468162
167,41,18120.028520
167,42,15966.954608
167,43,15174.257543
167,44,14982.583250
167,46,14975.292708
167,47,14460.135944
167,48,14410.621464
167,49,14092.152652
167,50,14069.089934
167,51,13745.345189
167,52,13471.925732
167,55,13390.577024
167,56,13284.753641
167,58,13188.740884
167,59,13107.590828
167,64,13093.030504
167,65,13029.900806
167,67,12893.502751
167,76,12692.647329
168,41,18120.028520
168,42,15966.954608
168,43,15174.257543
168,44,14982.583250
168,46,14975.292708
168,47,14460.135944
168,48,14410.621464
168,49,14092.152652
168,50,14069.089934
168,51,13745.345189
168,52,13471.925732
168,55,13390.577024
168,56,13284.753641
168,58,13188.740884
168,59,13107.590828
168,62,13080.733172
168,65,13029.900806
168,67,12893.502751
168,76,12692.647329
169,41,18120.028520
169,42,15966.954608
169,43,15174.257543
169,44,14982.583250
169,46,14975.292708
169,47,14460.135944
169,48,14410.621464
169,49,14092.152652
169,50,13999.688553
169,51,13745.345189
169,52,13455.512219
169,55,13283.634126
169,58,13178.534006
169,59,13107.590828
169,62,13029.363672
169,65,13021.336033
169,67,12892.027938
169,74,12645.891609
170,41,18120.028520
170,42,15966.954608
170,43,15174.257543
170,44,14982.583250
170,46,14975.292708
170,47,14460.135944
170,48,14161.152632
170,49,14092.152652
170,50,13999.688553
170,51,13745.345189
170,52,13455.512219
170,55,13283.634126
170,58,13178.534006
170,59,13107.590828
170,62,13029.363672
170,65,13021.336033
170,67,12892.027938
170,74,12645.891609
171,41,18120.028520
171,42,15966.954608
171,43,15174.257543
171,44,14982.583250
171,46,14975.292708
171,47,14460.135944
171,48,14161.152632
171,49,14092.152652
171,50,13999.688553
171,51,13688.849785
171,52,13455.512219
171,55,13283.634126
171,58,13178.534006
171,59,13099.869589
171,62,13029.363672
171,64,12999.050551
171,67,12892.027938
171,74,12645.891609
172,41,18120.028520
172,42,15966.954608
172,43,15174.257543
172,44,14982.583250
172,46,14975.292708
172,47,14460.135944
172,48,14161.152632
172,49,14092.152652
172,50,13999.688553
172,51,13688.849785
172,52,13455.512219
172,55,13283.634126
172,58,13178.534006
172,59,13099.869589
172,62,13029.363672
172,64,12980.630276
172,67,12892.027938
172,74,12645.891609
173,41,18120.028520
173,42,15945.434694
173,43,15174.257543
173,44,14703.925858
173,47,14460.135944
173,48,14161.152632
173,49,14092.152652
173,50,13962.289371
173,51,13646.501252
173,52,13455.512219
173,55,13283.634126
173,58,13171.676063
173,59,13085.004322
173,62,13024.553320
173,64,12951.162740
173,66,12885.328175
173,72,12626.606950
174,41,18120.028520
174,42,15945.434694
174,43,15174.257543
174,44,14703.925858
174,47,14460.135944
174,48,14161.152632
174,49,14092.152652
174,50,13962.289371
174,51,13646.501252
174,52,13455.512219
174,55,13283.634126
174,58,13171.676063
174,59,13085.004322
174,61,13072.961606
174,62,13024.553320
174,64,12951.162740
174,66,12885.328175
174,68,12863.741344
174,72,12626.606950
175,41,18120.028520
175,42,15945.434694
175,43,15174.257543
175,44,14703.925858
175,47,14460.135944
175,48,14161.152632
175,49,14092.152652
175,50,13962.289371
175,51,13646.501252
175,52,13455.512219
175,53,13210.430986
175,57,13193.062446
175,58,13171.676063
175,59,13055.211308
175,60,13052.724070
175,62,12988.291423
175,63,12930.386064
175,66,12885.328175
175,68,12842.011171
175,72,12622.926944
176,41,18120.028520
176,42,15937.587770
176,43,15174.257543
176,44,14703.925858
176,47,14460.135944
176,48,14161.152632
176,49,14036.933678
176,50,13962.289371
176,51,13646.501252
176,52,13257.347464
176,53,13210.430986
176,57,13193.062446
176,58,13171.676063
176,59,13055.211308
176,60,13052.724070
176,62,12988.291423
176,63,12930.386064
176,66,12885.328175
176,68,12842.011171
176,72,12622.926944
177,41,16145.517994
177,42,15937.587770
177,43,15174.257543
177,44,14703.925858
177,47,14460.135944
177,48,14134.945418
177,49,14036.933678
177,50,13962.289371
177,51,13646.501252
177,52,13257.347464
177,53,13210.430986
177,55,13201.058350
177,57,13193.062446
177,58,13025.781223
177,62,12988.291423
177,63,12927.108946
177,65,12923.231892
177,66,12864.318830
177,68,12842.011171
177,69,12786.098247
177,71,12580.376294
178,41,16145.517994
178,42,15937.587770
178,43,15174.257543
178,44,14703.925858
178,45,14531.369494
178,47,14460.135944
178,48,13970.164642
178,50,13747.557032
178,51,13646.501252
178,52,13257.347464
178,53,13210.430986
178,55,13201.058350
178,57,13193.062446
178,58,13025.781223
178,62,12988.291423
178,63,12927.108946
178,65,12923.231892
178,66,12864.318830
178,67,12814.521857
178,69,12786.098247
178,71,12580.376294
179,41,16145.517994
179,42,15937.587770
179,43,15174.257543
179,44,14703.925858
179,45,14531.369494
179,47,14297.451662
179,48,13970.164642
179,49,13913.963810
179,50,13747.557032
179,51,13646.501252
179,52,13257.347464
179,53,13210.430986
179,55,13201.058350
179,57,13020.223763
179,62,12988.291423
179,63,12927.108946
179,65,12842.785412
179,67,12814.521857
179,68,12744.481037
179,70,12528.809611
180,41,16145.517994
180,42,15937.587770
180,43,15174.257543
180,44,14703.925858
180,45,14531.369494
180,47,13956.559942
180,49,13913.963810
180,50,13747.557032
180,51,13646.501252
180,52,13257.347464
180,53,13210.430986
180,55,13201.058350
180,57,13020.223763
180,62,12988.291423
180,63,12927.108946
180,65,12842.785412
180,67,12814.521857
180,68,12744.481037
180,70,12528.809611
181,41,16145.517994
181,42,15937.587770
181,43,15174.257543
181,44,14703.925858
181,45,14531.369494
181,47,13956.559942
181,49,13913.963810
181,50,13747.557032
181,51,13646.501252
181,52,13255.890826
181,53,13210.430986
181,55,13165.647690
181,56,13010.136137
181,61,12930.491241
181,63,12894.193782
181,65,12822.797511
181,66,12712.365066
181,70,12525.472445
182,41,16145.517994
182,42,15937.587770
182,43,15135.949926
182,44,14703.925858
182,45,14531.369494
182,46,14227.610705
182,47,13956.559942
182,49,13913.963810
182,50,13747.557032
182,51,13646.501252
182,52,13255.890826
182,53,13210.430986
182,55,13165.647690
182,56,13010.136137
182,61,12930.491241
182,63,12894.193782
182,65,12822.797511
182,66,12712.365066
182,70,12525.472445
183,41,16145.517994
183,42,15937.587770
183,43,14803.598801
183,44,14703.925858
183,45,14531.369494
183,46,14227.610705
183,47,13956.559942
183,49,13913.963810
183,50,13747.557032
183,51,13646.501252
183,52,13236.356551
183,53,13188.871521
183,55,13165.647690
183,56,13003.504181
183,61,12912.790286
183,63,12855.113604
183,65,12813.897631
183,66,12712.365066
183,70,12523.645658
184,41,16145.517994
184,42,15937.587770
184,43,14803.598801
184,44,14703.925858
184,45,14531.369494
184,46,14227.610705
184,47,13956.559942
184,49,13913.963810
184,50,13747.557032
184,51,13646.501252
184,52,13236.356551
184,53,13188.871521
184,55,13165.647690
184,56,13003.504181
184,61,12912.790286
184,63,12855.113604
184,65,12813.897631
184,66,12712.365066
184,70,12523.645658
185,41,16145.517994
185,42,15937.587770
185,43,14803.598801
185,44,14703.925858
185,45,14531.369494
185,46,14227.610705
185,47,13956.559942
185,49,13913.963810
185,50,13747.557032
185,51,13593.063427
185,52,13236.356551
185,53,13188.871521
185,55,13161.382329
185,56,13003.504181
185,61,12912.790286
185,63,12855.113604
185,65,12809.042361
185,66,12712.365066
185,70,12523.645658
186,41,16145.517994
186,42,15937.587770
186,43,14803.598801
186,44,14703.925858
186,45,14531.369494
186,46,14227.610705
186,47,13956.559942
186,49,13913.963810
186,50,13441.785845
186,52,13236.262745
186,53,13188.871521
186,55,13161.382329
186,56,13003.504181
186,61,12912.790286
186,63,12855.113604
186,65,12809.042361
186,66,12712.365066
186,70,12523.645658
187,41,16145.517994
187,42,15937.587770
187,43,14803.598801
187,44,14703.925858
187,45,14531.369494
187,46,14227.610705
187,47,13956.559942
187,49,13609.893857
187,50,13441.785845
187,52,13236.262745
187,53,13188.871521
187,55,13161.382329
187,56,12979.680144
187,58,12975.204193
187,61,12898.374705
187,62,12812.243235
187,65,12809.042361
187,66,12712.365066
187,70,12505.949975
188,41,16145.517994
188,42,15937.587770
188,43,14803.598801
188,44,14703.925858
188,45,14531.369494
188,46,14227.610705
188,47,13956.559942
188,49,13609.893857
188,50,13441.785845
188,52,13236.262745
188,53,13188.871521
188,55,13161.382329
188,56,12979.680144
188,58,12975.204193
188,61,12898.374705
188,62,12812.243235
188,65,12809.042361
188,66,12712.365066
188,70,12505.949975
189,41,16145.517994
189,42,15937.587770
189,43,14803.598801
189,44,14703.925858
189,45,14531.369494
189,46,14227.610705
189,47,13956.559942
189,49,13609.893857
189,50,13441.785845
189,52,13165.277770
189,55,12937.886930
189,61,12898.374705
189,62,12812.243235
189,65,12809.042361
189,66,12712.365066
189,70,12505.949975
190,41,16145.517994
190,42,15937.587770
190,43,14803.598801
190,44,14703.925858
190,45,14531.369494
190,46,14227.610705
190,47,13956.559942
190,49,13609.893857
190,50,13441.785845
190,51,13313.911480
190,52,13165.277770
190,55,12937.886930
190,61,12898.374705
190,62,12812.243235
190,65,12809.042361
190,66,12712.365066
190,70,12505.949975
191,41,16145.517994
191,42,15463.194388
191,43,14803.598801
191,44,14703.925858
191,45,14531.369494
191,46,14227.610705
191,47,13956.559942
191,48,13900.359111
191,49,13544.662551
191,50,13413.259746
191,51,13305.481433
191,52,13068.684049
191,55,12937.886930
191,60,12876.531433
191,61,12809.455847
191,63,12792.978266
191,66,12712.365066
191,68,12475.236956
192,40,16901.218867
192,41,16145.517994
192,42,15463.194388
192,43,14803.598801
192,44,14703.925858
192,45,14531.369494
192,46,14227.610705
192,47,13956.559942
192,48,13900.359111
192,49,13544.662551
192,50,13413.259746
192,51,13305.481433
192,52,13068.684049
192,55,12937.886930
192,60,12876.531433
192,61,12809.455847
192,63,12792.978266
192,66,12712.365066
192,68,12475.236956
193,40,16901.218867
193,41,16145.517994
193,42,15463.194388
193,43,14701.100817
193,45,14531.369494
193,46,14227.610705
193,47,13956.559942
193,48,13900.359111
193,49,13543.195243
193,50,13381.961844
193,51,13288.173293
193,52,13067.331178
193,55,12937.598705
193,60,12876.462283
193,61,12809.455847
193,63,12776.411166
193,65,12635.134731
193,68,12475.236956
194,40,16901.218867
194,41,16145.517994
194,42,15463.194388
194,43,14701.100817
194,45,14531.369494
194,46,14227.610705
194,47,13956.559942
194,48,13825.729342
194,49,13543.195243
194,50,13381.961844
194,51,13288.173293
194,52,13067.331178
194,55,12937.598705
194,60,12813.674043
194,61,12809.455847
194,63,12776.411166
194,65,12635.134731
194,68,12475.236956
195,40,16901.218867
195,41,16145.517994
195,42,15463.194388
195,43,14701.100817
195,45,14531.369494
195,46,14227.610705
195,47,13956.559942
195,48,13825.729342
195,49,13542.606858
195,50,13323.303034
195,51,13288.173293
195,52,13067.331178
195,55,12935.502614
195,60,12813.674043
195,61,12809.455847
195,63,12763.262870
195,65,12626.794897
195,68,12475.236956
196,40,16901.218867
196,41,16145.517994
196,42,15463.194388
196,43,14701.100817
196,45,14531.369494
196,46,14227.610705
196,47,13956.559942
196,48,13825.729342
196,49,13542.606858
196,50,13323.303034
196,51,13288.173293
196,52,13067.331178
196,55,12935.502614
196,60,12813.674043
196,61,12809.455847
196,63,12763.262870
196,65,12626.794897
196,68,12475.236956
197,39,17553.480203
197,40,16901.218867
197,41,16145.517994
197,42,15463.194388
197,43,14701.100817
197,45,14018.959573
197,47,13956.559942
197,48,13731.039019
197,49,13505.502627
197,50,13288.527119
197,51,13282.804820
197,52,13048.258062
197,55,12935.502614
197,60,12809.856644
197,61,12778.864071
197,63,12721.927058
197,65,12626.794897
197,68,12473.987264
198,39,17553.480203
198,40,16901.218867
198,41,16145.517994
198,42,15463.194388
198,43,14701.100817
198,45,14018.959573
198,47,13642.087452
198,49,13505.502627
198,50,13288.527119
198,51,13282.804820
198,52,13048.258062
198,55,12935.502614
198,60,12809.856644
198,61,12778.864071
198,62,12728.801619
198,63,12721.927058
198,65,12626.794897
198,68,12473.987264
199,39,17071.526871
199,40,16901.218867
199,41,16145.517994
199,42,15463.194388
199,43,14701.100817
199,45,14018.959573
199,47,13642.087452
199,49,13505.502627
199,50,13264.092927
199,51,13226.420642
199,52,13048.258062
199,55,12935.502614
199,60,12780.494528
199,61,12778.579049
199,62,12713.958514
199,63,12688.988063
199,65,12626.794897
199,68,12459.542126
200,39,17071.526871
200,40,16901.218867
200,41,16145.517994
200,42,15463.194388
200,43,14701.100817
200,45,14018.959573
200,46,13781.574768
200,47,13642.087452
200,49,13505.502627
200,50,13264.092927
200,51,13226.420642
200,52,13048.258062
200,55,12935.502614
200,60,12780.494528
200,61,12778.579049
200,62,12713.958514
200,63,12688.988063
200,65,12626.794897
200,68,12459.542126
201,39,17071.526871
201,40,16901.218867
201,41,16145.517994
201,42,15103.083455
201,43,14701.100817
201,45,14018.959573
201,46,13781.574768
201,47,13642.087452
201,49,13505.502627
201,50,13204.521182
201,51,13196.186899
201,52,13022.759150
201,55,12930.909972
201,60,12780.494528
201,61,12778.579049
201,62,12713.958514
201,63,12674.016287
201,65,12626.794897
201,68,12412.781409
202,39,17071.526871
202,40,16219.006131
202,41,16145.517994
202,42,15103.083455
202,43,14701.100817
202,44,14543.681034
202,45,14018.959573
202,46,13781.574768
202,47,13642.087452
202,49,13505.502627
202,50,13204.521182
202,51,13196.186899
202,52,13022.759150
202,55,12930.909972
202,60,12780.494528
202,61,12778.579049
202,62,12713.958514
202,63,12674.016287
202,65,12626.794897
202,68,12412.781409
203,39,17071.526871
203,40,16219.006131
203,41,16145.517994
203,42,15103.083455
203,43,14701.100817
203,44,14543.681034
203,45,14018.959573
203,46,13781.574768
203,47,13642.087452
203,49,13505.502627
203,50,13204.521182
203,51,13176.632257
203,52,13003.104242
203,55,12930.909972
203,58,12891.267495
203,59,12787.231769
203,60,12739.337079
203,61,12647.135225
203,65,12612.320470
203,68,12412.135164
204,39,17071.526871
204,40,16219.006131
204,41,16145.517994
204,42,15103.083455
204,43,14701.100817
204,44,14543.681034
204,45,14018.959573
204,46,13781.574768
204,47,13642.087452
204,48,13614.208119
204,49,13505.502627
204,50,13204.521182
204,51,13176.632257
204,52,13003.104242
204,55,12930.909972
204,58,12891.267495
204,59,12787.231769
204,60,12739.337079
204,61,12647.135225
204,65,12612.320470
204,68,12412.135164
204,71,12395.506097
205,39,17071.526871
205,40,16219.006131
205,41,16145.517994
205,42,15103.083455
205,43,14701.100817
205,44,14543.681034
205,45,14018.959573
205,46,13781.574768
205,47,13642.087452
205,48,13614.208119
205,49,13505.502627
205,50,13204.521182
205,51,13176.632257
205,52,13003.104242
205,55,12867.642866
205,59,12717.857614
205,61,12625.669131
205,65,12612.320470
205,68,12406.904864
205,71,12391.789803
206,39,17071.526871
206,40,16219.006131
206,41,16145.517994
206,42,15103.083455
206,43,14701.100817
206,44,14543.681034
206,45,14018.959573
206,46,13781.574768
206,47,13642.087452
206,48,13614.208119
206,49,13505.502627
206,50,13204.521182
206,51,13176.632257
206,52,13003.104242
206,55,12867.642866
206,59,12717.857614
206,61,12625.669131
206,65,12612.320470
206,68,12406.904864
206,71,12391.789803
207,39,17071.526871
207,40,16219.006131
207,41,16145.517994
207,42,15103.083455
207,43,14701.100817
207,44,14543.681034
207,45,14018.959573
207,46,13781.574768
207,47,13642.087452
207,48,13614.208119
207,49,13505.502627
207,50,13186.303064
207,51,13146.325795
207,52,13003.104242
207,55,12845.781540
207,59,12678.128463
207,61,12625.669131
207,65,12609.552739
207,68,12404.722789
207,71,12369.663735
208,39,17071.526871
208,40,16219.006131
208,41,15286.437666
208,42,15103.083455
208,43,14701.100817
208,44,14543.681034
208,45,14018.959573
208,46,13781.574768
208,47,13642.087452
208,48,13552.650406
208,49,13505.502627
208,50,13186.303064
208,51,13146.325795
208,52,13003.104242
208,55,12845.781540
208,59,12678.128463
208,61,12625.669131
208,65,12609.552739
208,68,12404.722789
208,71,12369.663735
209,39,17071.526871
209,40,16219.006131
209,41,15286.437666
209,42,15103.083455
209,43,14701.100817
209,44,14543.681034
209,45,14018.959573
209,46,13781.574768
209,47,13642.087452
209,48,13552.650406
209,49,13505.502627
209,50,13186.303064
209,51,13136.716546
209,52,12990.068412
209,55,12845.781540
209,59,12678.128463
209,61,12625.669131
209,65,12609.552739
209,67,12399.397911
209,71,12369.663735
210,39,17071.526871
210,40,16219.006131
210,41,15048.697160
210,43,14701.100817
210,44,14534.600036
210,45,14018.959573
210,46,13781.574768
210,47,13642.087452
210,48,13552.650406
210,49,13505.502627
210,50,13186.303064
210,51,13136.716546
210,52,12990.068412
210,55,12845.781540
210,59,12678.128463
210,61,12625.669131
210,65,12609.552739
210,67,12399.397911
210,71,12369.663735
211,39,17071.526871
211,40,16123.433692
211,41,15048.697160
211,43,14701.100817
211,44,14534.600036
211,45,14018.959573
211,46,13781.574768
211,47,13642.087452
211,48,13552.650406
211,49,13494.380269
211,50,13173.409427
211,51,13110.533782
211,52,12980.598052
211,55,12845.781540
211,59,12678.128463
211,61,12625.669131
211,65,12609.552739
211,67,12395.309949
211,71,12369.663735
212,39,17071.526871
212,40,15257.819917
212,41,15048.697160
212,43,14701.100817
212,44,14534.600036
212,45,14018.959573
212,46,13781.574768
212,47,13642.087452
212,48,13552.650406
212,49,13494.380269
212,50,13173.409427
212,51,13110.533782
212,52,12980.598052
212,55,12845.781540
212,59,12678.128463
212,61,12625.669131
212,65,12609.552739
212,67,12395.309949
212,71,12369.663735
213,39,17071.526871
213,40,15257.819917
213,41,15048.697160
213,42,14985.231776
213,43,14701.100817
213,44,14534.600036
213,45,14018.959573
213,46,13781.574768
213,47,13642.087452
213,48,13552.650406
213,49,13494.380269
213,50,13173.409427
213,51,13110.533782
213,52,12980.598052
213,55,12845.781540
213,59,12670.681168
213,61,12625.669131
213,65,12609.552739
213,67,12395.309949
213,71,12337.901190
214,39,17071.526871
214,40,15257.819917
214,41,15048.697160
214,42,14985.231776
214,43,14528.241234
214,45,14018.959573
214,46,13781.574768
214,47,13642.087452
214,48,13552.650406
214,49,13494.380269
214,50,13173.409427
214,51,13110.533782
214,52,12980.598052
214,55,12845.781540
214,58,12816.137899
214,59,12670.681168
214,61,12625.669131
214,65,12609.552739
214,67,12395.309949
214,71,12337.901190
215,39,17071.526871
215,40,15257.819917
215,41,15048.697160
215,42,14897.343820
215,43,14528.241234
215,45,14018.959573
215,46,13781.574768
215,47,13642.087452
215,48,13552.650406
215,49,13494.380269
215,50,13122.404925
215,51,13091.910661
215,52,12960.581121
215,55,12842.711130
215,58,12816.137899
215,59,12670.681168
215,61,12600.168847
215,65,12587.403360
215,66,12367.380440
215,70,12319.005482
216,39,17071.526871
216,40,15257.819917
216,41,15048.697160
216,42,14897.343820
216,43,14528.241234
216,45,14018.959573
216,46,13781.574768
216,47,13642.087452
216,48,13503.995386
216,49,13494.380269
216,50,13122.404925
216,51,13091.910661
216,52,12960.581121
216,55,12842.711130
216,58,12816.137899
216,59,12670.681168
216,61,12600.168847
216,65,12587.403360
216,66,12367.380440
216,70,12319.005482
217,39,17071.526871
217,40,15257.819917
217,41,15048.697160
217,42,14897.343820
217,43,14528.241234
217,45,14018.959573
217,46,13781.574768
217,47,13633.309543
217,48,13503.995386
217,49,13494.380269
217,50,13122.404925
217,51,13072.258233
217,52,12939.990219
217,54,12895.290496
217,55,12842.711130
217,57,12605.546876
217,61,12600.168847
217,65,12574.900156
217,66,12367.288525
217,70,12319.005482
218,39,17071.526871
218,40,15257.819917
218,41,15048.697160
218,42,14897.343820
218,43,14528.241234
218,45,14018.959573
218,46,13781.574768
218,47,13633.309543
218,48,13503.995386
218,49,13494.380269
218,50,13122.404925
218,51,13072.258233
218,52,12939.990219
218,54,12895.290496
218,55,12842.711130
218,57,12605.546876
218,61,12600.168847
218,65,12574.900156
218,66,12367.288525
218,70,12319.005482
219,39,17071.526871
219,40,15257.819917
219,41,15048.697160
219,42,14859.540554
219,43,14528.241234
219,45,14018.959573
219,46,13781.574768
219,47,13633.309543
219,48,13503.995386
219,49,13494.380269
219,50,13111.134130
219,51,13072.258233
219,52,12932.432350
219,54,12882.102939
219,55,12842.711130
219,57,12571.258125
219,65,12359.737223
219,69,12308.097586
220,39,17071.526871
220,40,15257.819917
220,41,15048.697160
220,42,14859.540554
220,43,14528.241234
220,45,14018.959573
220,46,13781.574768
220,47,13633.309543
220,48,13503.995386
220,49,13494.380269
220,50,13111.134130
220,51,13072.258233
220,52,12932.432350
220,54,12882.102939
220,55,12842.711130
220,57,12571.258125
220,65,12359.737223
220,69,12308.097586
221,39,17071.526871
221,40,15257.819917
221,41,15048.697160
221,42,14859.540554
221,43,14528.241234
221,45,14018.959573
221,46,13781.574768
221,47,13633.309543
221,48,13454.512929
221,50,13111.134130
221,51,13063.690873
221,52,12927.996696
221,54,12840.893222
221,55,12829.697357
221,57,12557.077941
221,65,12340.639458
221,69,12304.705944
222,39,17071.526871
222,40,15257.819917
222,41,15048.697160
222,42,14859.540554
222,43,14528.241234
222,45,14018.959573
222,46,13724.386360
222,47,13633.309543
222,48,13454.512929
222,50,13111.134130
222,51,13063.690873
222,52,12927.996696
222,54,12840.893222
222,55,12829.697357
222,57,12557.077941
222,62,12540.237190
222,65,12340.639458
222,69,12304.705944
223,39,16700.657728
223,40,15257.819917
223,41,15009.061236
223,42,14859.540554
223,43,14528.241234
223,45,14018.959573
223,46,13724.386360
223,47,13633.309543
223,48,13454.512929
223,50,13101.894920
223,51,13063.690873
223,52,12926.791036
223,54,12795.990441
223,57,12556.834902
223,62,12500.588666
223,65,12312.003656
223,69,12304.705944
224,39,16700.657728
224,40,15257.819917
224,41,15009.061236
224,42,14859.540554
224,43,14528.241234
224,45,14018.959573
224,46,13696.147587
224,47,13633.309543
224,48,13454.512929
224,50,13084.046678
224,51,13063.690873
224,52,12926.791036
224,54,12795.990441
224,57,12556.834902
224,62,12500.588666
224,65,12312.003656
224,69,12304.705944
225,39,16700.657728
225,40,15257.819917
225,41,15009.061236
225,42,14859.540554
225,43,14528.241234
225,44,14343.679460
225,45,14018.959573
225,46,13696.147587
225,47,13633.309543
225,48,13454.512929
225,50,13084.046678
225,51,13056.400109
225,52,12926.791036
225,54,12791.447105
225,57,12554.098461
225,61,12544.280870
225,62,12493.542937
225,65,12309.075500
225,69,12304.705944
226,39,16700.657728
226,40,15257.819917
226,41,15009.061236
226,42,14775.861270
226,43,14528.241234
226,44,14343.679460
226,45,14018.959573
226,46,13696.147587
226,47,13633.309543
226,48,13429.807367
226,50,13084.046678
226,51,13056.400109
226,52,12926.791036
226,54,12791.447105
226,57,12554.098461
226,61,12544.280870
226,62,12493.542937
226,65,12309.075500
226,69,12304.705944
227,39,16700.657728
227,40,15257.819917
227,41,15009.061236
227,42,14775.861270
227,43,14528.241234
227,44,14343.679460
227,45,14018.959573
227,46,13696.147587
227,47,13633.309543
227,48,13418.788380
227,50,13062.168702
227,51,13045.744006
227,52,12926.791036
227,54,12781.630218
227,57,12521.323245
227,62,12493.542937
227,65,12309.075500
227,69,12304.705944
228,39,16700.657728
228,40,15257.819917
228,41,15009.061236
228,42,14754.932636
228,43,14528.241234
228,44,14343.679460
228,45,14018.959573
228,46,13696.147587
228,47,13633.309543
228,48,13418.788380
228,50,13062.168702
228,51,13045.744006
228,52,12926.791036
228,54,12781.630218
228,57,12521.323245
228,61,12479.608793
228,65,12309.075500
228,69,12304.705944
229,39,16700.657728
229,40,15257.819917
229,41,14864.273384
229,42,14754.932636
229,43,14528.241234
229,44,14343.679460
229,45,14018.959573
229,46,13696.147587
229,47,13597.915364
229,48,13417.247397
229,50,13062.168702
229,51,13045.744006
229,52,12916.797544
229,54,12781.630218
229,56,12519.962196
229,61,12479.608793
229,65,12308.388745
229,69,12304.705944
230,39,16700.657728
230,40,15257.819917
230,41,14864.273384
230,42,14754.932636
230,43,14528.241234
230,44,14343.679460
230,45,14018.959573
230,46,13696.147587
230,47,13597.915364
230,48,13417.247397
230,50,13062.168702
230,51,13045.744006
230,52,12916.797544
230,54,12781.630218
230,56,12519.962196
230,61,12479.608793
230,65,12308.388745
230,69,12304.705944
231,39,16700.657728
231,40,15257.819917
231,41,14864.273384
231,42,14754.932636
231,43,14528.241234
231,44,14343.679460
231,45,14018.959573
231,46,13696.147587
231,47,13592.383595
231,48,13371.773989
231,49,12948.817060
231,52,12916.797544
231,54,12781.630218
231,56,12519.962196
231,58,12508.941624
231,61,12479.608793
231,65,12308.388745
231,69,12304.705944
232,39,16700.657728
232,40,15257.819917
232,41,14864.273384
232,42,14724.833285
232,43,14528.241234
232,44,14343.679460
232,45,14018.959573
232,46,13696.147587
232,47,13592.383595
232,48,13371.773989
232,49,12948.817060
232,52,12916.797544
232,54,12781.630218
232,56,12519.962196
232,58,12508.941624
232,59,12472.838411
232,65,12308.388745
232,69,12304.705944
233,39,16700.657728
233,40,15257.819917
233,41,14864.273384
233,42,14724.833285
233,43,14528.241234
233,44,14343.679460
233,45,14018.959573
233,46,13696.147587
233,47,13327.801169
233,49,12909.033222
233,52,12888.268770
233,54,12781.630218
233,56,12509.095242
233,58,12500.570438
233,59,12472.838411
233,60,12432.839404
233,65,12308.388745
233,69,12304.705944
234,39,16700.657728
234,40,15257.819917
234,41,14864.273384
234,42,14709.297284
234,43,14528.241234
234,44,14343.679460
234,45,14018.959573
234,46,13696.147587
234,47,13327.801169
234,49,12909.033222
234,52,12888.268770
234,54,12781.630218
234,56,12509.095242
234,58,12500.570438
234,59,12472.838411
234,60,12432.839404
234,65,12308.388745
234,69,12304.705944
235,39,16700.657728
235,40,15257.819917
235,41,14864.273384
235,42,14709.297284
235,43,14528.241234
235,44,14343.679460
235,45,14018.959573
235,46,13650.169211
235,47,13327.801169
235,49,12890.072583
235,52,12888.268770
235,54,12781.630218
235,56,12509.095242
235,58,12469.413128
235,59,12463.116083
235,60,12432.344553
235,62,12305.324549
235,69,12304.537200
236,39,16700.657728
236,40,15257.819917
236,41,14864.273384
236,42,14709.297284
236,43,14528.241234
236,44,14343.679460
236,45,14018.959573
236,46,13650.169211
236,47,13327.801169
236,49,12890.072583
236,52,12888.268770
236,54,12781.630218
236,56,12509.095242
236,58,12469.413128
236,59,12463.116083
236,60,12368.012668
236,62,12305.324549
236,69,12304.537200
237,39,16700.657728
237,40,15257.819917
237,41,14864.273384
237,42,14709.297284
237,43,14528.241234
237,44,14343.679460
237,45,13745.649177
237,46,13650.169211
237,47,13327.232160
237,49,12838.941396
237,54,12781.630218
237,56,12397.805193
237,60,12368.012668
237,62,12305.324549
237,66,12301.178709
238,39,16700.657728
238,40,15257.819917
238,41,14864.273384
238,42,14709.297284
238,43,14528.241234
238,44,14343.679460
238,45,13745.649177
238,46,13650.169211
238,47,13327.232160
238,49,12838.941396
238,54,12781.630218
238,56,12397.805193
238,60,12368.012668
238,61,12308.479032
238,62,12305.324549
238,66,12301.178709
239,39,16700.657728
239,40,15257.819917
239,41,14864.273384
239,42,14709.297284
239,43,14497.670264
239,44,14343.679460
239,45,13745.649177
239,46,13650.169211
239,47,13317.335146
239,49,12827.554388
239,54,12780.842065
239,56,12366.318620
239,61,12298.618757
239,66,12297.054945
240,39,16700.657728
240,40,15257.819917
240,41,14864.273384
240,42,14709.297284
240,43,14497.670264
240,44,14343.679460
240,45,13706.370042
240,46,13650.169211
240,47,13317.335146
240,48,13308.058621
240,49,12827.554388
240,54,12780.842065
240,56,12366.318620
240,61,12298.618757
240,66,12297.054945
241,39,16238.287608
241,40,15257.819917
241,41,14864.273384
241,42,14709.297284
241,43,14497.670264
241,44,14297.617350
241,45,13671.631197
241,46,13650.169211
241,47,13296.204009
241,49,12817.595682
241,54,12739.856075
241,56,12359.175704
241,61,12257.463562
241,62,12255.067045
242,39,16238.287608
242,40,15257.819917
242,41,14864.273384
242,42,14709.297284
242,43,14497.670264
242,44,14297.617350
242,45,13671.631197
242,46,13650.169211
242,47,13296.204009
242,49,12817.595682
242,53,12638.274253
242,56,12359.175704
242,61,12257.463562
242,62,12255.067045
243,39,16078.705549
243,40,15257.819917
243,41,14864.273384
243,42,14709.297284
243,43,14497.670264
243,44,14261.443716
243,45,13671.631197
243,46,13650.169211
243,47,13291.024373
243,49,12817.595682
243,53,12625.453700
243,56,12337.399186
243,59,12285.692494
243,61,12257.463562
243,62,12223.118843
244,39,16078.705549
244,40,15257.819917
244,41,14864.273384
244,42,14709.297284
244,43,14497.670264
244,44,14261.443716
244,45,13671.631197
244,46,13335.286110
244,47,13291.024373
244,49,12817.595682
244,52,12614.276648
244,56,12337.399186
244,59,12285.692494
244,61,12257.463562
244,62,12223.118843
245,39,16034.389298
245,40,15093.903180
245,41,14864.273384
245,42,14709.297284
245,43,14497.670264
245,44,14247.830243
245,45,13671.631197
245,46,13290.968083
245,47,13227.847987
245,49,12817.595682
245,52,12553.230803
245,56,12335.093770
245,59,12285.692494
245,61,12175.393686
246,39,16034.389298
246,40,15093.903180
246,41,14864.273384
246,42,14615.522169
246,43,14487.538586
246,44,14247.830243
246,45,13671.631197
246,46,13290.968083
246,47,13227.847987
246,49,12817.595682
246,52,12553.230803
246,56,12335.093770
246,59,12285.692494
246,61,12175.393686
247,39,16034.389298
247,40,15093.903180
247,41,14864.273384
247,42,14615.522169
247,43,14391.686769
247,44,14192.889325
247,45,13254.588516
247,47,13202.193184
247,49,12817.595682
247,52,12553.230803
247,56,12331.873866
247,59,12285.692494
247,60,12174.558251
248,39,16034.389298
248,40,15093.903180
248,41,14864.273384
248,42,14615.522169
248,43,14391.686769
248,44,14192.889325
248,45,13254.588516
248,47,13202.193184
248,49,12817.595682
248,52,12553.230803
248,56,12331.873866
248,59,12285.692494
248,60,12174.558251
249,39,16034.389298
249,40,15093.903180
249,41,14864.273384
249,42,14615.522169
249,43,14288.832167
249,44,14192.889325
249,45,13199.371886
249,46,13177.593672
249,49,12817.595682
249,52,12553.230803
249,53,12508.873161
249,56,12331.873866
249,59,12285.692494
249,60,12133.175050
250,39,16034.389298
250,40,15093.903180
250,41,14864.273384
250,42,14615.522169
250,43,14288.832167
250,44,14192.889325
250,45,13199.371886
250,46,13177.593672
250,49,12817.595682
250,51,12719.131304
250,52,12553.230803
250,53,12508.873161
250,56,12331.873866
250,59,12285.692494
250,60,12133.175050
251,39,16034.389298
251,40,14877.336534
251,41,14864.273384
251,42,14615.522169
251,43,14288.832167
251,44,14168.651194
251,45,13187.515828
251,46,13157.599451
251,49,12780.741487
251,51,12508.744993
251,56,12331.873866
251,59,12281.314257
251,60,12123.045330
252,39,16034.389298
252,40,14877.336534
252,41,14864.273384
252,42,14615.522169
252,43,14288.832167
252,44,13700.624453
252,45,13187.515828
252,46,13157.599451
252,49,12780.741487
252,51,12508.744993
252,56,12331.873866
252,59,12281.314257
252,60,12123.045330
253,39,16034.389298
253,40,14877.336534
253,41,14864.273384
253,42,14557.041265
253,43,14249.784242
253,44,13698.902476
253,45,13186.285028
253,46,13153.252244
253,49,12777.365929
253,51,12508.744993
253,56,12320.156412
253,59,12259.934972
253,60,12123.045330
254,39,16034.389298
254,40,14877.336534
254,41,14864.273384
254,42,14557.041265
254,43,14249.784242
254,44,13698.902476
254,45,13186.285028
254,46,13153.252244
254,49,12777.365929
254,51,12508.744993
254,56,12320.156412
254,58,12120.579558
255,39,16034.389298
255,40,14877.336534
255,41,14817.194801
255,42,14556.963962
255,43,14191.018086
255,44,13698.902476
255,45,13175.097751
255,46,13129.447143
255,49,12777.365929
255,51,12499.127962
255,56,12320.156412
255,58,12119.808679
256,39,16034.389298
256,40,14877.336534
256,41,14817.194801
256,42,14556.963962
256,43,14191.018086
256,44,13698.902476
256,45,13175.097751
256,46,13129.447143
256,49,12777.365929
256,51,12499.127962
256,56,12320.156412
256,58,12119.808679
257,39,16034.389298
257,40,14877.336534
257,41,14742.917710
257,42,14485.441394
257,43,14188.865460
257,44,13625.347324
257,45,13175.097751
257,46,13107.653294
257,49,12777.365929
257,51,12498.649786
257,56,12268.927343
257,58,12118.942149
258,39,16034.389298
258,40,14877.336534
258,41,14742.917710
258,42,14485.441394
258,43,14188.865460
258,44,13625.347324
258,45,13175.097751
258,46,13107.653294
258,49,12777.365929
258,51,12498.649786
258,56,12268.927343
258,58,12118.942149
259,39,16034.389298
259,40,14877.336534
259,41,14647.499144
259,42,14433.970258
259,43,14176.220091
259,44,13614.131792
259,45,13175.097751
259,46,13089.724239
259,49,12777.365929
259,51,12479.908783
259,56,12268.927343
259,58,12118.942149
260,39,15292.365724
260,40,14877.336534
260,41,14647.499144
260,42,14433.970258
260,43,14176.220091
260,44,13614.131792
260,45,13175.097751
260,46,13089.724239
260,49,12777.365929
260,51,12479.908783
260,56,12268.927343
260,58,12118.942149
261,39,15292.365724
261,40,14877.336534
261,41,14647.499144
261,42,14430.238376
261,43,14176.220091
261,44,13614.131792
261,45,13175.097751
261,46,13089.724239
261,49,12777.365929
261,50,12488.211694
261,51,12432.716288
261,56,12268.927343
261,58,12118.942149
262,39,15292.365724
262,40,14877.336534
262,41,14647.499144
262,42,14430.238376
262,43,14176.220091
262,44,13614.131792
262,45,13175.097751
262,46,13089.724239
262,49,12777.365929
262,50,12488.211694
262,51,12432.716288
262,56,12268.927343
262,58,12118.942149
263,39,15292.365724
263,40,14877.336534
263,41,14647.499144
263,42,14414.176226
263,43,14163.943492
263,44,13614.131792
263,45,13172.127439
263,46,13089.724239
263,49,12727.480153
263,50,12433.920275
263,51,12432.716288
263,56,12268.927343
263,57,12107.125390
264,39,15292.365724
264,40,14877.336534
264,41,14647.499144
264,42,14414.176226
264,43,14163.943492
264,44,13614.131792
264,45,13172.127439
264,46,13089.724239
264,49,12727.480153
264,50,12433.920275
264,51,12432.716288
264,56,12268.927343
264,57,12107.125390
265,39,15292.365724
265,40,14877.336534
265,41,14647.499144
265,42,14368.000070
265,43,14163.943492
265,44,13498.488949
265,45,13169.897916
265,46,13063.154431
265,49,12727.480153
265,50,12384.812599
265,56,12255.098214
265,57,12100.014780
266,39,15292.365724
266,40,14877.336534
266,41,14647.499144
266,42,14368.000070
266,43,14163.943492
266,44,13498.488949
266,45,13169.897916
266,46,13063.154431
266,49,12727.480153
266,50,12384.812599
266,56,12255.098214
266,57,12100.014780
267,39,15292.365724
267,40,14877.336534
267,41,14526.387546
267,42,14348.926908
267,43,14163.943492
267,44,13498.488949
267,45,13166.671236
267,46,13063.154431
267,49,12727.480153
267,50,12339.472688
267,56,12255.098214
267,57,12099.076454
268,39,15292.365724
268,40,14877.336534
268,41,14526.387546
268,42,14348.926908
268,43,14163.943492
268,44,13498.488949
268,45,13166.671236
268,46,13063.154431
268,49,12727.480153
268,50,12339.472688
268,56,12255.098214
268,57,12099.076454
269,39,15292.365724
269,40,14877.336534
269,41,14526.387546
269,42,14348.926908
269,43,14138.074972
269,44,13498.488949
269,45,13166.671236
269,46,13045.713507
269,49,12684.352389
269,50,12336.827054
269,56,12254.736292
269,57,12098.523006
270,39,15292.365724
270,40,14549.757278
270,41,14526.387546
270,42,14348.926908
270,43,14138.074972
270,44,13498.488949
270,45,13166.671236
270,46,13045.713507
270,49,12684.352389
270,50,12336.827054
270,56,12254.736292
270,57,12098.523006
271,39,15292.365724
271,40,14549.757278
271,41,14495.774609
271,42,14348.926908
271,43,14138.074972
271,44,13498.488949
271,45,13154.124144
271,46,13037.927400
271,49,12646.584148
271,50,12336.827054
271,56,12254.736292
271,57,12085.698878
272,39,15292.365724
272,40,14549.757278
272,41,14495.774609
272,42,14348.926908
272,43,14138.074972
272,44,13498.488949
272,45,13154.124144
272,46,13037.927400
272,49,12646.584148
272,50,12336.827054
272,56,12254.736292
272,57,12085.698878
273,39,15292.365724
273,40,14549.757278
273,41,14483.583411
273,42,14348.926908
273,43,14075.716568
273,44,13453.460043
273,45,13154.124144
273,46,13037.927400
273,49,12646.584148
273,50,12316.723095
273,56,12254.736292
273,57,12085.698878
274,39,15266.542811
274,40,14549.757278
274,41,14483.583411
274,42,14348.926908
274,43,14075.716568
274,44,13453.460043
274,45,13154.124144
274,46,13037.927400
274,49,12646.584148
274,50,12316.723095
274,52,12247.776682
274,57,12085.698878
275,39,15160.723353
275,40,14549.757278
275,41,14208.012637
275,43,14039.115254
275,44,13453.460043
275,45,13154.124144
275,46,13037.927400
275,49,12646.584148
275,50,12316.723095
275,52,12246.053799
275,57,12085.698878
276,39,15160.723353
276,40,14549.757278
276,41,14208.012637
276,43,14039.115254
276,44,13453.460043
276,45,13154.124144
276,46,13037.927400
276,49,12646.584148
276,50,12316.723095
276,52,12246.053799
276,53,12240.319906
276,57,12085.698878
277,39,15160.723353
277,40,14549.757278
277,41,14208.012637
277,43,14039.115254
277,44,13450.352289
277,45,13154.124144
277,46,12992.716038
277,49,12646.584148
277,50,12315.678333
277,52,12203.453635
277,57,12085.698878
278,39,15160.723353
278,40,14549.757278
278,41,14208.012637
278,43,14039.115254
278,44,13450.352289
278,45,13154.124144
278,46,12992.716038
278,49,12321.042009
278,50,12315.678333
278,52,12203.453635
278,57,12085.698878
279,39,15160.723353
279,40,14506.961843
279,41,14140.258319
279,43,13380.918227
279,45,13121.571655
279,46,12977.778577
279,49,12321.042009
279,50,12315.678333
279,52,12197.836169
279,57,12085.698878
280,39,15160.723353
280,40,14506.961843
280,41,14140.258319
280,43,13380.918227
280,45,13121.571655
280,46,12977.778577
280,49,12321.042009
280,50,12315.678333
280,52,12197.836169
280,57,12085.698878
281,39,15028.839504
281,40,14506.961843
281,41,14097.442169
281,43,13349.482260
281,45,13121.388842
281,46,12977.778577
281,49,12321.042009
281,50,12315.678333
281,52,12197.836169
281,57,12085.698878
282,39,15028.839504
282,40,14506.961843
282,41,14097.442169
282,43,13349.482260
282,45,13121.388842
282,46,12977.778577
282,49,12321.042009
282,50,12315.678333
282,52,12197.836169
282,57,12085.698878
283,39,15028.839504
283,40,14506.961843
283,41,14058.941123
283,43,13349.482260
283,45,13031.011906
283,46,12976.383409
283,49,12303.769715
283,51,12194.638260
283,57,12083.621753
284,39,15028.839504
284,40,14506.961843
284,41,14058.941123
284,43,13349.482260
284,45,13031.011906
284,46,12976.383409
284,49,12303.769715
284,51,12194.638260
284,57,12083.621753
285,38,15105.436093
285,39,14874.189509
285,40,14503.643451
285,41,14055.353579
285,43,13349.482260
285,45,13006.532803
285,46,12976.383409
285,49,12302.952662
285,51,12194.638260
285,57,12083.621753
286,38,15105.436093
286,39,14821.069594
286,40,14503.643451
286,41,14055.353579
286,43,13349.482260
286,45,13006.532803
286,46,12851.832071
286,49,12302.952662
286,51,12194.638260
286,57,12083.621753
287,38,15087.997820
287,39,14804.692292
287,40,14430.865795
287,41,14010.585322
287,43,13349.482260
287,45,13006.532803
287,46,12851.832071
287,49,12269.212048
287,51,12194.638260
287,57,12073.178193
288,38,15087.997820
288,39,14804.692292
288,40,14430.865795
288,41,14010.585322
288,43,13349.482260
288,45,13006.532803
288,46,12851.832071
288,49,12269.212048
288,51,12194.638260
288,54,12169.128736
288,57,12073.178193
289,38,15087.997820
289,39,14629.330499
289,40,14430.865795
289,41,13914.367446
289,43,13292.561443
289,45,12999.108765
289,46,12851.832071
289,49,12260.535950
289,51,12194.638260
289,54,12169.128736
289,57,12073.178193
290,38,15087.997820
290,39,14629.330499
290,40,14430.865795
290,41,13914.367446
290,43,13292.561443
290,45,12999.108765
290,46,12851.832071
290,49,12260.535950
290,51,12194.638260
290,54,12152.898356
290,57,12073.178193
291,38,15087.997820
291,39,14620.250966
291,40,14430.865795
291,41,13904.867753
291,43,13292.561443
291,45,12968.595994
291,46,12851.832071
291,49,12252.454971
291,51,12194.638260
291,54,12148.077175
291,57,12065.759758
292,38,15087.997820
292,39,14620.250966
292,40,14430.865795
292,41,13904.867753
292,43,13292.561443
292,45,12927.548291
292,46,12851.832071
292,47,12832.938961
292,49,12252.454971
292,51,12194.638260
292,54,12148.077175
292,57,12065.759758
293,38,15087.997820
293,39,14620.250966
293,40,14430.865795
293,41,13747.348743
293,43,13290.259412
293,45,12927.548291
293,46,12851.832071
293,47,12832.938961
293,49,12249.407643
293,51,12194.638260
293,54,12148.077175
293,56,12048.676761
294,38,15087.997820
294,39,14620.250966
294,40,14430.865795
294,41,13747.348743
294,43,13290.259412
294,45,12832.919738
294,49,12249.407643
294,51,12194.638260
294,52,12175.102402
294,54,12148.077175
294,56,12048.676761
295,38,15087.997820
295,39,14597.790570
295,40,14430.865795
295,41,13747.348743
295,43,13289.883142
295,45,12826.065370
295,49,12249.407643
295,51,12194.638260
295,52,12166.991716
295,54,12148.077175
295,56,12048.676761
296,38,15087.997820
296,39,14597.790570
296,40,14430.865795
296,41,13747.348743
296,43,13289.883142
296,45,12826.065370
296,49,12249.407643
296,51,12194.638260
296,52,12166.991716
296,54,12148.077175
296,55,12132.106766
296,56,12048.676761
297,38,15087.997820
297,39,14597.790570
297,40,14430.865795
297,41,13713.451291
297,43,13289.883142
297,45,12794.496138
297,49,12241.711100
297,51,12194.638260
297,52,12164.850930
297,53,12155.131611
297,54,12143.723093
297,55,12132.106766
297,56,12048.676761
298,38,15087.997820
298,39,14597.790570
298,40,14430.865795
298,41,13713.451291
298,42,13449.682442
298,43,13289.883142
298,45,12794.496138
298,49,12241.711100
298,51,12194.638260
298,52,12164.850930
298,53,12155.131611
298,54,12143.723093
298,55,12132.106766
298,56,12048.676761
299,38,15087.997820
299,39,14459.112355
299,40,14430.865795
299,41,13713.451291
299,42,13449.682442
299,43,13266.772619
299,45,12788.156667
299,47,12735.033856
299,49,12241.711100
299,51,12194.145499
299,52,12164.850930
299,53,12155.131611
299,54,12143.723093
299,55,12125.330346
299,56,12048.676761
300,38,15087.997820
300,39,14459.112355
300,40,14398.593126
300,41,13713.451291
300,42,13449.682442
300,43,13043.523072
300,45,12788.156667
300,47,12735.033856
300,49,12241.711100
300,51,12194.145499
300,52,12164.850930
300,53,12155.131611
300,54,12143.723093
300,55,12125.330346
300,56,12048.676761
301,38,15087.997820
301,39,14459.112355
301,40,14398.593126
301,41,13713.451291
301,42,13449.682442
301,43,13031.170709
301,45,12787.831353
301,47,12735.033856
301,49,12235.601649
301,51,12190.865980
301,52,12164.850930
301,53,12155.131611
301,54,12143.723093
301,55,12125.330346
301,56,12048.676761
302,38,15087.997820
302,39,14459.112355
302,40,14398.593126
302,41,13713.451291
302,42,13449.682442
302,43,13031.170709
302,45,12787.831353
302,47,12708.877614
302,49,12235.601649
302,51,12190.865980
302,52,12164.850930
302,53,12155.131611
302,54,12143.723093
302,55,12125.330346
302,56,12048.676761
303,38,15087.997820
303,39,14459.112355
303,40,14398.593126
303,41,13713.451291
303,42,13449.682442
303,43,13031.170709
303,45,12779.609270
303,47,12708.877614
303,49,12203.148528
303,51,12190.865980
303,52,12164.850930
303,53,12148.728627
303,54,12143.723093
303,55,12125.330346
303,56,12048.676761
304,38,15087.997820
304,39,14459.112355
304,40,14398.593126
304,41,13713.451291
304,42,13449.682442
304,43,13031.170709
304,45,12779.609270
304,47,12708.877614
304,49,12203.148528
304,51,12190.865980
304,52,12164.850930
304,53,12148.728627
304,54,12143.723093
304,55,12125.330346
304,56,12048.676761
305,38,15087.997820
305,39,14459.112355
305,40,14353.215870
305,41,13713.451291
305,42,13449.682442
305,43,13027.591038
305,45,12755.535879
305,47,12708.877614
305,49,12203.148528
305,51,12189.636842
305,52,12164.850930
305,53,12148.728627
305,54,12143.723093
305,55,12125.330346
305,56,12048.676761
306,38,15087.997820
306,39,14459.112355
306,40,14353.215870
306,41,13713.451291
306,42,13449.682442
306,43,13027.591038
306,45,12755.535879
306,47,12708.877614
306,49,12203.148528
306,51,12189.636842
306,52,12164.850930
306,53,12148.728627
306,54,12143.723093
306,55,12125.330346
306,56,12048.676761
307,38,15087.997820
307,39,14459.112355
307,40,14353.215870
307,41,13713.451291
307,42,13449.682442
307,43,13027.591038
307,45,12755.535879
307,47,12703.269707
307,49,12203.148528
307,51,12189.636842
307,52,12105.948388
307,56,12015.951044
308,38,15087.997820
308,39,14459.112355
308,40,14247.489155
308,41,13713.451291
308,42,13449.682442
308,43,13027.591038
308,45,12755.535879
308,47,12703.269707
308,49,12203.148528
308,51,12189.636842
308,52,12105.948388
308,56,12015.951044
309,38,15087.997820
309,39,14459.112355
309,40,14172.573611
309,41,13713.451291
309,42,13449.682442
309,43,13004.189193
309,45,12755.535879
309,47,12703.269707
309,49,12191.137323
309,51,12187.266276
309,52,12105.948388
309,56,12012.200092
310,38,15087.997820
310,39,14459.112355
310,40,14172.573611
310,41,13713.451291
310,42,13449.682442
310,43,13004.189193
310,45,12755.535879
310,47,12703.269707
310,49,12191.137323
310,51,12187.266276
310,52,12105.948388
310,56,12012.200092
311,38,15087.997820
311,39,14459.112355
311,40,14172.573611
311,41,13713.451291
311,42,13447.860125
311,43,12970.317355
311,45,12751.540097
311,47,12703.269707
311,48,12569.992981
311,49,12191.137323
311,51,12187.266276
311,52,12093.722821
311,56,12012.200092
312,38,15087.997820
312,39,14459.112355
312,40,14172.573611
312,41,13713.451291
312,42,13447.860125
312,43,12970.317355
312,45,12751.540097
312,47,12703.269707
312,48,12569.992981
312,49,12191.137323
312,51,12187.266276
312,52,12093.722821
312,56,12012.200092
313,38,15087.997820
313,39,14459.112355
313,40,14172.573611
313,41,13701.061286
313,42,13442.938444
313,43,12968.890395
313,45,12742.387637
313,47,12692.732725
313,48,12566.681411
313,49,12191.137323
313,51,12187.266276
313,52,12093.722821
313,56,12012.200092
314,38,15087.997820
314,39,14459.112355
314,40,13631.842630
314,42,13442.938444
314,43,12968.890395
314,45,12742.387637
314,47,12692.732725
314,48,12566.681411
314,49,12191.137323
314,51,12187.266276
314,52,12093.722821
314,56,12012.200092
315,38,15087.997820
315,39,14459.112355
315,40,13624.223786
315,42,13411.252593
315,43,12906.215290
315,45,12740.555220
315,47,12684.619649
315,48,12551.099509
315,49,12191.137323
315,51,12187.266276
315,52,12091.148556
315,56,12012.200092
316,38,15087.997820
316,39,14459.112355
316,40,13624.223786
316,42,13411.252593
316,43,12906.215290
316,45,12740.555220
316,46,12733.734377
316,47,12684.619649
316,48,12551.099509
316,49,12191.137323
316,51,12187.266276
316,52,12091.148556
316,56,12012.200092
317,38,15087.997820
317,39,14459.112355
317,40,13624.223786
317,42,13411.252593
317,43,12898.102083
317,45,12739.822051
317,46,12709.143731
317,47,12684.619649
317,48,12535.661997
317,49,12191.069943
317,51,12183.227340
317,52,12091.148556
317,56,12012.200092
318,38,15087.997820
318,39,14459.112355
318,40,13618.215625
318,42,13411.252593
318,43,12898.102083
318,45,12739.822051
318,46,12709.143731
318,47,12684.619649
318,48,12535.661997
318,49,12191.069943
318,51,12183.227340
318,52,12091.148556
318,56,12012.200092
319,38,15087.997820
319,39,14459.112355
319,40,13618.215625
319,42,13391.906061
319,43,12898.102083
319,45,12735.992004
319,46,12691.263873
319,47,12684.619649
319,48,12520.446413
319,49,12191.069943
319,51,12183.227340
319,52,12089.204399
319,56,12012.200092
320,38,15087.997820
320,39,14229.443088
320,40,13618.215625
320,42,13391.906061
320,43,12898.102083
320,45,12735.992004
320,46,12691.263873
320,47,12684.619649
320,48,12520.446413
320,49,12191.069943
320,51,12183.227340
320,52,12089.204399
320,56,12012.200092
321,38,15087.997820
321,39,13785.425637
321,40,13529.746862
321,42,13391.906061
321,43,12878.293823
321,45,12731.437292
321,46,12691.225706
321,47,12684.121030
321,48,12520.446413
321,49,12191.069943
321,51,12182.567767
321,52,12089.204399
321,56,12012.200092
