Generation,NV,TOC
1,59,25102.514819
1,65,24683.442341
1,74,21528.142372
1,75,21236.945768
1,90,20308.264189
1,94,20108.190495
1,97,19740.999102
1,109,19616.436872
1,130,19031.334131
2,59,25102.514819
2,63,24905.215341
2,65,24683.442341
2,74,21528.142372
2,75,21236.945768
2,84,20532.823102
2,85,20470.557547
2,89,20218.466289
2,94,20108.190495
2,96,20020.940671
2,97,19740.999102
2,99,19466.308522
2,106,18908.871920
3,59,25102.514819
3,63,24905.215341
3,65,24683.442341
3,67,24551.368468
3,72,21253.946954
3,74,21187.076322
3,82,20467.124562
3,88,20013.698740
3,93,19665.629868
3,94,19576.264466
3,99,19414.878933
3,105,18836.105121
4,59,25102.514819
4,63,24905.215341
4,65,24683.442341
4,67,24551.368468
4,71,24497.572894
4,72,21253.946954
4,74,21187.076322
4,78,20804.845422
4,82,20467.124562
4,83,20388.208165
4,87,19760.669042
4,93,19665.629868
4,94,19576.264466
4,99,19414.878933
4,104,19314.218641
4,105,18836.105121
5,59,25102.514819
5,63,24905.215341
5,65,24683.442341
5,67,24551.368468
5,71,23492.339072
5,72,21253.946954
5,74,21187.076322
5,78,20626.623592
5,81,20523.673439
5,82,20467.124562
5,83,20388.208165
5,85,20356.958559
5,87,19760.669042
5,92,19691.632103
5,93,19665.629868
5,94,19576.264466
5,97,19528.940532
5,99,19414.878933
5,103,19087.664786
5,105,18836.105121
5,109,18796.219840
5,125,18734.415633
5,132,18552.587000
6,57,25870.843447
6,59,25102.514819
6,60,25101.726855
6,63,24905.215341
6,65,24683.442341
6,66,22634.665511
6,72,21253.946954
6,73,21199.005256
6,74,21187.076322
6,76,20921.381057
6,77,20914.099708
6,78,20626.623592
6,81,20523.673439
6,82,20467.124562
6,83,20388.208165
6,85,20181.309019
6,86,19932.621695
6,87,19760.669042
6,92,19691.632103
6,93,19665.629868
6,94,19576.264466
6,97,19528.940532
6,98,19381.205105
6,100,18848.476813
6,102,18800.439861
6,109,18796.219840
6,111,18702.699274
6,115,18689.297562
6,118,18401.785726
6,126,18369.157096
6,130,18328.738187
7,57,25870.843447
7,58,25429.677211
7,59,25102.514819
7,60,24766.657876
7,65,24683.442341
7,66,22634.665511
7,67,22533.227535
7,68,22266.868343
7,69,21902.503941
7,71,21559.731315
7,72,21253.946954
7,73,21199.005256
7,74,21187.076322
7,76,20921.381057
7,77,20484.247181
7,78,20261.007063
7,80,20015.427176
7,86,19932.621695
7,87,19760.669042
7,92,19691.632103
7,93,19665.629868
7,94,19576.264466
7,97,19528.940532
7,98,19381.205105
7,100,18848.476813
7,102,18800.439861
7,103,17985.464582
7,105,17959.249362
8,57,25870.843447
8,58,23500.045698
8,62,22682.991402
8,66,22634.665511
8,67,22533.227535
8,68,22266.868343
8,69,21902.503941
8,71,21559.731315
8,72,21147.361378
8,74,20990.081991
8,76,20921.381057
8,77,20484.247181
8,78,20261.007063
8,80,20015.427176
8,85,19737.790920
8,90,19237.944567
8,92,18662.674877
8,103,17985.464582
8,104,17967.322098
8,105,17959.249362
9,57,25789.249974
9,58,23500.045698
9,62,22682.991402
9,66,21720.957284
9,67,21226.450327
9,72,21147.361378
9,73,20236.468188
9,80,20015.427176
9,81,19598.832539
9,87,19024.065940
9,91,18278.727736
9,102,17960.629111
9,103,17834.126092
9,111,17757.155852
9,116,17610.953760
10,57,25789.249974
10,58,23500.045698
10,59,23497.137846
10,61,22576.060167
10,66,21720.957284
10,67,21226.450327
10,69,19982.542599
10,80,19521.654186
10,84,19293.141372
10,85,18643.799099
10,91,18278.727736
10,100,17969.594658
10,102,17722.833060
10,104,17679.211410
10,116,17610.953760
11,56,23430.388383
11,59,23248.825592
11,60,22464.570617
11,61,22004.517610
11,63,21937.482245
11,66,21720.957284
11,67,21226.450327
11,69,19982.542599
11,73,19964.400073
11,76,19767.673108
11,78,19361.448014
11,84,19276.616606
11,85,18643.799099
11,91,18278.727736
11,100,17969.594658
11,102,17722.833060
11,104,17679.211410
11,107,17569.257136
11,113,17518.188214
12,55,24785.350611
12,56,23430.388383
12,59,23248.825592
12,60,22464.570617
12,61,22004.517610
12,63,21937.482245
12,66,21720.957284
12,67,21226.450327
12,69,19982.542599
12,73,19964.400073
12,75,19842.448462
12,76,19767.673108
12,77,19432.563793
12,78,19361.448014
12,84,19276.616606
12,85,18643.799099
12,91,18278.727736
12,100,17969.594658
12,101,17573.369629
12,107,17569.257136
12,113,17518.188214
12,116,17511.080806
13,55,24785.350611
13,56,23430.388383
13,57,21641.364905
13,66,20088.522607
13,69,19927.402750
13,70,18645.314055
13,78,18369.266122
13,91,18278.727736
13,100,17859.992715
13,101,17573.369629
13,107,17196.469073
14,55,24785.350611
14,56,23430.388383
14,57,21641.364905
14,63,21348.300755
14,66,20088.522607
14,69,19927.402750
14,70,18645.314055
14,78,18369.266122
14,91,18278.727736
14,99,18181.252273
14,100,17859.992715
14,101,17573.369629
14,106,17547.524957
14,107,17196.469073
15,55,24785.350611
15,56,23430.388383
15,57,21641.364905
15,63,21348.300755
15,66,20088.522607
15,69,19927.402750
15,70,18645.314055
15,78,18339.823244
15,87,17992.664397
15,100,17859.992715
15,101,17238.730309
15,107,17196.469073
16,55,24785.350611
16,56,23430.388383
16,57,21641.364905
16,63,21348.300755
16,64,20077.041356
16,69,18565.972090
16,76,18421.452530
16,78,18274.618631
16,87,17743.142350
16,94,17728.409446
16,100,17195.290831
16,107,17118.079605
16,116,16825.446366
17,55,24785.350611
17,56,23430.388383
17,57,21357.897327
17,63,21348.300755
17,64,20077.041356
17,69,18565.972090
17,76,18421.452530
17,78,18274.618631
17,85,18029.182353
17,87,17743.142350
17,94,17728.409446
17,100,17195.290831
17,107,17118.079605
17,115,16726.577495
18,55,24785.350611
18,56,23430.388383
18,57,21357.897327
18,59,21039.914889
18,61,19220.714038
18,69,18565.972090
18,76,18421.452530
18,78,18274.618631
18,81,17914.753639
18,87,17743.142350
18,92,17239.523205
18,100,17195.290831
18,107,17118.079605
18,109,16874.825318
18,114,16874.006811
18,115,16726.577495
19,55,24785.350611
19,56,23430.388383
19,57,21357.897327
19,59,21039.914889
19,61,19220.714038
19,69,18565.972090
19,76,18421.452530
19,78,18274.618631
19,81,17914.753639
19,82,17892.290164
19,84,17820.048654
19,85,17660.839336
19,92,17239.523205
19,100,17195.290831
19,103,17158.102891
19,107,17118.079605
19,108,16935.042722
19,109,16874.825318
19,111,16618.484247
20,55,24785.350611
20,56,21396.753955
20,57,21357.897327
20,59,21039.914889
20,60,20468.932087
20,61,19220.714038
20,69,18565.972090
20,70,18542.480717
20,76,18421.452530
20,78,18274.618631
20,81,17914.753639
20,82,17602.498123
20,92,17239.523205
20,100,17195.290831
20,103,17158.102891
20,107,17118.079605
20,108,16935.042722
20,109,16874.825318
20,110,16622.548351
20,111,16618.484247
21,55,24785.350611
21,56,21396.753955
21,57,21027.954915
21,59,20812.030628
21,60,20468.932087
21,61,19220.714038
21,69,18565.972090
21,70,18488.993302
21,76,18247.943953
21,79,17199.359345
21,90,17142.706076
21,98,17084.238029
21,102,17016.790505
21,105,16559.337181
21,110,16490.427062
22,55,24785.350611
22,56,21396.753955
22,57,20540.306549
22,60,20468.932087
22,61,19220.714038
22,69,18565.972090
22,70,18488.993302
22,76,18247.943953
22,77,17882.083244
22,79,17199.359345
22,90,17142.706076
22,98,17084.238029
22,102,17016.790505
22,105,16559.337181
22,110,16490.427062
23,55,24785.350611
23,56,21396.753955
23,57,20540.306549
23,60,20267.796377
23,61,19220.714038
23,66,19005.897535
23,68,18543.414929
23,70,18488.993302
23,71,18467.920969
23,73,18138.724242
23,77,17882.083244
23,79,17199.359345
23,90,17142.706076
23,98,17084.238029
23,101,16753.040641
23,105,16559.337181
23,110,16490.427062
24,55,24785.350611
24,56,21396.753955
24,57,20540.306549
24,59,20536.593564
24,60,20267.796377
24,61,19220.714038
24,65,18313.759027
24,73,18138.724242
24,77,17882.083244
24,79,17199.359345
24,90,17142.706076
24,98,17084.238029
24,101,16753.040641
24,105,16559.337181
24,110,16490.427062
25,55,24785.350611
25,56,21396.753955
25,57,20540.306549
25,59,20176.525579
25,60,19870.019088
25,61,19220.714038
25,64,18800.616761
25,65,18313.759027
25,66,17877.962484
25,70,17578.864563
25,79,17199.359345
25,90,17142.706076
25,98,17084.238029
25,101,16753.040641
25,105,16559.337181
25,110,16490.427062
26,55,24785.350611
26,56,21396.753955
26,57,20540.306549
26,58,20307.208078
26,59,18771.906945
26,60,18560.518958
26,65,18134.346079
26,66,17877.962484
26,68,17683.885139
26,70,17578.864563
26,72,17440.926957
26,79,17199.359345
26,90,17142.706076
26,98,17084.238029
26,101,16753.040641
26,105,16559.337181
26,110,16490.427062
27,55,22058.896189
27,56,21396.753955
27,57,20540.306549
27,58,20307.208078
27,59,18771.906945
27,60,18560.518958
27,65,18074.919147
27,66,17877.962484
27,68,17683.885139
27,70,17578.864563
27,72,17373.800892
27,79,17199.359345
27,86,16745.670037
27,105,16559.337181
27,110,16490.427062
28,54,22266.233520
28,55,22058.896189
28,56,21396.753955
28,57,20540.306549
28,58,20307.208078
28,59,18771.906945
28,60,18152.978949
28,63,17820.817120
28,64,17539.087810
28,72,17373.800892
28,79,17199.359345
28,83,17129.729767
28,86,16745.670037
28,105,16559.337181
28,106,16524.924514
28,110,16490.427062
29,54,22266.233520
29,55,22058.896189
29,56,21396.753955
29,57,20540.306549
29,58,20307.208078
29,59,18481.171567
29,60,18152.978949
29,62,17784.481319
29,64,17508.641071
29,67,17292.654424
29,72,17241.065193
29,79,17199.359345
29,81,16559.577243
29,105,16509.589173
29,106,16463.371450
29,109,16446.033734
30,54,22266.233520
30,55,22058.896189
30,56,21396.753955
30,57,20540.306549
30,58,20307.208078
30,59,18481.171567
30,60,18152.978949
30,62,17784.481319
30,64,17508.641071
30,67,17292.654424
30,72,17241.065193
30,73,16775.381775
30,81,16559.577243
30,93,16559.399511
30,105,16509.589173
30,106,16463.371450
30,109,16446.033734
31,54,22266.233520
31,55,22011.579150
31,56,19773.196503
31,59,18481.171567
31,60,18152.978949
31,62,17784.481319
31,64,17508.641071
31,67,17292.654424
31,72,17241.065193
31,73,16775.381775
31,81,16559.577243
31,83,16526.552648
31,105,16509.589173
31,106,16373.990938
32,54,22063.051389
32,55,22011.579150
32,56,19773.196503
32,59,18481.171567
32,60,18152.978949
32,61,18107.584203
32,62,17737.142371
32,64,17341.533836
32,67,17292.654424
32,72,17122.703588
32,73,16739.168052
32,79,16671.748250
32,81,16515.566526
32,83,16495.147719
32,84,16278.039512
33,54,22063.051389
33,55,22011.579150
33,56,19773.196503
33,59,18481.171567
33,60,18152.978949
33,61,18107.584203
33,62,17737.142371
33,64,17341.533836
33,67,17122.528311
33,72,17120.877981
33,73,16739.168052
33,79,16671.748250
33,81,16515.566526
33,83,16495.147719
33,84,16278.039512
34,54,21402.182925
34,56,18884.306586
34,59,18481.171567
34,60,18152.978949
34,61,18107.584203
34,62,17737.142371
34,64,17341.533836
34,67,17122.528311
34,72,17120.877981
34,73,16739.168052
34,75,16718.498871
34,76,16710.466742
34,79,16671.748250
34,81,16515.566526
34,82,16441.319762
34,84,16278.039512
34,97,16187.284697
35,53,20393.930720
35,56,18884.306586
35,59,18481.171567
35,60,18152.978949
35,61,18107.584203
35,62,17737.142371
35,64,17311.079470
35,67,17001.856763
35,73,16681.638597
35,74,16572.903786
35,79,16395.584579
35,84,16203.135146
35,97,16075.279622
36,52,22571.705324
36,53,20393.930720
36,56,18884.306586
36,57,18237.620289
36,60,18152.978949
36,61,18107.584203
36,62,17737.142371
36,64,17311.079470
36,67,17001.856763
36,72,16778.247369
36,73,16681.638597
36,74,16572.903786
36,79,16395.584579
36,81,16339.179144
36,84,16203.135146
36,85,16200.184721
36,90,16173.631113
36,97,16075.279622
37,52,22571.705324
37,53,20393.930720
37,54,19956.695111
37,56,18884.306586
37,57,18237.620289
37,59,17968.738454
37,62,17737.142371
37,64,17311.079470
37,67,17001.856763
37,69,16892.660758
37,72,16770.958025
37,73,16681.638597
37,74,16572.903786
37,78,16453.384842
37,79,16395.584579
37,81,16339.179144
37,84,16203.135146
37,85,16200.184721
37,90,16173.631113
37,95,16154.203070
37,97,16075.279622
38,52,22571.705324
38,53,20393.930720
38,54,19956.695111
38,56,18884.306586
38,57,18237.620289
38,59,17968.738454
38,62,17737.142371
38,63,17127.826324
38,66,16826.929622
38,70,16791.855166
38,71,16520.271511
38,73,16515.304543
38,78,16438.108940
38,79,16395.584579
38,80,16213.347159
38,84,16061.034507
39,52,22571.705324
39,53,20393.930720
39,54,19956.695111
39,55,19865.510807
39,56,18884.306586
39,57,18237.620289
39,59,17968.738454
39,62,17481.388733
39,63,17127.826324
39,66,16826.929622
39,70,16791.855166
39,71,16520.271511
39,73,16515.304543
39,78,16425.482670
39,79,16395.584579
39,80,16213.347159
39,82,16156.268046
39,84,16061.034507
40,52,22571.705324
40,53,20393.930720
40,54,19956.695111
40,55,19865.510807
40,56,18884.306586
40,57,18237.620289
40,59,17968.738454
40,60,17743.392626
40,62,17481.388733
40,63,17127.826324
40,64,16709.862829
40,66,16609.381163
40,71,16520.271511
40,73,16515.304543
40,78,16425.482670
40,79,16395.584579
40,80,16213.347159
40,82,16156.268046
40,84,16061.034507
41,52,22571.705324
41,53,20198.823953
41,54,19956.695111
41,55,19865.510807
41,56,18423.857989
41,57,18237.620289
41,59,17968.738454
41,60,17743.392626
41,62,17481.388733
41,63,17076.825104
41,64,16568.435544
41,66,16534.825850
41,70,16482.816721
41,76,16407.643270
41,77,16177.871063
41,82,16131.566613
41,84,16018.404593
42,52,22571.705324
42,53,20116.144479
42,54,19956.695111
42,55,19680.686600
42,56,18423.857989
42,57,18237.620289
42,59,17968.738454
42,60,17743.392626
42,62,17481.388733
42,63,17076.825104
42,64,16568.435544
42,66,16534.825850
42,70,16482.816721
42,76,16407.643270
42,77,16177.871063
42,82,16131.566613
42,84,16018.404593
43,52,22571.705324
43,53,20116.144479
43,54,19956.695111
43,55,19466.095223
43,56,18423.857989
43,57,18237.620289
43,59,17968.738454
43,60,17423.049918
43,63,17076.825104
43,64,16568.435544
43,66,16534.825850
43,70,16482.816721
43,76,16407.643270
43,77,16177.871063
43,82,16131.566613
43,83,16117.058407
43,84,16018.404593
43,89,15812.901652
44,52,22571.705324
44,53,20116.144479
44,54,19956.695111
44,55,19466.095223
44,56,18423.857989
44,57,18237.620289
44,59,17850.838727
44,60,17284.501189
44,63,17067.947614
44,64,16555.770511
44,66,16497.816204
44,69,16438.010864
44,75,16243.507330
44,77,16161.725213
44,80,15818.588143
44,84,15775.265130
45,52,22571.705324
45,53,20116.144479
45,54,19890.804087
45,55,19466.095223
45,56,18423.857989
45,57,18195.701991
45,59,17850.838727
45,60,17284.501189
45,63,17067.947614
45,64,16555.770511
45,66,16497.816204
45,69,16438.010864
45,74,15943.607759
45,77,15916.809127
45,80,15818.588143
45,84,15775.265130
46,52,20316.357114
46,53,20116.144479
46,54,19890.804087
46,55,19466.095223
46,56,18423.857989
46,57,17932.036075
46,59,17730.099557
46,60,17284.501189
46,62,17145.575494
46,63,17067.947614
46,64,16555.770511
46,66,16497.816204
46,69,16438.010864
46,74,15943.607759
46,77,15916.809127
46,80,15818.588143
46,84,15775.265130
47,52,20316.357114
47,53,19806.941574
47,55,19466.095223
47,56,18423.857989
47,57,17060.706542
47,63,17040.871819
47,64,16526.044087
47,66,16497.816204
47,69,16404.323379
47,71,15918.448979
47,77,15916.809127
47,80,15709.711283
47,83,15594.416814
48,51,21696.573285
48,52,20160.788348
48,53,19736.722807
48,55,19466.095223
48,56,18423.857989
48,57,17060.706542
48,62,16790.359028
48,64,16526.044087
48,66,16497.816204
48,69,16404.323379
48,71,15918.448979
48,77,15916.809127
48,80,15709.711283
48,81,15609.391184
48,83,15594.416814
49,51,21060.402007
49,52,20160.788348
49,53,19736.722807
49,55,19466.095223
49,56,18284.368615
49,57,17060.706542
49,62,16790.359028
49,64,16526.044087
49,66,16497.816204
49,69,16338.097336
49,71,15918.448979
49,77,15916.809127
49,80,15709.711283
49,81,15609.391184
49,83,15594.416814
50,50,20753.095399
50,51,19902.250629
50,53,19736.722807
50,55,18556.879777
50,56,18284.368615
50,57,17060.706542
50,62,16782.679883
50,64,16494.646462
50,66,16493.937389
50,69,16311.998445
50,71,15766.221062
50,80,15666.878937
50,81,15474.811304
51,49,21059.349624
51,50,20582.711948
51,51,19902.250629
51,53,19736.722807
51,54,19224.586750
51,55,18556.879777
51,56,18284.368615
51,57,17060.706542
51,62,16782.679883
51,64,16494.646462
51,66,16493.937389
51,69,15933.254663
51,71,15766.221062
51,72,15761.998251
51,80,15666.878937
51,81,15474.811304
52,49,21059.349624
52,50,20582.711948
52,51,19902.250629
52,53,19403.747466
52,54,19224.586750
52,55,18027.239391
52,57,17060.706542
52,60,16832.497442
52,62,16782.679883
52,63,16730.383948
52,64,16494.646462
52,66,16493.937389
52,69,15782.097442
52,71,15766.221062
52,72,15761.998251
52,80,15666.878937
52,81,15474.811304
53,49,21059.349624
53,50,19706.239890
53,52,19674.771522
53,53,19403.747466
53,54,19224.586750
53,55,17831.081199
53,57,17060.706542
53,60,16832.497442
53,62,16735.202481
53,63,16713.021206
53,64,16424.875895
53,65,16208.140478
53,69,15688.097982
53,71,15675.148101
53,73,15637.740806
53,76,15522.898205
53,80,15448.682126
54,49,21059.349624
54,50,19706.239890
54,52,19674.771522
54,53,19403.747466
54,54,18100.828004
54,55,17831.081199
54,57,17060.706542
54,60,16832.497442
54,62,16713.834892
54,63,16713.021206
54,64,16424.875895
54,65,16208.140478
54,68,15807.065339
54,69,15688.097982
54,71,15675.148101
54,73,15637.740806
54,76,15522.898205
54,80,15448.682126
55,49,21059.349624
55,50,19706.239890
55,52,19674.771522
55,53,18829.742754
55,54,18100.828004
55,55,17831.081199
55,57,17060.706542
55,60,16832.497442
55,62,16713.834892
55,63,16713.021206
55,64,16424.875895
55,65,16208.140478
55,66,16192.555187
55,68,15807.065339
55,69,15688.097982
55,71,15675.148101
55,72,15609.003486
55,76,15522.898205
55,80,15448.682126
56,49,21040.790903
56,50,19706.239890
56,52,19674.771522
56,53,18829.742754
56,54,17903.203480
56,55,17831.081199
56,57,17060.706542
56,58,16845.430334
56,60,16832.497442
56,62,16713.834892
56,63,16411.145597
56,65,16130.527011
56,67,15772.686801
56,69,15642.689038
56,72,15496.694809
56,79,15412.110521
56,82,15385.342111
57,49,21040.790903
57,50,19706.239890
57,52,18444.721040
57,53,17974.997777
57,54,17716.770243
57,57,17060.706542
57,58,16845.430334
57,60,16832.497442
57,62,16490.095430
57,63,16411.145597
57,65,16021.719264
57,67,15772.686801
57,69,15642.689038
57,72,15496.694809
57,79,15412.110521
57,82,15385.342111
58,49,20287.752353
58,50,19706.239890
58,52,18444.721040
58,53,17974.997777
58,54,17716.770243
58,57,16945.949888
58,58,16845.430334
58,60,16832.497442
58,62,16490.095430
58,63,16411.145597
58,65,16021.719264
58,67,15772.686801
58,69,15642.689038
58,72,15496.694809
58,79,15412.110521
58,82,15385.342111
59,48,20558.910419
59,49,20287.752353
59,50,19706.239890
59,51,19592.367839
59,52,18444.721040
59,53,17974.997777
59,54,17716.770243
59,56,17682.707713
59,57,16636.324372
59,62,16429.511191
59,63,16379.486156
59,65,16021.719264
59,67,15771.771516
59,69,15621.300821
59,72,15472.476363
59,78,15360.192195
59,82,15284.269534
60,48,20558.910419
60,49,19258.124851
60,52,18444.721040
60,53,17974.997777
60,54,17716.770243
60,55,17205.580619
60,57,16636.324372
60,62,16429.511191
60,63,16379.486156
60,65,16021.719264
60,67,15771.771516
60,69,15621.300821
60,72,15472.476363
60,78,15360.192195
60,82,15284.269534
61,48,20558.910419
61,49,19258.124851
61,52,18444.721040
61,53,17974.997777
61,54,17716.770243
61,55,17205.580619
61,57,16636.324372
61,62,16429.511191
61,63,16379.486156
61,65,16021.719264
61,67,15771.771516
61,69,15621.300821
61,72,15472.476363
61,78,15360.192195
61,82,15284.269534
62,48,20558.910419
62,49,19258.124851
62,52,18444.721040
62,53,17974.997777
62,54,17716.770243
62,55,17205.580619
62,57,16636.324372
62,62,16286.997686
62,65,16021.719264
62,67,15771.771516
62,69,15601.797256
62,72,15388.440209
62,78,15298.232892
62,82,15270.246385
63,48,20558.910419
63,49,19258.124851
63,52,18444.721040
63,53,17974.997777
63,54,17716.770243
63,55,17205.580619
63,57,16636.324372
63,62,16286.997686
63,63,15960.519365
63,67,15771.771516
63,69,15601.797256
63,72,15388.440209
63,78,15298.232892
63,82,15270.246385
64,48,20558.910419
64,49,19258.124851
64,51,19153.500247
64,52,18444.721040
64,53,17974.997777
64,54,17716.770243
64,55,17205.580619
64,57,16636.324372
64,62,16286.997686
64,63,15960.519365
64,67,15771.771516
64,69,15601.797256
64,72,15388.440209
64,78,15298.232892
64,82,15270.246385
65,48,20558.910419
65,49,19258.124851
65,51,19153.500247
65,52,18444.721040
65,53,17974.997777
65,54,17070.985646
65,57,16636.324372
65,62,16220.109347
65,63,15960.519365
65,67,15707.772314
65,68,15594.666261
65,70,15339.064376
65,78,15270.742559
65,82,15238.677338
66,48,20558.910419
66,49,19258.124851
66,51,19153.500247
66,52,17588.681508
66,54,17070.985646
66,56,16980.008607
66,57,16636.324372
66,61,16491.677796
66,62,16220.109347
66,63,15960.519365
66,67,15672.422195
66,68,15594.666261
66,70,15339.064376
66,78,15270.742559
66,82,15238.677338
67,48,19714.123115
67,49,19258.124851
67,51,19153.500247
67,52,17588.681508
67,54,17070.985646
67,56,16980.008607
67,57,16636.324372
67,61,16491.677796
67,62,16220.109347
67,63,15960.519365
67,67,15672.422195
67,68,15594.666261
67,70,15339.064376
67,78,15270.742559
67,82,15238.677338
68,48,19080.729284
68,50,19050.333305
68,52,17588.681508
68,54,17070.985646
68,56,16896.471456
68,57,16487.239957
68,61,16429.254412
68,62,16209.022011
68,63,15955.840435
68,67,15672.422195
68,68,15292.914151
68,78,15257.460505
68,82,15236.494410
69,48,19080.729284
69,49,18776.744617
69,50,17959.339209
69,52,17588.681508
69,53,17483.175235
69,54,17070.985646
69,55,16693.443056
69,57,16487.239957
69,61,16429.254412
69,62,16209.022011
69,63,15955.840435
69,67,15672.422195
69,68,15292.914151
69,78,15257.460505
69,82,15236.494410
70,48,19080.729284
70,49,18757.369666
70,50,17959.339209
70,51,17579.424077
70,53,17370.569966
70,54,17070.985646
70,55,16693.443056
70,57,16487.239957
70,61,16429.254412
70,62,16209.022011
70,63,15955.840435
70,67,15672.422195
70,68,15292.914151
70,78,15257.460505
70,82,15236.494410
71,48,19080.729284
71,49,18757.369666
71,50,17959.339209
71,51,17579.424077
71,53,17370.569966
71,54,17070.985646
71,55,16693.443056
71,56,16465.188759
71,61,16429.254412
71,62,16114.541463
71,63,15928.347807
71,66,15880.651057
71,67,15528.443968
71,68,15287.379108
71,77,15243.397668
71,82,15179.963731
72,48,19080.729284
72,49,18757.369666
72,50,17617.428758
72,51,17579.424077
72,53,17370.569966
72,54,17070.985646
72,55,16693.443056
72,56,16465.188759
72,61,16068.176563
72,63,15928.347807
72,64,15776.430152
72,65,15685.196523
72,67,15528.443968
72,68,15287.379108
72,77,15243.397668
72,82,15179.963731
73,48,19080.729284
73,49,17858.718401
73,50,17617.428758
73,51,17115.949703
73,54,17001.060187
73,55,16648.537392
73,56,16465.188759
73,61,16068.176563
73,62,16046.565059
73,63,15928.347807
73,64,15776.430152
73,65,15685.196523
73,66,15669.402505
73,67,15528.443968
73,68,15287.379108
73,71,15232.921825
73,82,15179.963731
74,48,19080.729284
74,49,17858.718401
74,50,17617.428758
74,51,17115.949703
74,54,17001.060187
74,55,16648.537392
74,56,16465.188759
74,61,16068.176563
74,62,16006.707224
74,63,15867.103060
74,64,15755.683317
74,65,15664.323695
74,67,15528.443968
74,68,15259.538390
74,71,15229.148997
74,82,15140.781202
75,48,18398.956904
75,49,17858.718401
75,50,17603.682570
75,51,17115.949703
75,54,16968.440131
75,55,16648.537392
75,56,16465.188759
75,58,16394.688668
75,60,16077.849502
75,61,16068.176563
75,62,16006.707224
75,63,15767.775765
75,64,15755.683317
75,65,15664.323695
75,67,15528.443968
75,68,15259.538390
75,70,15219.765786
75,71,15211.846595
75,82,15140.781202
76,48,18398.956904
76,49,17858.718401
76,50,17603.682570
76,51,17115.949703
76,54,16628.476664
76,56,16465.188759
76,57,16442.169172
76,58,16394.688668
76,59,16270.657184
76,60,16077.849502
76,61,16068.176563
76,62,16006.707224
76,63,15767.775765
76,64,15755.683317
76,65,15664.323695
76,67,15528.443968
76,68,15259.538390
76,70,15219.765786
76,71,15211.846595
76,77,15201.070799
76,82,15140.781202
77,48,18398.956904
77,49,17858.718401
77,50,17441.245753
77,51,17115.949703
77,52,16813.410996
77,54,16628.476664
77,55,16338.668084
77,59,16270.657184
77,60,16077.849502
77,61,16068.176563
77,62,15944.155171
77,63,15767.775765
77,64,15755.683317
77,65,15580.899586
77,67,15498.728989
77,68,15219.155458
77,69,15216.454409
77,71,15211.846595
77,77,15197.525763
77,82,15140.781202
78,48,18326.284436
78,49,17858.718401
78,50,17274.674155
78,51,17115.949703
78,52,16813.410996
78,54,16628.476664
78,55,16338.668084
78,59,16270.657184
78,60,16059.850049
78,62,15944.155171
78,63,15682.721104
78,65,15580.899586
78,67,15498.728989
78,68,15219.155458
78,69,15216.454409
78,71,15211.846595
78,77,15197.525763
78,82,15140.781202
79,48,18326.284436
79,49,17858.718401
79,50,17274.674155
79,51,17115.949703
79,52,16813.410996
79,54,16628.476664
79,55,16146.442836
79,60,16059.850049
79,62,15944.155171
79,63,15682.721104
79,65,15580.899586
79,67,15498.728989
79,68,15219.155458
79,69,15216.454409
79,71,15211.846595
79,77,15197.525763
79,82,15140.781202
80,47,18427.639811
80,48,18326.284436
80,49,17758.448769
80,50,17274.674155
80,51,17115.949703
80,52,16813.410996
80,54,16628.476664
80,55,16146.442836
80,57,16060.131906
80,60,16053.263076
80,62,15919.583587
80,63,15665.893626
80,65,15533.536501
80,67,15498.728989
80,68,15215.768222
80,69,15195.408143
80,71,15103.851651
81,47,18427.639811
81,48,18326.284436
81,49,17658.678404
81,50,17274.674155
81,51,17115.949703
81,52,16813.410996
81,54,16628.476664
81,55,16146.442836
81,57,16060.131906
81,60,16053.263076
81,62,15899.173579
81,63,15665.893626
81,65,15533.536501
81,67,15498.728989
81,68,15215.768222
81,69,15195.408143
81,71,15088.368423
82,47,18427.639811
82,48,18046.733053
82,49,17354.235269
82,50,17274.674155
82,51,17115.949703
82,52,16813.410996
82,54,16436.914993
82,55,16146.442836
82,57,16060.131906
82,60,16053.263076
82,62,15899.173579
82,63,15665.893626
82,64,15659.754931
82,65,15533.536501
82,67,15498.728989
82,68,15215.768222
82,69,15195.408143
82,71,15088.368423
83,47,18427.639811
83,48,18035.243579
83,49,17354.235269
83,50,17274.674155
83,51,17014.347217
83,52,16813.410996
83,54,16436.914993
83,55,16146.442836
83,57,15958.984923
83,62,15617.263909
83,64,15609.950306
83,65,15526.641975
83,67,15444.567675
83,68,15185.238509
83,69,15168.675731
83,71,15088.368423
84,46,18808.017049
84,47,18292.068465
84,48,18035.243579
84,49,17354.235269
84,50,17274.674155
84,51,17014.347217
84,52,16813.410996
84,53,16701.049693
84,54,16436.914993
84,55,16146.442836
84,57,15958.984923
84,62,15617.263909
84,64,15609.950306
84,65,15526.641975
84,67,15444.567675
84,68,15185.238509
84,69,15168.675731
84,71,15088.368423
85,46,18808.017049
85,47,18066.419941
85,48,18035.243579
85,49,17354.235269
85,50,17258.719896
85,51,17014.347217
85,52,16813.410996
85,53,16673.786217
85,54,16261.275759
85,55,16146.442836
85,57,15958.984923
85,61,15564.044409
85,65,15526.641975
85,67,15444.567675
85,68,15185.238509
85,69,15168.675731
85,71,15088.368423
86,46,18709.021979
86,47,18066.419941
86,48,18035.243579
86,49,17354.235269
86,50,16942.341776
86,52,16739.376633
86,53,16187.899146
86,55,16060.573177
86,57,15958.984923
86,61,15532.154062
86,65,15366.179071
86,68,15183.138999
86,69,15168.675731
86,71,15014.476244
87,46,18709.021979
87,47,18066.419941
87,48,18035.243579
87,49,17354.235269
87,50,16942.341776
87,52,16739.376633
87,53,16187.899146
87,55,16060.573177
87,57,15958.984923
87,60,15953.209034
87,61,15532.154062
87,65,15366.179071
87,68,15183.138999
87,69,15168.675731
87,71,15014.476244
88,45,19383.315205
88,46,18709.021979
88,47,18066.419941
88,48,17937.559935
88,49,17354.235269
88,50,16713.613838
88,53,16187.899146
88,55,16060.573177
88,57,15958.984923
88,60,15941.022860
88,61,15532.154062
88,65,15366.179071
88,66,15067.000994
88,71,15014.476244
88,75,14977.116036
89,45,19033.167388
89,46,18709.021979
89,47,18066.419941
89,48,17937.559935
89,49,17073.350850
89,50,16713.613838
89,52,16136.310470
89,54,16002.789247
89,57,15958.984923
89,60,15917.727856
89,61,15470.950801
89,65,15338.539668
89,66,15040.804958
89,70,14988.819696
89,75,14977.116036
90,45,19030.578807
90,46,18708.724922
90,47,18066.419941
90,48,17937.559935
90,49,17073.350850
90,50,16713.613838
90,52,16136.310470
90,54,16002.789247
90,57,15958.984923
90,60,15660.188546
90,61,15470.950801
90,65,15338.539668
90,66,15040.804958
90,70,14988.819696
90,75,14977.116036
91,45,19030.578807
91,46,18050.503312
91,48,17937.559935
91,49,16958.265065
91,50,16713.613838
91,52,16136.310470
91,54,16002.789247
91,57,15958.984923
91,58,15946.794274
91,60,15660.188546
91,61,15470.950801
91,63,15458.883971
91,65,15338.539668
91,66,15040.804958
91,70,14988.819696
91,75,14977.116036
92,45,19030.578807
92,46,18050.503312
92,48,17937.559935
92,49,16958.265065
92,50,16713.613838
92,52,16136.310470
92,54,15959.897279
92,57,15919.040633
92,60,15660.188546
92,61,15450.184134
92,63,15417.316985
92,65,15338.539668
92,66,15028.901632
92,70,14984.073980
92,75,14977.116036
93,45,19030.578807
93,46,18050.503312
93,48,17486.568757
93,49,16866.875413
93,50,16713.613838
93,52,16136.310470
93,54,15959.897279
93,57,15919.040633
93,58,15869.879827
93,60,15660.188546
93,61,15450.184134
93,63,15417.316985
93,65,15338.539668
93,66,15028.901632
93,70,14984.073980
93,75,14977.116036
94,45,19030.578807
94,46,18050.503312
94,48,17360.534251
94,49,16866.875413
94,50,16547.495404
94,52,16136.310470
94,54,15959.897279
94,57,15863.505403
94,59,15830.699052
94,60,15660.188546
94,61,15450.184134
94,63,15417.316985
94,64,15257.182383
94,66,15028.901632
94,70,14984.073980
94,75,14977.116036
95,45,19030.578807
95,46,18050.503312
95,48,17360.534251
95,49,16669.017694
95,50,16547.495404
95,51,16514.146978
95,52,16136.310470
95,54,15842.254246
95,59,15813.665112
95,60,15660.188546
95,61,15450.184134
95,63,15383.843961
95,64,15257.182383
95,66,15028.901632
95,70,14984.073980
95,74,14960.735281
96,45,19030.578807
96,46,18035.631937
96,47,17873.780202
96,48,17319.807225
96,49,16669.017694
96,50,16445.889282
96,52,16136.310470
96,54,15842.254246
96,59,15813.665112
96,60,15660.188546
96,61,15450.184134
96,63,15383.843961
96,64,15257.182383
96,66,15028.901632
96,70,14984.073980
96,74,14960.735281
97,45,19030.578807
97,46,17574.304370
97,48,17319.807225
97,49,16669.017694
97,50,16445.889282
97,52,16136.310470
97,54,15842.254246
97,59,15813.665112
97,60,15660.188546
97,61,15450.184134
97,63,15383.843961
97,64,15257.182383
97,66,15028.901632
97,70,14984.073980
97,74,14960.735281
98,44,18070.022783
98,46,16904.305280
98,49,16669.017694
98,50,16445.889282
98,52,16106.690008
98,53,15765.352079
98,60,15660.188546
98,61,15438.711165
98,63,15342.148280
98,64,15249.995811
98,66,15028.901632
98,70,14973.648747
98,74,14960.735281
99,44,18070.022783
99,46,16904.305280
99,47,16653.685759
99,50,16445.889282
99,52,16106.690008
99,53,15765.352079
99,57,15670.786516
99,60,15660.188546
99,61,15438.711165
99,63,15342.148280
99,64,15249.995811
99,66,15028.901632
99,70,14973.648747
99,74,14960.735281
100,44,18070.022783
100,46,16904.305280
100,47,16653.685759
100,50,16445.889282
100,52,16106.690008
100,53,15765.352079
100,57,15670.786516
100,60,15660.188546
100,61,15438.711165
100,63,15342.148280
100,64,15249.995811
100,66,15028.901632
100,70,14973.648747
100,74,14960.735281
101,44,18070.022783
101,46,16904.305280
101,47,16653.685759
101,48,16577.328197
101,50,16445.889282
101,52,16106.690008
101,53,15765.352079
101,55,15745.408016
101,57,15670.786516
101,60,15643.645067
101,61,15438.711165
101,63,15318.866991
101,64,15223.038917
101,65,15158.881647
101,66,15028.901632
101,70,14940.631452
101,74,14909.896614
102,44,18070.022783
102,46,16799.889918
102,47,16616.140311
102,48,16482.204636
102,50,16442.133215
102,52,16106.690008
102,53,15765.352079
102,55,15719.069520
102,56,15659.069032
102,60,15643.645067
102,61,15438.711165
102,63,15318.866991
102,64,15223.038917
102,65,15158.881647
102,66,15028.901632
102,70,14940.631452
102,74,14909.896614
103,44,17770.988395
103,46,16624.158734
103,47,16616.140311
103,48,16482.204636
103,50,16442.133215
103,52,16084.302520
103,53,15765.352079
103,55,15719.069520
103,56,15659.069032
103,60,15643.645067
103,61,15438.711165
103,63,15318.866991
103,64,15223.038917
103,65,15158.881647
103,66,15028.901632
103,70,14940.631452
103,74,14909.896614
104,44,17770.988395
104,46,16624.158734
104,47,16616.140311
104,48,16482.204636
104,50,16442.133215
104,51,16437.180486
104,52,16084.302520
104,53,15765.352079
104,55,15592.279710
104,61,15438.711165
104,63,15163.284195
104,65,15032.194716
104,66,15010.642050
104,70,14940.631452
104,74,14906.123785
105,44,17770.988395
105,45,17383.445939
105,46,16624.158734
105,47,16609.137872
105,48,16482.204636
105,50,16401.072740
105,51,16389.687923
105,52,16084.302520
105,53,15765.352079
105,55,15592.279710
105,61,15438.711165
105,63,15163.284195
105,65,15032.194716
105,66,15010.642050
105,70,14940.631452
105,74,14906.123785
106,44,17770.988395
106,45,16872.490674
106,46,16544.957523
106,48,16482.204636
106,49,16230.615741
106,50,16210.796252
106,52,16084.302520
106,53,15765.352079
106,55,15592.279710
106,61,15438.711165
106,63,15163.284195
106,65,15032.194716
106,66,15010.642050
106,70,14940.631452
106,74,14906.123785
107,44,17770.988395
107,45,16872.490674
107,46,16544.957523
107,48,16482.204636
107,49,16230.615741
107,50,16070.843131
107,52,15923.483821
107,53,15735.278074
107,55,15585.353055
107,61,15407.142119
107,63,15163.284195
107,65,15000.826377
107,66,14989.090939
107,70,14930.933609
107,74,14897.492713
108,44,17770.988395
108,45,16872.490674
108,46,16544.957523
108,48,16482.204636
108,49,16230.615741
108,50,16070.843131
108,52,15923.483821
108,53,15735.278074
108,55,15585.353055
108,58,15378.474301
108,63,15163.284195
108,65,15000.826377
108,66,14989.090939
108,69,14886.532841
109,44,17770.988395
109,45,16872.490674
109,46,16520.015524
109,47,16458.646929
109,49,16230.615741
109,50,16070.843131
109,52,15923.483821
109,53,15735.278074
109,55,15585.353055
109,58,15378.474301
109,63,15163.284195
109,65,15000.826377
109,66,14989.090939
109,69,14886.532841
110,44,17770.988395
110,45,16647.921843
110,46,16520.015524
110,47,16458.646929
110,48,16303.422380
110,49,16230.615741
110,50,16019.780196
110,52,15859.261368
110,53,15697.702229
110,55,15553.860691
110,58,15378.474301
110,63,15163.284195
110,65,15000.826377
110,66,14989.090939
110,67,14924.881964
110,69,14886.532841
111,44,17402.764501
111,45,16647.921843
111,46,16520.015524
111,47,16458.646929
111,48,16303.422380
111,49,16230.615741
111,50,16019.780196
111,52,15859.261368
111,53,15697.702229
111,55,15553.860691
111,58,15378.474301
111,62,15361.415323
111,63,15163.284195
111,65,15000.826377
111,66,14989.090939
111,67,14924.881964
111,69,14886.532841
112,44,16979.546181
112,45,16647.921843
112,46,16426.389168
112,48,16303.422380
112,49,16230.615741
112,50,16019.780196
112,52,15859.261368
112,53,15697.702229
112,55,15553.860691
112,58,15378.474301
112,62,15361.415323
112,63,15163.284195
112,65,15000.826377
112,66,14989.090939
112,67,14924.881964
112,69,14886.532841
113,44,16450.861426
113,46,16426.389168
113,47,16377.482589
113,48,16303.422380
113,49,16230.615741
113,50,16019.780196
113,52,15850.088481
113,53,15633.059416
113,55,15461.152617
113,58,15378.474301
113,62,15300.758846
113,63,15163.284195
113,64,14936.412206
113,67,14897.242562
113,69,14886.532841
114,44,16436.928960
114,46,16426.389168
114,47,16377.482589
114,48,16163.553499
114,50,16019.780196
114,52,15850.088481
114,53,15633.059416
114,55,15461.152617
114,58,15378.474301
114,62,15300.758846
114,63,15163.284195
114,64,14936.412206
114,67,14897.242562
114,69,14886.532841
115,44,16436.928960
115,46,16426.389168
115,47,16377.482589
115,48,16163.553499
115,50,16019.780196
115,52,15850.088481
115,53,15633.059416
115,55,15461.152617
115,58,15378.474301
115,62,15300.758846
115,63,15163.284195
115,64,14936.412206
115,67,14897.242562
115,69,14886.532841
116,43,16823.362681
116,44,16436.928960
116,46,16426.389168
116,47,16377.482589
116,48,16163.553499
116,49,15971.814749
116,50,15934.976992
116,52,15714.137869
116,53,15624.207673
116,55,15461.152617
116,58,15373.667145
116,62,15199.505837
116,63,15116.916972
116,64,14920.712561
116,66,14859.597863
117,43,16823.362681
117,44,16383.920515
117,47,16377.482589
117,48,16163.553499
117,49,15971.814749
117,50,15934.976992
117,52,15714.137869
117,53,15624.207673
117,55,15461.152617
117,58,15373.667145
117,62,15199.505837
117,63,15116.916972
117,64,14920.712561
117,66,14859.597863
118,43,16395.047930
118,44,16383.920515
118,45,16231.823410
118,48,16163.553499
118,49,15971.814749
118,50,15934.976992
118,52,15714.137869
118,53,15624.207673
118,55,15461.152617
118,58,15373.667145
118,62,15199.505837
118,63,15116.916972
118,64,14920.712561
118,66,14859.597863
119,43,16395.047930
119,44,16383.920515
119,45,16231.823410
119,47,16216.093235
119,48,16095.193280
119,49,15844.616237
119,52,15690.479718
119,53,15577.774766
119,55,15425.104258
119,58,15368.508561
119,62,14882.141236
119,66,14859.282673
120,43,16395.047930
120,44,16383.920515
120,45,16231.823410
120,47,16216.093235
120,48,16095.193280
120,49,15844.616237
120,52,15690.479718
120,53,15577.774766
120,55,15425.104258
120,58,15368.508561
120,62,14882.141236
120,64,14871.301748
120,66,14859.282673
121,43,16395.047930
121,44,16383.920515
121,45,16231.823410
121,47,16216.093235
121,48,16095.193280
121,49,15844.616237
121,52,15690.479718
121,53,15577.774766
121,55,15425.104258
121,57,15416.354827
121,58,15368.508561
121,61,15111.665541
121,62,14882.141236
121,64,14871.301748
121,66,14859.282673
121,68,14824.370287
122,42,16757.327866
122,43,16395.047930
122,44,16383.920515
122,45,16231.823410
122,47,16216.093235
122,48,16095.193280
122,49,15780.159859
122,52,15678.119884
122,53,15547.573448
122,55,15425.104258
122,57,15297.050502
122,61,15111.665541
122,62,14882.141236
122,64,14848.022418
122,66,14814.296914
123,42,16757.327866
123,43,16395.047930
123,44,16383.920515
123,45,16231.823410
123,47,16216.093235
123,48,16095.193280
123,49,15780.159859
123,52,15678.119884
123,53,15547.573448
123,55,15425.104258
123,57,15297.050502
123,61,15111.665541
123,62,14882.141236
123,64,14848.022418
123,66,14814.296914
123,67,14790.534638
124,42,16757.327866
124,43,16395.047930
124,44,16324.110522
124,45,16231.823410
124,47,16216.093235
124,48,16095.193280
124,49,15780.159859
124,52,15678.119884
124,53,15547.573448
124,55,15425.104258
124,56,15321.658024
124,57,15297.050502
124,61,15111.665541
124,62,14882.141236
124,64,14848.022418
124,66,14814.296914
124,67,14790.534638
124,69,14786.810325
125,41,17351.243795
125,42,16757.327866
125,43,16395.047930
125,44,16324.110522
125,45,16231.823410
125,46,16231.420256
125,47,16216.093235
125,48,16094.660555
125,49,15780.159859
125,52,15678.119884
125,53,15547.573448
125,55,15425.104258
125,56,15321.658024
125,57,15251.371558
125,60,15042.019174
125,62,14881.756938
125,64,14836.025833
125,66,14803.971424
125,67,14790.534638
125,69,14786.810325
126,41,17351.243795
126,42,16757.327866
126,43,16395.047930
126,44,16324.110522
126,45,16231.823410
126,46,16231.420256
126,47,16216.093235
126,48,16094.660555
126,49,15780.159859
126,52,15678.119884
126,53,15547.573448
126,55,15425.104258
126,56,15321.658024
126,57,15251.371558
126,60,15042.019174
126,62,14881.756938
126,64,14836.025833
126,66,14803.971424
126,67,14790.534638
126,69,14786.810325
126,70,14781.759318
127,41,17351.243795
127,42,16503.662146
127,43,16395.047930
127,44,16324.110522
127,45,16231.823410
127,46,16231.420256
127,47,16216.093235
127,48,16094.660555
127,49,15780.159859
127,52,15678.119884
127,53,15547.573448
127,55,15425.104258
127,56,15321.658024
127,57,15251.371558
127,60,15042.019174
127,62,14881.756938
127,64,14836.025833
127,66,14803.971424
127,67,14790.534638
127,69,14753.379396
128,41,17351.243795
128,42,16503.662146
128,43,16395.047930
128,44,16243.189931
128,45,16231.823410
128,46,16231.420256
128,47,16216.093235
128,48,16094.660555
128,49,15780.159859
128,52,15678.119884
128,53,15537.342458
128,54,15402.435099
128,56,15238.244381
128,60,15010.296907
128,62,14881.756938
128,64,14834.478788
128,66,14803.971424
128,67,14759.072840
128,69,14753.379396
129,41,17351.243795
129,42,16503.662146
129,43,16395.047930
129,44,16234.701945
129,45,16052.815567
129,47,16044.154398
129,49,15780.159859
129,52,15678.119884
129,53,15537.342458
129,54,15402.435099
129,56,15238.244381
129,60,15010.296907
129,62,14783.684206
129,67,14759.072840
129,69,14753.379396
130,40,17155.781619
130,41,16698.493303
130,42,16485.456014
130,43,16395.047930
130,44,16212.704627
130,45,16052.815567
130,47,16044.154398
130,49,15780.159859
130,52,15678.119884
130,53,15537.342458
130,54,15402.435099
130,56,15238.244381
130,60,15010.296907
130,62,14783.684206
130,67,14759.072840
130,69,14753.379396
130,70,14724.933568
131,40,17155.781619
131,41,16698.493303
131,42,16485.456014
131,43,16395.047930
131,44,16212.704627
131,45,16052.815567
131,47,16044.154398
131,49,15780.159859
131,51,15643.780230
131,53,15535.286496
131,54,15386.137616
131,56,15237.372355
131,60,14995.726859
131,62,14711.947707
132,40,17139.334399
132,41,16698.493303
132,42,16485.456014
132,43,16395.047930
132,44,16212.704627
132,45,16052.815567
132,47,15845.766918
132,49,15780.159859
132,51,15643.780230
132,53,15535.286496
132,54,15386.137616
132,56,15237.372355
132,60,14995.726859
132,62,14711.947707
133,40,17139.334399
133,41,16698.493303
133,42,16485.456014
133,43,16395.047930
133,44,16212.704627
133,45,16052.815567
133,47,15845.766918
133,49,15780.159859
133,51,15643.780230
133,53,15535.286496
133,54,15386.137616
133,56,15237.372355
133,60,14995.726859
133,62,14711.947707
134,39,17805.837508
134,40,17039.959240
134,41,16606.129206
134,42,16485.456014
134,43,16395.047930
134,44,16212.704627
134,45,16002.752755
134,46,15805.786788
134,49,15716.855772
134,51,15633.883886
134,53,15535.286496
134,54,15386.137616
134,56,15237.372355
134,60,14968.966295
134,62,14688.312200
135,39,17197.368702
135,40,16803.248778
135,41,16606.129206
135,42,16485.456014
135,43,16048.676424
135,45,16002.752755
135,46,15805.786788
135,49,15716.855772
135,51,15633.883886
135,53,15535.286496
135,54,15386.137616
135,56,15237.372355
135,59,15198.295982
135,60,14968.966295
135,62,14688.312200
136,39,17197.368702
136,40,16803.248778
136,41,16606.129206
136,42,16485.456014
136,43,16048.676424
136,45,16002.752755
136,46,15805.786788
136,49,15716.855772
136,51,15633.883886
136,52,15465.142069
136,54,15386.137616
136,56,15237.372355
136,59,15198.295982
136,60,14968.966295
136,62,14688.312200
137,39,17197.368702
137,40,16803.248778
137,41,16606.129206
137,42,16485.260106
137,43,16019.332181
137,45,15785.633065
137,46,15677.942791
137,49,15658.503680
137,50,15623.787804
137,52,15465.014778
137,54,15352.281988
137,56,15229.744496
137,59,15194.357711
137,60,14968.966295
137,62,14683.876700
138,38,17522.911083
138,39,17197.368702
138,40,16733.485574
138,41,16437.454757
138,42,16420.301807
138,43,15931.287952
138,45,15785.633065
138,46,15677.942791
138,49,15658.503680
138,50,15623.787804
138,52,15465.014778
138,54,15352.281988
138,56,15229.744496
138,59,15194.357711
138,60,14968.966295
138,62,14683.876700
139,38,17522.911083
139,39,17197.368702
139,40,16733.485574
139,41,16135.280598
139,43,15931.287952
139,45,15785.633065
139,46,15677.942791
139,49,15658.503680
139,50,15623.787804
139,51,15602.968480
139,52,15465.014778
139,54,15352.281988
139,56,15229.744496
139,59,15194.357711
139,60,14968.966295
139,62,14683.876700
140,38,17078.738419
140,40,16733.485574
140,41,16135.280598
140,43,15931.287952
140,45,15739.830429
140,46,15624.489257
140,48,15606.365815
140,50,15544.787487
140,52,15377.255608
140,54,15352.281988
140,56,15213.447013
140,59,15192.174783
140,60,14966.623753
140,62,14680.079137
141,38,17078.738419
141,40,16733.485574
141,41,16135.280598
141,43,15931.287952
141,44,15864.252849
141,45,15739.830429
141,46,15624.489257
141,48,15606.365815
141,50,15544.787487
141,52,15377.255608
141,54,15352.281988
141,56,15177.426245
141,60,14918.905529
141,62,14680.079137
141,66,14589.759721
142,38,17078.738419
142,40,16429.744657
142,41,16135.280598
142,43,15931.287952
142,44,15864.252849
142,45,15739.830429
142,46,15624.489257
142,48,15606.365815
142,49,15589.774026
142,50,15544.787487
142,52,15377.255608
142,54,15352.281988
142,56,15177.426245
142,60,14918.905529
142,62,14680.079137
142,66,14589.759721
143,38,17078.738419
143,40,16429.744657
143,41,16135.280598
143,43,15931.287952
143,44,15864.252849
143,45,15739.830429
143,46,15624.489257
143,48,15606.365815
143,49,15589.774026
143,50,15454.922259
143,52,15340.108367
143,56,15105.619173
143,60,14893.721308
143,62,14680.079137
143,66,14589.026625
144,38,17078.738419
144,40,16429.744657
144,41,16135.280598
144,42,15884.409989
144,44,15864.252849
144,45,15739.830429
144,46,15624.489257
144,48,15606.365815
144,49,15589.774026
144,50,15454.922259
144,52,15340.108367
144,56,15105.619173
144,57,15030.752937
144,60,14893.721308
144,62,14680.079137
144,66,14589.026625
144,70,14587.923588
145,38,17078.738419
145,40,16429.744657
145,41,16135.280598
145,42,15884.409989
145,44,15864.252849
145,45,15739.830429
145,46,15624.489257
145,48,15606.365815
145,49,15589.774026
145,50,15454.922259
145,52,15340.108367
145,56,15105.619173
145,57,15030.752937
145,60,14893.721308
145,62,14680.079137
145,65,14624.764984
145,66,14589.026625
145,70,14587.923588
146,38,17078.738419
146,40,16429.744657
146,41,16135.280598
146,42,15884.409989
146,44,15864.052245
146,45,15739.830429
146,46,15624.489257
146,48,15606.365815
146,49,15561.607878
146,50,15432.607834
146,52,15320.174070
146,56,15105.619173
146,57,15002.499586
146,60,14885.324157
146,62,14680.079137
146,65,14591.278203
146,66,14589.026625
146,70,14581.986939
147,38,17078.738419
147,40,16429.744657
147,41,15980.073081
147,42,15779.958299
147,45,15739.830429
147,46,15624.489257
147,48,15606.365815
147,49,15561.607878
147,50,15432.607834
147,52,15320.174070
147,56,15105.619173
147,57,15002.499586
147,60,14885.324157
147,62,14680.079137
147,65,14591.278203
147,66,14589.026625
147,70,14581.986939
147,72,14576.637961
148,38,17038.124444
148,40,16429.744657
148,41,15980.073081
148,42,15779.958299
148,45,15739.830429
148,46,15624.489257
148,48,15606.365815
148,49,15561.607878
148,50,15432.607834
148,51,15397.742719
148,52,15320.174070
148,56,15105.619173
148,57,15002.499586
148,60,14885.324157
148,62,14680.079137
148,65,14591.278203
148,66,14589.026625
148,70,14581.986939
148,72,14576.637961
149,37,17670.478183
149,38,16854.886978
149,40,16429.744657
149,41,15980.073081
149,42,15749.958926
149,43,15701.695019
149,46,15624.489257
149,48,15606.365815
149,49,15525.089202
149,50,15356.899235
149,52,15299.132282
149,54,15236.912546
149,56,15044.837475
149,57,14991.844790
149,60,14864.625434
149,62,14677.714887
149,65,14548.856819
150,37,17670.478183
150,38,16854.886978
150,40,16429.744657
150,41,15980.073081
150,42,15749.958926
150,43,15701.695019
150,46,15624.489257
150,48,15606.365815
150,49,15525.089202
150,50,15356.899235
150,52,15299.132282
150,54,15236.912546
150,56,15044.837475
150,57,14991.844790
150,60,14864.625434
150,62,14677.714887
150,65,14548.856819
151,37,17670.478183
151,38,16854.886978
151,40,16285.872303
151,41,15980.073081
151,42,15749.958926
151,43,15666.614338
151,46,15624.489257
151,48,15606.365815
151,49,15525.089202
151,50,15356.899235
151,52,15299.132282
151,54,15236.912546
151,56,15044.837475
151,57,14991.844790
151,60,14864.625434
151,62,14677.714887
151,65,14548.856819
152,37,17670.478183
152,38,16854.886978
152,40,16099.445194
152,41,15980.073081
152,42,15749.958926
152,43,15666.614338
152,44,15638.612451
152,46,15624.489257
152,47,15615.264824
152,48,15528.911128
152,49,15513.752494
152,50,15275.201781
152,54,15236.912546
152,56,15044.837475
152,57,14991.844790
152,60,14832.590332
152,62,14677.714887
152,65,14510.004634
153,37,17415.507837
153,38,16854.886978
153,40,16099.445194
153,41,15980.073081
153,42,15749.958926
153,43,15666.614338
153,44,15638.612451
153,46,15624.489257
153,47,15615.264824
153,48,15528.911128
153,49,15513.752494
153,50,15275.201781
153,54,15236.912546
153,56,15044.837475
153,57,14991.844790
153,60,14832.590332
153,62,14677.714887
153,65,14510.004634
154,37,17415.507837
154,38,16854.886978
154,39,16480.184255
154,40,16099.445194
154,41,15980.073081
154,42,15749.958926
154,43,15666.614338
154,44,15638.612451
154,46,15618.371319
154,47,15615.264824
154,48,15516.041611
154,49,15513.752494
154,50,15275.201781
154,54,15236.912546
154,56,15044.837475
154,57,14991.844790
154,60,14832.590332
154,62,14677.714887
154,65,14510.004634
155,37,17415.507837
155,38,16854.886978
155,39,16480.184255
155,40,16099.445194
155,41,15980.073081
155,42,15749.958926
155,43,15666.614338
155,44,15607.438828
155,48,15464.626560
155,50,15214.435912
155,56,15028.539992
155,57,14963.261000
155,60,14832.558946
155,62,14668.607140
155,65,14510.004634
156,37,17415.507837
156,38,16854.886978
156,39,16480.184255
156,40,16033.841849
156,41,15980.073081
156,42,15749.958926
156,43,15666.614338
156,44,15607.438828
156,45,15599.973866
156,48,15464.626560
156,50,15214.435912
156,54,15017.946991
156,57,14963.261000
156,60,14832.558946
156,62,14668.607140
156,65,14510.004634
157,37,17187.762780
157,38,16854.886978
157,39,16480.184255
157,40,16033.841849
157,41,15980.073081
157,42,15749.958926
157,43,15626.389400
157,44,15607.438828
157,45,15599.973866
157,46,15547.481094
157,48,15464.626560
157,50,15214.435912
157,53,15056.120702
157,54,15017.946991
157,57,14963.261000
157,60,14832.558946
157,62,14668.607140
157,65,14510.004634
158,37,17187.762780
158,38,16854.886978
158,39,16480.184255
158,40,16033.841849
158,41,15980.073081
158,42,15749.958926
158,43,15626.389400
158,44,15607.438828
158,45,15599.973866
158,46,15547.481094
158,47,15397.721717
158,50,15196.299489
158,53,15053.751077
158,54,14993.470548
158,56,14977.151345
158,57,14963.261000
158,60,14828.467434
158,62,14666.618073
158,65,14505.603772
159,37,17187.762780
159,38,16854.886978
159,39,16480.184255
159,40,16033.841849
159,41,15980.073081
159,42,15749.958926
159,43,15605.832940
159,45,15599.973866
159,46,15352.917856
159,48,15307.788344
159,49,15226.163459
159,50,15196.299489
159,51,15186.224333
159,52,15079.834672
159,53,15053.751077
159,54,14993.470548
159,56,14977.151345
159,57,14963.261000
159,60,14828.467434
159,62,14666.618073
159,65,14505.603772
160,37,17187.762780
160,38,16854.886978
160,39,16480.184255
160,40,16033.841849
160,41,15980.073081
160,42,15749.958926
160,43,15605.832940
160,44,15567.213891
160,46,15352.917856
160,48,15307.788344
160,49,15226.163459
160,50,15196.299489
160,51,15186.224333
160,52,15079.834672
160,53,15053.751077
160,54,14993.470548
160,56,14977.151345
160,57,14963.261000
160,60,14828.467434
160,62,14666.618073
160,65,14505.603772
161,37,17187.762780
161,38,16854.886978
161,39,16480.184255
161,40,16033.841849
161,41,15980.073081
161,42,15749.958926
161,43,15577.763218
161,44,15567.213891
161,46,15352.917856
161,48,15307.788344
161,49,15226.163459
161,50,15196.299489
161,51,15186.224333
161,52,15079.834672
161,53,15046.323375
161,54,14963.998954
161,57,14923.427416
161,60,14828.467434
161,62,14666.618073
161,65,14488.454242
162,36,18712.694352
162,37,17187.762780
162,38,16854.886978
162,39,16480.184255
162,40,16033.841849
162,41,15980.073081
162,42,15749.958926
162,43,15577.763218
162,44,15567.213891
162,45,15548.295548
162,46,15352.917856
162,48,15307.788344
162,49,15206.969085
162,50,15196.299489
162,51,15186.224333
162,52,15079.834672
162,53,15046.323375
162,54,14963.998954
162,57,14923.427416
162,60,14828.467434
162,62,14666.618073
162,65,14488.454242
163,36,18712.694352
163,37,17187.762780
163,38,16854.886978
163,39,16480.184255
163,40,16033.841849
163,41,15980.073081
163,42,15749.958926
163,43,15577.763218
163,44,15567.213891
163,45,15548.295548
163,46,15352.917856
163,48,15307.788344
163,49,15206.969085
163,50,15196.299489
163,51,15186.224333
163,52,15079.834672
163,53,15046.323375
163,54,14963.998954
163,57,14923.427416
163,60,14828.467434
163,62,14666.618073
163,65,14488.454242
164,36,18712.694352
164,37,17187.762780
164,38,16854.886978
164,39,16480.184255
164,40,16033.841849
164,41,15980.073081
164,42,15749.958926
164,43,15577.763218
164,44,15567.213891
164,45,15501.640714
164,46,15352.917856
164,47,15304.510443
164,49,15196.404004
164,50,15160.516729
164,52,15051.442299
164,53,15046.323375
164,54,14963.998954
164,57,14923.427416
164,60,14821.317217
164,62,14627.077962
164,65,14488.454242
165,36,18712.694352
165,37,17187.762780
165,38,16854.886978
165,39,16480.184255
165,40,15900.644213
165,42,15749.958926
165,43,15513.765393
165,45,15501.640714
165,46,15328.710814
165,47,15304.510443
165,48,15212.131951
165,49,15196.404004
165,50,15160.516729
165,52,15051.442299
165,53,15046.323375
165,54,14963.998954
165,57,14923.427416
165,60,14821.317217
165,62,14627.077962
165,65,14488.454242
166,36,18712.694352
166,37,17187.762780
166,38,16854.886978
166,39,16422.354011
166,40,15900.644213
166,41,15714.935756
166,43,15513.765393
166,44,15508.892326
166,45,15501.640714
166,46,15328.710814
166,47,15112.851371
166,52,15051.442299
166,53,15046.323375
166,54,14963.998954
166,57,14923.427416
166,60,14821.317217
166,62,14627.077962
166,65,14488.454242
167,36,18712.694352
167,37,17187.762780
167,38,16854.886978
167,39,16330.121255
167,40,15900.644213
167,41,15714.935756
167,43,15513.765393
167,44,15508.892326
167,45,15430.821894
167,46,15299.690054
167,47,15110.408615
167,52,15010.639941
167,54,14963.998954
167,57,14907.907161
167,60,14821.317217
167,62,14604.406535
167,65,14456.808958
168,36,18712.694352
168,37,17187.762780
168,38,16550.761100
168,39,16330.121255
168,40,15900.644213
168,41,15712.384370
168,43,15513.765393
168,44,15508.892326
168,45,15430.821894
168,46,15299.690054
168,47,15110.408615
168,52,15010.639941
168,54,14963.998954
168,57,14907.907161
168,60,14821.317217
168,62,14604.406535
168,65,14456.808958
169,36,18712.694352
169,37,17187.762780
169,38,16550.761100
169,39,16330.121255
169,40,15900.644213
169,41,15712.384370
169,43,15513.765393
169,44,15508.892326
169,45,15430.821894
169,46,15299.690054
169,47,15110.408615
169,52,15010.639941
169,54,14963.998954
169,57,14907.907161
169,60,14821.317217
169,62,14604.406535
169,65,14456.808958
170,36,18712.694352
170,37,16395.551827
170,38,16374.063086
170,39,16330.121255
170,40,15900.644213
170,41,15712.384370
170,43,15513.765393
170,44,15493.111574
170,45,15430.821894
170,46,15271.888395
170,47,15097.256686
170,52,15006.767428
170,54,14963.630774
170,57,14868.032048
170,60,14821.317217
170,62,14588.915835
170,63,14424.924639
171,36,18712.694352
171,37,16395.551827
171,38,16374.063086
171,39,16330.121255
171,40,15900.644213
171,41,15712.384370
171,42,15640.350261
171,43,15513.765393
171,44,15493.111574
171,45,15430.821894
171,46,15271.888395
171,47,15097.256686
171,50,15030.856779
171,52,15006.767428
171,54,14963.630774
171,57,14868.032048
171,59,14863.750794
171,60,14821.317217
171,62,14588.915835
171,63,14424.924639
172,36,18712.694352
172,37,16395.551827
172,38,16021.917999
172,40,15712.214620
172,42,15640.350261
172,43,15513.765393
172,44,15493.111574
172,45,15430.821894
172,46,15271.888395
172,47,15097.256686
172,50,15030.856779
172,52,15006.767428
172,54,14963.630774
172,57,14868.032048
172,59,14863.750794
172,60,14821.317217
172,62,14588.915835
172,63,14424.924639
173,36,18712.694352
173,37,16286.030133
173,38,16021.917999
173,40,15712.214620
173,41,15615.088894
173,43,15513.765393
173,44,15443.351315
173,45,15430.821894
173,46,15220.760125
173,47,15082.487718
173,50,15030.856779
173,52,14982.709941
173,54,14963.630774
173,57,14802.907383
173,62,14550.349638
173,63,14388.295132
174,36,18712.694352
174,37,16286.030133
174,38,16021.917999
174,40,15712.214620
174,41,15615.088894
174,43,15513.765393
174,44,15443.351315
174,45,15430.821894
174,46,15220.760125
174,47,15082.487718
174,48,15077.789168
174,50,15030.856779
174,52,14982.709941
174,54,14963.630774
174,57,14802.907383
174,62,14550.349638
174,63,14388.295132
175,36,17499.362423
175,37,16286.030133
175,38,16021.917999
175,40,15712.214620
175,41,15615.088894
175,42,15507.192368
175,44,15443.351315
175,45,15430.821894
175,46,15220.760125
175,47,15082.487718
175,48,15077.789168
175,50,15030.856779
175,52,14982.709941
175,54,14963.630774
175,57,14802.907383
175,62,14550.349638
175,63,14388.295132
176,36,17499.362423
176,37,16286.030133
176,38,16021.917999
176,40,15712.214620
176,41,15615.088894
176,42,15507.192368
176,43,15488.514036
176,44,15443.351315
176,45,15430.821894
176,46,15209.904754
176,47,15082.487718
176,48,15077.789168
176,50,14996.527028
176,52,14964.573518
176,54,14963.630774
176,57,14793.944656
176,62,14550.349638
176,63,14371.825535
177,36,17499.362423
177,37,16286.030133
177,38,16021.917999
177,40,15712.214620
177,41,15615.088894
177,42,15507.192368
177,43,15488.514036
177,44,15443.351315
177,45,15430.821894
177,46,15209.904754
177,47,15082.487718
177,48,15077.789168
177,50,14996.527028
177,52,14964.573518
177,54,14963.630774
177,55,14920.636655
177,56,14898.374364
177,57,14793.944656
177,62,14550.349638
177,63,14371.825535
178,36,17499.362423
178,37,16286.030133
178,38,16021.917999
178,40,15712.214620
178,41,15615.088894
178,42,15507.192368
178,43,15488.514036
178,44,15394.660878
178,46,15209.904754
178,47,15082.487718
178,48,15077.789168
178,50,14996.527028
178,52,14870.980788
178,57,14793.944656
178,62,14550.349638
178,63,14371.825535
179,36,17499.362423
179,37,16286.030133
179,38,16021.917999
179,40,15712.214620
179,41,15609.164460
179,42,15507.192368
179,43,15453.274497
179,44,15328.142927
179,45,15172.434563
179,47,15058.842492
179,48,15044.621638
179,50,14996.527028
179,52,14870.980788
179,56,14817.380549
179,57,14744.874370
179,62,14525.125533
179,63,14371.825535
180,36,17499.362423
180,37,16286.030133
180,38,16021.917999
180,39,16005.864691
180,40,15712.214620
180,41,15609.164460
180,42,15507.192368
180,43,15453.274497
180,44,15328.142927
180,45,15172.434563
180,47,15058.842492
180,48,14967.403100
180,52,14870.980788
180,56,14817.380549
180,57,14744.874370
180,62,14525.125533
180,63,14371.825535
181,36,17358.019142
181,37,16286.030133
181,38,16021.917999
181,39,16005.864691
181,40,15712.214620
181,41,15609.164460
181,42,15507.192368
181,43,15412.580546
181,44,15328.142927
181,45,15172.434563
181,47,15058.842492
181,48,14967.403100
181,52,14870.980788
181,56,14817.380549
181,57,14744.874370
181,58,14713.585546
181,62,14525.125533
181,63,14371.825535
181,66,14329.417070
182,36,16476.304557
182,37,16286.030133
182,38,16021.917999
182,39,15850.586703
182,40,15712.214620
182,41,15609.164460
182,42,15507.192368
182,43,15412.580546
182,44,15328.142927
182,45,15117.445274
182,47,15058.842492
182,48,14911.870793
182,52,14862.649138
182,54,14756.406253
182,57,14702.616608
182,58,14698.808228
182,62,14525.125533
182,63,14353.878976
182,66,14312.368463
183,36,16476.304557
183,37,16211.030138
183,38,16021.917999
183,39,15850.586703
183,40,15712.214620
183,41,15609.164460
183,42,15507.192368
183,43,15412.580546
183,44,15328.142927
183,45,15117.445274
183,47,15058.842492
183,48,14911.870793
183,52,14862.649138
183,54,14756.406253
183,57,14702.616608
183,58,14698.808228
183,62,14525.125533
183,63,14353.878976
183,66,14312.368463
184,36,16476.304557
184,37,16192.237854
184,38,15962.582310
184,39,15850.586703
184,40,15712.214620
184,41,15609.164460
184,42,15507.192368
184,43,15412.580546
184,44,15328.142927
184,45,15117.445274
184,47,15058.842492
184,48,14911.870793
184,52,14862.649138
184,54,14756.406253
184,57,14702.616608
184,58,14698.808228
184,62,14525.125533
184,63,14353.878976
184,66,14312.368463
185,36,16476.304557
185,37,16192.237854
185,38,15962.582310
185,39,15850.586703
185,40,15652.878930
185,41,15572.042218
185,42,15507.192368
185,43,15412.580546
185,44,15328.142927
185,45,15117.445274
185,47,15015.457394
185,48,14893.870151
185,52,14841.236706
185,54,14755.839815
185,57,14687.251626
185,59,14671.447018
185,62,14525.125533
185,63,14352.723804
185,66,14284.034264
186,36,16476.304557
186,37,16192.237854
186,38,15962.582310
186,39,15850.586703
186,40,15652.878930
186,41,15572.042218
186,42,15478.156976
186,43,15412.580546
186,44,15328.142927
186,45,15117.445274
186,47,15015.457394
186,48,14893.870151
186,52,14841.236706
186,54,14755.839815
186,57,14687.251626
186,58,14565.518370
186,62,14525.125533
186,63,14352.723804
186,66,14284.034264
187,36,16476.304557
187,37,16192.237854
187,38,15962.582310
187,39,15850.586703
187,40,15652.878930
187,41,15529.543713
187,42,15478.156976
187,43,15412.580546
187,44,15328.142927
187,45,15117.445274
187,47,15015.457394
187,48,14893.870151
187,52,14841.236706
187,54,14755.839815
187,57,14687.251626
187,58,14565.518370
187,62,14525.125533
187,63,14352.723804
187,66,14284.034264
188,36,16476.304557
188,37,16192.237854
188,38,15962.582310
188,39,15850.586703
188,40,15612.088074
188,41,15506.114380
188,42,15478.156976
188,43,15412.580546
188,44,15328.142927
188,45,15101.156938
188,47,14893.384582
188,52,14826.874369
188,54,14740.417107
188,57,14687.251626
188,58,14523.509938
188,62,14515.443823
188,63,14352.723804
188,66,14284.034264
189,36,16476.304557
189,37,16192.237854
189,38,15962.582310
189,39,15850.586703
189,40,15612.088074
189,41,15506.114380
189,42,15478.156976
189,43,15396.282403
189,44,15328.142927
189,45,15101.156938
189,47,14893.384582
189,52,14777.025799
189,54,14740.417107
189,57,14687.251626
189,58,14523.509938
189,62,14515.443823
189,63,14352.723804
189,66,14284.034264
190,36,16476.304557
190,37,16192.237854
190,38,15962.582310
190,39,15814.629048
190,40,15582.978961
190,41,15506.114380
190,42,15478.156976
190,43,15356.372004
190,44,15303.016023
190,45,15101.156938
190,47,14893.384582
190,50,14886.231181
190,52,14777.025799
190,53,14764.057847
190,54,14740.417107
190,57,14687.251626
190,58,14523.509938
190,62,14515.443823
190,63,14352.723804
190,66,14279.991130
191,36,16476.304557
191,37,16162.237598
191,38,15914.454950
191,39,15814.629048
191,40,15582.978961
191,41,15506.114380
191,42,15478.156976
191,43,15356.372004
191,44,15303.016023
191,45,15101.156938
191,47,14893.384582
191,50,14886.231181
191,52,14767.919535
191,53,14764.057847
191,54,14740.417107
191,57,14652.459328
191,58,14519.722487
191,61,14502.192972
191,63,14352.723804
191,64,14348.011559
191,66,14279.991130
192,36,16476.304557
192,37,16162.237598
192,38,15914.454950
192,39,15814.629048
192,40,15582.978961
192,41,15506.114380
192,42,15470.602436
192,43,15356.372004
192,44,15303.016023
192,45,15101.156938
192,47,14893.384582
192,50,14886.231181
192,52,14767.919535
192,53,14764.057847
192,54,14740.417107
192,57,14652.459328
192,58,14519.722487
192,61,14502.192972
192,63,14352.723804
192,64,14348.011559
192,66,14279.991130
193,36,16476.304557
193,37,16162.237598
193,38,15914.454950
193,39,15814.629048
193,40,15582.978961
193,41,15506.114380
193,42,15470.602436
193,43,15356.372004
193,44,15303.016023
193,45,15101.156938
193,47,14893.384582
193,50,14886.231181
193,51,14835.238224
193,52,14767.919535
193,53,14764.057847
193,54,14740.417107
193,57,14652.459328
193,58,14519.722487
193,61,14502.192972
193,63,14352.723804
193,64,14348.011559
193,66,14279.991130
193,70,14269.744602
194,36,16476.304557
194,37,16162.237598
194,38,15914.454950
194,39,15814.629048
194,40,15582.978961
194,41,15506.114380
194,42,15443.610222
194,43,15356.372004
194,44,15303.016023
194,45,15101.156938
194,46,15064.364257
194,47,14893.384582
194,50,14886.231181
194,51,14741.845729
194,54,14723.895489
194,57,14597.339718
194,58,14511.664685
194,61,14502.192972
194,63,14352.723804
194,64,14304.536977
194,65,14237.404983
195,36,16476.304557
195,37,16162.237598
195,38,15914.454950
195,39,15814.629048
195,40,15424.343692
195,43,15356.372004
195,44,15303.016023
195,45,15101.156938
195,46,15064.364257
195,47,14893.384582
195,50,14886.231181
195,51,14741.845729
195,52,14714.671390
195,53,14692.187193
195,54,14666.603139
195,57,14597.339718
195,58,14511.664685
195,61,14502.192972
195,63,14352.723804
195,64,14304.536977
195,65,14237.404983
196,36,16476.304557
196,37,16162.237598
196,38,15914.454950
196,39,15814.629048
196,40,15424.343692
196,42,15413.842696
196,43,15356.372004
196,44,15303.016023
196,45,15101.156938
196,46,15053.010800
196,47,14893.384582
196,50,14886.231181
196,51,14741.845729
196,52,14714.671390
196,53,14692.187193
196,54,14666.603139
196,57,14597.339718
196,58,14511.664685
196,61,14502.192972
196,63,14352.723804
196,64,14269.349248
196,65,14237.404983
197,36,16476.304557
197,37,16162.237598
197,38,15914.454950
197,39,15814.629048
197,40,15424.343692
197,41,15389.867744
197,43,15356.372004
197,44,15303.016023
197,45,15101.156938
197,46,15053.010800
197,47,14893.384582
197,50,14881.771875
197,51,14741.845729
197,52,14698.532285
197,53,14689.713391
197,54,14666.603139
197,57,14575.635327
197,58,14496.035682
197,61,14482.038062
197,62,14396.942936
197,63,14335.031223
197,64,14267.921236
197,65,14214.980176
198,36,16476.304557
198,37,16162.237598
198,38,15914.454950
198,39,15524.042607
198,40,15424.343692
198,41,15366.928969
198,43,15356.372004
198,44,15303.016023
198,45,15101.156938
198,46,15053.010800
198,47,14893.384582
198,50,14881.771875
198,51,14741.845729
198,52,14698.532285
198,53,14689.713391
198,54,14666.603139
198,57,14575.635327
198,58,14496.035682
198,61,14482.038062
198,62,14396.942936
198,63,14335.031223
198,64,14255.856413
198,65,14214.980176
199,36,16476.304557
199,37,16162.237598
199,38,15914.454950
199,39,15524.042607
199,40,15424.343692
199,41,15366.928969
199,43,15356.372004
199,44,15303.016023
199,45,15101.156938
199,46,15053.010800
199,47,14893.384582
199,50,14761.874185
199,51,14741.845729
199,52,14698.532285
199,53,14689.713391
199,54,14666.603139
199,57,14575.635327
199,58,14496.035682
199,61,14482.038062
199,62,14396.942936
199,63,14335.031223
199,64,14255.856413
199,65,14214.980176
200,36,16476.304557
200,37,16162.237598
200,38,15914.454950
200,39,15524.042607
200,40,15424.343692
200,41,15366.928969
200,43,15356.372004
200,44,15303.016023
200,45,15101.156938
200,46,15053.010800
200,47,14893.384582
200,50,14761.874185
200,51,14741.845729
200,52,14665.507981
200,57,14552.102371
200,58,14474.691583
200,62,14387.558503
200,63,14209.430469
201,36,16476.304557
201,37,16162.237598
201,38,15910.297713
201,39,15524.042607
201,40,15424.343692
201,41,15366.928969
201,43,15356.372004
201,44,15303.016023
201,45,15101.156938
201,46,15053.010800
201,47,14893.384582
201,50,14761.874185
201,51,14741.845729
201,52,14665.507981
201,57,14552.102371
201,58,14474.691583
201,62,14236.940061
201,63,14209.430469
202,36,16476.304557
202,37,16162.237598
202,38,15872.960902
202,39,15524.042607
202,40,15424.343692
202,41,15366.928969
202,42,15326.851800
202,43,15265.348880
202,45,15101.156938
202,46,15053.010800
202,47,14893.384582
202,50,14761.874185
202,51,14741.845729
202,52,14665.507981
202,57,14552.102371
202,58,14474.691583
202,62,14236.940061
202,63,14209.430469
203,36,16476.304557
203,37,16089.222105
203,38,15872.960902
203,39,15524.042607
203,40,15424.343692
203,41,15366.928969
203,42,15326.851800
203,43,15265.348880
203,45,15101.156938
203,46,15053.010800
203,47,14865.392634
203,50,14751.762647
203,51,14665.474580
203,52,14662.025332
203,55,14661.095949
203,56,14653.081577
203,57,14552.102371
203,58,14474.691583
203,62,14236.940061
203,63,14209.430469
204,36,16476.304557
204,37,16089.222105
204,38,15872.960902
204,39,15524.042607
204,40,15397.186988
204,41,15330.381432
204,42,15301.255220
204,43,15265.348880
204,45,15101.156938
204,46,15053.010800
204,47,14865.392634
204,50,14751.762647
204,51,14665.474580
204,52,14662.025332
204,55,14635.551648
204,57,14552.102371
204,58,14474.691583
204,62,14232.763624
204,63,14209.430469
205,36,16476.304557
205,37,16089.222105
205,38,15872.960902
205,39,15524.042607
205,40,15397.186988
205,41,15330.381432
205,42,15301.255220
205,43,15262.035852
205,44,15245.286431
205,45,15101.156938
205,46,15026.621070
205,47,14865.392634
205,50,14751.762647
205,51,14665.474580
205,52,14662.025332
205,55,14552.664937
205,57,14552.102371
205,58,14474.691583
205,62,14232.763624
205,63,14209.430469
206,36,16462.071839
206,37,16089.222105
206,38,15819.500578
206,39,15524.042607
206,40,15397.186988
206,41,15330.381432
206,42,15301.255220
206,43,15262.035852
206,44,15245.286431
206,45,15033.281628
206,46,15013.480868
206,47,14832.983804
206,50,14619.277183
206,54,14536.187475
206,57,14530.741530
206,58,14468.971790
206,62,14139.964844
207,36,16462.071839
207,37,16089.222105
207,38,15819.500578
207,39,15524.042607
207,40,15397.186988
207,41,15330.381432
207,42,15253.813779
207,43,15191.622230
207,45,15033.281628
207,46,15013.480868
207,47,14792.920284
207,50,14619.277183
207,54,14536.187475
207,57,14530.741530
207,58,14468.971790
207,62,14139.964844
208,36,16462.071839
208,37,16080.735569
208,38,15819.500578
208,39,15524.042607
208,40,15397.186988
208,41,15330.381432
208,42,15253.813779
208,43,15191.622230
208,45,15033.281628
208,46,14997.520268
208,47,14792.920284
208,49,14754.527348
208,50,14619.277183
208,54,14536.187475
208,57,14530.741530
208,58,14468.971790
208,62,14139.964844
209,36,16462.071839
209,37,16080.735569
209,38,15819.500578
209,39,15524.042607
209,40,15397.186988
209,41,15330.381432
209,42,15253.813779
209,43,15090.393711
209,44,15020.332452
209,46,14960.098795
209,47,14771.406078
209,49,14743.029069
209,50,14619.277183
209,54,14448.217186
209,62,14139.964844
210,36,16436.019289
210,37,15953.452196
210,38,15819.500578
210,39,15416.231531
210,40,15397.186988
210,41,15330.381432
210,42,15253.813779
210,43,15090.393711
210,44,15020.332452
210,46,14960.098795
210,47,14771.406078
210,49,14743.029069
210,50,14619.277183
210,54,14448.217186
210,62,14139.964844
211,36,16436.019289
211,37,15879.541603
211,38,15819.500578
211,39,15416.231531
211,40,15351.029619
211,41,15269.527136
211,42,15253.813779
211,43,15090.393711
211,44,15020.332452
211,45,15019.202416
211,46,14960.098795
211,47,14771.406078
211,49,14743.029069
211,50,14619.277183
211,52,14473.411224
211,54,14448.217186
211,62,14139.964844
212,36,16321.604710
212,37,15879.541603
212,38,15819.500578
212,39,15416.231531
212,40,15255.476145
212,42,15242.106813
212,43,15018.665468
212,44,14942.441285
212,46,14872.811308
212,47,14769.594149
212,49,14657.083735
212,50,14619.277183
212,52,14407.927389
212,62,14139.964844
213,36,16321.604710
213,37,15879.541603
213,38,15819.500578
213,39,15416.231531
213,40,15205.153783
213,43,15018.665468
213,44,14942.441285
213,46,14872.811308
213,47,14769.594149
213,49,14657.083735
213,50,14619.277183
213,52,14407.927389
213,62,14139.964844
214,36,16321.604710
214,37,15879.541603
214,38,15819.500578
214,39,15416.231531
214,40,15205.153783
214,43,15018.665468
214,44,14942.441285
214,46,14872.811308
214,47,14769.594149
214,49,14657.083735
214,50,14619.277183
214,52,14407.927389
214,59,14200.901141
214,62,14139.964844
215,36,16217.748865
215,37,15879.541603
215,38,15819.500578
215,39,15416.231531
215,40,15137.443617
215,43,14952.811504
215,44,14942.441285
215,46,14841.127745
215,47,14754.849286
215,49,14656.069953
215,50,14619.277183
215,52,14386.454929
215,59,14190.779302
215,62,14139.964844
216,36,16174.305418
216,37,15833.870244
216,38,15819.500578
216,39,15416.231531
216,40,15137.443617
216,43,14952.811504
216,44,14942.441285
216,46,14841.127745
216,47,14754.849286
216,49,14656.069953
216,50,14619.277183
216,52,14386.454929
216,59,14190.779302
216,62,14139.964844
217,36,16174.305418
217,37,15833.870244
217,38,15819.500578
217,39,15416.231531
217,40,15137.443617
217,43,14952.811504
217,44,14942.441285
217,46,14841.127745
217,47,14754.849286
217,49,14656.069953
217,50,14619.277183
217,52,14386.454929
217,59,14190.779302
217,61,14185.037837
217,62,14139.964844
218,36,16174.305418
218,37,15833.870244
218,38,15819.500578
218,39,15416.231531
218,40,15137.443617
218,42,15054.061587
218,43,14883.229955
218,46,14790.758370
218,47,14754.849286
218,48,14651.355385
218,50,14619.277183
218,52,14386.454929
218,59,14163.372359
218,62,14131.768333
219,36,16174.305418
219,37,15833.870244
219,38,15819.500578
219,39,15416.231531
219,40,15137.443617
219,42,15054.061587
219,43,14883.229955
219,46,14790.758370
219,47,14754.849286
219,48,14651.355385
219,50,14619.277183
219,52,14386.454929
219,59,14163.372359
219,62,14131.768333
220,36,16174.305418
220,37,15833.870244
220,38,15819.500578
220,39,15416.231531
220,40,15137.443617
220,42,15054.061587
220,43,14883.229955
220,46,14790.758370
220,47,14754.849286
220,48,14651.355385
220,50,14619.277183
220,52,14379.937715
220,59,14163.372359
220,62,14131.768333
221,36,16099.255756
221,37,15833.870244
221,38,15819.500578
221,39,15269.459627
221,40,15137.443617
221,41,15022.317015
221,43,14883.229955
221,46,14789.952969
221,47,14754.849286
221,48,14651.355385
221,50,14619.277183
221,52,14379.937715
221,59,14163.372359
221,62,14089.620219
222,36,16099.255756
222,37,15833.870244
222,38,15819.500578
222,39,15269.459627
222,40,15040.483989
222,41,15022.317015
222,43,14883.229955
222,46,14789.952969
222,47,14754.849286
222,48,14651.355385
222,50,14619.277183
222,52,14379.937715
222,59,14163.372359
222,62,14089.620219
223,36,16099.255756
223,37,15833.870244
223,38,15819.500578
223,39,15242.127947
223,40,15040.483989
223,41,15022.317015
223,43,14883.229955
223,46,14789.952969
223,47,14721.692779
223,48,14651.355385
223,50,14619.277183
223,52,14379.937715
223,59,14163.372359
223,62,14089.620219
224,36,16099.255756
224,37,15833.870244
224,38,15819.500578
224,39,15213.456229
224,40,15040.483989
224,41,15022.317015
224,43,14881.373914
224,46,14789.952969
224,47,14721.692779
224,48,14628.906833
224,50,14589.767888
224,52,14291.014094
224,59,14159.000162
224,61,14054.089827
225,36,16099.255756
225,37,15833.870244
225,38,15819.500578
225,39,15213.456229
225,40,15040.483989
225,41,15022.317015
225,42,14875.067999
225,45,14794.394868
225,46,14789.952969
225,47,14721.692779
225,48,14628.906833
225,50,14589.767888
225,52,14291.014094
225,59,14159.000162
225,61,14054.089827
226,36,16099.255756
226,37,15833.870244
226,38,15819.500578
226,39,15206.421738
226,40,15040.483989
226,41,15022.317015
226,42,14875.067999
226,43,14825.725594
226,45,14794.394868
226,46,14789.952969
226,47,14721.692779
226,48,14628.906833
226,50,14589.767888
226,52,14291.014094
226,59,14159.000162
226,61,14054.089827
227,36,16099.255756
227,37,15833.870244
227,38,15435.854369
227,39,15206.421738
227,40,15040.483989
227,41,14821.702888
227,45,14794.394868
227,46,14789.952969
227,47,14698.643708
227,48,14624.927007
227,50,14566.403435
227,52,14291.014094
227,59,14159.000162
227,61,14043.536067
228,36,16099.255756
228,37,15833.870244
228,38,15435.854369
228,39,15206.421738
228,40,15040.483989
228,41,14821.702888
228,44,14706.683913
228,47,14698.643708
228,48,14624.927007
228,50,14566.403435
228,52,14291.014094
228,59,14159.000162
228,61,14043.536067
229,36,16099.255756
229,37,15833.870244
229,38,15435.854369
229,39,15206.421738
229,40,15040.483989
229,41,14821.702888
229,44,14706.683913
229,47,14698.643708
229,48,14624.927007
229,50,14566.403435
229,52,14291.014094
229,59,14159.000162
229,60,14057.508795
229,61,14043.536067
230,36,16099.255756
230,37,15833.870244
230,38,15435.854369
230,39,15206.421738
230,40,15025.089640
230,41,14821.702888
230,44,14684.005652
230,48,14624.927007
230,50,14507.423151
230,52,14291.014094
230,59,14151.727434
230,60,14054.593312
230,61,14026.990390
231,36,16099.255756
231,37,15833.870244
231,38,15435.854369
231,39,15206.421738
231,40,15025.089640
231,41,14821.702888
231,44,14684.005652
231,48,14624.927007
231,50,14507.423151
231,52,14291.014094
231,55,14285.027846
231,59,14151.727434
231,60,14054.593312
231,61,14026.990390
232,36,16099.255756
232,37,15833.870244
232,38,15435.854369
232,39,15206.421738
232,40,15025.089640
232,41,14821.702888
232,44,14684.005652
232,48,14624.927007
232,50,14507.423151
232,51,14504.054248
232,52,14291.014094
232,55,14285.027846
232,59,14151.727434
232,60,14054.593312
232,61,14026.990390
233,36,16099.255756
233,37,15833.870244
233,38,15435.854369
233,39,15206.421738
233,40,15025.089640
233,41,14821.664215
233,44,14680.849300
233,48,14624.927007
233,50,14492.231030
233,52,14290.026292
233,53,14250.715341
233,57,14177.532949
233,59,14151.727434
233,60,13949.833499
234,36,16099.255756
234,37,15746.910534
234,38,15435.854369
234,39,15206.421738
234,40,15025.089640
234,41,14821.664215
234,44,14680.849300
234,48,14624.927007
234,50,14492.231030
234,52,14290.026292
234,53,14250.715341
234,56,14183.233004
234,57,14177.532949
234,59,14057.273031
234,60,13949.833499
235,36,16099.255756
235,37,15746.910534
235,38,15431.545580
235,39,15206.421738
235,40,15025.089640
235,41,14821.664215
235,44,14680.849300
235,48,14624.927007
235,50,14492.231030
235,52,14290.026292
235,53,14250.715341
235,56,14183.233004
235,57,14177.532949
235,59,14057.273031
235,60,13949.833499
236,36,16099.255756
236,37,15746.910534
236,38,15431.545580
236,39,15206.421738
236,40,15025.089640
236,41,14821.664215
236,44,14643.314671
236,48,14610.962997
236,50,14483.861907
236,52,14268.392504
236,53,14223.282437
236,56,14183.233004
236,57,14174.184201
236,59,14047.769853
236,60,13949.833499
237,36,16099.255756
237,37,15589.687253
237,38,15431.545580
237,39,15206.421738
237,40,15025.089640
237,41,14821.664215
237,44,14643.314671
237,48,14610.962997
237,50,14483.861907
237,52,14268.392504
237,53,14223.282437
237,56,14183.233004
237,57,14174.184201
237,59,14047.769853
237,60,13949.833499
238,36,16099.255756
238,37,15589.687253
238,38,15415.880448
238,39,15206.421738
238,40,15000.474609
238,41,14821.664215
238,44,14643.314671
238,48,14610.962997
238,50,14483.861907
238,52,14268.392504
238,53,14223.282437
238,56,14183.233004
238,57,14174.184201
238,59,14047.769853
238,60,13949.833499
239,36,16099.255756
239,37,15589.687253
239,38,15415.880448
239,39,15206.421738
239,40,15000.474609
239,41,14805.741057
239,44,14627.293589
239,48,14610.962997
239,50,14483.861907
239,52,14215.015252
239,56,14169.843433
239,57,14167.437652
239,59,14038.415505
239,60,13942.336853
240,36,16099.255756
240,37,15589.687253
240,38,15408.480042
240,39,15206.421738
240,40,15000.474609
240,41,14805.741057
240,44,14627.293589
240,48,14610.962997
240,49,14598.143145
240,50,14483.861907
240,52,14215.015252
240,56,14169.843433
240,57,14167.437652
240,59,14038.415505
240,60,13938.926127
241,36,16099.255756
241,37,15589.687253
241,38,15408.480042
241,39,15206.421738
241,40,15000.474609
241,41,14805.741057
241,44,14627.293589
241,48,14610.962997
241,49,14598.143145
241,50,14483.861907
241,52,14215.015252
241,56,14169.843433
241,57,14167.437652
241,59,14038.415505
241,60,13928.302470
242,36,16099.255756
242,37,15589.687253
242,38,15342.938474
242,39,15206.421738
242,40,15000.474609
242,41,14805.741057
242,44,14574.941242
242,50,14449.230600
242,51,14258.515145
242,52,14215.015252
242,56,14148.288845
242,59,14007.855734
242,60,13928.302470
243,36,16099.255756
243,37,15589.687253
243,38,15342.938474
243,39,15113.505843
243,40,14984.736778
243,41,14805.741057
243,44,14574.941242
243,50,14449.230600
243,51,14258.515145
243,52,14215.015252
243,56,14148.288845
243,59,14007.855734
243,60,13928.302470
244,36,16099.255756
244,37,15589.687253
244,38,15342.938474
244,39,15113.505843
244,40,14984.736778
244,41,14805.741057
244,44,14574.941242
244,50,14449.230600
244,51,14258.515145
244,52,14215.015252
244,56,14148.288845
244,59,14007.855734
244,60,13928.302470
244,61,13894.636639
245,36,16043.068113
245,37,15589.687253
245,38,15342.938474
245,39,15113.505843
245,40,14962.418133
245,41,14805.741057
245,44,14574.941242
245,50,14429.641662
245,51,14258.515145
245,52,14215.015252
245,56,14119.080133
245,58,13995.182751
245,60,13917.496667
245,61,13871.420037
246,36,16043.068113
246,37,15589.687253
246,38,15342.938474
246,39,15021.667040
246,40,14962.418133
246,41,14805.741057
246,44,14574.941242
246,50,14429.641662
246,51,14258.515145
246,52,14215.015252
246,56,14119.080133
246,58,13995.182751
246,60,13917.496667
246,61,13871.420037
247,36,16043.068113
247,37,15589.687253
247,38,15342.938474
247,39,15021.667040
247,40,14962.418133
247,41,14805.741057
247,44,14574.941242
247,50,14329.723874
247,51,14258.515145
247,52,14215.015252
247,56,14119.080133
247,58,13995.182751
247,60,13917.496667
247,61,13871.420037
248,36,16043.068113
248,37,15589.687253
248,38,15342.938474
248,39,15021.667040
248,40,14932.875830
248,41,14805.741057
248,44,14570.412107
248,50,14231.213793
248,51,14201.589601
248,56,14119.080133
248,58,13993.676060
248,60,13912.432684
248,61,13857.242525
249,36,16043.068113
249,37,15589.687253
249,38,15342.938474
249,39,15021.667040
249,40,14932.875830
249,41,14805.741057
249,42,14702.443681
249,44,14570.412107
249,50,14231.213793
249,51,14201.589601
249,56,14119.080133
249,58,13993.676060
249,60,13912.432684
249,61,13857.242525
250,36,16043.068113
250,37,15589.687253
250,38,15342.938474
250,39,15021.667040
250,40,14932.875830
250,41,14805.741057
250,42,14702.443681
250,44,14570.412107
250,50,14231.213793
250,51,14165.201797
250,56,14119.080133
250,58,13993.676060
250,60,13912.432684
250,61,13857.242525
251,36,16043.068113
251,37,15589.687253
251,38,15342.938474
251,39,15021.667040
251,40,14932.875830
251,41,14805.741057
251,42,14702.251296
251,43,14598.722885
251,44,14570.412107
251,50,14231.213793
251,51,14165.201797
251,56,14108.370871
251,57,14052.172533
251,58,13989.240441
251,60,13912.432684
251,61,13857.242525
252,36,16043.068113
252,37,15589.687253
252,38,15342.938474
252,39,15021.667040
252,40,14854.768664
252,41,14805.741057
252,42,14702.251296
252,43,14598.722885
252,44,14570.412107
252,46,14419.154756
252,49,14323.558401
252,50,14231.213793
252,51,14165.201797
252,56,14108.370871
252,57,14052.172533
252,58,13989.240441
252,60,13912.432684
252,61,13857.242525
253,36,16043.068113
253,37,15512.200215
253,38,15342.938474
253,39,15021.667040
253,40,14854.768664
253,41,14799.216806
253,42,14702.251296
253,43,14598.722885
253,44,14570.412107
253,46,14419.154756
253,49,14323.558401
253,50,14231.213793
253,51,14165.201797
253,56,14108.370871
253,57,14052.172533
253,58,13989.240441
253,60,13912.432684
253,61,13857.242525
254,36,16043.068113
254,37,15512.200215
254,38,15342.938474
254,39,15021.667040
254,40,14854.768664
254,41,14753.694733
254,42,14702.251296
254,43,14598.722885
254,44,14532.771616
254,46,14419.154756
254,48,14254.556834
254,50,14162.865676
254,56,14102.513391
254,57,14036.444345
254,58,13970.449016
254,60,13912.432684
254,61,13837.138968
255,36,16043.068113
255,37,15512.200215
255,38,15317.867666
255,39,15021.667040
255,40,14854.768664
255,41,14753.694733
255,42,14702.251296
255,43,14598.722885
255,44,14504.638244
255,46,14419.154756
255,48,14254.556834
255,50,14162.865676
255,56,14102.513391
255,57,14036.444345
255,58,13970.449016
255,60,13912.432684
255,61,13837.138968
256,36,16043.068113
256,37,15512.200215
256,38,15272.219792
256,39,15021.667040
256,40,14854.768664
256,41,14742.847557
256,42,14702.251296
256,43,14598.722885
256,44,14504.638244
256,46,14419.154756
256,48,14254.556834
256,50,14162.865676
256,56,14072.091919
256,57,14036.444345
256,58,13970.449016
256,60,13912.432684
256,61,13837.138968
257,36,16043.068113
257,37,15512.200215
257,38,15272.219792
257,39,15021.667040
257,40,14843.921488
257,41,14742.847557
257,42,14702.251296
257,43,14575.115428
257,44,14492.221050
257,46,14419.154756
257,48,14254.556834
257,50,14150.784020
257,56,14072.091919
257,57,14026.728622
257,58,13970.449016
257,60,13868.716273
257,61,13837.138968
258,36,16043.068113
258,37,15512.200215
258,38,15272.219792
258,39,15021.667040
258,40,14843.921488
258,41,14742.847557
258,42,14702.251296
258,43,14575.115428
258,44,14492.221050
258,46,14419.154756
258,48,14254.556834
258,50,14150.784020
258,56,14072.091919
258,57,14026.728622
258,58,13970.449016
258,60,13868.716273
258,61,13837.138968
259,36,16043.068113
259,37,15512.200215
259,38,15272.219792
259,39,15021.667040
259,40,14843.921488
259,41,14742.847557
259,42,14702.251296
259,43,14532.935258
259,44,14492.221050
259,46,14419.154756
259,48,14254.556834
259,50,14150.784020
259,56,14072.091919
259,57,14026.728622
259,58,13970.449016
259,60,13868.716273
259,61,13837.138968
260,36,16043.068113
260,37,15512.200215
260,38,15272.219792
260,39,15021.667040
260,40,14841.421842
260,41,14729.945534
260,42,14693.964178
260,43,14496.292417
260,44,14488.644741
260,46,14369.983139
260,48,14254.556834
260,50,14141.642793
260,56,14038.424829
260,57,14026.728622
260,58,13970.449016
260,60,13868.422795
260,61,13831.888557
261,36,16043.068113
261,37,15512.200215
261,38,15272.219792
261,39,15021.667040
261,40,14837.523019
261,41,14729.945534
261,42,14693.964178
261,43,14496.292417
261,44,14488.644741
261,45,14461.338698
261,46,14369.983139
261,48,14254.556834
261,50,14141.642793
261,56,14038.424829
261,57,14026.728622
261,58,13970.449016
261,60,13868.422795
261,61,13831.888557
262,36,16043.068113
262,37,15512.200215
262,38,15272.219792
262,39,15021.667040
262,40,14837.523019
262,41,14729.945534
262,42,14690.846403
262,43,14496.292417
262,44,14488.644741
262,45,14461.338698
262,46,14369.983139
262,48,14254.556834
262,50,14141.642793
262,56,14038.424829
262,57,14026.728622
262,58,13970.449016
262,60,13868.422795
262,61,13831.888557
263,36,16043.068113
263,37,15512.200215
263,38,15272.219792
263,39,15021.667040
263,40,14837.523019
263,41,14729.945534
263,42,14690.846403
263,43,14496.292417
263,44,14481.780699
263,45,14402.263520
263,46,14319.027309
263,48,14254.556834
263,50,14125.422657
263,56,14038.424829
263,57,14021.935858
263,58,13959.643212
263,60,13868.422795
263,61,13831.888557
264,36,16043.068113
264,37,15512.200215
264,38,15272.219792
264,39,15015.600597
264,40,14837.523019
264,41,14729.945534
264,42,14652.955510
264,43,14496.292417
264,44,14460.709976
264,45,14402.263520
264,46,14319.027309
264,48,14254.556834
264,50,14125.422657
264,56,14038.424829
264,57,14021.935858
264,58,13959.643212
264,60,13868.422795
264,61,13831.888557
265,36,16043.068113
265,37,15512.200215
265,38,15272.219792
265,39,15015.600597
265,40,14837.523019
265,41,14671.843045
265,42,14652.955510
265,43,14496.292417
265,44,14415.183706
265,45,14345.826315
265,46,14319.027309
265,48,14254.556834
265,50,14125.422657
265,56,14038.424829
265,57,14021.935858
265,58,13959.643212
265,60,13868.422795
265,61,13831.888557
266,36,16043.068113
266,37,15512.200215
266,38,15272.219792
266,39,15015.600597
266,40,14837.523019
266,41,14671.843045
266,42,14652.955510
266,43,14496.292417
266,44,14415.183706
266,45,14344.636051
266,46,14305.864407
266,48,14254.556834
266,50,14118.854416
266,55,14011.831185
266,58,13928.692800
266,60,13868.422795
266,61,13831.888557
267,36,16043.068113
267,37,15512.200215
267,38,15272.219792
267,39,15015.600597
267,40,14837.523019
267,41,14671.843045
267,42,14652.955510
267,43,14496.292417
267,44,14415.183706
267,45,14344.636051
267,46,14305.864407
267,48,14254.556834
267,50,14118.854416
267,55,14011.831185
267,58,13928.692800
267,60,13868.422795
267,61,13831.888557
268,36,16043.068113
268,37,15512.200215
268,38,15272.219792
268,39,14819.886029
268,41,14632.267982
268,42,14576.289961
268,43,14496.292417
268,44,14364.862011
268,45,14344.636051
268,46,14305.864407
268,48,14254.556834
268,50,14118.854416
268,55,14011.831185
268,58,13928.692800
268,60,13868.422795
268,61,13831.888557
269,36,16043.068113
269,37,15512.200215
269,38,15272.219792
269,39,14819.886029
269,41,14632.267982
269,42,14576.289961
269,43,14486.989627
269,44,14364.862011
269,45,14344.636051
269,46,14305.864407
269,48,14254.556834
269,50,14113.378423
269,55,14011.831185
269,58,13927.288093
269,60,13797.993071
270,36,16043.068113
270,37,15512.200215
270,38,15272.219792
270,39,14819.886029
270,40,14734.217784
270,41,14632.267982
270,42,14576.289961
270,43,14486.989627
270,44,14364.862011
270,45,14344.636051
270,46,14305.864407
270,48,14254.556834
270,50,14113.378423
270,55,14011.831185
270,58,13927.288093
270,60,13797.993071
271,36,16043.068113
271,37,15512.200215
271,38,15219.167118
271,39,14819.886029
271,40,14734.217784
271,41,14632.267982
271,42,14576.289961
271,43,14486.989627
271,44,14364.862011
271,45,14344.636051
271,46,14305.864407
271,47,14289.585644
271,48,14254.556834
271,50,14113.378423
271,55,14011.831185
271,58,13927.288093
271,60,13797.993071
272,36,16043.068113
272,37,15512.200215
272,38,15219.167118
272,39,14819.886029
272,40,14734.217784
272,41,14632.267982
272,42,14576.289961
272,43,14482.329834
272,44,14339.649626
272,45,14266.761588
272,47,14220.781721
272,48,14195.390105
272,50,14081.807925
272,55,14009.218166
272,58,13925.011995
272,60,13752.247249
273,36,16043.068113
273,37,15512.200215
273,38,15219.167118
273,39,14819.886029
273,40,14734.217784
273,41,14632.267982
273,42,14576.289961
273,43,14482.329834
273,44,14339.649626
273,45,14266.761588
273,47,14220.781721
273,48,14195.390105
273,50,14081.807925
273,55,14009.218166
273,58,13925.011995
273,60,13752.247249
274,36,16043.068113
274,37,15512.200215
274,38,15219.167118
274,39,14819.886029
274,40,14589.076456
274,42,14576.289961
274,43,14482.329834
274,44,14339.649626
274,45,14266.761588
274,47,14220.781721
274,48,14195.390105
274,50,14081.807925
274,55,14009.218166
274,58,13925.011995
274,60,13752.247249
275,36,16043.068113
275,37,15405.395478
275,38,15219.167118
275,39,14819.886029
275,40,14525.572880
275,43,14404.445024
275,44,14338.805265
275,45,14266.761588
275,47,14220.781721
275,48,14195.390105
275,50,14076.711090
275,55,13994.175738
275,58,13902.918777
275,60,13752.247249
276,35,17403.594468
276,36,16043.068113
276,37,15388.548158
276,38,15219.167118
276,39,14819.886029
276,40,14525.572880
276,43,14404.445024
276,44,14338.805265
276,45,14266.761588
276,47,14220.781721
276,48,14195.390105
276,50,14076.711090
276,55,13994.175738
276,58,13902.918777
276,60,13752.247249
277,35,16883.630167
277,36,16043.068113
277,37,15388.548158
277,38,15159.115527
277,39,14819.886029
277,40,14525.572880
277,43,14404.445024
277,44,14338.805265
277,45,14266.761588
277,47,14220.781721
277,48,14195.390105
277,50,14076.711090
277,55,13994.175738
277,58,13902.918777
277,60,13752.247249
278,35,16785.141523
278,36,16043.068113
278,37,15372.135035
278,38,15159.115527
278,39,14819.886029
278,40,14506.010625
278,43,14403.425750
278,44,14318.395739
278,45,14266.761588
278,47,14210.423781
278,48,14185.975007
278,50,14044.560210
278,55,13975.883727
278,58,13902.918777
278,60,13752.247249
279,35,16785.141523
279,36,16043.068113
279,37,15372.135035
279,38,15159.115527
279,39,14819.886029
279,40,14506.010625
279,43,14403.425750
279,44,14318.395739
279,45,14266.761588
279,47,14210.423781
279,48,14185.975007
279,50,14044.560210
279,53,13982.396385
279,55,13975.883727
279,58,13902.918777
279,60,13752.247249
280,35,16785.141523
280,36,16043.068113
280,37,15354.417839
280,38,15144.033550
280,39,14819.886029
280,40,14506.010625
280,43,14403.425750
280,44,14318.395739
280,45,14266.761588
280,47,14210.423781
280,48,14185.975007
280,50,14044.560210
280,53,13982.396385
280,55,13975.883727
280,58,13902.918777
280,60,13752.247249
281,35,16785.141523
281,36,16043.068113
281,37,15354.417839
281,38,15144.033550
281,39,14819.886029
281,40,14506.010625
281,43,14345.651177
281,44,14318.395739
281,45,14224.066018
281,47,14208.011508
281,48,14185.975007
281,50,14011.280706
281,53,13970.565885
281,58,13900.929710
281,60,13752.247249
282,35,16785.141523
282,36,16043.068113
282,37,15313.593448
282,38,15142.702404
282,39,14819.886029
282,40,14506.010625
282,43,14345.651177
282,44,14318.395739
282,45,14224.066018
282,47,14208.011508
282,48,14185.975007
282,50,14011.280706
282,53,13970.565885
282,58,13900.929710
282,60,13752.247249
283,35,16785.141523
283,36,16043.068113
283,37,15313.593448
283,38,15142.702404
283,39,14819.886029
283,40,14506.010625
283,43,14345.651177
283,44,14318.395739
283,45,14224.066018
283,47,14208.011508
283,48,14185.975007
283,50,14011.280706
283,53,13970.565885
283,58,13900.929710
283,60,13752.247249
284,35,16699.945926
284,36,16043.068113
284,37,15313.593448
284,38,15142.702404
284,39,14819.886029
284,40,14506.010625
284,41,14365.552080
284,43,14344.969703
284,44,14239.404916
284,45,14217.871439
284,47,14195.849905
284,48,14185.975007
284,50,14010.017122
284,53,13938.595708
284,58,13880.453681
284,60,13734.714595
285,35,16699.945926
285,36,16043.068113
285,37,15313.593448
285,38,15142.702404
285,39,14819.886029
285,40,14506.010625
285,41,14365.552080
285,43,14344.969703
285,44,14239.404916
285,45,14217.871439
285,47,14175.111744
285,50,14010.017122
285,53,13938.595708
285,57,13898.320470
285,58,13880.453681
285,60,13734.714595
286,35,16699.945926
286,36,16043.068113
286,37,15313.593448
286,38,15142.702404
286,39,14819.886029
286,40,14506.010625
286,41,14365.552080
286,43,14344.969703
286,44,14239.404916
286,45,14217.871439
286,47,14175.111744
286,50,14010.017122
286,53,13938.595708
286,57,13898.320470
286,58,13880.453681
286,60,13734.714595
287,35,16699.945926
287,36,16043.068113
287,37,15313.593448
287,38,15142.702404
287,39,14819.886029
287,40,14506.010625
287,41,14365.552080
287,43,14335.703172
287,44,14205.866936
287,45,14199.267532
287,47,14175.111744
287,50,13974.402152
287,53,13938.595708
287,57,13891.466633
287,58,13865.445941
287,60,13734.714595
288,35,16699.945926
288,36,16043.068113
288,37,15313.593448
288,38,15135.382765
288,39,14819.886029
288,40,14344.138049
288,43,14335.703172
288,44,14205.866936
288,45,14199.267532
288,47,14175.111744
288,50,13974.402152
288,53,13938.595708
288,57,13891.466633
288,58,13865.445941
288,60,13734.714595
289,35,16699.945926
289,36,16043.068113
289,37,15313.593448
289,38,15135.382765
289,39,14819.886029
289,40,14344.138049
289,43,14335.703172
289,44,14205.866936
289,45,14199.267532
289,47,14169.279521
289,50,13974.402152
289,53,13938.595708
289,57,13891.466633
289,58,13865.445941
289,60,13734.714595
290,35,16699.945926
290,36,16043.068113
290,37,15313.593448
290,38,15135.382765
290,39,14819.886029
290,40,14344.138049
290,43,14333.192927
290,44,14205.866936
290,45,14199.267532
290,46,14183.994959
290,47,14157.342396
290,50,13924.161909
290,57,13891.466633
290,58,13856.606187
290,60,13723.054804
291,35,16699.945926
291,36,16043.068113
291,37,15313.593448
291,38,15135.382765
291,39,14819.886029
291,40,14344.138049
291,43,14333.192927
291,44,14205.866936
291,45,14199.267532
291,46,14183.994959
291,47,14157.342396
291,50,13924.161909
291,57,13891.466633
291,58,13856.606187
291,60,13723.054804
292,35,16699.945926
292,36,16043.068113
292,37,15313.593448
292,38,15135.382765
292,39,14819.886029
292,40,14344.138049
292,43,14333.192927
292,44,14205.866936
292,45,14199.267532
292,46,14183.994959
292,47,14157.342396
292,50,13924.161909
292,57,13891.466633
292,58,13856.606187
292,59,13827.319541
292,60,13723.054804
293,35,16648.438586
293,36,16043.068113
293,37,15313.593448
293,38,15135.382765
293,39,14819.886029
293,40,14312.239733
293,44,14205.866936
293,45,14150.985660
293,47,14107.479560
293,49,13913.599517
293,55,13839.815081
293,59,13827.319541
293,60,13722.794186
294,35,16648.438586
294,36,15669.699537
294,37,15313.593448
294,38,15135.382765
294,39,14819.886029
294,40,14312.239733
294,44,14205.866936
294,45,14126.388263
294,47,14107.479560
294,49,13913.599517
294,55,13839.815081
294,59,13827.319541
294,60,13722.794186
295,35,16648.438586
295,36,15669.699537
295,37,15313.593448
295,38,15135.382765
295,39,14819.886029
295,40,14312.239733
295,44,14205.866936
295,45,14126.388263
295,47,14107.479560
295,49,13913.599517
295,55,13839.815081
295,59,13827.319541
295,60,13722.794186
296,35,16648.438586
296,36,15669.699537
296,37,15313.593448
296,38,15108.870132
296,39,14819.886029
296,40,14308.663425
296,44,14205.866936
296,45,14126.388263
296,47,14107.479560
296,49,13913.599517
296,55,13831.656638
296,59,13817.657929
296,60,13717.538727
297,35,16648.438586
297,36,15669.699537
297,37,15313.593448
297,38,15089.262487
297,39,14819.886029
297,40,14308.663425
297,44,14205.866936
297,45,14126.388263
297,47,14107.479560
297,49,13913.599517
297,55,13831.656638
297,59,13817.657929
297,60,13717.538727
298,35,16332.041577
298,36,15669.699537
298,37,15313.593448
298,38,15089.262487
298,39,14819.886029
298,40,14308.663425
298,44,14205.866936
298,45,14095.139963
298,49,13913.599517
298,55,13831.656638
298,59,13817.657929
298,60,13717.538727
299,35,16332.041577
299,36,15669.699537
299,37,15313.593448
299,38,15089.262487
299,39,14813.735375
299,40,14299.679503
299,44,14205.866936
299,45,14039.088438
299,47,14037.713652
299,49,13912.632923
299,55,13818.488550
299,59,13675.365963
300,35,16332.041577
300,36,15669.699537
300,37,15313.593448
300,38,15089.262487
300,39,14752.162396
300,40,14299.679503
300,44,14205.866936
300,45,14039.088438
300,47,14037.713652
300,49,13912.632923
300,55,13818.488550
300,59,13675.365963
301,35,16118.593333
301,36,15669.699537
301,37,15313.593448
301,38,15089.262487
301,39,14752.162396
301,40,14299.679503
301,44,14205.866936
301,45,14039.088438
301,47,14037.713652
301,49,13912.632923
301,55,13818.488550
301,59,13675.365963
302,35,16118.593333
302,36,15669.699537
302,37,15313.593448
302,38,15089.262487
302,39,14752.162396
302,40,14299.679503
302,44,14204.792847
302,45,14009.857178
302,49,13912.632923
302,55,13811.217452
302,59,13667.340144
303,35,16118.593333
303,36,15669.699537
303,37,15313.593448
303,38,15089.262487
303,39,14752.162396
303,40,14299.679503
303,41,14292.106269
303,44,14204.792847
303,45,14009.857178
303,49,13912.632923
303,55,13811.217452
303,59,13667.340144
304,35,16118.593333
304,36,15669.699537
304,37,15179.697008
304,38,15089.262487
304,39,14752.162396
304,40,14299.679503
304,41,14292.106269
304,44,14204.792847
304,45,14009.857178
304,49,13912.632923
304,55,13811.217452
304,59,13667.340144
305,35,16118.593333
305,36,15669.699537
305,37,15179.697008
305,38,15041.545215
305,39,14752.162396
305,40,14297.139914
305,41,14285.838870
305,42,14263.353183
305,44,14204.792847
305,45,13993.720149
305,49,13912.632923
305,55,13811.217452
305,59,13666.760795
306,35,16118.593333
306,36,15669.699537
306,37,15179.697008
306,38,15041.545215
306,39,14752.162396
306,40,14297.139914
306,41,14285.838870
306,42,14258.295062
306,44,14204.792847
306,45,13993.720149
306,49,13912.632923
306,55,13811.217452
306,59,13666.760795
307,35,16118.593333
307,36,15669.699537
307,37,15179.697008
307,38,15041.545215
307,39,14752.162396
307,40,14297.139914
307,41,14253.591278
307,44,14204.792847
307,45,13993.720149
307,49,13912.632923
307,53,13890.060466
307,55,13811.217452
307,59,13666.760795
308,34,16880.575733
308,35,16118.593333
308,36,15669.699537
308,37,15179.697008
308,38,15037.697802
308,39,14743.247667
308,40,14297.139914
308,41,14253.591278
308,44,14204.792847
308,45,13982.511400
308,49,13886.749081
308,55,13810.350520
308,59,13666.760795
309,34,16880.575733
309,35,16118.593333
309,36,15669.699537
309,37,15179.697008
309,38,15037.697802
309,39,14743.247667
309,40,14297.139914
309,41,14253.591278
309,44,14193.695160
309,45,13982.511400
309,49,13886.749081
309,53,13839.725763
309,55,13810.350520
309,59,13666.760795
310,34,16880.575733
310,35,16118.593333
310,36,15669.699537
310,37,15179.697008
310,38,15037.697802
310,39,14743.247667
310,40,14291.789660
310,41,14253.591278
310,43,14164.764919
310,45,13982.511400
310,49,13886.749081
310,53,13839.725763
310,55,13810.350520
310,59,13666.760795
311,34,16880.575733
311,35,16118.593333
311,36,15669.699537
311,37,15179.697008
311,38,14909.754182
311,39,14310.656519
311,40,14275.294264
311,41,14231.222585
311,43,14164.764919
311,45,13971.230164
311,49,13871.934789
311,53,13839.725763
311,55,13810.350520
311,59,13666.760795
312,34,16880.575733
312,35,16118.593333
312,36,15669.699537
312,37,15179.697008
312,38,14909.754182
312,39,14310.656519
312,40,14275.294264
312,41,14231.222585
312,43,14164.764919
312,45,13971.230164
312,49,13871.934789
312,53,13839.725763
312,55,13810.350520
312,59,13666.760795
313,34,16880.575733
313,35,16118.593333
313,36,15669.699537
313,37,15179.697008
313,38,14909.754182
313,39,14310.656519
313,40,14275.294264
313,41,14231.222585
313,42,14222.924169
313,43,14059.099147
313,45,13971.230164
313,49,13871.934789
313,53,13839.725763
313,55,13810.350520
313,59,13666.760795
314,34,16880.575733
314,35,16118.593333
314,36,15669.699537
314,37,15179.697008
314,38,14909.754182
314,39,14310.656519
314,40,14261.251991
314,41,14191.633100
314,43,14046.830958
314,45,13971.230164
314,49,13848.863778
314,53,13839.725763
314,55,13802.636793
314,59,13657.243577
315,34,16880.575733
315,35,16118.593333
315,36,15669.699537
315,37,15179.697008
315,38,14414.086968
315,39,14310.656519
315,40,14261.251991
315,41,14191.633100
315,43,14046.830958
315,45,13971.230164
315,49,13848.863778
315,53,13839.725763
315,55,13802.636793
315,59,13657.243577
316,34,16880.575733
316,35,16118.593333
316,36,15669.699537
316,37,15179.697008
316,38,14414.086968
316,39,14310.656519
316,40,14261.251991
316,41,14191.633100
316,43,14046.830958
316,45,13971.230164
316,49,13848.863778
316,53,13839.725763
316,54,13821.553499
316,55,13802.636793
316,59,13657.243577
317,34,16880.575733
317,35,16118.593333
317,36,15669.699537
317,37,14580.937829
317,38,14414.086968
317,39,14310.656519
317,40,14232.811768
317,41,14126.298716
317,43,14008.162880
317,45,13969.956702
317,49,13848.863778
317,53,13839.725763
317,54,13821.553499
317,55,13795.884925
317,59,13628.831191
318,34,16880.575733
318,35,16118.593333
318,36,15669.699537
318,37,14580.937829
318,38,14414.086968
318,39,14310.656519
318,40,14232.811768
318,41,14126.298716
318,43,14008.162880
318,45,13969.956702
318,49,13848.863778
318,53,13839.725763
318,54,13821.553499
318,55,13795.884925
318,59,13628.831191
319,34,16880.575733
319,35,16118.593333
319,36,15669.699537
319,37,14580.937829
319,38,14294.750093
319,40,14232.811768
319,41,14126.298716
319,43,14008.162880
319,45,13969.956702
319,49,13848.863778
319,53,13839.725763
319,54,13821.553499
319,55,13795.884925
319,59,13628.831191
320,34,16880.575733
320,35,16118.593333
320,36,15627.852289
320,37,14577.006527
320,38,14270.701178
320,40,14232.811768
320,41,14125.263620
320,43,14007.172562
320,45,13969.956702
320,49,13848.863778
320,52,13726.882894
320,59,13628.831191
321,34,16880.575733
321,35,16118.593333
321,36,15627.852289
321,37,14577.006527
321,38,14270.701178
321,40,14232.811768
321,41,14125.263620
321,43,14007.172562
321,45,13969.956702
321,49,13848.863778
321,52,13726.882894
321,59,13628.831191
322,34,16880.575733
322,35,16118.593333
322,36,15627.852289
322,37,14577.006527
322,38,14270.701178
322,40,14232.811768
322,41,14125.263620
322,43,14007.172562
322,45,13969.956702
322,49,13848.863778
322,52,13726.882894
322,59,13628.831191
323,34,16880.575733
323,35,16118.593333
323,36,15627.852289
323,37,14577.006527
323,38,14243.564355
323,40,14232.811768
323,41,14116.410763
323,43,14007.172562
323,44,13988.136865
323,45,13956.253343
323,49,13848.863778
323,52,13726.882894
323,58,13624.088060
324,34,16880.575733
324,35,16118.593333
324,36,15627.852289
324,37,14577.006527
324,38,14243.564355
324,40,14232.811768
324,41,14116.410763
324,43,14007.172562
324,44,13988.136865
324,45,13956.253343
324,49,13848.863778
324,52,13726.882894
324,58,13624.088060
325,34,16880.575733
325,35,16118.593333
325,36,15627.852289
325,37,14577.006527
325,38,14243.564355
325,40,14232.811768
325,41,14116.410763
325,43,14007.172562
325,44,13988.136865
325,45,13956.253343
325,49,13848.863778
325,52,13726.882894
325,58,13624.088060
