Generation,NV,TOC
1,68,28537.386089
1,92,25611.593457
1,99,24001.414901
1,122,23783.558820
1,128,23506.435305
1,136,22977.131343
1,141,22960.064650
2,68,28537.386089
2,84,25854.136099
2,90,25715.773879
2,92,25611.593457
2,97,25295.957140
2,98,25223.352533
2,99,24001.414901
2,105,23750.878862
2,120,23716.904782
2,125,23206.352009
2,136,22977.131343
2,141,22960.064650
3,63,29853.514227
3,68,28537.386089
3,84,25854.136099
3,85,24975.831213
3,99,24001.414901
3,105,23750.878862
3,113,23652.266252
3,118,23506.769628
3,125,23206.352009
3,136,22977.131343
3,141,22960.064650
4,63,29724.119285
4,68,28537.386089
4,69,27237.207698
4,74,27126.535692
4,78,26751.477941
4,83,25549.803204
4,85,24975.831213
4,87,24909.351596
4,95,24657.185181
4,98,24021.336761
4,99,24001.414901
4,105,23750.878862
4,113,23652.266252
4,118,23506.769628
4,125,23206.352009
4,130,22885.444825
4,135,22633.254333
5,62,29380.559682
5,64,28339.521457
5,66,27709.715642
5,69,27237.207698
5,74,27126.535692
5,76,26425.328873
5,78,26238.341804
5,79,25626.203698
5,81,25365.682138
5,84,25319.906037
5,85,24975.831213
5,87,24909.351596
5,90,24739.889733
5,91,24284.094566
5,98,24021.336761
5,99,24001.414901
5,105,23750.878862
5,107,23578.176291
5,112,23262.729707
5,124,23015.033426
5,127,22659.424292
5,132,22655.885881
5,133,22653.913437
5,135,22633.254333
5,147,22350.137837
6,62,29380.559682
6,63,28619.246610
6,64,28339.521457
6,66,27709.715642
6,69,27237.207698
6,70,25612.963016
6,76,25172.291248
6,82,24746.359022
6,89,24696.121075
6,91,23981.709656
6,97,23790.767154
6,99,23574.338374
6,110,23255.510433
6,115,23079.672453
6,121,22673.014231
6,127,22659.424292
6,132,22570.052835
6,135,22533.503116
6,147,22350.137837
7,60,29239.687646
7,63,28315.320230
7,64,28072.953251
7,65,27902.781372
7,66,26913.384507
7,70,25612.963016
7,76,25172.291248
7,78,24341.419355
7,82,24283.586202
7,91,23981.709656
7,96,23787.166793
7,99,23574.338374
7,102,23288.409396
7,105,23264.948869
7,108,23212.730317
7,109,23204.719268
7,112,23009.289961
7,118,22797.500831
7,121,22673.014231
7,127,22659.424292
7,130,22407.308272
7,145,21931.932805
8,59,29248.461013
8,60,29239.687646
8,63,27430.495266
8,64,27312.890452
8,66,26913.384507
8,70,25612.963016
8,76,25172.291248
8,77,25118.470872
8,78,24341.419355
8,82,24283.586202
8,86,23898.138861
8,94,23894.388655
8,96,23787.166793
8,97,23281.428187
8,104,23217.057611
8,106,23044.788175
8,109,22999.476741
8,115,22890.690947
8,118,22797.500831
8,121,22673.014231
8,124,22418.527100
8,130,22407.308272
8,132,22374.240212
8,133,22352.975573
8,136,22347.533412
8,137,22132.388202
8,143,21781.355129
9,59,29248.461013
9,60,29239.687646
9,63,26966.029524
9,64,26920.391107
9,65,26586.678912
9,68,26503.712555
9,70,25307.375498
9,71,25101.406333
9,75,24713.753571
9,78,23813.985251
9,82,23099.928682
9,100,22031.842784
9,126,21906.503926
9,137,21200.806255
10,58,29199.259229
10,60,27958.813411
10,62,27866.542916
10,63,26966.029524
10,64,26920.391107
10,65,26328.540358
10,67,24990.938601
10,72,24164.240867
10,78,23813.985251
10,82,23099.928682
10,93,22810.313377
10,100,22031.842784
10,120,21473.940465
10,137,21200.806255
11,58,29199.259229
11,59,29083.691075
11,60,27958.813411
11,61,25872.407549
11,67,24710.216362
11,70,24379.475472
11,71,23717.727818
11,73,22863.776114
11,91,22453.925338
11,100,22031.842784
11,120,21473.940465
11,137,21200.806255
12,58,29199.259229
12,59,29083.691075
12,60,27411.968326
12,61,25872.407549
12,67,24710.216362
12,70,24379.475472
12,71,23717.727818
12,73,22863.776114
12,79,22729.085727
12,87,22572.156001
12,91,22453.925338
12,100,22031.842784
12,118,21767.705706
12,120,21473.940465
12,121,21085.127306
13,58,29199.259229
13,59,25419.203579
13,64,25402.380009
13,67,24710.216362
13,68,23958.407128
13,71,23717.727818
13,72,23201.584639
13,73,22863.776114
13,78,22802.097194
13,79,22729.085727
13,82,22465.213000
13,88,22330.804395
13,100,22031.842784
13,111,21989.818036
13,117,21689.326836
13,120,21473.940465
13,121,21085.127306
14,58,25030.274518
14,59,24921.115851
14,64,24767.559554
14,66,24058.883888
14,68,23958.407128
14,71,23717.727818
14,72,22753.408991
14,77,22567.237633
14,82,22367.330178
14,85,21772.521433
14,98,21681.021821
14,101,21481.026560
14,109,21018.956806
14,119,20526.234485
15,57,27574.794197
15,58,25030.274518
15,59,24921.115851
15,60,24548.526853
15,64,24130.971424
15,66,24058.883888
15,67,23862.408778
15,71,23523.177935
15,72,22753.408991
15,77,22567.237633
15,82,22367.330178
15,85,21772.521433
15,97,21650.483860
15,101,21481.026560
15,109,21018.956806
15,116,20786.197453
15,119,20526.234485
16,57,24868.977647
16,60,24548.526853
16,64,24130.971424
16,66,22736.643902
16,77,22567.237633
16,79,22118.302912
16,85,21772.521433
16,97,21650.483860
16,101,21481.026560
16,105,21138.323894
16,109,21018.956806
16,116,20786.197453
16,119,20526.234485
17,56,25809.414413
17,57,24665.046843
17,59,24444.853622
17,63,24252.759949
17,64,24130.971424
17,66,22736.643902
17,73,22704.575755
17,77,22567.237633
17,79,22118.302912
17,85,21507.820812
17,90,20811.364671
17,102,20500.494093
17,108,20386.901693
17,116,20022.117804
18,56,25073.065204
18,57,24665.046843
18,58,24618.656435
18,59,24444.853622
18,60,24085.313785
18,61,23652.971423
18,66,22736.643902
18,73,22704.575755
18,74,22182.083383
18,79,22118.302912
18,83,21961.765779
18,85,21507.820812
18,90,20811.364671
18,102,20500.494093
18,108,20386.901693
18,116,20022.117804
19,56,25073.065204
19,57,24291.425563
19,58,24274.723085
19,59,23851.716242
19,61,23652.971423
19,63,23486.575863
19,66,22736.643902
19,69,22522.115569
19,74,22182.083383
19,75,22119.033465
19,79,21939.876030
19,85,21507.820812
19,90,20811.364671
19,102,20500.494093
19,108,20386.901693
19,116,20022.117804
20,56,24944.038527
20,57,24280.627649
20,58,24154.404020
20,59,23851.716242
20,61,23652.971423
20,63,23455.985278
20,66,22663.537357
20,69,21936.911739
20,72,21770.436906
20,78,21549.856524
20,85,21507.820812
20,87,20704.998787
20,89,20546.651723
20,98,20236.090719
20,104,20195.487306
20,115,19760.161012
21,54,26706.573723
21,55,24961.150646
21,56,24944.038527
21,57,23849.422692
21,61,23652.971423
21,63,23455.985278
21,66,22663.537357
21,68,22601.806163
21,69,21936.911739
21,72,21770.436906
21,73,21541.574036
21,85,21507.820812
21,87,20704.998787
21,89,20546.651723
21,98,20236.090719
21,104,20195.487306
21,109,20102.730419
21,111,19783.318026
21,115,19760.161012
22,54,26706.573723
22,55,24961.150646
22,56,24944.038527
22,57,23840.365810
22,61,23652.971423
22,63,23080.235546
22,65,22953.387054
22,66,22663.537357
22,68,22601.806163
22,69,21936.911739
22,72,21770.436906
22,73,21541.574036
22,77,21487.255444
22,81,21335.040481
22,82,20981.044714
22,87,20704.998787
22,89,20546.651723
22,98,20236.090719
22,104,20195.487306
22,109,20102.730419
22,111,19783.318026
22,115,19760.161012
22,117,19738.986770
23,54,26706.573723
23,55,24490.544375
23,56,24015.414881
23,57,23840.365810
23,58,23235.931967
23,59,22932.721550
23,65,22849.607398
23,66,22663.537357
23,67,21997.316526
23,69,21936.911739
23,71,21104.968532
23,82,20615.580855
23,87,20434.996952
23,97,20048.759090
23,101,19591.907253
23,110,19338.054555
24,54,26706.573723
24,55,24452.132336
24,56,23669.175558
24,58,22867.298278
24,61,22758.181492
24,63,22474.674828
24,64,22103.502245
24,66,21905.509126
24,67,21520.437057
24,71,21104.968532
24,82,20615.580855
24,87,20434.996952
24,97,20048.759090
24,98,19907.863379
24,101,19591.907253
24,110,19338.054555
25,54,26706.573723
25,55,24452.132336
25,56,23669.175558
25,57,23665.065330
25,58,22812.231480
25,61,22758.181492
25,63,22461.634239
25,64,21422.860222
25,71,21104.968532
25,80,20983.796402
25,82,20615.580855
25,87,20434.996952
25,90,20429.956070
25,94,19881.698858
25,99,19734.157336
25,101,19591.907253
25,110,19338.054555
25,112,19269.776395
25,117,19249.990069
26,54,26706.573723
26,55,24452.132336
26,56,23669.175558
26,57,22989.109625
26,58,22812.231480
26,59,22761.430407
26,61,22363.449669
26,62,21726.892129
26,63,21413.866307
26,71,19900.642973
26,94,19764.536417
26,98,19206.125007
27,54,26706.573723
27,55,23837.839116
27,56,23173.121570
27,57,22989.109625
27,58,22812.231480
27,59,22761.430407
27,61,22363.449669
27,62,21726.892129
27,63,21413.866307
27,71,19900.642973
27,94,19764.536417
27,98,19206.125007
28,54,26706.573723
28,55,23837.839116
28,56,23053.422122
28,57,22989.109625
28,58,22812.231480
28,59,22761.430407
28,61,22303.162586
28,62,21726.892129
28,63,21413.866307
28,64,21365.325320
28,71,19900.642973
28,91,19515.430818
28,98,19206.125007
28,115,19116.943565
29,54,26706.573723
29,55,23837.839116
29,56,23019.200787
29,57,22989.109625
29,58,22654.403636
29,61,22303.162586
29,62,21726.892129
29,63,21413.866307
29,64,21365.325320
29,66,20911.854500
29,67,20871.070472
29,70,20579.122130
29,71,19900.642973
29,83,19593.539206
29,91,19515.430818
29,98,19206.125007
29,115,19116.943565
30,54,24310.493076
30,55,23837.839116
30,56,22420.395965
30,58,21834.933114
30,62,21726.892129
30,63,21413.866307
30,64,21365.325320
30,66,20911.854500
30,67,20871.070472
30,69,20387.186039
30,71,19900.642973
30,83,19593.539206
30,91,19515.430818
30,98,19206.125007
30,113,19038.466038
31,54,24310.493076
31,55,23837.839116
31,56,22420.395965
31,58,21834.933114
31,61,21177.004885
31,66,20911.854500
31,67,20871.070472
31,69,20387.186039
31,71,19900.642973
31,83,19593.539206
31,91,19515.430818
31,98,19206.125007
31,113,19038.466038
32,54,24310.493076
32,55,23837.839116
32,56,22420.395965
32,58,21834.933114
32,61,21177.004885
32,66,20911.854500
32,67,20026.808756
32,71,19826.703116
32,83,19593.539206
32,91,19395.228826
32,93,19186.555735
32,98,18981.666404
33,54,23945.385002
33,55,23765.672317
33,56,22153.519517
33,58,21834.933114
33,61,21177.004885
33,64,20516.861233
33,65,20459.527840
33,67,20026.808756
33,71,19826.703116
33,83,19593.539206
33,91,19395.228826
33,93,19186.555735
33,98,18981.666404
34,54,23945.385002
34,55,22817.574461
34,56,22153.519517
34,57,21470.688243
34,61,21177.004885
34,64,20485.569289
34,65,20459.527840
34,66,20454.710212
34,67,20026.808756
34,71,19826.703116
34,83,19593.539206
34,91,19395.228826
34,93,19186.555735
34,98,18981.666404
35,54,22820.381497
35,55,22817.574461
35,56,22153.519517
35,57,21470.688243
35,58,21314.029686
35,59,21096.007258
35,60,21079.765587
35,62,20811.250181
35,64,20485.569289
35,65,20151.540028
35,67,20026.808756
35,70,19731.462705
35,83,19593.539206
35,89,19414.877062
35,91,19395.228826
35,93,19009.540739
35,97,18750.659191
35,108,18740.734360
36,54,22820.381497
36,55,22817.574461
36,56,22153.519517
36,57,21470.688243
36,58,20683.094523
36,64,20485.569289
36,65,20051.802267
36,67,20026.808756
36,70,19731.462705
36,71,19700.226342
36,82,19515.436909
36,85,19357.872194
36,92,19286.914284
36,93,19009.540739
36,97,18750.659191
36,108,18740.734360
37,54,22820.381497
37,55,22817.574461
37,56,22153.519517
37,57,21273.577051
37,58,20683.094523
37,61,20636.720503
37,64,20485.569289
37,65,20051.802267
37,67,20026.808756
37,69,19828.353530
37,70,19731.462705
37,71,19700.226342
37,80,19555.565744
37,82,19515.436909
37,85,19357.872194
37,92,19286.914284
37,93,19009.540739
37,97,18750.659191
37,108,18740.734360
38,53,22922.558968
38,54,22820.381497
38,55,22817.574461
38,56,22153.519517
38,57,21273.577051
38,58,20683.094523
38,61,20636.720503
38,64,20485.569289
38,65,20051.802267
38,67,20026.808756
38,69,19828.353530
38,70,19682.082556
38,71,19646.830166
38,77,19240.007064
38,82,19050.192736
38,92,18928.751512
38,93,18648.084888
38,107,18604.273204
39,53,22922.558968
39,54,22820.381497
39,55,22533.353132
39,56,22153.519517
39,57,21273.577051
39,58,20683.094523
39,59,20595.377566
39,60,20382.398532
39,62,20277.558050
39,63,20057.847966
39,65,20051.802267
39,67,20026.808756
39,69,19828.353530
39,70,19682.082556
39,71,19646.830166
39,77,19240.007064
39,81,19203.475940
39,82,19050.192736
39,92,18928.751512
39,93,18648.084888
39,107,18604.273204
40,53,22922.558968
40,54,22482.583569
40,56,22153.519517
40,57,21273.577051
40,58,20683.094523
40,59,20595.377566
40,60,20382.398532
40,62,20277.558050
40,63,20057.847966
40,65,20051.802267
40,66,19797.377043
40,70,19682.082556
40,71,19646.830166
40,77,19240.007064
40,81,19203.475940
40,82,19050.192736
40,83,18955.721564
40,92,18928.751512
40,93,18648.084888
40,107,18604.273204
41,53,22279.680547
41,56,22153.519517
41,57,21273.577051
41,58,20683.094523
41,59,20595.377566
41,60,20382.398532
41,61,20198.401042
41,63,20057.847966
41,65,19705.477207
41,68,19577.203098
41,70,19345.708467
41,76,19113.776661
41,77,19052.745715
41,81,19042.117207
41,83,18937.375272
41,91,18750.394246
41,93,18485.554423
42,53,21850.790128
42,57,21273.577051
42,58,20399.715770
42,60,20382.398532
42,61,20198.401042
42,63,20057.847966
42,64,19793.456644
42,65,19705.477207
42,66,19649.790158
42,68,19577.203098
42,70,19345.708467
42,76,19113.776661
42,77,19052.745715
42,80,18971.160001
42,83,18937.375272
42,91,18750.394246
42,93,18485.554423
43,52,22753.886095
43,53,21850.790128
43,57,21273.577051
43,58,20399.715770
43,60,20382.398532
43,61,20198.401042
43,63,20057.847966
43,64,19793.456644
43,65,19705.477207
43,66,19649.790158
43,68,19577.203098
43,70,19345.708467
43,76,19113.776661
43,77,19052.745715
43,80,18971.160001
43,83,18937.375272
43,91,18750.394246
43,93,18485.554423
44,52,22753.886095
44,53,21850.790128
44,57,21273.577051
44,58,20399.715770
44,60,20382.398532
44,61,20198.401042
44,63,20057.847966
44,64,19793.456644
44,65,19705.477207
44,66,19649.790158
44,67,19415.379013
44,70,19017.063030
44,76,18938.293359
44,83,18785.032393
44,91,18598.918140
44,93,18433.747300
44,95,18238.044621
45,52,22753.886095
45,53,21850.790128
45,57,21273.577051
45,58,20399.715770
45,60,20382.398532
45,61,20198.401042
45,63,20057.847966
45,64,19793.456644
45,65,19705.477207
45,66,19649.790158
45,67,19415.379013
45,68,19346.039652
45,70,19017.063030
45,76,18938.293359
45,81,18846.775809
45,83,18785.032393
45,89,18777.783615
45,90,18425.738981
45,95,18238.044621
46,52,22753.886095
46,53,21850.790128
46,55,20829.605067
46,58,20399.715770
46,59,20122.730585
46,63,20057.847966
46,64,19793.456644
46,65,19705.477207
46,66,19639.928430
46,67,19415.379013
46,68,19346.039652
46,70,19017.063030
46,76,18938.293359
46,81,18846.775809
46,83,18785.032393
46,85,18623.740587
46,90,18425.738981
46,94,18382.305896
46,95,18238.044621
47,52,22701.212668
47,53,21850.790128
47,55,20829.605067
47,58,20399.715770
47,59,20122.730585
47,60,20111.809317
47,63,19999.510302
47,64,19793.456644
47,65,19705.477207
47,66,19341.336616
47,67,19271.997255
47,70,19017.063030
47,75,18784.790678
47,79,18628.947821
47,84,18264.203420
47,92,18129.157593
48,52,22701.212668
48,53,21850.790128
48,55,20570.612615
48,58,20399.715770
48,59,20122.730585
48,60,20111.809317
48,63,19999.510302
48,64,19793.456644
48,65,19705.477207
48,66,19341.336616
48,67,19271.997255
48,69,19198.619433
48,70,19017.063030
48,75,18784.790678
48,79,18628.947821
48,84,18264.203420
48,92,18129.157593
49,51,23111.830343
49,52,22701.212668
49,53,21850.790128
49,54,21259.460997
49,55,20570.612615
49,58,20399.715770
49,59,19992.418967
49,64,19793.456644
49,65,19705.477207
49,66,19341.336616
49,67,19271.997255
49,69,19198.619433
49,70,19017.063030
49,75,18784.790678
49,79,18628.947821
49,84,18264.203420
49,88,18234.680132
49,92,18129.157593
49,98,18109.781079
50,51,23111.830343
50,52,22701.212668
50,53,21850.790128
50,54,21259.460997
50,55,20545.423724
50,58,20399.715770
50,59,19992.418967
50,60,19791.558155
50,65,18911.478675
50,68,18718.172363
50,78,18581.971697
50,84,18149.482062
50,92,17994.857027
51,51,23111.830343
51,52,22701.212668
51,53,21850.790128
51,54,21259.460997
51,55,20545.423724
51,57,20282.638294
51,59,19992.418967
51,60,19791.558155
51,65,18911.478675
51,68,18718.172363
51,78,18581.971697
51,84,18149.482062
51,92,17994.857027
52,51,23111.830343
52,52,22701.212668
52,53,21850.790128
52,54,21259.460997
52,55,20545.423724
52,57,20282.638294
52,59,19929.623823
52,60,19791.558155
52,63,19778.514015
52,65,18911.478675
52,68,18718.172363
52,78,18581.971697
52,84,18149.482062
52,92,17994.857027
53,51,23111.830343
53,52,21511.800485
53,53,21056.884400
53,55,20545.423724
53,57,19992.270805
53,59,19402.779981
53,63,18363.030289
53,81,18350.781877
53,82,18056.410585
53,92,17921.714633
54,51,23111.830343
54,52,21511.800485
54,53,20919.873063
54,55,20545.423724
54,57,19992.270805
54,59,19402.779981
54,63,18363.030289
54,81,18350.781877
54,82,18056.410585
54,84,17987.643980
54,92,17921.714633
55,51,23111.830343
55,52,21511.800485
55,53,20919.873063
55,54,20352.865219
55,57,19992.270805
55,59,19402.779981
55,61,19028.582070
55,63,18363.030289
55,81,18350.781877
55,82,18056.410585
55,84,17955.322163
55,89,17952.922357
55,92,17921.714633
56,51,23111.830343
56,52,21511.800485
56,53,20545.967076
56,54,20352.865219
56,56,19903.727750
56,58,19847.845751
56,59,19365.088275
56,61,19028.582070
56,63,18302.549126
56,80,18040.858780
56,81,17956.776733
56,84,17955.322163
56,86,17765.171088
57,51,22913.126127
57,52,21511.800485
57,53,20545.967076
57,54,20329.232339
57,55,20100.778194
57,56,19903.727750
57,58,19847.845751
57,59,19365.088275
57,61,19028.582070
57,63,18302.549126
57,80,18040.858780
57,81,17956.776733
57,84,17955.322163
57,86,17765.171088
58,51,22913.126127
58,52,20774.952846
58,53,20545.967076
58,54,20317.144678
58,55,20100.778194
58,56,19903.727750
58,58,19781.857595
58,59,19365.088275
58,61,19028.582070
58,63,18302.549126
58,80,18040.858780
58,81,17956.776733
58,84,17955.322163
58,85,17929.151434
58,86,17765.171088
59,51,22913.126127
59,52,20774.952846
59,53,20211.742048
59,55,20100.778194
59,56,19815.602927
59,58,19722.846979
59,59,19286.698837
59,61,18957.061389
59,63,18224.496854
59,80,17918.776965
59,84,17869.690468
59,85,17660.715172
60,51,22913.126127
60,52,20774.952846
60,53,19880.600815
60,56,19815.602927
60,58,19722.846979
60,59,19286.698837
60,61,18957.061389
60,63,18224.496854
60,80,17918.776965
60,82,17802.244259
60,85,17660.715172
61,51,22913.126127
61,52,20479.323859
61,53,19880.600815
61,54,19775.374197
61,58,19722.846979
61,59,19286.698837
61,61,18957.061389
61,63,18224.496854
61,70,18081.403657
61,77,17968.114960
61,80,17918.776965
61,82,17802.244259
61,85,17660.715172
62,51,22913.126127
62,52,20431.940073
62,53,19566.230861
62,57,19260.246230
62,61,18957.061389
62,63,18165.563638
62,70,18003.431922
62,76,17864.199142
62,79,17675.439689
62,81,17627.851056
62,84,17551.441908
63,51,20679.862308
63,52,20431.940073
63,53,19566.230861
63,54,19532.640301
63,57,19260.246230
63,61,18957.061389
63,63,18165.563638
63,70,18003.431922
63,76,17864.199142
63,79,17675.439689
63,81,17627.851056
63,84,17551.441908
64,51,20679.862308
64,52,19823.438946
64,53,19566.230861
64,54,19532.640301
64,57,19260.246230
64,61,18775.788862
64,63,18165.563638
64,70,18003.431922
64,76,17864.199142
64,78,17791.992971
64,79,17675.439689
64,81,17627.851056
64,84,17551.441908
65,51,20679.862308
65,52,19823.438946
65,53,19566.230861
65,54,19532.640301
65,57,19260.246230
65,59,19241.837842
65,61,18625.449337
65,62,18374.906052
65,63,18130.258701
65,64,18096.978496
65,68,18003.200082
65,76,17827.316292
65,78,17449.396394
66,51,20535.815880
66,52,19519.974473
66,57,19260.246230
66,59,19241.837842
66,61,18625.449337
66,62,18374.906052
66,63,18130.258701
66,64,18096.978496
66,68,18003.200082
66,75,17871.038237
66,76,17827.316292
66,77,17790.896851
66,78,17449.396394
67,50,20770.151467
67,51,20063.256997
67,52,19519.974473
67,53,19464.906727
67,57,19260.246230
67,59,19241.837842
67,61,18625.449337
67,62,18374.906052
67,63,18130.258701
67,64,18096.978496
67,68,18003.200082
67,75,17871.038237
67,76,17827.316292
67,77,17790.896851
67,78,17449.396394
67,82,17433.866497
68,49,21149.123664
68,50,19817.405155
68,51,19692.325688
68,52,19519.974473
68,53,19464.906727
68,56,19351.452875
68,57,19260.246230
68,59,19150.708734
68,61,18477.473313
68,62,17879.569426
68,69,17687.708909
68,76,17670.375583
68,78,17421.769894
68,82,17385.932176
69,48,21560.555750
69,49,21149.123664
69,50,19817.405155
69,51,19692.325688
69,52,19519.974473
69,53,19464.906727
69,55,19320.084040
69,57,19260.246230
69,59,19150.708734
69,61,18477.473313
69,62,17879.569426
69,69,17687.708909
69,76,17670.375583
69,78,17421.769894
69,82,17385.932176
70,48,21560.555750
70,49,21149.123664
70,50,19817.405155
70,51,19692.325688
70,52,19519.974473
70,53,19464.906727
70,55,19320.084040
70,57,19260.246230
70,59,19150.708734
70,61,18477.473313
70,62,17879.569426
70,69,17687.708909
70,76,17670.375583
70,78,17421.769894
70,82,17385.932176
71,48,21560.555750
71,49,21149.123664
71,50,19609.203585
71,52,19519.974473
71,53,19464.906727
71,54,18874.823881
71,61,18477.473313
71,62,17846.987319
71,69,17579.486783
71,77,17506.244112
71,78,17397.482672
71,82,17325.911768
72,48,21560.555750
72,49,21149.123664
72,50,19609.203585
72,52,19519.974473
72,53,19464.906727
72,54,18874.823881
72,61,18477.473313
72,62,17846.987319
72,69,17579.486783
72,77,17506.244112
72,78,17397.482672
72,79,17304.400300
73,48,21560.555750
73,49,21149.123664
73,50,19609.203585
73,52,19519.974473
73,53,19464.906727
73,54,18874.823881
73,61,18477.473313
73,62,17846.987319
73,69,17579.486783
73,77,17506.244112
73,78,17397.482672
73,79,17304.400300
74,48,21560.555750
74,49,21149.123664
74,50,19494.601557
74,53,19421.077954
74,54,18742.463769
74,61,17809.713013
74,69,17545.476573
74,75,17315.577066
74,78,17262.941987
75,48,21560.555750
75,49,19456.402002
75,52,19440.246959
75,53,19421.077954
75,54,18742.463769
75,61,17809.713013
75,66,17570.242298
75,69,17545.476573
75,75,17315.577066
75,78,17262.941987
75,84,17207.268504
76,48,21560.555750
76,49,19456.402002
76,51,19287.446921
76,54,18742.463769
76,61,17809.713013
76,62,17682.626359
76,66,17570.242298
76,69,17545.476573
76,75,17315.577066
76,76,17291.915608
76,78,17262.941987
76,84,17207.268504
77,48,21560.555750
77,49,19456.402002
77,51,18797.993775
77,54,18679.502443
77,61,17797.215280
77,62,17669.134794
77,66,17570.242298
77,69,17468.898003
77,75,17315.577066
77,76,17248.788252
77,78,17223.335218
77,84,17149.944877
78,48,21560.555750
78,49,19456.402002
78,51,18797.993775
78,54,18679.502443
78,61,17797.215280
78,62,17669.134794
78,66,17570.242298
78,69,17468.898003
78,75,17315.577066
78,76,17248.788252
78,78,17223.335218
78,84,17149.944877
79,48,21560.555750
79,49,19456.402002
79,51,18797.993775
79,54,18679.502443
79,61,17797.215280
79,62,17669.134794
79,66,17570.242298
79,69,17468.898003
79,75,17315.577066
79,76,17248.788252
79,78,17223.335218
79,84,17149.944877
80,48,21560.555750
80,49,19456.402002
80,51,18731.800895
80,54,18595.769730
80,60,17745.765940
80,62,17558.365724
80,66,17522.003216
80,69,17468.898003
80,73,17244.551313
80,76,17227.993323
80,78,17136.290851
80,84,17102.010556
81,48,21560.555750
81,49,19456.402002
81,51,18731.800895
81,54,18595.769730
81,60,17745.765940
81,62,17558.365724
81,66,17522.003216
81,69,17468.898003
81,73,17244.551313
81,76,17227.993323
81,78,17136.290851
81,84,17102.010556
82,48,20539.405228
82,49,19180.635744
82,51,18731.800895
82,54,18595.769730
82,60,17745.765940
82,62,17558.365724
82,66,17522.003216
82,68,17507.528099
82,69,17468.898003
82,73,17244.551313
82,75,17150.620622
82,78,17136.290851
82,84,17102.010556
83,48,20539.405228
83,49,19180.635744
83,50,18952.855226
83,51,18731.800895
83,54,18595.769730
83,60,17745.765940
83,62,17558.365724
83,66,17487.218321
83,67,17430.377275
83,72,17223.122374
83,74,17135.394897
83,84,17102.010556
84,48,20539.405228
84,49,19092.524578
84,50,18952.855226
84,51,18731.800895
84,54,18595.769730
84,60,17745.765940
84,62,17558.365724
84,66,17487.218321
84,67,17430.377275
84,72,17223.122374
84,74,17135.394897
84,79,17130.227920
84,84,17102.010556
85,48,20539.405228
85,49,19092.524578
85,50,18952.855226
85,51,18731.800895
85,54,18595.769730
85,57,18010.091391
85,60,17745.765940
85,61,17418.456861
85,72,17223.122374
85,74,17135.394897
85,79,17130.227920
85,84,17102.010556
86,48,20539.405228
86,49,19092.524578
86,50,18952.855226
86,51,18589.752198
86,53,18584.264036
86,57,17858.783803
86,60,17605.119499
86,61,17405.421843
86,71,17391.742451
86,72,17188.980054
86,73,17121.744230
86,75,17054.716503
87,48,19523.430376
87,49,19092.524578
87,50,18952.855226
87,51,18589.752198
87,53,18584.264036
87,57,17858.783803
87,60,17605.119499
87,61,17405.421843
87,64,17285.419978
87,72,17188.980054
87,73,17121.744230
87,75,17054.716503
88,48,19523.430376
88,49,19092.524578
88,50,18952.855226
88,51,18589.752198
88,53,18584.264036
88,56,18330.053760
88,57,17858.783803
88,60,17329.567719
88,64,17285.419978
88,72,17188.980054
88,73,17121.744230
88,75,17054.716503
89,47,19990.705766
89,48,19523.430376
89,49,19092.524578
89,50,18952.855226
89,51,18589.752198
89,53,18382.103927
89,56,18111.962117
89,57,17858.783803
89,60,17327.730447
89,64,17254.842727
89,72,17072.381527
89,75,17054.716503
89,79,16949.705642
90,47,19894.919914
90,48,19302.238300
90,49,19092.524578
90,50,18824.104388
90,51,18589.752198
90,53,18382.103927
90,56,18111.962117
90,57,17858.783803
90,60,17327.730447
90,64,17254.842727
90,72,17072.381527
90,75,17017.144084
90,79,16949.705642
91,47,19833.754273
91,48,19302.238300
91,49,19021.808879
91,50,18824.104388
91,51,18589.752198
91,53,18382.103927
91,56,18111.962117
91,57,17858.783803
91,60,17327.730447
91,64,17254.842727
91,69,17185.808636
91,72,17072.381527
91,75,17017.144084
91,79,16949.705642
92,47,19833.754273
92,48,19302.238300
92,49,18947.803651
92,50,18736.840394
92,51,18528.609277
92,52,18323.725486
92,56,17782.545902
92,60,17327.730447
92,64,17245.395117
92,69,17177.635736
92,72,17063.118589
92,74,16926.326906
93,47,19833.754273
93,48,19240.930986
93,49,18947.803651
93,50,18736.840394
93,51,18528.609277
93,52,18323.725486
93,56,17782.545902
93,59,17779.635120
93,60,17327.730447
93,64,17245.395117
93,69,17177.635736
93,71,17146.272849
93,72,17063.118589
93,74,16926.326906
93,84,16878.409866
94,47,19833.754273
94,48,19240.930986
94,49,18890.152439
94,50,18736.840394
94,51,18528.609277
94,52,18323.725486
94,56,17782.545902
94,59,17619.554120
94,60,17327.730447
94,64,17245.395117
94,69,17177.635736
94,70,17035.509585
94,74,16926.326906
94,84,16878.409866
95,47,19127.321229
95,49,18890.152439
95,50,18693.161423
95,51,18528.609277
95,52,18313.673152
95,56,17736.027194
95,59,17521.750588
95,60,17309.514593
95,64,17237.508874
95,68,17001.109719
95,74,16926.326906
95,84,16868.398989
96,46,19111.922969
96,49,18890.152439
96,50,18693.161423
96,51,18528.609277
96,52,18313.673152
96,56,17736.027194
96,58,17693.304793
96,59,17521.750588
96,60,17309.514593
96,64,17237.508874
96,68,17001.109719
96,74,16926.326906
96,84,16868.398989
97,46,19111.922969
97,48,19031.611852
97,49,18890.152439
97,50,18222.443927
97,53,17908.725181
97,56,17736.027194
97,58,17693.304793
97,59,17521.750588
97,60,17309.514593
97,64,17237.508874
97,68,17001.109719
97,74,16926.326906
97,84,16868.398989
98,46,19111.922969
98,48,19031.611852
98,49,18840.749649
98,50,18222.443927
98,53,17887.826816
98,56,17736.027194
98,58,17672.128307
98,59,17521.750588
98,60,17305.091171
98,64,17228.400787
98,68,17001.109719
98,74,16926.326906
98,82,16752.333248
99,46,19111.922969
99,48,19031.611852
99,49,18840.749649
99,50,18222.443927
99,52,18156.261338
99,53,17887.826816
99,56,17736.027194
99,58,17672.128307
99,59,17521.750588
99,60,17305.091171
99,63,17079.606582
99,68,17001.109719
99,74,16926.326906
99,76,16922.809755
99,81,16649.606272
100,46,19111.922969
100,48,18838.712385
100,50,18222.443927
100,52,18156.261338
100,53,17887.826816
100,56,17736.027194
100,58,17455.110051
100,60,17305.091171
100,63,17079.606582
100,68,17001.109719
100,73,16951.107427
100,74,16926.326906
100,76,16922.809755
100,78,16486.980355
101,46,19111.922969
101,48,18764.978806
101,50,18222.443927
101,52,17711.954467
101,56,17695.067687
101,58,17426.123705
101,60,17179.687414
101,62,17074.273310
101,68,16989.113169
101,73,16951.107427
101,74,16926.326906
101,76,16898.888639
101,78,16439.976764
102,46,19111.922969
102,48,18504.872622
102,50,18222.443927
102,52,17711.954467
102,56,17695.067687
102,58,17426.123705
102,60,17179.687414
102,62,17074.273310
102,68,16989.113169
102,73,16951.107427
102,74,16926.326906
102,75,16767.887585
102,78,16439.976764
103,46,19111.922969
103,48,18504.872622
103,50,18222.443927
103,52,17711.954467
103,55,17652.846629
103,57,17619.249822
103,58,17426.123705
103,60,17179.687414
103,62,17074.273310
103,68,16989.113169
103,73,16558.182876
103,78,16439.976764
104,46,19111.922969
104,47,18674.280444
104,48,18504.872622
104,50,18158.391371
104,52,17711.954467
104,55,17637.224842
104,57,17540.368295
104,58,17426.123705
104,60,17164.560926
104,62,17074.273310
104,65,16945.831123
104,73,16558.182876
104,78,16418.609201
105,46,19111.922969
105,47,18674.280444
105,48,18329.848175
105,50,18158.391371
105,52,17711.954467
105,55,17637.224842
105,57,17540.368295
105,58,17251.823715
105,60,17164.560926
105,61,17148.269533
105,62,17074.273310
105,65,16945.831123
105,71,16649.132684
105,73,16558.182876
105,78,16418.609201
106,45,19422.043479
106,46,19073.139001
106,47,18657.312617
106,48,18329.848175
106,50,18158.391371
106,52,17711.954467
106,55,17637.224842
106,57,17540.368295
106,58,17251.823715
106,60,17164.560926
106,61,17148.269533
106,62,17074.273310
106,65,16945.831123
106,71,16649.132684
106,73,16540.029582
106,78,16418.609201
107,45,19203.025273
107,46,19073.139001
107,47,18657.312617
107,48,18329.848175
107,50,18158.391371
107,52,17711.954467
107,55,17637.224842
107,56,17515.874817
107,58,17229.483017
107,60,17156.593281
107,61,17148.269533
107,62,17047.229280
107,65,16938.094614
107,71,16649.132684
107,73,16514.229038
107,77,16415.645253
108,45,18790.012275
108,47,18657.312617
108,48,18329.848175
108,50,18109.851006
108,52,17711.954467
108,55,17637.224842
108,56,17515.874817
108,58,17229.483017
108,60,17156.593281
108,61,17148.269533
108,62,17047.229280
108,65,16938.094614
108,71,16649.132684
108,73,16514.229038
108,77,16415.645253
109,45,18790.012275
109,47,18657.312617
109,48,18329.848175
109,50,18109.851006
109,51,18106.032704
109,52,17711.954467
109,55,17637.224842
109,56,17503.332397
109,58,17229.483017
109,60,17156.593281
109,61,17148.269533
109,62,17047.229280
109,65,16938.094614
109,69,16731.526124
109,71,16649.132684
109,73,16514.229038
109,77,16415.645253
110,45,18790.012275
110,46,18667.858612
110,47,18657.312617
110,48,18329.848175
110,50,18109.851006
110,51,17939.042192
110,52,17711.954467
110,55,17637.224842
110,56,17503.332397
110,57,17488.481698
110,58,17117.165344
110,59,17079.003641
110,62,16919.763508
110,65,16894.570006
110,68,16890.360841
110,69,16731.526124
110,70,16554.174513
110,73,16514.229038
110,77,16388.402321
111,45,18790.012275
111,46,18666.988528
111,47,18657.312617
111,48,18329.848175
111,50,18109.851006
111,51,17939.042192
111,52,17711.954467
111,55,17633.341079
111,56,17503.332397
111,57,17488.481698
111,58,17117.165344
111,59,17079.003641
111,62,16919.763508
111,65,16894.570006
111,68,16890.360841
111,69,16731.526124
111,70,16554.174513
111,73,16514.229038
111,77,16388.402321
112,45,18790.012275
112,46,18666.988528
112,47,18657.312617
112,48,18329.848175
112,50,18109.851006
112,51,17939.042192
112,52,17711.954467
112,55,17633.341079
112,56,17503.332397
112,57,17488.481698
112,58,17117.165344
112,59,17079.003641
112,62,16919.763508
112,65,16894.570006
112,68,16672.829252
112,70,16554.174513
112,73,16514.229038
112,77,16388.402321
113,44,20885.506788
113,45,18790.012275
113,46,18666.988528
113,47,18657.312617
113,48,18329.848175
113,49,18196.112216
113,50,17960.532433
113,51,17939.042192
113,52,17650.970259
113,55,17633.341079
113,56,17491.818428
113,57,17443.341995
113,58,17117.165344
113,59,17054.712544
113,62,16892.329696
113,65,16864.460872
113,68,16664.456934
113,70,16529.642442
113,73,16457.619659
113,77,16388.402321
114,44,20425.744506
114,45,18737.048884
114,46,18506.666377
114,48,18329.848175
114,49,18196.112216
114,50,17960.532433
114,51,17939.042192
114,52,17650.970259
114,55,17633.341079
114,56,17491.818428
114,57,17443.341995
114,58,17117.165344
114,59,17054.712544
114,62,16892.329696
114,65,16864.460872
114,68,16664.456934
114,70,16529.642442
114,73,16457.619659
114,77,16388.402321
115,44,20425.744506
115,45,18737.048884
115,46,18506.666377
115,48,18329.848175
115,49,18196.112216
115,50,17960.532433
115,51,17939.042192
115,52,17650.970259
115,54,17518.443050
115,56,17491.818428
115,57,17443.341995
115,58,17117.165344
115,59,17054.712544
115,62,16892.329696
115,65,16864.460872
115,68,16664.456934
115,70,16529.642442
115,73,16457.619659
115,77,16388.402321
116,44,20425.744506
116,45,18699.431177
116,46,18506.666377
116,48,18329.848175
116,49,18196.112216
116,50,17960.532433
116,51,17939.042192
116,52,17650.970259
116,54,17518.443050
116,56,17338.774643
116,58,17102.295471
116,59,17028.467474
116,62,16892.329696
116,65,16844.450188
116,68,16604.122915
116,70,16517.144709
116,72,16405.910864
116,77,16319.929742
117,44,20425.744506
117,45,18699.431177
117,46,18506.666377
117,48,18329.848175
117,49,18196.112216
117,50,17804.210087
117,52,17513.895701
117,56,17338.774643
117,58,17102.295471
117,59,17028.467474
117,62,16892.329696
117,65,16844.450188
117,68,16604.122915
117,70,16517.144709
117,72,16405.910864
117,77,16319.929742
118,44,20425.744506
118,45,18699.431177
118,46,18506.666377
118,48,18276.035758
118,49,18196.112216
118,50,17804.210087
118,52,17513.895701
118,54,17498.134853
118,56,17338.774643
118,58,17102.295471
118,59,17028.467474
118,62,16892.329696
118,65,16833.797488
118,68,16604.122915
118,70,16517.144709
118,72,16405.910864
118,77,16319.929742
119,44,20425.744506
119,45,18698.162341
119,46,18506.666377
119,48,18276.035758
119,49,18196.112216
119,50,17804.210087
119,52,17513.895701
119,54,17482.680252
119,56,17301.806781
119,58,16997.877039
119,62,16866.119744
119,63,16779.016365
119,68,16584.490853
119,70,16517.144709
119,72,16379.115855
119,77,16319.929742
120,44,18954.791193
120,45,18698.162341
120,46,18506.666377
120,48,18276.035758
120,49,18196.112216
120,50,17804.210087
120,52,17513.895701
120,54,17482.680252
120,56,17301.806781
120,58,16997.877039
120,62,16866.119744
120,63,16779.016365
120,68,16584.490853
120,70,16517.144709
120,72,16379.115855
120,77,16319.929742
121,44,18954.791193
121,45,18606.448288
121,46,18506.666377
121,48,18178.337772
121,49,18121.498166
121,50,17804.210087
121,52,17513.895701
121,54,17482.680252
121,56,17301.806781
121,58,16997.877039
121,62,16866.119744
121,63,16779.016365
121,67,16472.586426
121,72,16379.115855
121,76,16296.096633
122,44,18954.791193
122,45,18585.277459
122,46,18406.313560
122,48,18178.337772
122,49,17758.145934
122,51,17323.013488
122,56,17241.119544
122,58,16997.877039
122,62,16847.932276
122,63,16779.016365
122,67,16464.214109
122,72,16360.245224
122,74,16261.080132
123,44,18954.791193
123,45,18585.277459
123,46,18406.313560
123,48,18178.337772
123,49,17758.145934
123,50,17729.978455
123,51,17323.013488
123,56,17241.119544
123,58,16997.877039
123,62,16847.932276
123,63,16779.016365
123,67,16464.214109
123,72,16360.245224
123,74,16261.080132
124,44,18871.925188
124,45,18585.277459
124,46,18406.313560
124,48,18178.337772
124,49,17758.145934
124,50,17729.978455
124,51,17323.013488
124,53,17316.110454
124,56,17241.119544
124,58,16997.877039
124,62,16847.932276
124,63,16779.016365
124,67,16464.214109
124,69,16449.552930
124,71,16429.054724
124,72,16360.245224
124,74,16261.080132
125,44,18871.925188
125,45,18585.277459
125,46,18406.313560
125,47,17920.933332
125,49,17758.145934
125,50,17729.978455
125,51,17323.013488
125,53,17316.110454
125,54,17283.263925
125,56,17154.719381
125,58,16975.902563
125,62,16847.932276
125,63,16701.006803
125,67,16452.175082
125,69,16427.446017
125,71,16380.627674
125,72,16360.245224
125,74,16225.547867
126,44,18871.925188
126,45,18571.710025
126,46,18406.313560
126,47,17920.933332
126,49,17758.145934
126,50,17699.442430
126,51,17291.416753
126,54,17283.263925
126,56,17154.719381
126,58,16975.902563
126,62,16847.932276
126,63,16701.006803
126,67,16452.175082
126,69,16427.446017
126,71,16380.627674
126,72,16360.245224
126,74,16225.547867
127,44,18542.616351
127,45,18529.752168
127,46,18056.241864
127,47,17920.933332
127,49,17684.663746
127,51,17291.416753
127,54,17283.263925
127,55,17238.543875
127,56,17154.719381
127,58,16975.902563
127,62,16847.932276
127,63,16701.006803
127,65,16622.517425
127,67,16452.175082
127,69,16427.446017
127,71,16380.627674
127,72,16360.245224
127,74,16225.547867
128,44,18542.616351
128,45,18529.752168
128,46,18056.241864
128,47,17920.933332
128,49,17684.663746
128,51,17291.416753
128,54,17201.318536
128,56,17050.754461
128,58,16975.902563
128,62,16689.755261
128,65,16622.517425
128,67,16434.403382
128,69,16427.446017
128,71,16380.627674
128,72,16355.440171
128,73,16207.098216
129,44,18542.616351
129,45,18529.752168
129,46,18056.241864
129,47,17920.933332
129,49,17666.138454
129,51,17291.416753
129,54,17201.318536
129,56,17050.754461
129,58,16975.902563
129,59,16702.642164
129,62,16689.755261
129,65,16622.517425
129,67,16434.403382
129,69,16427.446017
129,71,16380.627674
129,72,16355.440171
129,73,16207.098216
130,44,18542.616351
130,45,18529.752168
130,46,18056.241864
130,47,17920.933332
130,49,17666.138454
130,51,17291.416753
130,53,17257.090014
130,54,17201.318536
130,56,17050.754461
130,58,16975.902563
130,59,16702.642164
130,62,16689.755261
130,65,16622.517425
130,67,16434.403382
130,69,16427.446017
130,71,16380.627674
130,72,16355.440171
130,73,16207.098216
131,44,18356.755223
131,46,18056.241864
131,47,17920.933332
131,49,17666.138454
131,50,17400.543457
131,51,17205.996742
131,54,17177.827925
131,56,17046.775104
131,58,16975.902563
131,59,16673.025424
131,65,16622.517425
131,67,16377.815630
131,68,16283.690490
131,71,16260.083308
131,73,16207.098216
132,42,19052.600176
132,43,18679.042035
132,44,18356.755223
132,46,18056.241864
132,47,17920.933332
132,49,17666.138454
132,50,17400.543457
132,51,17205.996742
132,53,17179.933777
132,54,17177.827925
132,55,17145.593960
132,56,17046.775104
132,58,16975.902563
132,59,16673.025424
132,65,16622.517425
132,67,16377.815630
132,68,16283.690490
132,71,16260.083308
132,73,16207.098216
133,42,19052.600176
133,43,18579.058228
133,44,18356.755223
133,46,18056.241864
133,47,17920.933332
133,49,17666.138454
133,50,17274.290868
133,51,17205.996742
133,53,17179.933777
133,54,17177.827925
133,55,17145.593960
133,56,17046.775104
133,58,16975.902563
133,59,16673.025424
133,65,16622.517425
133,66,16620.762458
133,67,16377.815630
133,68,16283.690490
133,71,16260.083308
133,73,16207.098216
134,42,19052.600176
134,43,18579.058228
134,44,18356.755223
134,46,18056.241864
134,47,17920.933332
134,48,17906.046283
134,49,17666.138454
134,50,17274.290868
134,51,17166.044618
134,55,17098.601526
134,56,17046.775104
134,58,16962.385779
134,59,16673.025424
134,65,16622.517425
134,66,16308.633774
134,68,16253.877363
134,71,16242.396751
134,73,16207.098216
135,42,18866.294304
135,43,18579.058228
135,44,18356.755223
135,45,18349.745304
135,46,18056.241864
135,47,17920.933332
135,48,17906.046283
135,49,17666.138454
135,50,17274.290868
135,51,17166.044618
135,55,17098.601526
135,56,17046.775104
135,58,16962.385779
135,59,16673.025424
135,65,16622.517425
135,66,16308.633774
135,68,16253.877363
135,71,16242.396751
135,73,16207.098216
136,42,18866.294304
136,43,18579.058228
136,44,18356.755223
136,45,18349.745304
136,46,18056.241864
136,47,17774.883901
136,48,17610.868345
136,50,17274.290868
136,51,17166.044618
136,54,17091.508281
136,56,17046.775104
136,58,16962.385779
136,59,16673.025424
136,62,16614.796656
136,66,16308.633774
136,68,16253.877363
136,71,16242.396751
136,73,16207.098216
137,42,18866.294304
137,43,18579.058228
137,44,18197.263285
137,46,18056.241864
137,47,17774.883901
137,48,17610.868345
137,50,17184.199435
137,51,17153.615668
137,53,17037.100419
137,56,17031.917356
137,58,16962.385779
137,59,16642.609733
137,61,16603.113907
137,66,16308.633774
137,68,16186.232054
138,42,18866.294304
138,43,18579.058228
138,44,18197.263285
138,46,18056.241864
138,47,17721.303287
138,48,17610.868345
138,50,17184.199435
138,51,17153.615668
138,53,17037.100419
138,56,17031.917356
138,58,16962.385779
138,59,16642.609733
138,61,16603.113907
138,66,16308.633774
138,68,16186.232054
139,42,18866.294304
139,43,18554.716794
139,44,18197.263285
139,46,17786.967276
139,47,17721.303287
139,48,17610.868345
139,50,17184.199435
139,51,17153.615668
139,53,17037.100419
139,56,17031.917356
139,58,16962.385779
139,59,16642.609733
139,61,16603.113907
139,62,16444.423394
139,66,16308.633774
139,68,16186.232054
140,42,18794.068475
140,43,18468.745905
140,44,18197.263285
140,46,17786.967276
140,47,17721.303287
140,48,17610.868345
140,50,17184.199435
140,51,17152.098442
140,52,17062.715080
140,53,16997.884907
140,58,16962.385779
140,59,16584.797232
140,60,16347.776383
140,66,16308.633774
140,67,16131.340517
141,42,18702.236910
141,43,18468.745905
141,44,18197.263285
141,45,18159.069602
141,46,17786.967276
141,47,17721.303287
141,48,17551.151855
141,50,17184.199435
141,51,17152.098442
141,52,17062.715080
141,53,16997.884907
141,58,16962.385779
141,59,16584.797232
141,60,16347.776383
141,66,16308.633774
141,67,16131.340517
142,42,18702.236910
142,43,18468.745905
142,44,18155.452125
142,46,17786.967276
142,47,17721.303287
142,48,17551.151855
142,50,17184.199435
142,51,17152.098442
142,52,17062.715080
142,53,16997.884907
142,58,16962.385779
142,59,16584.797232
142,60,16347.776383
142,66,16308.633774
142,67,16131.340517
143,42,18535.245744
143,43,18179.359309
143,44,18155.452125
143,46,17786.967276
143,47,17721.303287
143,48,17548.795158
143,50,17169.754271
143,51,17044.898944
143,52,16971.773678
143,58,16929.106365
143,59,16581.095290
143,60,16347.776383
143,66,16277.456629
143,67,16131.340517
144,42,18535.245744
144,43,18179.359309
144,44,18155.452125
144,46,17786.967276
144,47,17721.303287
144,48,17548.795158
144,49,17507.269975
144,50,17169.344267
144,51,17044.898944
144,52,16971.773678
144,58,16929.106365
144,59,16581.095290
144,60,16347.776383
144,66,16277.456629
144,67,16131.340517
145,42,18535.245744
145,43,18179.359309
145,44,17915.766512
145,46,17786.967276
145,47,17721.303287
145,48,17548.795158
145,49,17507.269975
145,50,17139.710108
145,51,17044.898944
145,52,16971.773678
145,58,16929.106365
145,59,16581.095290
145,60,16347.776383
145,66,16277.456629
145,67,16131.340517
146,41,19254.175479
146,42,18119.870110
146,43,18103.775923
146,44,17915.766512
146,46,17786.967276
146,47,17721.303287
146,48,17548.795158
146,49,17400.821923
146,50,17016.750472
146,51,16941.860455
146,58,16929.106365
146,59,16343.490312
146,66,16277.456629
146,67,16069.310967
147,41,18574.770768
147,42,18119.870110
147,43,18037.630900
147,44,17915.766512
147,46,17786.967276
147,47,17721.303287
147,48,17548.795158
147,49,17400.821923
147,50,17016.750472
147,51,16941.860455
147,58,16929.106365
147,59,16343.490312
147,66,16277.456629
147,67,16069.310967
148,41,18574.770768
148,42,18119.870110
148,43,18015.358596
148,44,17915.766512
148,46,17786.967276
148,47,17721.303287
148,48,17548.795158
148,49,17400.821923
148,50,17016.750472
148,51,16941.860455
148,58,16929.106365
148,59,16343.490312
148,66,16277.456629
148,67,16069.310967
149,41,18574.770768
149,42,18027.423833
149,43,18015.358596
149,44,17915.766512
149,45,17894.071707
149,46,17779.004161
149,47,17721.303287
149,48,17548.795158
149,49,17339.368849
149,50,17016.750472
149,51,16941.216527
149,54,16809.920175
149,59,16343.490312
149,66,16275.725574
149,67,16051.197775
150,41,18574.770768
150,42,18027.423833
150,43,18015.358596
150,44,17915.766512
150,45,17894.071707
150,46,17586.457421
150,48,17548.795158
150,49,17339.368849
150,50,17016.750472
150,51,16941.216527
150,54,16809.920175
150,59,16343.490312
150,66,16275.725574
150,67,16051.197775
151,41,18574.770768
151,42,18027.423833
151,43,17998.011180
151,44,17915.766512
151,45,17894.071707
151,46,17586.457421
151,48,17548.795158
151,49,17339.368849
151,50,17016.750472
151,51,16941.216527
151,54,16809.920175
151,59,16343.490312
151,66,16275.725574
151,67,16051.197775
152,41,18574.770768
152,42,17976.248388
152,44,17759.415067
152,46,17482.405457
152,49,17337.012152
152,50,17007.305762
152,51,16914.378536
152,54,16792.036254
152,59,16287.042257
152,66,16271.468621
152,67,16050.010125
153,41,18574.770768
153,42,17976.248388
153,44,17759.415067
153,46,17482.405457
153,49,17337.012152
153,50,16940.041807
153,51,16914.378536
153,54,16792.036254
153,59,16287.042257
153,66,16271.468621
153,67,16050.010125
154,41,18574.770768
154,42,17976.248388
154,44,17759.415067
154,46,17482.405457
154,49,17337.012152
154,50,16940.041807
154,51,16914.378536
154,54,16792.036254
154,57,16494.745497
154,59,16287.042257
154,66,16271.468621
154,67,16050.010125
154,68,16028.468033
155,41,18574.770768
155,42,17976.248388
155,44,17759.415067
155,46,17482.405457
155,49,17323.232318
155,50,16938.524581
155,51,16888.209615
155,54,16654.900644
155,57,16487.670994
155,59,16287.042257
155,66,16236.596938
155,67,16040.066922
155,68,16028.468033
156,41,18574.770768
156,42,17976.248388
156,44,17759.415067
156,46,17482.405457
156,49,17323.232318
156,50,16938.524581
156,51,16846.862216
156,52,16814.088243
156,54,16654.900644
156,56,16530.973391
156,57,16487.670994
156,59,16287.042257
156,66,16236.596938
156,67,16040.066922
156,68,16028.468033
157,41,18535.360277
157,42,17976.248388
157,43,17956.738461
157,44,17759.415067
157,46,17482.405457
157,47,17284.508175
157,50,16938.524581
157,51,16846.862216
157,52,16814.088243
157,53,16809.695462
157,54,16654.900644
157,56,16530.973391
157,57,16487.670994
157,59,16287.042257
157,62,16162.960157
157,67,16040.066922
157,68,16028.468033
158,41,18128.876161
158,42,17976.248388
158,43,17956.738461
158,44,17759.415067
158,46,17482.405457
158,47,17284.508175
158,50,16916.988920
158,51,16834.046652
158,52,16767.963368
158,53,16634.607715
158,56,16530.050328
158,57,16484.100063
158,59,16287.042257
158,62,16141.290014
158,67,16028.705822
158,68,16018.590713
159,41,18128.876161
159,42,17976.248388
159,43,17956.738461
159,44,17759.415067
159,46,17482.405457
159,47,17284.508175
159,48,17146.411999
159,50,16916.988920
159,51,16834.046652
159,52,16767.963368
159,53,16634.607715
159,56,16530.050328
159,57,16484.100063
159,59,16287.042257
159,62,16141.290014
159,67,16028.705822
159,68,16018.590713
159,70,15993.202384
160,41,18128.876161
160,42,17976.248388
160,43,17823.167671
160,44,17759.415067
160,45,17740.711267
160,46,17482.405457
160,47,17284.508175
160,48,17146.411999
160,50,16916.988920
160,51,16834.046652
160,52,16767.963368
160,53,16634.607715
160,56,16530.050328
160,57,16484.100063
160,59,16287.042257
160,62,16141.290014
160,67,16028.705822
160,68,16018.590713
160,70,15993.202384
161,41,18128.876161
161,42,17933.909734
161,43,17823.167671
161,44,17749.076739
161,45,17740.711267
161,46,17482.405457
161,47,17284.508175
161,48,17146.411999
161,50,16916.988920
161,51,16662.129402
161,53,16572.807120
161,56,16453.830247
161,59,16275.290181
161,62,16126.709496
161,67,16025.707122
161,68,15953.465147
162,41,18128.876161
162,42,17861.075959
162,43,17823.167671
162,44,17659.836712
162,46,17482.405457
162,47,17284.508175
162,48,17146.411999
162,49,16964.863599
162,50,16786.079415
162,51,16662.129402
162,53,16572.807120
162,56,16453.830247
162,59,16275.290181
162,62,16126.709496
162,67,16025.707122
162,68,15953.465147
163,41,18128.876161
163,42,17861.075959
163,43,17823.167671
163,44,17659.836712
163,46,17482.405457
163,47,17284.508175
163,48,17146.411999
163,49,16964.863599
163,50,16786.079415
163,51,16662.129402
163,53,16572.807120
163,56,16453.830247
163,59,16275.290181
163,62,16126.709496
163,67,16025.707122
163,68,15953.465147
164,41,18128.876161
164,42,17861.075959
164,43,17823.167671
164,44,17659.836712
164,46,17482.405457
164,47,17284.508175
164,48,17133.511096
164,49,16936.879389
164,50,16771.274097
164,51,16599.273672
164,53,16556.203209
164,56,16432.604264
164,59,16275.290181
164,62,16125.786433
164,67,16025.585289
164,68,15941.850618
165,41,18128.876161
165,42,17861.075959
165,43,17823.167671
165,44,17659.836712
165,46,17482.405457
165,47,17284.508175
165,48,17133.511096
165,49,16936.879389
165,50,16771.274097
165,51,16599.273672
165,53,16556.203209
165,56,16432.604264
165,59,16275.290181
165,62,16073.619692
165,67,16025.585289
165,68,15941.850618
166,41,17839.582116
166,43,17822.179004
166,44,17659.836712
166,46,17482.405457
166,47,17284.508175
166,48,17133.511096
166,49,16936.879389
166,50,16771.274097
166,51,16599.273672
166,53,16556.203209
166,56,16432.604264
166,59,16275.290181
166,62,16073.619692
166,67,16025.585289
166,68,15941.850618
167,41,17811.320836
167,43,17748.118723
167,44,17617.143839
167,46,17482.405457
167,47,17284.508175
167,48,17115.166882
167,49,16917.345365
167,50,16751.413946
167,51,16597.304715
167,53,16556.203209
167,56,16432.604264
167,59,16262.954149
167,62,16073.619692
167,67,16025.585289
167,68,15900.777970
168,40,17990.029069
168,41,17811.320836
168,43,17748.118723
168,44,17617.143839
168,46,17482.405457
168,47,17284.508175
168,48,17115.166882
168,49,16917.345365
168,50,16751.413946
168,51,16597.304715
168,53,16556.203209
168,56,16432.604264
168,59,16262.954149
168,62,16073.619692
168,67,16025.585289
168,68,15900.777970
169,40,17982.064103
169,41,17756.875872
169,43,17748.118723
169,44,17617.143839
169,46,17482.405457
169,47,17284.508175
169,48,17115.166882
169,49,16917.345365
169,50,16751.413946
169,51,16597.304715
169,53,16556.203209
169,55,16541.827584
169,56,16432.604264
169,59,16262.954149
169,62,16073.619692
169,67,16025.585289
169,68,15900.777970
170,40,17918.300661
170,41,17756.875872
170,43,17748.118723
170,44,17617.143839
170,46,17482.405457
170,47,17284.508175
170,48,17115.166882
170,49,16917.345365
170,50,16739.991155
170,51,16568.485712
170,53,16538.518302
170,54,16491.117865
170,56,16425.065628
170,59,16255.879646
170,62,16068.452038
170,67,16018.323485
170,68,15889.025894
171,40,17918.300661
171,41,17631.464309
171,44,17617.143839
171,46,17482.405457
171,47,17284.508175
171,48,17115.166882
171,49,16917.345365
171,50,16739.991155
171,51,16568.485712
171,53,16538.518302
171,54,16491.117865
171,56,16425.065628
171,58,16308.515098
171,59,16255.879646
171,62,16068.452038
171,67,16018.323485
171,68,15889.025894
172,40,17918.300661
172,41,17631.464309
172,42,17627.771194
172,44,17543.421943
172,46,17482.405457
172,47,17284.508175
172,48,17115.166882
172,49,16917.345365
172,50,16739.991155
172,51,16568.485712
172,53,16538.518302
172,54,16491.117865
172,55,16413.052019
172,58,16308.515098
172,59,16255.879646
172,62,16068.452038
172,67,16018.323485
172,68,15889.025894
173,40,17918.300661
173,41,17631.464309
173,42,17627.771194
173,43,17545.027179
173,44,17543.421943
173,45,17446.763577
173,47,17284.508175
173,48,17115.166882
173,49,16917.345365
173,50,16739.991155
173,51,16515.922407
173,54,16429.815950
173,55,16384.636268
173,58,16296.977513
173,59,16255.879646
173,61,16222.844861
173,62,16068.452038
173,67,15966.413379
173,68,15889.025894
174,39,18502.100548
174,40,17918.300661
174,41,17631.464309
174,42,17627.771194
174,43,17545.027179
174,44,17543.421943
174,45,17446.763577
174,46,17178.952032
174,48,17115.166882
174,49,16917.345365
174,50,16739.991155
174,51,16515.922407
174,53,16501.345134
174,54,16429.815950
174,55,16384.636268
174,58,16296.977513
174,59,16255.879646
174,61,16222.844861
174,62,16068.452038
174,67,15966.413379
174,68,15889.025894
175,39,18408.125371
175,40,17918.300661
175,41,17631.464309
175,42,17627.771194
175,43,17545.027179
175,44,17543.421943
175,45,17446.763577
175,46,17178.952032
175,47,16901.953797
175,50,16739.991155
175,51,16515.922407
175,52,16334.687626
175,58,16296.977513
175,59,16255.879646
175,61,16222.844861
175,62,16068.452038
175,67,15966.413379
175,68,15889.025894
176,39,18408.125371
176,40,17918.300661
176,41,17631.464309
176,42,17627.771194
176,43,17545.027179
176,44,17543.421943
176,45,17379.551463
176,46,17178.952032
176,47,16901.953797
176,48,16739.718498
176,50,16722.384205
176,51,16515.922407
176,52,16334.687626
176,58,16281.591337
176,59,16235.312631
176,61,16211.801482
176,62,16068.452038
176,67,15893.735951
176,68,15864.457627
177,39,18408.125371
177,40,17918.300661
177,41,17631.464309
177,42,17627.771194
177,43,17545.027179
177,44,17516.206949
177,45,17379.551463
177,46,17178.952032
177,47,16901.953797
177,48,16739.718498
177,50,16710.466498
177,51,16515.922407
177,52,16334.687626
177,58,16281.591337
177,59,16235.312631
177,61,16211.801482
177,62,16068.452038
177,67,15893.735951
177,68,15864.457627
178,39,18408.125371
178,40,17918.300661
178,41,17631.464309
178,42,17627.771194
178,43,17545.027179
178,44,17516.206949
178,45,17379.551463
178,46,17178.952032
178,47,16901.953797
178,48,16739.718498
178,50,16710.466498
178,51,16515.922407
178,52,16334.687626
178,58,16281.591337
178,59,16235.312631
178,61,16211.801482
178,62,16068.452038
178,67,15893.735951
178,68,15864.457627
179,39,18408.125371
179,40,17918.300661
179,41,17631.464309
179,42,17627.771194
179,43,17545.027179
179,44,17516.206949
179,45,17379.551463
179,46,17178.952032
179,47,16901.953797
179,48,16739.718498
179,50,16710.466498
179,51,16503.998234
179,52,16320.452896
179,58,16199.857826
179,60,16199.350269
179,62,16068.452038
179,67,15882.854673
179,68,15833.558758
180,39,18408.125371
180,40,17918.300661
180,41,17631.464309
180,42,17627.771194
180,43,17545.027179
180,44,17516.206949
180,45,17379.551463
180,46,17178.952032
180,47,16844.567849
180,48,16739.718498
180,50,16710.466498
180,51,16365.717283
180,52,16320.452896
180,58,16199.857826
180,60,16199.350269
180,62,16068.452038
180,63,15941.269502
180,67,15882.854673
180,68,15833.558758
181,39,18408.125371
181,40,17879.944760
181,41,17631.464309
181,42,17627.771194
181,43,17545.027179
181,44,17450.043083
181,45,17379.551463
181,46,17178.952032
181,47,16844.567849
181,48,16739.718498
181,50,16710.466498
181,51,16365.717283
181,52,16276.445057
181,54,16262.107026
181,58,16199.857826
181,60,16199.350269
181,62,16068.452038
181,63,15941.269502
181,67,15882.854673
181,68,15833.558758
182,39,18408.125371
182,40,17879.944760
182,41,17631.464309
182,42,17627.771194
182,43,17545.027179
182,44,17450.043083
182,45,17379.551463
182,46,17013.693637
182,47,16844.567849
182,48,16739.718498
182,50,16710.466498
182,51,16282.129019
182,52,16275.264852
182,53,16236.952557
182,58,16198.450616
182,60,16121.836339
182,62,16048.653111
182,63,15941.269502
182,65,15858.791375
182,66,15785.143389
183,39,18408.125371
183,40,17879.944760
183,41,17631.464309
183,42,17627.771194
183,43,17545.027179
183,44,17450.043083
183,45,17379.551463
183,46,17013.693637
183,47,16844.567849
183,48,16739.718498
183,50,16710.466498
183,51,16282.129019
183,52,16275.264852
183,53,16236.952557
183,58,16198.450616
183,60,16121.836339
183,62,16048.653111
183,63,15941.269502
183,65,15858.791375
183,66,15785.143389
184,39,18408.125371
184,40,17879.944760
184,41,17631.464309
184,42,17627.771194
184,43,17534.744102
184,44,17450.043083
184,45,17379.551463
184,46,17013.693637
184,47,16844.567849
184,48,16739.718498
184,50,16710.466498
184,51,16282.129019
184,52,16275.264852
184,53,16236.952557
184,58,16198.450616
184,60,16121.836339
184,62,16048.653111
184,63,15941.269502
184,65,15858.791375
184,66,15785.143389
185,39,18077.820156
185,40,17772.444126
185,41,17590.442494
185,43,17534.744102
185,44,17450.043083
185,45,17379.551463
185,46,17013.693637
185,47,16844.567849
185,48,16739.718498
185,49,16590.677970
185,51,16282.129019
185,52,16275.264852
185,53,16168.592807
185,60,16118.479328
185,62,16040.696424
185,63,15941.269502
185,65,15858.791375
185,66,15785.143389
186,39,18077.820156
186,40,17772.444126
186,41,17590.442494
186,43,17490.864387
186,44,17450.043083
186,45,17339.245957
186,46,16995.887195
186,47,16844.567849
186,48,16739.718498
186,49,16590.677970
186,51,16282.129019
186,52,16275.264852
186,53,16168.592807
186,60,16118.479328
186,62,16040.696424
186,63,15941.269502
186,65,15858.791375
186,66,15785.143389
187,38,19057.045572
187,39,18077.820156
187,40,17772.444126
187,41,17590.442494
187,43,17490.864387
187,44,17450.043083
187,45,17339.245957
187,46,16957.875251
187,47,16844.567849
187,48,16739.718498
187,49,16590.677970
187,51,16282.129019
187,52,16275.264852
187,53,16168.592807
187,60,16118.479328
187,62,16040.696424
187,63,15941.269502
187,65,15858.791375
187,66,15785.143389
188,38,19057.045572
188,39,18077.820156
188,40,17772.444126
188,41,17556.256740
188,43,17490.864387
188,44,17450.043083
188,45,17339.245957
188,46,16900.489303
188,47,16844.567849
188,48,16739.718498
188,49,16560.913745
188,51,16280.156426
188,52,16210.919359
188,53,16168.592807
188,60,16118.479328
188,62,15935.660520
188,64,15807.673546
188,66,15779.926382
189,38,19057.045572
189,39,18077.820156
189,40,17772.444126
189,41,17556.256740
189,43,17490.864387
189,44,17450.043083
189,45,17339.245957
189,46,16900.489303
189,47,16844.567849
189,48,16739.718498
189,49,16560.913745
189,51,16280.156426
189,52,16210.919359
189,53,16168.592807
189,60,16118.479328
189,62,15935.660520
189,64,15807.673546
189,66,15779.926382
190,38,18464.032706
190,39,17943.373284
190,40,17751.321606
190,41,17556.256740
190,43,17490.864387
190,44,17413.061669
190,45,17339.245957
190,46,16900.489303
190,47,16769.772636
190,48,16739.718498
190,49,16560.913745
190,51,16280.156426
190,52,16210.919359
190,53,16168.592807
190,60,16118.479328
190,62,15935.660520
190,64,15807.673546
190,66,15779.926382
191,38,18464.032706
191,39,17943.373284
191,40,17691.623333
191,41,17556.256740
191,43,17490.864387
191,44,17413.061669
191,45,17327.626646
191,46,16900.489303
191,47,16769.772636
191,48,16737.070096
191,49,16560.913745
191,50,16261.370130
191,52,16210.174087
191,53,16164.773285
191,55,16085.650398
191,62,15934.523400
191,64,15806.484740
191,66,15779.926382
192,38,18464.032706
192,39,17943.373284
192,40,17691.623333
192,41,17556.256740
192,43,17490.864387
192,44,17401.442358
192,45,17327.626646
192,46,16900.489303
192,47,16769.772636
192,48,16737.070096
192,49,16560.913745
192,50,16261.370130
192,52,16210.174087
192,53,16164.773285
192,55,16085.650398
192,62,15934.523400
192,64,15806.484740
192,66,15779.926382
193,38,18464.032706
193,39,17943.373284
193,40,17691.623333
193,41,17556.256740
193,42,17531.734610
193,43,17490.864387
193,44,17401.442358
193,45,17327.626646
193,46,16864.099965
193,47,16769.772636
193,48,16737.070096
193,49,16560.913745
193,50,16261.370130
193,52,16210.174087
193,53,16164.773285
193,55,16085.650398
193,62,15934.523400
193,64,15806.484740
193,66,15779.926382
194,38,18133.648897
194,39,17943.373284
194,40,17691.623333
194,41,17556.256740
194,42,17531.734610
194,43,17490.864387
194,44,17401.442358
194,45,17327.626646
194,46,16864.099965
194,47,16742.004219
194,48,16730.741071
194,49,16476.652313
194,50,16261.370130
194,52,16210.174087
194,53,16164.773285
194,55,16075.805744
194,62,15908.612656
194,64,15806.484740
194,66,15775.303601
195,38,18133.648897
195,39,17943.373284
195,40,17691.623333
195,41,17556.256740
195,42,17531.734610
195,43,17355.554483
195,45,17327.626646
195,46,16864.099965
195,47,16742.004219
195,48,16611.292395
195,49,16476.652313
195,50,16261.370130
195,51,16158.790427
195,55,16075.805744
195,62,15908.612656
195,64,15806.484740
195,66,15775.303601
196,38,18133.648897
196,39,17943.373284
196,40,17691.623333
196,41,17556.256740
196,42,17531.734610
196,43,17355.554483
196,45,17327.626646
196,46,16864.099965
196,47,16742.004219
196,48,16611.292395
196,49,16476.652313
196,50,16261.370130
196,51,16158.790427
196,55,16075.805744
196,62,15908.612656
196,64,15806.484740
196,66,15775.303601
197,38,18133.648897
197,39,17943.373284
197,40,17691.623333
197,41,17556.256740
197,42,17531.734610
197,43,17278.832534
197,46,16864.099965
197,47,16704.915023
197,48,16611.292395
197,49,16462.846349
197,50,16261.370130
197,51,16158.790427
197,55,16015.123230
197,61,15901.143078
197,64,15758.532245
198,38,18133.648897
198,39,17943.373284
198,40,17691.623333
198,41,17556.256740
198,42,17499.546227
198,43,17278.832534
198,46,16864.099965
198,47,16704.915023
198,48,16611.292395
198,49,16462.846349
198,50,16261.370130
198,51,16158.790427
198,55,16015.123230
198,61,15901.143078
198,64,15758.532245
199,38,18120.569228
199,39,17943.373284
199,40,17649.701442
199,41,17556.256740
199,42,17499.546227
199,43,17278.832534
199,46,16864.099965
199,47,16704.915023
199,48,16611.292395
199,49,16462.846349
199,50,16261.370130
199,51,16158.790427
199,55,16015.123230
199,61,15901.143078
199,64,15758.532245
200,38,18120.569228
200,39,17943.373284
200,40,17649.701442
200,41,17556.256740
200,42,17499.546227
200,43,17278.832534
200,46,16853.904452
200,47,16704.915023
200,48,16530.940335
200,49,16462.846349
200,50,16248.684759
200,51,16156.780138
200,55,15999.888260
200,61,15868.605550
200,64,15744.367540
201,38,18120.569228
201,39,17943.373284
201,40,17649.701442
201,41,17556.256740
201,42,17499.546227
201,43,17125.737698
201,46,16853.904452
201,47,16704.915023
201,48,16530.940335
201,49,16462.846349
201,50,16248.684759
201,51,16156.780138
201,55,15999.888260
201,61,15798.398452
201,64,15744.367540
202,38,18120.569228
202,39,17943.373284
202,40,17649.701442
202,41,17556.256740
202,42,17499.546227
202,43,17125.737698
202,46,16853.904452
202,47,16704.915023
202,48,16530.940335
202,49,16462.846349
202,50,16248.684759
202,51,16156.780138
202,55,15999.888260
202,61,15798.398452
202,64,15744.367540
203,38,18120.569228
203,39,17943.373284
203,40,17649.701442
203,41,17556.256740
203,42,17499.546227
203,43,17105.489038
203,46,16844.091485
203,47,16664.692165
203,48,16442.929652
203,50,16180.823618
203,51,16132.187501
203,55,15999.888260
203,61,15798.398452
203,64,15744.367540
204,38,18074.912191
204,39,17943.373284
204,40,17577.478214
204,41,17484.483118
204,42,17334.423747
204,43,17105.489038
204,46,16844.091485
204,47,16664.692165
204,48,16442.929652
204,50,16180.823618
204,51,16132.187501
204,55,15999.888260
204,61,15798.398452
204,64,15744.367540
205,38,18074.912191
205,39,17715.051225
205,40,17560.147744
205,41,17484.483118
205,42,17334.423747
205,43,17105.489038
205,46,16764.085638
205,47,16664.692165
205,48,16442.929652
205,49,16425.653463
205,50,16180.823618
205,51,16132.187501
205,55,15999.888260
205,61,15798.398452
205,64,15744.367540
206,38,18073.508564
206,39,17715.051225
206,40,17560.147744
206,41,17453.111720
206,42,17334.423747
206,43,17056.194979
206,46,16711.929364
206,47,16664.692165
206,48,16437.094998
206,49,16417.459256
206,50,16166.548462
206,51,16113.243243
206,55,15982.691982
206,61,15792.386710
206,64,15743.676994
207,38,18073.508564
207,39,17463.354469
207,41,17453.111720
207,42,17334.423747
207,43,17056.194979
207,46,16711.929364
207,47,16664.692165
207,48,16437.094998
207,49,16417.459256
207,50,16166.548462
207,51,16113.243243
207,54,16083.486419
207,55,15982.691982
207,56,15978.922651
207,61,15792.386710
207,64,15743.676994
208,38,18073.508564
208,39,17463.354469
208,40,17427.629865
208,42,17188.788066
208,43,17056.194979
208,46,16711.929364
208,47,16664.692165
208,48,16437.094998
208,49,16417.459256
208,50,16166.548462
208,51,16113.243243
208,54,16083.486419
208,55,15982.691982
208,56,15978.922651
208,61,15792.386710
208,64,15743.676994
209,38,18073.508564
209,39,17463.354469
209,40,17427.629865
209,42,17188.788066
209,43,17056.194979
209,44,17051.921986
209,46,16711.929364
209,47,16427.048951
209,49,16297.630457
209,50,16166.548462
209,51,16111.959213
209,54,16077.581131
209,55,15982.691982
209,56,15974.634878
209,61,15784.821977
209,64,15723.860662
210,38,18073.508564
210,39,17463.354469
210,40,17427.629865
210,42,17188.788066
210,43,17056.194979
210,44,17051.921986
210,46,16711.929364
210,47,16427.048951
210,49,16297.630457
210,50,16166.548462
210,51,16111.959213
210,53,16091.560170
210,54,16077.581131
210,55,15982.691982
210,56,15974.634878
210,61,15784.821977
210,64,15723.860662
211,38,18066.190232
211,39,17463.354469
211,40,17427.629865
211,42,17188.788066
211,43,17056.194979
211,44,16730.908855
211,46,16711.929364
211,47,16427.048951
211,49,16297.630457
211,50,16166.548462
211,51,16111.959213
211,53,15965.871611
211,61,15784.821977
211,64,15723.860662
212,38,18066.190232
212,39,17463.354469
212,40,17427.629865
212,42,17188.788066
212,43,17056.194979
212,44,16717.277635
212,46,16636.069932
212,47,16422.830760
212,49,16297.630457
212,50,16166.548462
212,51,16111.959213
212,53,15957.773199
212,61,15783.494813
212,64,15719.860915
213,38,18066.190232
213,39,17463.354469
213,40,17427.629865
213,42,17188.788066
213,43,17056.194979
213,44,16717.277635
213,46,16636.069932
213,47,16242.067542
213,50,16166.548462
213,51,16111.959213
213,52,16064.739664
213,53,15957.773199
213,56,15911.913816
213,59,15865.731504
213,61,15783.494813
213,64,15719.860915
214,38,18066.190232
214,39,17463.354469
214,40,17427.629865
214,41,17368.935734
214,42,17188.788066
214,43,17056.194979
214,44,16717.277635
214,46,16636.069932
214,47,16242.067542
214,50,16166.548462
214,51,16111.959213
214,52,16064.739664
214,53,15957.773199
214,56,15911.913816
214,59,15865.731504
214,61,15783.494813
214,64,15719.860915
215,37,18234.142822
215,38,18066.190232
215,39,17463.354469
215,40,17422.856419
215,41,17368.935734
215,42,17188.788066
215,43,17056.194979
215,44,16717.277635
215,46,16636.069932
215,47,16242.067542
215,50,16157.372543
215,51,16111.959213
215,52,16060.451892
215,53,15957.773199
215,56,15875.165817
215,59,15857.762242
215,61,15753.327980
215,64,15714.534333
216,37,18234.142822
216,38,18066.190232
216,39,17463.354469
216,40,17422.856419
216,41,17368.935734
216,42,17188.788066
216,43,17056.194979
216,44,16717.277635
216,46,16636.069932
216,47,16242.067542
216,50,16157.372543
216,51,16111.959213
216,52,16060.451892
216,53,15957.773199
216,56,15875.165817
216,59,15857.762242
216,61,15753.327980
216,64,15714.534333
217,37,18234.142822
217,38,18066.190232
217,39,17463.354469
217,40,17422.856419
217,41,17368.935734
217,42,17125.242902
217,43,17056.194979
217,44,16717.277635
217,46,16636.069932
217,47,16242.067542
217,50,16157.372543
217,51,16111.959213
217,52,16060.451892
217,53,15957.773199
217,56,15875.165817
217,59,15857.762242
217,61,15753.327980
217,64,15714.534333
218,37,18234.142822
218,38,18066.190232
218,39,17463.354469
218,40,17422.856419
218,41,17368.935734
218,42,17125.242902
218,43,17056.194979
218,44,16717.277635
218,46,16636.069932
218,47,16242.067542
218,48,16187.610812
218,50,16145.037448
218,51,16063.476023
218,52,16042.622991
218,53,15951.867102
218,56,15868.921362
218,59,15838.600141
218,61,15752.991094
218,64,15704.731727
219,37,18234.142822
219,38,18066.190232
219,39,17463.354469
219,40,17382.182999
219,41,17368.935734
219,42,17125.242902
219,43,17056.194979
219,44,16717.277635
219,46,16636.069932
219,47,16242.067542
219,48,16187.610812
219,50,16145.037448
219,51,16063.476023
219,52,16042.622991
219,53,15951.867102
219,56,15868.921362
219,58,15846.808343
219,59,15838.600141
219,61,15752.991094
219,64,15704.731727
220,37,18234.142822
220,38,18046.839530
220,39,17463.354469
220,40,17363.276293
220,42,17125.242902
220,43,17056.194979
220,44,16717.277635
220,46,16618.207991
220,47,16242.067542
220,48,16187.610812
220,50,16145.037448
220,51,16063.476023
220,52,16042.622991
220,53,15951.867102
220,56,15868.921362
220,58,15846.808343
220,59,15838.600141
220,61,15752.991094
220,64,15704.731727
221,37,18234.142822
221,38,18046.839530
221,39,17463.354469
221,40,17356.497289
221,42,17125.242902
221,43,17056.194979
221,44,16717.277635
221,46,16618.207991
221,47,16242.067542
221,48,16187.610812
221,50,16142.809721
221,51,16060.433581
221,52,16028.018617
221,53,15951.867102
221,56,15868.921362
221,57,15834.318509
221,59,15832.050011
221,61,15732.482449
221,64,15704.731727
222,37,18234.142822
222,38,18014.918211
222,39,17463.354469
222,40,17356.497289
222,42,17125.242902
222,43,17056.194979
222,44,16717.277635
222,46,16618.207991
222,47,16242.067542
222,48,16187.610812
222,50,16142.809721
222,51,16060.433581
222,52,16028.018617
222,53,15951.867102
222,56,15868.921362
222,57,15834.318509
222,59,15832.050011
222,61,15732.482449
222,64,15704.731727
223,37,18234.142822
223,38,18014.918211
223,39,17463.354469
223,40,17337.026538
223,42,17125.242902
223,43,17056.194979
223,44,16717.277635
223,46,16614.559662
223,47,16242.067542
223,48,16187.610812
223,50,16140.085313
223,51,16060.433581
223,52,16028.018617
223,53,15951.867102
223,56,15868.921362
223,57,15834.318509
223,59,15832.050011
223,61,15732.482449
223,64,15704.731727
224,37,18234.142822
224,38,17806.753619
224,39,17463.354469
224,40,17337.026538
224,42,17125.242902
224,43,17056.194979
224,44,16717.277635
224,46,16614.559662
224,47,16242.067542
224,48,16179.740917
224,50,16140.085313
224,51,16006.665261
224,52,16002.919652
224,53,15951.867102
224,56,15737.463238
224,58,15711.164187
224,64,15693.301109
225,37,18234.142822
225,38,17806.753619
225,39,17463.354469
225,40,17337.026538
225,41,17296.543661
225,42,17095.724579
225,43,17056.194979
225,44,16717.277635
225,46,16614.559662
225,47,16242.067542
225,48,16179.740917
225,50,16140.085313
225,51,16006.665261
225,52,16002.919652
225,53,15951.867102
225,56,15737.463238
225,58,15711.164187
225,64,15693.301109
226,37,18234.142822
226,38,17806.753619
226,39,17463.354469
226,40,17337.026538
226,41,17296.543661
226,42,17095.724579
226,43,17056.194979
226,44,16717.277635
226,46,16561.066943
226,47,16242.067542
226,48,16179.740917
226,50,16140.085313
226,51,16006.665261
226,52,16002.919652
226,53,15951.867102
226,56,15737.463238
226,58,15711.164187
226,64,15693.301109
227,37,18234.142822
227,38,17806.753619
227,39,17463.354469
227,40,17324.111020
227,41,17296.543661
227,42,17037.356573
227,44,16717.277635
227,46,16543.546668
227,47,16242.067542
227,48,16160.676191
227,50,16122.256412
227,51,16006.665261
227,52,16002.919652
227,53,15951.867102
227,56,15732.882891
227,58,15711.164187
227,63,15692.325258
228,37,18234.142822
228,38,17806.753619
228,39,17463.354469
228,40,17300.130812
228,41,17296.543661
228,42,17037.356573
228,44,16717.277635
228,46,16543.546668
228,47,16242.067542
228,48,16160.676191
228,49,16151.798483
228,50,16122.256412
228,51,16006.665261
228,52,16002.919652
228,53,15951.867102
228,56,15732.882891
228,58,15711.164187
228,63,15692.325258
229,37,18234.142822
229,38,17806.753619
229,39,17463.354469
229,40,17300.130812
229,41,17296.543661
229,42,17037.356573
229,44,16717.277635
229,45,16531.622328
229,47,16242.067542
229,48,16160.676191
229,49,16151.798483
229,50,16122.256412
229,51,16006.665261
229,52,16002.919652
229,53,15951.867102
229,56,15732.882891
229,58,15711.164187
229,63,15692.325258
230,37,18234.142822
230,38,17806.753619
230,39,17463.354469
230,40,17300.130812
230,41,17296.543661
230,42,17037.356573
230,44,16717.277635
230,45,16531.622328
230,46,16514.992016
230,47,16225.529562
230,48,16160.676191
230,49,16147.910477
230,50,16122.256412
230,51,16006.665261
230,52,15991.655118
230,53,15949.675494
230,56,15732.439310
230,58,15687.694825
231,37,18234.142822
231,38,17703.720444
231,39,17463.354469
231,40,17300.130812
231,41,17296.543661
231,42,17023.601129
231,44,16717.277635
231,45,16531.622328
231,46,16514.992016
231,47,16225.529562
231,48,16160.676191
231,49,16147.910477
231,50,16122.256412
231,51,16006.665261
231,52,15991.655118
231,53,15949.675494
231,56,15732.439310
231,58,15687.694825
232,37,18234.142822
232,38,17703.720444
232,39,17463.354469
232,40,17300.130812
232,41,17296.543661
232,42,17023.601129
232,43,17022.902426
232,44,16717.277635
232,45,16531.622328
232,46,16514.992016
232,47,16225.529562
232,48,16160.676191
232,49,16147.910477
232,50,16122.256412
232,51,16006.665261
232,52,15991.655118
232,53,15949.675494
232,56,15732.439310
232,58,15687.694825
233,37,18234.142822
233,38,17703.720444
233,39,17463.354469
233,40,17300.130812
233,41,17296.543661
233,42,17023.601129
233,43,17022.902426
233,44,16717.277635
233,45,16531.622328
233,46,16497.878256
233,47,16207.472195
233,48,16133.252429
233,49,16126.783913
233,50,16122.256412
233,51,15992.211307
233,52,15991.655118
233,53,15949.675494
233,56,15732.439310
233,57,15681.923653
234,37,18234.142822
234,38,17661.039787
234,39,17463.354469
234,40,17300.130812
234,41,17296.543661
234,42,16964.141705
234,44,16717.277635
234,45,16531.622328
234,46,16497.878256
234,47,16207.472195
234,48,16133.252429
234,49,16126.783913
234,50,16122.256412
234,51,15992.211307
234,52,15991.655118
234,53,15949.675494
234,56,15732.439310
234,57,15681.923653
235,37,18234.142822
235,38,17661.039787
235,39,17440.634227
235,40,17300.130812
235,41,17296.543661
235,42,16964.141705
235,44,16717.277635
235,45,16531.622328
235,46,16497.878256
235,47,16207.472195
235,48,16133.252429
235,49,16126.783913
235,50,16122.256412
235,51,15992.211307
235,52,15991.655118
235,53,15949.675494
235,56,15732.439310
235,57,15681.923653
236,37,18234.142822
236,38,17661.039787
236,39,17440.634227
236,40,17300.130812
236,41,17120.012214
236,42,16964.141705
236,44,16717.277635
236,45,16531.622328
236,46,16497.878256
236,47,16189.946520
236,48,16133.252429
236,49,16126.304622
236,50,16122.256412
236,51,15940.739584
236,53,15930.783364
236,55,15728.005255
236,57,15681.923653
237,37,18234.142822
237,38,17525.875883
237,39,17440.634227
237,40,17239.385579
237,41,17120.012214
237,42,16964.141705
237,44,16717.277635
237,45,16531.622328
237,46,16497.878256
237,47,16189.946520
237,48,16133.252429
237,49,16126.304622
237,50,16122.256412
237,51,15940.739584
237,53,15930.783364
237,55,15728.005255
237,57,15681.923653
238,37,18234.142822
238,38,17525.875883
238,39,17245.481852
238,40,17239.385579
238,41,17120.012214
238,42,16964.141705
238,44,16717.277635
238,45,16531.622328
238,46,16497.878256
238,47,16189.946520
238,48,16133.252429
238,49,16126.304622
238,50,16122.256412
238,51,15940.739584
238,53,15930.783364
238,55,15728.005255
238,57,15681.923653
238,65,15668.655284
239,37,18148.613480
239,38,17525.875883
239,39,17245.481852
239,40,17239.385579
239,41,17120.012214
239,42,16964.141705
239,43,16939.876584
239,44,16717.277635
239,45,16531.622328
239,46,16483.840724
239,47,16189.946520
239,48,16132.284335
239,49,16094.974898
239,51,15940.739584
239,53,15916.928454
239,55,15700.468981
239,57,15681.923653
239,65,15668.655284
240,37,18148.613480
240,38,17525.875883
240,39,17222.906326
240,41,17120.012214
240,42,16964.141705
240,43,16939.876584
240,44,16717.277635
240,45,16531.622328
240,46,16483.840724
240,47,16189.946520
240,48,16132.284335
240,49,16094.974898
240,51,15940.739584
240,53,15916.928454
240,55,15700.468981
240,57,15681.923653
240,65,15668.655284
241,37,18148.613480
241,38,17525.875883
241,39,17099.012450
241,42,16964.141705
241,43,16939.876584
241,44,16717.277635
241,45,16531.622328
241,46,16483.840724
241,47,16189.946520
241,48,16132.284335
241,49,16094.974898
241,50,16087.359502
241,51,15940.739584
241,53,15916.928454
241,55,15700.468981
241,57,15681.923653
241,65,15668.655284
242,37,17941.145810
242,38,17525.875883
242,39,17099.012450
242,42,16925.929965
242,44,16717.277635
242,45,16531.622328
242,46,16476.159346
242,47,16189.946520
242,48,16063.935388
242,51,15932.477092
242,53,15775.615232
242,55,15700.468981
242,57,15672.215485
242,65,15657.687177
243,37,17941.145810
243,38,17271.662442
243,39,17099.012450
243,42,16925.929965
243,44,16717.277635
243,45,16531.622328
243,46,16458.228275
243,47,16189.946520
243,48,16063.935388
243,51,15932.477092
243,53,15775.615232
243,55,15700.468981
243,57,15672.215485
243,65,15657.687177
244,37,17688.750987
244,38,17084.474137
244,40,16936.575722
244,42,16925.929965
244,44,16717.277635
244,45,16531.622328
244,46,16458.228275
244,47,16189.946520
244,48,16063.935388
244,51,15932.477092
244,53,15775.615232
244,55,15700.468981
244,57,15672.215485
244,65,15657.687177
245,37,17688.750987
245,38,17084.474137
245,40,16936.575722
245,42,16902.391741
245,44,16671.023403
245,45,16531.622328
245,46,16435.259337
245,47,16178.165081
245,48,16063.935388
245,51,15922.325209
245,53,15775.615232
245,55,15700.468981
245,56,15640.720048
245,65,15628.082892
246,37,17555.056133
246,38,17084.474137
246,40,16936.575722
246,42,16880.070758
246,43,16846.326308
246,44,16671.023403
246,45,16531.622328
246,46,16212.765658
246,47,16178.165081
246,48,16063.935388
246,51,15922.325209
246,53,15775.615232
246,55,15700.468981
246,56,15640.720048
246,65,15624.414066
247,37,17555.056133
247,38,17084.474137
247,39,16998.464451
247,40,16936.575722
247,42,16880.070758
247,43,16690.961741
247,44,16671.023403
247,45,16531.622328
247,46,16212.765658
247,47,16178.165081
247,48,16063.935388
247,51,15922.325209
247,53,15775.615232
247,55,15700.468981
247,56,15640.720048
247,65,15624.414066
248,37,17555.056133
248,38,17084.474137
248,39,16998.464451
248,40,16936.575722
248,42,16880.070758
248,43,16690.961741
248,44,16671.023403
248,45,16531.622328
248,46,16211.481628
248,47,16178.165081
248,48,16025.881085
248,51,15893.878708
248,53,15775.615232
248,55,15674.235561
248,56,15640.720048
248,65,15624.263829
249,37,17493.345950
249,38,17084.474137
249,39,16998.464451
249,40,16907.976365
249,42,16880.070758
249,43,16690.961741
249,44,16671.023403
249,45,16531.622328
249,46,16211.481628
249,47,16178.165081
249,48,16025.881085
249,51,15893.878708
249,53,15775.615232
249,55,15674.235561
249,56,15640.720048
249,65,15624.263829
250,37,17493.345950
250,38,17084.474137
250,39,16998.464451
250,40,16907.976365
250,42,16841.882115
250,43,16690.961741
250,44,16671.023403
250,45,16531.622328
250,46,16211.481628
250,47,16178.165081
250,48,16025.881085
250,51,15893.878708
250,53,15775.615232
250,55,15674.235561
250,56,15640.720048
250,65,15624.263829
251,37,17493.345950
251,38,17084.474137
251,39,16998.464451
251,40,16907.976365
251,42,16841.882115
251,43,16690.961741
251,44,16671.023403
251,45,16531.622328
251,46,16211.481628
251,47,16174.392665
251,48,16002.913187
251,51,15893.878708
251,53,15775.615232
251,55,15674.235561
251,56,15631.574015
251,65,15617.700179
252,36,17607.223733
252,37,17493.345950
252,38,17084.474137
252,39,16998.464451
252,40,16907.976365
252,42,16841.882115
252,43,16690.961741
252,44,16671.023403
252,45,16531.622328
252,46,16211.481628
252,47,16174.392665
252,48,16002.913187
252,51,15893.878708
252,53,15775.615232
252,55,15674.235561
252,56,15631.574015
252,63,15618.022465
252,65,15617.700179
253,36,17607.223733
253,37,17412.834821
253,38,17084.474137
253,39,16998.464451
253,40,16907.976365
253,42,16818.627468
253,43,16690.961741
253,44,16671.023403
253,45,16531.622328
253,46,16211.481628
253,47,16174.392665
253,48,16002.913187
253,51,15893.878708
253,53,15775.615232
253,55,15674.235561
253,56,15602.059405
254,36,17607.223733
254,37,17412.834821
254,38,17084.474137
254,39,16998.464451
254,40,16907.976365
254,42,16818.627468
254,43,16690.961741
254,44,16645.732944
254,45,16524.054848
254,46,16211.481628
254,47,16174.392665
254,48,15986.977932
254,51,15893.878708
254,53,15765.835072
254,54,15706.762782
254,55,15636.635621
254,56,15597.488589
255,36,17607.223733
255,37,17412.834821
255,38,17084.474137
255,39,16998.464451
255,40,16907.976365
255,41,16880.516197
255,42,16818.627468
255,43,16690.961741
255,44,16645.732944
255,45,16524.054848
255,46,16211.481628
255,47,16174.392665
255,48,15986.977932
255,51,15893.878708
255,53,15765.835072
255,54,15706.762782
255,55,15636.635621
255,56,15597.488589
255,63,15541.631683
256,36,17607.223733
256,37,17412.834821
256,38,17084.474137
256,39,16998.464451
256,40,16907.976365
256,41,16861.833901
256,42,16818.627468
256,43,16690.961741
256,44,16645.732944
256,45,16524.054848
256,46,16211.481628
256,47,16174.392665
256,48,15986.977932
256,50,15956.688044
256,51,15893.878708
256,53,15765.835072
256,54,15706.762782
256,55,15636.635621
256,56,15597.488589
256,63,15541.631683
257,36,17607.223733
257,37,17412.834821
257,38,17084.474137
257,39,16998.464451
257,40,16792.628082
257,43,16690.961741
257,44,16645.732944
257,45,16524.054848
257,46,16211.481628
257,47,16174.392665
257,48,15927.631015
257,51,15884.021736
257,53,15765.835072
257,54,15706.762782
257,55,15610.867207
257,56,15563.024296
257,62,15551.358747
257,63,15533.102618
258,36,17607.223733
258,37,17412.834821
258,38,17084.474137
258,39,16998.464451
258,40,16749.585496
258,43,16690.961741
258,44,16645.732944
258,45,16524.054848
258,46,16211.481628
258,47,16174.392665
258,48,15927.631015
258,51,15884.021736
258,52,15882.634587
258,53,15765.835072
258,54,15706.762782
258,55,15610.867207
258,56,15563.024296
258,62,15551.358747
258,63,15533.102618
259,36,17577.901308
259,37,17412.834821
259,38,17084.474137
259,39,16998.464451
259,40,16749.585496
259,43,16690.961741
259,44,16639.500788
259,45,16524.054848
259,46,16211.481628
259,47,16174.392665
259,48,15927.631015
259,51,15866.223449
259,53,15765.835072
259,54,15706.762782
259,55,15610.867207
259,56,15563.024296
259,62,15551.358747
259,63,15533.102618
260,36,17577.901308
260,37,17412.834821
260,38,17084.474137
260,39,16998.464451
260,40,16749.585496
260,43,16690.961741
260,44,16639.500788
260,45,16524.054848
260,46,16211.481628
260,47,16149.200264
260,48,15916.447429
260,51,15846.035403
260,52,15810.693807
260,53,15761.488133
260,54,15675.052916
260,55,15604.958221
260,56,15541.984713
260,62,15540.649513
260,63,15519.480081
261,36,17577.901308
261,37,17412.834821
261,38,17084.474137
261,39,16858.543450
261,40,16749.585496
261,43,16690.961741
261,44,16560.626812
261,45,16524.054848
261,46,16211.481628
261,47,16149.200264
261,48,15916.447429
261,51,15846.035403
261,52,15810.693807
261,53,15761.488133
261,54,15614.949570
261,55,15604.958221
261,56,15541.984713
261,62,15540.649513
261,63,15519.480081
262,36,17577.901308
262,37,17412.834821
262,38,17084.474137
262,39,16858.543450
262,40,16749.585496
262,42,16714.941051
262,43,16690.961741
262,44,16560.626812
262,45,16524.054848
262,46,16211.481628
262,47,16149.200264
262,48,15916.447429
262,51,15846.035403
262,52,15810.693807
262,53,15761.488133
262,54,15614.949570
262,55,15578.569145
262,56,15541.984713
262,62,15540.649513
262,63,15519.480081
263,36,17577.901308
263,37,17384.592819
263,38,17084.474137
263,39,16759.797090
263,40,16714.743435
263,43,16690.961741
263,44,16560.626812
263,45,16524.054848
263,46,16211.481628
263,47,16113.799842
263,48,15906.733900
263,51,15834.910229
263,52,15758.282437
263,54,15602.394031
263,55,15557.137471
263,56,15540.692972
263,62,15540.649513
263,63,15477.862403
264,36,17577.901308
264,37,17384.592819
264,38,17084.474137
264,39,16759.797090
264,40,16714.743435
264,41,16691.983025
264,43,16690.961741
264,44,16560.626812
264,45,16524.054848
264,46,16211.481628
264,47,16113.799842
264,48,15906.733900
264,51,15834.910229
264,52,15758.282437
264,53,15591.148585
264,55,15557.137471
264,56,15540.692972
264,62,15540.649513
264,63,15477.862403
265,35,17767.507735
265,36,17577.901308
265,37,17384.592819
265,38,17084.474137
265,39,16759.797090
265,40,16687.943544
265,41,16557.958659
265,45,16524.054848
265,46,16211.481628
265,47,16113.799842
265,48,15906.733900
265,51,15834.910229
265,52,15758.282437
265,53,15591.148585
265,54,15574.415575
265,55,15557.137471
265,56,15540.692972
265,62,15540.649513
265,63,15477.862403
266,35,17767.507735
266,36,17577.901308
266,37,17384.592819
266,38,17084.474137
266,39,16759.797090
266,40,16687.943544
266,41,16557.958659
266,44,16548.794910
266,45,16510.737678
266,46,16202.721174
266,47,16091.319985
266,48,15893.089544
266,51,15834.910229
266,52,15727.792474
266,53,15590.601981
266,54,15574.415575
266,55,15527.404034
266,63,15462.443620
267,35,17767.507735
267,36,17577.901308
267,37,17046.117080
267,39,16759.797090
267,40,16687.943544
267,41,16557.958659
267,44,16548.794910
267,45,16510.737678
267,46,16202.721174
267,47,16091.319985
267,48,15893.089544
267,51,15834.910229
267,52,15727.792474
267,53,15590.601981
267,54,15574.415575
267,55,15527.404034
267,63,15462.443620
268,35,17767.507735
268,36,17577.901308
268,37,17046.117080
268,38,16880.518101
268,39,16759.797090
268,40,16687.943544
268,41,16557.958659
268,44,16548.794910
268,45,16510.737678
268,46,16202.721174
268,47,16091.319985
268,48,15893.089544
268,51,15834.910229
268,52,15727.792474
268,53,15559.801244
268,55,15527.404034
268,63,15462.443620
269,35,17767.507735
269,36,17577.901308
269,37,17046.117080
269,38,16880.518101
269,39,16759.797090
269,40,16528.720517
269,45,16510.737678
269,46,16136.414554
269,47,16090.150818
269,48,15829.208282
269,52,15727.792474
269,53,15553.668714
269,55,15527.404034
269,62,15437.912236
270,35,17767.507735
270,36,17577.901308
270,37,17046.117080
270,38,16880.518101
270,39,16759.797090
270,40,16528.720517
270,45,16498.926505
270,46,16136.414554
270,47,16090.150818
270,48,15829.208282
270,52,15727.792474
270,53,15553.668714
270,55,15527.404034
270,62,15437.912236
271,35,17767.507735
271,36,17577.901308
271,37,17046.117080
271,38,16880.518101
271,39,16759.797090
271,40,16528.720517
271,45,16498.926505
271,46,16136.414554
271,47,16090.150818
271,48,15829.208282
271,52,15727.792474
271,53,15553.668714
271,55,15527.404034
271,62,15437.912236
272,35,17767.507735
272,36,17577.901308
272,37,17004.905685
272,38,16880.518101
272,39,16758.480217
272,40,16528.720517
272,42,16417.141575
272,46,16117.256684
272,47,16090.150818
272,48,15821.670593
272,52,15727.792474
272,53,15537.368932
272,55,15527.404034
272,62,15433.106846
273,35,17767.507735
273,36,17577.901308
273,37,17004.905685
273,38,16880.518101
273,39,16723.185232
273,40,16528.720517
273,42,16417.141575
273,46,16117.256684
273,47,16090.150818
273,48,15821.670593
273,52,15567.403388
273,53,15537.368932
273,55,15527.404034
273,62,15433.106846
274,35,17767.507735
274,36,17577.901308
274,37,17004.905685
274,38,16880.518101
274,39,16723.185232
274,40,16528.720517
274,42,16417.141575
274,46,16117.256684
274,47,16090.150818
274,48,15821.670593
274,52,15567.403388
274,53,15537.368932
274,55,15527.404034
274,62,15433.106846
275,35,17767.507735
275,36,17577.901308
275,37,17004.905685
275,38,16880.518101
275,39,16669.385191
275,40,16528.720517
275,42,16417.141575
275,46,16117.256684
275,47,16050.864401
275,48,15819.470121
275,52,15567.403388
275,53,15522.436293
275,55,15521.271503
275,62,15428.976842
276,35,17767.507735
276,36,17577.901308
276,37,17004.905685
276,38,16835.919581
276,39,16669.385191
276,40,16528.720517
276,42,16417.141575
276,46,16117.256684
276,47,16050.864401
276,48,15819.470121
276,49,15666.802808
276,52,15567.403388
276,53,15522.436293
276,55,15521.271503
276,62,15428.976842
277,35,17767.507735
277,36,17577.901308
277,37,17004.905685
277,38,16835.919581
277,39,16669.385191
277,40,16528.720517
277,42,16417.141575
277,46,16117.256684
277,47,16050.864401
277,48,15819.470121
277,49,15666.802808
277,52,15567.403388
277,53,15522.436293
277,55,15521.271503
277,62,15428.976842
278,35,17767.507735
278,36,17557.536633
278,37,17004.905685
278,38,16835.919581
278,39,16669.385191
278,40,16528.720517
278,42,16417.141575
278,46,16117.256684
278,47,16050.864401
278,48,15806.922700
278,49,15666.802808
278,52,15538.208202
278,53,15522.436293
278,55,15521.271503
278,62,15428.683465
279,35,17767.507735
279,36,17244.477462
279,37,16762.992537
279,39,16559.561083
279,40,16528.720517
279,42,16417.141575
279,46,16117.256684
279,47,16050.864401
279,48,15806.922700
279,49,15666.802808
279,52,15538.208202
279,53,15522.436293
279,55,15521.271503
279,62,15428.683465
280,35,17767.507735
280,36,17244.477462
280,37,16762.992537
280,39,16559.561083
280,40,16431.271449
280,42,16417.141575
280,43,16407.243501
280,44,16360.075538
280,46,16055.084666
280,47,16050.864401
280,48,15735.315127
280,49,15666.802808
280,52,15538.208202
280,53,15479.079109
280,54,15474.543506
280,62,15428.683465
281,35,17767.507735
281,36,17244.477462
281,37,16762.992537
281,39,16559.561083
281,40,16431.271449
281,42,16417.141575
281,43,16316.467501
281,46,16023.624787
281,48,15735.315127
281,49,15643.221985
281,52,15525.683366
281,53,15450.299663
281,62,15428.683465
282,35,17767.507735
282,36,17244.477462
282,37,16762.992537
282,39,16440.273040
282,40,16431.271449
282,42,16417.141575
282,43,16316.467501
282,46,16023.624787
282,48,15735.315127
282,49,15643.221985
282,52,15525.683366
282,53,15450.299663
282,62,15428.683465
283,35,17767.507735
283,36,17244.477462
283,37,16762.992537
283,39,16440.273040
283,40,16400.532132
283,42,16395.078775
283,43,16316.467501
283,46,16023.624787
283,48,15735.315127
283,49,15643.221985
283,52,15525.683366
283,53,15450.299663
283,62,15428.683465
284,35,17767.507735
284,36,17244.477462
284,37,16662.274940
284,39,16440.273040
284,40,16400.532132
284,42,16395.078775
284,43,16309.692224
284,45,15978.243091
284,47,15926.580585
284,48,15735.315127
284,49,15630.181968
284,52,15525.683366
284,53,15450.299663
284,62,15404.605192
285,35,17767.507735
285,36,17244.477462
285,37,16662.274940
285,39,16440.273040
285,40,16400.532132
285,42,16395.078775
285,43,16309.692224
285,45,15978.243091
285,47,15926.580585
285,48,15735.315127
285,49,15630.181968
285,51,15604.473172
285,52,15525.683366
285,53,15450.299663
285,62,15404.605192
286,35,17767.507735
286,36,17244.477462
286,37,16662.274940
286,39,16440.273040
286,40,16400.532132
286,42,16395.078775
286,43,16309.692224
286,45,15978.243091
286,47,15926.580585
286,48,15735.315127
286,49,15630.181968
286,51,15604.473172
286,52,15525.683366
286,53,15450.299663
286,62,15404.605192
287,35,17767.507735
287,36,17244.477462
287,37,16662.274940
287,39,16440.273040
287,40,16400.532132
287,42,16386.537697
287,43,16288.401918
287,45,15967.231264
287,47,15917.843172
287,48,15735.315127
287,49,15617.924241
287,51,15604.473172
287,52,15521.384591
287,53,15438.128986
287,62,15404.605192
288,35,17767.507735
288,36,17236.191201
288,37,16662.274940
288,38,16623.921483
288,39,16440.273040
288,40,16355.340829
288,43,16288.401918
288,45,15967.231264
288,47,15917.843172
288,48,15735.315127
288,49,15617.924241
288,51,15604.473172
288,52,15521.384591
288,53,15438.128986
288,62,15404.605192
289,35,17612.024174
289,36,17236.191201
289,37,16662.274940
289,38,16623.921483
289,39,16440.273040
289,40,16355.340829
289,43,16288.401918
289,45,15967.231264
289,47,15917.843172
289,48,15735.315127
289,49,15617.924241
289,51,15604.473172
289,52,15521.384591
289,53,15438.128986
289,62,15404.605192
290,35,17612.024174
290,36,17236.191201
290,37,16662.274940
290,38,16572.277503
290,39,16440.273040
290,40,16355.340829
290,42,16297.917951
290,43,16281.965250
290,45,15942.167125
290,47,15917.843172
290,48,15698.276808
290,49,15617.924241
290,51,15603.961289
290,52,15501.587362
290,53,15438.128986
290,62,15395.913938
291,35,17612.024174
291,36,17200.806714
291,37,16662.274940
291,38,16572.277503
291,39,16440.273040
291,40,16355.340829
291,42,16297.917951
291,43,16281.965250
291,45,15942.167125
291,47,15917.843172
291,48,15698.276808
291,49,15617.924241
291,51,15603.961289
291,52,15501.587362
291,53,15438.128986
291,62,15395.913938
292,35,17612.024174
292,36,17200.806714
292,37,16662.274940
292,38,16572.277503
292,39,16440.273040
292,40,16355.340829
292,42,16297.917951
292,43,16281.965250
292,45,15942.167125
292,47,15917.843172
292,48,15698.276808
292,49,15617.924241
292,51,15603.961289
292,52,15501.587362
292,53,15438.128986
292,54,15394.531206
293,35,17612.024174
293,36,17200.806714
293,37,16662.274940
293,38,16572.277503
293,39,16440.273040
293,40,16355.340829
293,42,16218.204350
293,45,15942.167125
293,47,15906.309938
293,48,15647.947544
293,49,15580.740284
293,52,15496.696700
293,53,15426.069732
293,54,15390.243538
294,35,17612.024174
294,36,17200.806714
294,37,16662.274940
294,38,16572.277503
294,39,16440.273040
294,40,16355.340829
294,42,16218.204350
294,45,15942.167125
294,47,15906.309938
294,48,15647.947544
294,49,15580.740284
294,51,15502.594208
294,52,15496.696700
294,53,15426.069732
294,54,15390.243538
295,35,17612.024174
295,36,17200.806714
295,37,16662.274940
295,38,16572.277503
295,39,16440.273040
295,40,16355.340829
295,42,16218.204350
295,45,15942.167125
295,47,15906.309938
295,48,15647.947544
295,49,15580.740284
295,51,15502.594208
295,52,15496.696700
295,53,15424.600956
295,54,15390.243538
296,35,17612.024174
296,36,17200.806714
296,37,16583.790314
296,38,16572.277503
296,39,16423.221958
296,40,16355.340829
296,42,16218.204350
296,45,15912.473579
296,47,15906.309938
296,48,15647.947544
296,49,15580.740284
296,51,15502.594208
296,52,15474.432220
296,53,15423.268037
296,54,15369.049366
297,35,17612.024174
297,36,17200.806714
297,37,16583.790314
297,38,16572.277503
297,39,16423.221958
297,40,16355.340829
297,42,16218.204350
297,43,16194.425468
297,45,15912.473579
297,47,15906.309938
297,48,15647.947544
297,49,15580.740284
297,50,15557.582812
297,51,15502.594208
297,52,15474.432220
297,53,15423.268037
297,54,15369.049366
298,35,17612.024174
298,36,17200.806714
298,37,16583.790314
298,38,16572.277503
298,39,16423.221958
298,40,16355.340829
298,42,16218.204350
298,43,16194.425468
298,45,15912.473579
298,47,15906.309938
298,48,15647.947544
298,49,15580.740284
298,50,15551.068327
298,51,15502.594208
298,52,15430.848583
298,53,15419.688342
298,54,15369.049366
299,35,17612.024174
299,36,17200.806714
299,37,16583.790314
299,38,16572.277503
299,39,16423.221958
299,40,16355.340829
299,42,16218.204350
299,43,16194.425468
299,45,15912.473579
299,47,15884.788346
299,48,15637.764819
299,49,15580.740284
299,50,15551.068327
299,51,15499.832543
299,52,15422.460845
299,53,15419.688342
299,54,15367.812127
300,35,17612.024174
300,36,17019.978603
300,37,16583.790314
300,38,16452.158998
300,39,16423.221958
300,40,16355.340829
300,42,16218.204350
300,43,16194.425468
300,45,15912.473579
300,47,15884.788346
300,48,15637.764819
300,49,15580.740284
300,50,15551.068327
300,51,15499.832543
300,52,15422.460845
300,53,15406.286764
300,54,15367.812127
301,35,17612.024174
301,36,17019.978603
301,37,16583.790314
301,38,16452.158998
301,39,16423.221958
301,40,16355.340829
301,42,16218.204350
301,43,16194.425468
301,45,15912.473579
301,47,15884.788346
301,48,15637.764819
301,49,15580.740284
301,50,15551.068327
301,51,15499.832543
301,52,15422.460845
301,53,15406.286764
301,54,15367.812127
302,35,17612.024174
302,36,17019.978603
302,37,16583.790314
302,38,16452.158998
302,39,16423.221958
302,40,16355.340829
302,42,16218.204350
302,43,16047.707134
302,45,15912.473579
302,47,15884.788346
302,48,15637.764819
302,49,15574.011652
302,50,15551.068327
302,51,15499.832543
302,52,15414.570437
302,53,15398.845170
302,54,15367.812127
303,35,17612.024174
303,36,16817.399118
303,37,16583.790314
303,38,16452.158998
303,39,16423.221958
303,40,16355.340829
303,42,16218.204350
303,43,16047.707134
303,45,15912.473579
303,47,15884.788346
303,48,15637.764819
303,49,15574.011652
303,50,15551.068327
303,51,15488.198760
303,52,15414.570437
303,53,15398.845170
303,54,15367.812127
304,35,17612.024174
304,36,16817.399118
304,37,16583.790314
304,38,16452.158998
304,39,16423.221958
304,40,16355.340829
304,42,16218.204350
304,43,16047.707134
304,45,15912.473579
304,47,15884.788346
304,48,15637.764819
304,49,15574.011652
304,50,15551.068327
304,51,15488.198760
304,52,15388.077207
304,54,15367.812127
305,35,17612.024174
305,36,16817.399118
305,37,16583.790314
305,38,16452.158998
305,39,16423.221958
305,40,16355.340829
305,42,16194.693857
305,43,16041.454684
305,45,15912.473579
305,47,15850.868809
305,48,15616.570647
305,49,15573.825203
305,50,15551.068327
305,51,15488.198760
305,52,15376.017952
305,53,15318.612137
306,35,17612.024174
306,36,16723.744230
306,37,16583.790314
306,38,16452.158998
306,39,16423.221958
306,40,16355.340829
306,42,16194.693857
306,43,16041.454684
306,45,15912.473579
306,47,15850.868809
306,48,15540.977237
306,51,15488.198760
306,52,15376.017952
306,53,15318.612137
307,35,17425.557244
307,36,16723.744230
307,37,16583.790314
307,38,16386.013977
307,40,16355.340829
307,41,16344.513089
307,42,16194.693857
307,43,16041.454684
307,44,16018.817845
307,45,15912.473579
307,47,15850.868809
307,48,15540.977237
307,51,15488.198760
307,52,15376.017952
307,53,15318.612137
308,35,17280.811143
308,36,16723.744230
308,37,16583.790314
308,38,16386.013977
308,40,16355.340829
308,41,16335.541560
308,42,16182.735776
308,43,16027.197042
308,44,16005.758691
308,45,15912.473579
308,47,15850.868809
308,48,15519.783065
308,51,15463.805542
308,52,15376.017952
308,53,15318.612137
309,35,17280.811143
309,36,16723.744230
309,37,16583.790314
309,38,16386.013977
309,40,16355.340829
309,41,16335.541560
309,42,16182.735776
309,43,16027.197042
309,44,16005.758691
309,45,15912.473579
309,47,15850.868809
309,48,15519.783065
309,51,15463.805542
309,52,15376.017952
309,53,15318.612137
310,35,17280.811143
310,36,16723.744230
310,37,16583.790314
310,38,16386.013977
310,40,16355.340829
310,41,16335.541560
310,42,16182.735776
310,43,16027.197042
310,44,16005.758691
310,45,15912.473579
310,47,15850.868809
310,48,15519.783065
310,51,15463.805542
310,52,15376.017952
310,53,15318.612137
311,35,17280.811143
311,36,16723.744230
311,37,16583.790314
311,38,16386.013977
311,40,16355.340829
311,41,16177.887546
311,43,16014.264312
311,44,16005.758691
311,45,15912.473579
311,47,15799.295783
311,48,15493.034300
311,51,15458.943649
311,52,15305.347396
312,35,17280.811143
312,36,16723.744230
312,37,16583.790314
312,38,16386.013977
312,40,16355.340829
312,41,16177.887546
312,43,16014.264312
312,44,16005.758691
312,45,15912.473579
312,47,15799.295783
312,48,15493.034300
312,51,15458.943649
312,52,15305.347396
313,35,17280.811143
313,36,16723.744230
313,37,16583.790314
313,38,16386.013977
313,40,16355.340829
313,41,16177.887546
313,43,16003.056910
313,44,16001.881800
313,45,15912.473579
313,47,15799.295783
313,48,15493.034300
313,51,15435.586433
313,52,15305.347396
314,35,17280.811143
314,36,16723.744230
314,37,16583.790314
314,38,16340.032013
314,40,16325.234976
314,41,16177.887546
314,43,15996.565683
314,44,15968.184256
314,45,15906.985452
314,47,15781.476567
314,48,15493.034300
314,51,15434.423692
314,52,15305.347396
315,35,17280.811143
315,36,16723.744230
315,37,16583.790314
315,38,16340.032013
315,40,16273.976110
315,41,16177.887546
315,43,15996.565683
315,44,15968.184256
315,45,15906.985452
315,47,15781.476567
315,48,15493.034300
315,50,15472.937229
315,51,15434.423692
315,52,15305.347396
316,35,17280.811143
316,36,16723.744230
316,37,16583.790314
316,38,16340.032013
316,40,16273.976110
316,41,16177.887546
316,43,15996.565683
316,44,15967.676394
316,45,15906.985452
316,46,15893.196919
316,47,15781.476567
316,48,15476.173795
316,50,15472.937229
316,51,15434.423692
316,52,15305.347396
317,35,17280.811143
317,36,16723.744230
317,37,16583.790314
317,38,16340.032013
317,40,16273.976110
317,41,16177.887546
317,43,15978.861321
317,44,15967.676394
317,45,15903.433008
317,46,15893.196919
317,47,15781.476567
317,48,15476.173795
317,50,15472.937229
317,51,15434.423692
317,52,15283.880025
318,35,17280.811143
318,36,16723.744230
318,37,16583.790314
318,38,16340.032013
318,40,16273.976110
318,41,16177.887546
318,43,15906.604702
318,45,15903.433008
318,46,15893.196919
318,47,15781.476567
318,48,15476.173795
318,50,15472.937229
318,51,15434.423692
318,52,15280.642037
319,35,17280.811143
319,36,16570.483172
319,38,16340.032013
319,40,16273.976110
319,41,16177.887546
319,43,15906.604702
319,45,15903.433008
319,46,15893.196919
319,47,15781.476567
319,48,15476.173795
319,50,15472.937229
319,51,15434.423692
319,52,15280.642037
320,35,17280.811143
320,36,16570.483172
320,38,16340.032013
320,40,16273.976110
320,41,16177.887546
320,42,16063.727647
320,43,15904.353084
320,45,15891.581050
320,46,15825.398084
320,47,15770.458151
320,48,15476.173795
320,50,15471.616425
320,51,15434.423692
320,52,15266.616655
321,35,17280.811143
321,36,16570.483172
321,38,16340.032013
321,40,16273.976110
321,41,16177.887546
321,42,16063.727647
321,43,15904.353084
321,45,15891.581050
321,46,15825.398084
321,47,15770.458151
321,48,15476.173795
321,50,15471.616425
321,51,15434.423692
321,52,15266.616655
322,35,17040.053822
322,36,16570.483172
322,38,16340.032013
322,40,16273.976110
322,41,16177.887546
322,42,16063.727647
322,43,15904.353084
322,45,15891.581050
322,46,15825.398084
322,47,15770.458151
322,48,15476.173795
322,50,15471.616425
322,51,15434.423692
322,52,15266.616655
323,35,17040.053822
323,36,16548.632664
323,38,16340.032013
323,40,16226.179633
323,41,16153.040981
323,42,15903.387583
323,45,15888.868065
323,46,15825.398084
323,47,15770.458151
323,48,15463.763700
323,50,15441.254336
323,51,15434.423692
323,52,15266.616655
324,35,17040.053822
324,36,16548.632664
324,38,16340.032013
324,40,16226.179633
324,41,16153.040981
324,42,15903.387583
324,45,15888.868065
324,46,15825.398084
324,47,15770.458151
324,48,15463.763700
324,50,15441.254336
324,51,15434.423692
324,52,15266.616655
325,35,17040.053822
325,36,16548.632664
325,38,16340.032013
325,40,16226.179633
325,41,16153.040981
325,42,15903.387583
325,45,15888.868065
325,46,15825.398084
325,47,15770.458151
325,48,15463.763700
325,50,15441.254336
325,51,15434.423692
325,52,15266.616655
