Generation,NV,TOC
1,48,23984.890622
1,51,23940.343986
1,52,23221.669209
1,60,22390.762657
1,61,22118.251991
1,66,21720.159883
1,76,20610.849240
1,93,19703.383415
1,95,19251.609464
1,110,19198.359962
1,123,18851.149783
1,128,18827.247007
1,131,17163.814255
2,48,23984.890622
2,51,23940.343986
2,52,23221.669209
2,56,23019.560645
2,59,22507.842929
2,60,22173.260879
2,61,22118.251991
2,64,21527.882528
2,75,20443.937276
2,77,19796.922922
2,92,19618.139708
2,94,19155.890189
2,95,19060.092320
2,116,18442.477553
2,123,17088.049521
2,128,17016.660761
2,131,16897.340289
3,47,24027.925988
3,48,23659.649019
3,49,23417.024469
3,52,22952.480599
3,53,22801.156320
3,58,22501.087149
3,59,22067.138005
3,64,21527.882528
3,69,21376.475804
3,75,20443.937276
3,77,19796.922922
3,92,19618.139708
3,94,19155.890189
3,95,19060.092320
3,100,18979.012107
3,105,18955.134837
3,106,18846.589561
3,112,18725.924823
3,116,18442.477553
3,123,17088.049521
3,128,17016.660761
3,131,16897.340289
4,45,25364.327512
4,47,23416.871996
4,52,22952.480599
4,53,22801.156320
4,54,22356.858870
4,58,22240.450047
4,59,22067.138005
4,62,21935.998022
4,64,21527.882528
4,69,21376.475804
4,70,21296.980902
4,75,20443.937276
4,77,19796.922922
4,89,19268.787466
4,92,18991.534646
4,93,18908.944823
4,99,18599.388439
4,102,18315.180214
4,120,16944.479327
4,127,16926.413712
4,131,16827.694938
5,44,24142.249988
5,47,23416.871996
5,52,22596.548971
5,53,21894.164518
5,62,21629.166254
5,63,21475.056942
5,65,21256.386499
5,71,20959.132972
5,73,20819.460006
5,75,20443.937276
5,76,20273.656127
5,77,19796.922922
5,83,19769.298903
5,86,19607.545770
5,87,19305.100772
5,89,19268.787466
5,92,18991.534646
5,93,18908.944823
5,99,18599.388439
5,102,18315.180214
5,103,18249.207553
5,110,17937.031982
5,117,17754.152863
5,120,16944.479327
5,127,16926.413712
5,131,16827.694938
6,44,24142.249988
6,45,24138.107264
6,47,23416.871996
6,51,22709.136932
6,52,22596.548971
6,53,21894.164518
6,54,21722.028677
6,59,21282.619705
6,60,21109.702097
6,71,20959.132972
6,73,20819.460006
6,75,20443.937276
6,76,20273.656127
6,77,19796.922922
6,83,19769.298903
6,84,19659.513220
6,86,19607.545770
6,87,19305.100772
6,89,19193.459243
6,90,18708.347568
6,95,18028.440390
6,108,17834.200108
6,115,17673.954668
6,119,16836.206294
6,125,16692.284969
6,129,16528.714204
7,44,24115.410409
7,45,23842.752642
7,46,23310.156919
7,48,22716.334090
7,51,22709.136932
7,52,22596.548971
7,53,21864.060757
7,54,21722.028677
7,57,21015.556271
7,69,19117.800349
7,88,18772.991142
7,90,18708.347568
7,95,18028.440390
7,108,17834.200108
7,114,17824.664246
7,115,17673.954668
7,119,16836.206294
7,125,16692.284969
7,129,16528.714204
7,132,16373.680276
8,44,24115.410409
8,45,23842.752642
8,46,23310.156919
8,48,22716.334090
8,51,22653.871254
8,52,22032.764497
8,53,21864.060757
8,54,21549.751874
8,57,21015.556271
8,61,20739.461669
8,62,20432.284658
8,64,20167.183511
8,69,19117.800349
8,75,19006.720464
8,85,18754.600282
8,87,18728.137172
8,88,18375.734095
8,95,18028.440390
8,100,17606.784351
8,119,16836.206294
8,125,16692.284969
8,129,16479.185281
8,132,16373.680276
8,135,16372.471493
8,141,16333.740160
9,44,24115.410409
9,45,23842.752642
9,46,23310.156919
9,48,22716.334090
9,49,22530.989723
9,51,22109.946159
9,52,21208.922360
9,55,20865.631061
9,58,20250.925703
9,64,20167.183511
9,67,19146.822731
9,69,19117.800349
9,74,19057.952574
9,75,19006.720464
9,77,18868.757609
9,85,18754.600282
9,86,18518.988692
9,88,18375.734095
9,95,18028.440390
9,100,17606.784351
9,113,16887.266716
9,119,16836.206294
9,125,16452.876380
9,132,16373.680276
9,135,16372.471493
9,141,16333.740160
10,44,24115.410409
10,45,23842.752642
10,46,23180.113501
10,47,22451.493130
10,51,21900.695241
10,52,21208.922360
10,55,20865.631061
10,58,20250.925703
10,64,20167.183511
10,66,19238.897108
10,67,19146.822731
10,69,19117.800349
10,72,18527.181876
10,74,18366.651952
10,85,18109.679594
10,95,18028.440390
10,99,17769.303399
10,100,17606.784351
10,104,17553.230134
10,107,17259.537574
10,113,16887.266716
10,119,16836.206294
10,125,16452.876380
10,132,16373.680276
10,135,16372.471493
10,141,16333.740160
11,44,24115.410409
11,45,23842.752642
11,46,23180.113501
11,47,22451.493130
11,51,21900.695241
11,52,21208.922360
11,55,20865.631061
11,57,20009.214138
11,60,19977.338513
11,62,19739.865791
11,66,19238.897108
11,67,18954.743504
11,72,18527.181876
11,74,18366.651952
11,85,18109.679594
11,86,18078.145734
11,88,18000.447364
11,90,17800.922748
11,99,17769.303399
11,100,17606.784351
11,104,17340.549508
11,107,17259.537574
11,113,16887.266716
11,119,16836.206294
11,125,16452.876380
11,132,16373.680276
11,135,16372.471493
11,141,16318.510121
12,44,24115.410409
12,45,23842.752642
12,46,23180.113501
12,47,22451.493130
12,49,22328.969856
12,50,22223.507949
12,51,21900.695241
12,52,21208.922360
12,55,20865.631061
12,57,20009.214138
12,60,19977.338513
12,61,19873.586916
12,62,19378.703852
12,66,19014.283700
12,67,18954.743504
12,72,18527.181876
12,74,18366.651952
12,83,18002.797723
12,88,18000.447364
12,90,17800.922748
12,92,17649.183944
12,100,17606.784351
12,102,17595.273871
12,104,17340.549508
12,107,17259.537574
12,113,16887.266716
12,119,16836.206294
12,120,16489.411670
12,125,16452.876380
12,132,16373.680276
12,135,16372.471493
12,141,16147.454986
13,44,23621.274076
13,46,23180.113501
13,47,22451.493130
13,49,22301.182948
13,50,21941.435999
13,51,21900.695241
13,52,21208.922360
13,54,20494.766777
13,57,20009.214138
13,60,19555.094717
13,62,19378.703852
13,65,19310.030881
13,66,19014.283700
13,67,18954.743504
13,72,18527.181876
13,74,18366.651952
13,83,18002.797723
13,88,18000.447364
13,89,17836.538765
13,90,17800.922748
13,92,17649.183944
13,97,17148.805583
13,112,16845.269679
13,119,16460.729920
13,123,16361.067429
13,131,16281.176441
13,134,16139.111049
13,137,16024.104099
13,143,15934.950573
14,44,23621.274076
14,46,23180.113501
14,47,22451.493130
14,49,22047.279461
14,50,21832.809737
14,52,21208.922360
14,54,20494.766777
14,57,20009.214138
14,58,19943.347501
14,59,19569.550035
14,60,19555.094717
14,62,19357.021050
14,65,19310.030881
14,66,19014.283700
14,67,18954.743504
14,70,18896.310874
14,72,18527.181876
14,74,18366.651952
14,79,18105.797379
14,83,18002.797723
14,87,17951.699334
14,89,17836.538765
14,90,17800.922748
14,92,17649.183944
14,97,17148.805583
14,105,17119.714465
14,110,16916.472909
14,112,16845.269679
14,119,16460.729920
14,123,16361.067429
14,131,16281.176441
14,134,16139.111049
14,137,16024.104099
14,143,15934.950573
15,44,23621.274076
15,45,22983.864877
15,47,22451.493130
15,48,22229.898911
15,49,21631.803164
15,52,21208.922360
15,53,20760.091524
15,54,20494.766777
15,57,20009.214138
15,58,19943.347501
15,59,19569.550035
15,60,19555.094717
15,62,19212.346721
15,66,19014.283700
15,67,18954.743504
15,70,18896.310874
15,72,18527.181876
15,74,18366.651952
15,76,17594.205904
15,91,17365.330131
15,96,16879.883499
15,107,16268.555398
15,125,16268.319091
15,132,16035.280396
15,136,15868.100862
16,44,23621.274076
16,45,22983.864877
16,47,22451.493130
16,48,22229.898911
16,49,21631.803164
16,51,21305.776609
16,52,21208.922360
16,53,20760.091524
16,54,20494.766777
16,55,20184.118180
16,57,20009.214138
16,58,19867.758721
16,59,19569.550035
16,60,19374.529534
16,62,19212.346721
16,64,19145.409268
16,65,18925.382332
16,68,18735.895817
16,70,18562.423061
16,72,18527.181876
16,73,18106.385330
16,76,17594.205904
16,88,17454.601999
16,91,17365.330131
16,96,16879.883499
16,107,16268.555398
16,125,16268.319091
16,132,16035.280396
16,136,15868.100862
17,44,23621.274076
17,45,22983.864877
17,47,22451.493130
17,48,22229.898911
17,49,21631.803164
17,51,21305.776609
17,52,21208.922360
17,53,20760.091524
17,54,20494.766777
17,55,20184.118180
17,57,20009.214138
17,58,19867.758721
17,59,19569.550035
17,60,19374.529534
17,62,19212.346721
17,64,19145.409268
17,65,18925.382332
17,67,18730.128374
17,68,18662.278358
17,69,18543.925587
17,72,18527.181876
17,73,17899.988999
17,74,17381.766384
17,83,17381.504662
17,91,17280.088889
17,92,17153.543840
17,96,16718.067719
17,103,16712.783722
17,105,16144.159360
17,132,15960.197810
17,134,15818.785004
18,44,23621.274076
18,45,22983.864877
18,47,22038.858286
18,48,21955.001457
18,49,21631.803164
18,51,21305.776609
18,52,20890.485571
18,53,20535.267605
18,54,20344.976661
18,55,20184.118180
18,57,20009.214138
18,58,19867.758721
18,59,19569.550035
18,60,19374.529534
18,62,19212.346721
18,64,19145.409268
18,65,18925.382332
18,67,18730.128374
18,68,18662.278358
18,69,18543.925587
18,71,18486.527137
18,72,18241.268836
18,73,17899.988999
18,74,17381.766384
18,83,17351.788071
18,91,17280.088889
18,92,17153.543840
18,96,16718.067719
18,103,16712.783722
18,105,16144.159360
18,132,15960.197810
18,133,15901.168878
18,134,15818.785004
19,44,23621.274076
19,45,22983.864877
19,47,22038.858286
19,48,21955.001457
19,49,21631.803164
19,51,21305.776609
19,52,20890.485571
19,53,20535.267605
19,54,20344.976661
19,55,20184.118180
19,57,20009.214138
19,58,19612.161126
19,59,19569.550035
19,60,19374.529534
19,61,19184.006037
19,63,19062.328797
19,65,18847.803071
19,67,18730.128374
19,68,18662.278358
19,69,18543.925587
19,71,18359.187335
19,72,18061.683902
19,73,17899.988999
19,74,17381.766384
19,83,17351.788071
19,91,17280.088889
19,92,16995.689615
19,96,16718.067719
19,103,16712.783722
19,105,16144.159360
19,118,16122.150831
19,122,15894.318803
19,124,15873.694771
19,134,15818.785004
19,135,15818.730686
20,44,23621.274076
20,45,22983.864877
20,46,22950.830540
20,47,22038.858286
20,48,21955.001457
20,49,21631.803164
20,51,21305.776609
20,52,20890.485571
20,53,20535.267605
20,54,20344.976661
20,55,20184.118180
20,57,20009.214138
20,58,19612.161126
20,59,19569.550035
20,60,19374.529534
20,61,19184.006037
20,63,19062.328797
20,64,19039.528256
20,65,18847.803071
20,67,18730.128374
20,68,18662.278358
20,69,18543.925587
20,71,18359.187335
20,72,18061.683902
20,73,17899.988999
20,74,17381.766384
20,83,17351.788071
20,91,17280.088889
20,92,16995.689615
20,96,16718.067719
20,103,16712.783722
20,105,16144.159360
20,118,16122.150831
20,122,15894.318803
20,124,15873.694771
20,134,15818.785004
20,135,15818.730686
21,44,23621.274076
21,45,22983.864877
21,46,22950.830540
21,47,22038.858286
21,48,21896.622268
21,49,21573.077312
21,51,21305.776609
21,52,20890.485571
21,53,20535.267605
21,54,20344.976661
21,55,20184.118180
21,57,20009.214138
21,58,19612.161126
21,59,19569.550035
21,60,19374.529534
21,61,19184.006037
21,63,19062.328797
21,64,18936.133186
21,65,18777.129786
21,66,18691.246616
21,68,18488.295259
21,71,18359.187335
21,72,18061.683902
21,73,17899.988999
21,74,17381.766384
21,83,17351.788071
21,87,16800.376158
21,95,16620.075500
21,101,16596.912763
21,105,16144.159360
21,117,16065.088393
21,120,15972.924927
21,122,15822.713163
21,133,15735.577481
22,44,23621.274076
22,45,22983.864877
22,46,22950.830540
22,47,22038.858286
22,48,21896.622268
22,49,21573.077312
22,50,21403.189091
22,51,20978.882997
22,52,20890.485571
22,53,20535.267605
22,54,20344.976661
22,55,20184.118180
22,56,19703.499518
22,58,19612.161126
22,59,19569.550035
22,60,19374.529534
22,61,19184.006037
22,63,19062.328797
22,64,18936.133186
22,65,18777.129786
22,66,18691.246616
22,68,18488.295259
22,70,18483.690260
22,71,18359.187335
22,72,18061.683902
22,73,17899.988999
22,74,17381.766384
22,83,17351.788071
22,87,16800.376158
22,95,16620.075500
22,101,16596.912763
22,105,16144.159360
22,117,16065.088393
22,120,15972.924927
22,122,15822.713163
22,132,15806.454105
22,133,15735.577481
23,44,23621.274076
23,45,22983.864877
23,46,22950.830540
23,47,22038.858286
23,48,21896.622268
23,49,21573.077312
23,50,21403.189091
23,51,20978.882997
23,52,20890.485571
23,53,20535.267605
23,54,20344.976661
23,55,20184.118180
23,56,19703.499518
23,58,19612.161126
23,59,19517.160433
23,60,19265.834295
23,61,19184.006037
23,63,19062.328797
23,64,18936.133186
23,65,18777.129786
23,66,18691.246616
23,68,18488.295259
23,70,18483.690260
23,71,18359.187335
23,72,18061.683902
23,73,17899.988999
23,74,17381.766384
23,83,17351.788071
23,86,16745.226477
23,94,16500.281183
23,102,16053.300429
23,116,15967.496069
23,117,15877.542530
23,122,15754.045529
23,129,15674.717474
23,131,15624.861349
24,44,23556.133425
24,45,22983.864877
24,46,22950.830540
24,47,22038.858286
24,48,21896.622268
24,49,21573.077312
24,50,21403.189091
24,51,20978.882997
24,52,20890.485571
24,53,20535.267605
24,54,20344.976661
24,55,20184.118180
24,56,19703.499518
24,58,19594.891627
24,59,19517.160433
24,60,19265.834295
24,61,19184.006037
24,63,19062.328797
24,64,18936.133186
24,65,18777.129786
24,66,18691.246616
24,68,18488.295259
24,70,18483.690260
24,71,18359.187335
24,72,18061.683902
24,73,17899.988999
24,74,17381.766384
24,83,17351.788071
24,86,16745.226477
24,94,16500.281183
24,102,16053.300429
24,116,15967.496069
24,117,15877.542530
24,122,15754.045529
24,129,15674.717474
24,131,15624.861349
25,44,23556.133425
25,45,22983.864877
25,46,22950.830540
25,47,22038.858286
25,48,21896.622268
25,49,21573.077312
25,50,21081.990001
25,51,20978.882997
25,52,20890.485571
25,53,20519.090315
25,54,20255.398659
25,55,20184.118180
25,56,19703.499518
25,58,19594.891627
25,59,19517.160433
25,60,19265.834295
25,61,19184.006037
25,63,18976.824633
25,64,18545.225939
25,68,18488.295259
25,70,18483.690260
25,71,18359.187335
25,72,18061.683902
25,73,17899.988999
25,74,17265.866091
25,86,16582.973858
25,93,16407.626684
25,102,16053.300429
25,113,15890.393620
25,115,15797.124259
25,122,15754.045529
25,127,15553.025256
26,44,23556.133425
26,45,22983.864877
26,46,22209.893788
26,47,22038.858286
26,48,21896.622268
26,49,21365.576202
26,50,21081.990001
26,51,20978.882997
26,52,20800.193663
26,53,20519.090315
26,54,20255.398659
26,55,20184.118180
26,56,19703.499518
26,58,19594.891627
26,59,19517.160433
26,60,19265.834295
26,61,19184.006037
26,63,18976.824633
26,64,18545.225939
26,68,18488.295259
26,70,18483.690260
26,71,18359.187335
26,72,18061.683902
26,73,17899.988999
26,74,17265.866091
26,86,16582.973858
26,89,16509.445137
26,93,16407.626684
26,102,16053.300429
26,113,15890.393620
26,115,15797.124259
26,122,15754.045529
26,127,15553.025256
27,44,23556.133425
27,45,22983.864877
27,46,22209.893788
27,47,22038.858286
27,48,21427.892348
27,49,21365.576202
27,50,21081.990001
27,51,20661.179185
27,52,20631.705879
27,53,20519.090315
27,54,20255.398659
27,55,19847.098433
27,56,19703.499518
27,57,19590.617401
27,59,19397.338932
27,60,19265.834295
27,61,19184.006037
27,63,18976.824633
27,64,18545.225939
27,68,18488.295259
27,70,18483.690260
27,71,18359.187335
27,72,17436.197099
27,74,17087.831967
27,85,16368.674273
27,93,16309.492585
27,102,16053.300429
27,112,15700.608884
27,124,15454.576052
28,44,23556.133425
28,45,22983.864877
28,46,22209.893788
28,47,22038.858286
28,48,21427.892348
28,49,21365.576202
28,50,21081.990001
28,51,20661.179185
28,52,20631.705879
28,53,20333.565195
28,54,20255.398659
28,55,19613.578458
28,56,19049.278720
28,63,18326.631485
28,72,17436.197099
28,74,17087.831967
28,85,16368.674273
28,93,16309.492585
28,102,16053.300429
28,112,15700.608884
28,124,15454.576052
29,44,23556.133425
29,45,22983.864877
29,46,22209.893788
29,47,22038.858286
29,48,21427.892348
29,49,21138.877337
29,50,21081.990001
29,51,20441.029115
29,53,20333.565195
29,54,20255.398659
29,55,19613.578458
29,56,19049.278720
29,61,18281.913542
29,64,17976.119639
29,69,17952.260720
29,71,17310.806055
29,74,17030.695141
29,85,16368.674273
29,93,16309.492585
29,102,16025.766086
29,111,15684.401816
29,124,15450.231022
30,43,24188.471537
30,44,23556.133425
30,45,22684.441267
30,46,21876.343102
30,48,21427.892348
30,49,21138.877337
30,50,21081.990001
30,51,20441.029115
30,52,20296.120814
30,53,20239.430493
30,54,20003.306636
30,55,19613.578458
30,56,19049.278720
30,61,18281.913542
30,64,17976.119639
30,69,17952.260720
30,71,17310.806055
30,74,17030.695141
30,85,16368.674273
30,93,16309.492585
30,102,16025.766086
30,111,15684.401816
30,124,15450.231022
31,43,24188.471537
31,44,23556.133425
31,45,22684.441267
31,46,21876.343102
31,48,21427.892348
31,49,21138.877337
31,50,21081.990001
31,51,20441.029115
31,52,20296.120814
31,53,20239.430493
31,54,20003.306636
31,55,19613.578458
31,56,19049.278720
31,61,18281.913542
31,64,17976.119639
31,69,17952.260720
31,71,17310.806055
31,74,17030.695141
31,81,16984.152300
31,85,16368.674273
31,93,16309.492585
31,102,16025.766086
31,111,15684.401816
31,124,15450.231022
32,43,24188.471537
32,44,23556.133425
32,45,22684.441267
32,46,21876.343102
32,48,21427.892348
32,49,21138.877337
32,50,21081.990001
32,51,20441.029115
32,52,20296.120814
32,53,20239.430493
32,54,20003.306636
32,55,19613.578458
32,56,19049.278720
32,58,19010.160051
32,61,18281.913542
32,64,17976.119639
32,69,17151.360684
32,71,16958.452371
32,76,16789.012231
32,82,16720.527505
32,83,16318.081567
32,93,16309.492585
32,100,15908.527137
32,111,15644.108801
32,123,15377.894917
33,43,24188.471537
33,44,23556.133425
33,45,22684.441267
33,46,21876.343102
33,48,21427.892348
33,49,21138.877337
33,50,21081.990001
33,51,20441.029115
33,52,20296.120814
33,53,19974.126611
33,55,19613.578458
33,56,19049.278720
33,58,18905.453592
33,61,18281.913542
33,64,17976.119639
33,69,17151.360684
33,71,16958.452371
33,76,16789.012231
33,82,16720.527505
33,83,16318.081567
33,93,16309.492585
33,100,15908.527137
33,111,15644.108801
33,123,15377.894917
34,43,24188.471537
34,44,23556.133425
34,45,22684.441267
34,46,21876.343102
34,48,21427.892348
34,49,21138.877337
34,50,21081.990001
34,51,20441.029115
34,52,20296.120814
34,53,19974.126611
34,55,19613.578458
34,56,19049.278720
34,58,18905.453592
34,61,18281.913542
34,64,17976.119639
34,69,17087.615177
34,70,16864.675342
34,72,16759.585757
34,82,16621.605527
34,83,16318.081567
34,93,16188.860350
34,100,15908.527137
34,109,15551.688286
34,123,15358.284942
35,43,24188.471537
35,44,23556.133425
35,45,22684.441267
35,46,21876.343102
35,47,21844.267796
35,48,21380.339345
35,49,21138.877337
35,50,20861.485356
35,51,20441.029115
35,52,20296.120814
35,53,19974.126611
35,55,19613.578458
35,56,19049.278720
35,58,18905.453592
35,61,18281.913542
35,64,17976.119639
35,69,17087.615177
35,70,16864.675342
35,72,16759.585757
35,80,16647.025695
35,82,16621.605527
35,83,16318.081567
35,93,16188.860350
35,100,15908.527137
35,109,15551.688286
35,123,15358.284942
36,43,24188.471537
36,44,23556.133425
36,45,22684.441267
36,46,21876.343102
36,47,21144.698136
36,49,21138.877337
36,50,20861.485356
36,51,20441.029115
36,52,20296.120814
36,53,19974.126611
36,55,19613.578458
36,56,19049.278720
36,58,18905.453592
36,60,18774.159272
36,61,18281.913542
36,64,17976.119639
36,69,17087.615177
36,70,16864.675342
36,72,16759.585757
36,80,16647.025695
36,82,16621.605527
36,83,16318.081567
36,92,16303.475542
36,93,16188.860350
36,100,15908.527137
36,106,15659.931203
36,109,15551.688286
36,123,15358.284942
37,43,24188.471537
37,44,23556.133425
37,45,22684.441267
37,46,21724.949772
37,47,21144.698136
37,48,20852.051227
37,51,20441.029115
37,52,20296.120814
37,53,19974.126611
37,55,19613.578458
37,56,19049.278720
37,58,18905.453592
37,60,18774.159272
37,61,18281.913542
37,64,17976.119639
37,69,17087.615177
37,70,16864.675342
37,72,16759.585757
37,79,16550.963455
37,83,16318.081567
37,90,16219.173916
37,91,16049.309755
37,100,15878.891368
37,104,15609.148670
37,106,15538.919048
37,109,15499.971104
37,122,15286.793170
38,43,24188.471537
38,44,23556.133425
38,45,22684.441267
38,46,21724.949772
38,47,21144.698136
38,48,20852.051227
38,51,20441.029115
38,52,20296.120814
38,53,19974.126611
38,55,19613.578458
38,56,19049.278720
38,57,18907.883878
38,58,18905.453592
38,60,18774.159272
38,61,18281.913542
38,64,17976.119639
38,69,17087.615177
38,70,16864.675342
38,72,16545.120854
38,81,16374.181169
38,83,16318.081567
38,86,16294.770645
38,90,16219.173916
38,91,16049.309755
38,100,15878.891368
38,104,15609.148670
38,106,15538.919048
38,109,15499.971104
38,122,15286.793170
39,43,24188.471537
39,44,23556.133425
39,45,21913.217872
39,46,21724.949772
39,47,21144.698136
39,48,20654.167994
39,51,20441.029115
39,52,20296.120814
39,53,19974.126611
39,54,19691.068629
39,55,19613.578458
39,56,19049.278720
39,57,18900.139902
39,60,18774.159272
39,61,18281.913542
39,64,17976.119639
39,68,17782.194638
39,69,17087.615177
39,70,16864.675342
39,71,16556.909596
39,72,16545.120854
39,81,16184.217304
39,91,16049.309755
39,100,15878.891368
39,101,15867.288255
39,103,15850.835962
39,104,15609.148670
39,106,15538.919048
39,109,15499.971104
39,114,15365.346786
39,122,15286.793170
40,43,24188.471537
40,44,23556.133425
40,45,21524.928417
40,47,21115.788565
40,48,20654.167994
40,51,20241.126173
40,52,20036.118665
40,53,19732.330354
40,54,19691.068629
40,55,19613.578458
40,56,19049.278720
40,57,18900.139902
40,59,18849.137962
40,60,18748.528761
40,61,18281.913542
40,64,17976.119639
40,67,17973.431636
40,68,17782.194638
40,69,17087.615177
40,70,16864.675342
40,71,16556.909596
40,72,16545.120854
40,81,16184.217304
40,91,16049.309755
40,100,15878.891368
40,101,15867.288255
40,102,15862.711433
40,103,15850.835962
40,104,15609.148670
40,106,15538.919048
40,109,15499.971104
40,114,15365.346786
40,122,15286.793170
41,43,24188.471537
41,44,23556.133425
41,45,21356.825731
41,47,21115.788565
41,48,20596.434144
41,50,20017.966451
41,51,19989.018469
41,52,19656.514212
41,55,19613.578458
41,56,19049.278720
41,57,18900.139902
41,59,18717.323950
41,60,18605.902841
41,61,18281.913542
41,64,17976.119639
41,67,17973.431636
41,68,17782.194638
41,69,17087.615177
41,70,16864.675342
41,71,16556.909596
41,72,16545.120854
41,74,16410.159803
41,77,16313.436566
41,79,16243.431307
41,81,16184.217304
41,87,16130.695697
41,91,15966.142261
41,100,15878.891368
41,101,15867.288255
41,102,15862.711433
41,103,15850.835962
41,104,15609.148670
41,106,15538.919048
41,109,15499.971104
41,114,15365.346786
41,122,15286.793170
42,43,24188.471537
42,44,23556.133425
42,45,21356.825731
42,47,21115.788565
42,48,20366.444112
42,50,20017.966451
42,51,19989.018469
42,52,19656.514212
42,55,19613.578458
42,56,19049.278720
42,57,18900.139902
42,59,18717.323950
42,60,18605.902841
42,61,18281.913542
42,64,17976.119639
42,65,17966.477307
42,68,17390.973624
42,69,17087.615177
42,70,16864.675342
42,71,16556.909596
42,72,16545.120854
42,74,16410.159803
42,76,16326.182369
42,77,16313.436566
42,79,16243.431307
42,81,16184.217304
42,84,16162.470084
42,87,16130.695697
42,89,15877.087456
42,94,15708.872751
42,104,15609.148670
42,106,15417.326396
42,114,15365.346786
42,119,15254.867636
43,43,24188.471537
43,44,23556.133425
43,45,21356.825731
43,46,21338.216128
43,47,21115.788565
43,48,20366.444112
43,50,19504.847021
43,53,19393.817415
43,55,19053.935990
43,56,19013.748962
43,57,18900.139902
43,59,18717.323950
43,60,18605.902841
43,61,18281.913542
43,64,17976.119639
43,65,17966.477307
43,68,17390.973624
43,69,17087.615177
43,70,16864.675342
43,71,16556.909596
43,72,16545.120854
43,74,16410.159803
43,76,16326.182369
43,77,16313.436566
43,78,16096.991962
43,84,15957.583214
43,89,15877.087456
43,92,15560.295582
43,100,15414.647470
43,105,15392.419292
43,113,15294.587687
43,119,15254.867636
44,43,22695.847882
44,44,21352.378729
44,46,21105.447617
44,48,20366.444112
44,50,19504.847021
44,53,19393.817415
44,54,18725.233149
44,59,18717.323950
44,60,18605.902841
44,61,17528.121995
44,68,17390.973624
44,69,17087.615177
44,70,16864.675342
44,71,16556.909596
44,72,16545.120854
44,74,16410.159803
44,75,16243.412887
44,78,16096.991962
44,84,15957.583214
44,89,15877.087456
44,92,15560.295582
44,100,15414.647470
44,105,15392.419292
44,113,15294.587687
44,119,15254.867636
45,43,22695.847882
45,44,21352.378729
45,45,21152.207178
45,46,21105.447617
45,47,20598.963775
45,48,20283.417281
45,49,20249.208703
45,50,19504.847021
45,53,19393.817415
45,54,18725.233149
45,59,18717.323950
45,60,18605.902841
45,61,17528.121995
45,68,17390.973624
45,69,17087.615177
45,70,16864.675342
45,71,16556.909596
45,72,16470.949364
45,74,16410.159803
45,75,16177.180701
45,77,16080.429653
45,80,15912.030301
45,83,15893.056314
45,89,15747.747090
45,91,15457.409934
45,98,15343.172445
45,105,15339.997037
45,112,15243.688566
45,114,15007.869428
46,43,22695.847882
46,44,21352.378729
46,45,21022.076056
46,46,20296.908648
46,47,20026.153968
46,50,19504.847021
46,53,19393.817415
46,54,18725.233149
46,55,18634.225876
46,60,18605.902841
46,61,17528.121995
46,68,17390.973624
46,69,17087.615177
46,70,16864.675342
46,71,16556.909596
46,72,16470.949364
46,74,16410.159803
46,75,16177.180701
46,77,16080.429653
46,80,15912.030301
46,83,15893.056314
46,89,15747.747090
46,91,15457.409934
46,98,15343.172445
46,103,15277.053558
46,112,15243.688566
46,114,15007.869428
47,43,21252.129091
47,45,21022.076056
47,46,20296.908648
47,47,20026.153968
47,50,19504.847021
47,53,19393.817415
47,54,18725.233149
47,55,18634.225876
47,60,18605.902841
47,61,17528.121995
47,68,17390.973624
47,69,17087.615177
47,70,16592.758258
47,71,16556.909596
47,72,16470.949364
47,74,16410.159803
47,75,16177.180701
47,77,15993.821753
47,79,15852.037349
47,89,15734.816044
47,91,15457.070099
47,98,15276.650609
47,103,15235.024757
47,106,15205.145783
47,112,14937.942316
48,43,21252.129091
48,44,21140.141932
48,45,21022.076056
48,46,20296.908648
48,47,20026.153968
48,50,19504.847021
48,53,19393.817415
48,54,18725.233149
48,55,18634.225876
48,59,18598.602319
48,61,17528.121995
48,63,17517.879154
48,68,17148.441581
48,69,17087.615177
48,70,16592.758258
48,71,16556.909596
48,72,16470.949364
48,74,16410.159803
48,75,16177.180701
48,77,15993.821753
48,79,15852.037349
48,89,15734.816044
48,91,15457.070099
48,98,15276.650609
48,103,15235.024757
48,106,15205.145783
48,112,14937.942316
49,43,21252.129091
49,44,21140.141932
49,45,20891.767124
49,46,20296.908648
49,47,20026.153968
49,49,19962.892309
49,50,19504.847021
49,53,19393.817415
49,54,18725.233149
49,55,18634.225876
49,56,18162.445826
49,61,17528.121995
49,63,17517.879154
49,68,17148.441581
49,69,17087.615177
49,70,16592.758258
49,71,16112.247875
49,75,15955.417955
49,79,15852.037349
49,89,15721.851711
49,90,15423.197917
49,97,15185.038878
49,104,15139.225007
49,111,14892.166541
50,40,22258.523038
50,43,21252.129091
50,44,21140.141932
50,45,20706.055361
50,46,20296.908648
50,47,20026.153968
50,48,19905.580916
50,50,19504.847021
50,53,19393.817415
50,54,18725.233149
50,55,18634.225876
50,56,18162.445826
50,61,17528.121995
50,63,17517.879154
50,65,17450.645016
50,67,16847.300264
50,70,16592.758258
50,71,16112.247875
50,75,15955.417955
50,79,15852.037349
50,89,15721.851711
50,90,15423.197917
50,97,15185.038878
50,104,15139.225007
50,111,14892.166541
51,40,22146.274968
51,41,21943.502114
51,43,21252.129091
51,44,20909.763513
51,45,19801.294026
51,50,19504.847021
51,53,19393.817415
51,54,18725.233149
51,55,18634.225876
51,56,18162.445826
51,61,17528.121995
51,63,17517.879154
51,65,17236.787520
51,66,16687.365837
51,70,16546.710201
51,71,16070.228813
51,75,15940.775336
51,79,15842.894162
51,89,15382.379027
51,95,15055.765267
51,111,14892.166541
52,40,22146.274968
52,41,21943.502114
52,43,21252.129091
52,44,20909.763513
52,45,19654.984305
52,49,19277.483254
52,52,18901.287955
52,54,18725.233149
52,55,18634.225876
52,56,18162.445826
52,59,17565.688329
52,61,17528.121995
52,63,17517.879154
52,65,17236.787520
52,66,16687.365837
52,70,16546.710201
52,71,16070.228813
52,75,15940.775336
52,79,15842.894162
52,82,15737.991118
52,89,15382.379027
52,95,15055.765267
52,104,15030.923245
52,106,14985.230894
52,111,14892.166541
53,40,22146.274968
53,41,21943.502114
53,43,21252.129091
53,44,19927.450161
53,45,19654.984305
53,49,19277.483254
53,52,18901.287955
53,54,18725.233149
53,55,18634.225876
53,56,18162.445826
53,59,17565.688329
53,61,17528.121995
53,63,17517.879154
53,65,17236.787520
53,66,16687.365837
53,70,15992.986306
53,75,15787.416147
53,81,15686.500708
53,89,15368.334333
53,95,15053.924142
53,103,14965.967179
53,105,14925.796601
53,107,14908.468308
53,111,14892.166541
54,40,22146.274968
54,41,21943.502114
54,43,20758.531769
54,44,19927.450161
54,45,19654.984305
54,49,19277.483254
54,52,18846.851497
54,54,18725.233149
54,55,18634.225876
54,56,18162.445826
54,59,17565.688329
54,61,17528.121995
54,63,17517.879154
54,65,17236.787520
54,66,16687.365837
54,70,15992.986306
54,75,15787.416147
54,76,15761.761575
54,81,15686.500708
54,89,15368.334333
54,95,15053.924142
54,103,14965.967179
54,105,14925.796601
54,107,14908.468308
54,111,14892.166541
55,40,22146.274968
55,41,21943.502114
55,42,21666.868929
55,43,20758.531769
55,44,19927.450161
55,45,19654.984305
55,48,18991.374098
55,51,18674.658437
55,55,18634.225876
55,56,18162.445826
55,59,17565.688329
55,61,17528.121995
55,63,17048.888100
55,66,16243.059164
55,70,15992.986306
55,75,15763.642011
55,76,15743.858649
55,81,15686.500708
55,87,15664.887791
55,89,15326.674074
55,95,15053.924142
55,103,14965.967179
55,104,14861.880213
55,111,14861.111771
56,40,22146.274968
56,41,21943.502114
56,42,21666.868929
56,43,20758.531769
56,44,19799.465886
56,45,19654.984305
56,47,19421.134706
56,48,18991.374098
56,51,18674.658437
56,55,18634.225876
56,56,18162.445826
56,59,17565.688329
56,60,17425.151647
56,62,17171.582000
56,63,17048.888100
56,66,16243.059164
56,70,15992.986306
56,75,15569.342374
56,89,15326.674074
56,95,15053.924142
56,103,14965.967179
56,104,14861.880213
56,111,14861.111771
57,40,22146.274968
57,41,21943.502114
57,42,21666.868929
57,43,20736.863530
57,44,19799.465886
57,45,19654.984305
57,47,19421.134706
57,48,18991.374098
57,49,18945.070083
57,51,18674.658437
57,52,18614.198895
57,56,18162.445826
57,59,17565.688329
57,60,17425.151647
57,62,17171.582000
57,63,17048.888100
57,66,16195.645743
57,70,15932.423626
57,74,15468.278698
57,86,15427.566723
57,89,15207.560735
57,95,15035.463778
57,103,14904.964164
57,104,14861.880213
57,111,14828.619418
58,40,22146.274968
58,41,21943.502114
58,42,21666.868929
58,43,19662.781923
58,45,19654.984305
58,46,19477.524305
58,47,19421.134706
58,48,18991.374098
58,49,18945.070083
58,51,18674.658437
58,52,18614.198895
58,55,18194.409761
58,56,18162.445826
58,59,17565.688329
58,60,17425.151647
58,62,17171.582000
58,63,17048.888100
58,66,16195.645743
58,70,15932.423626
58,74,15468.278698
58,86,15427.566723
58,89,15207.560735
58,95,15035.463778
58,103,14904.964164
58,104,14861.880213
58,111,14828.619418
59,40,22111.215215
59,41,21943.502114
59,42,20304.771446
59,43,19662.781923
59,44,19640.358032
59,46,19346.602929
59,48,18991.374098
59,49,18945.070083
59,51,18674.658437
59,52,18614.198895
59,55,18194.409761
59,56,18162.445826
59,57,17996.457219
59,59,17565.688329
59,60,17425.151647
59,62,17171.582000
59,63,17048.888100
59,66,16152.507086
59,69,15906.340615
59,72,15433.467594
59,86,15338.542796
59,88,15072.132773
59,93,14998.709174
59,100,14859.442755
59,104,14854.842214
59,110,14776.057643
60,40,22111.215215
60,41,21943.502114
60,42,20304.771446
60,43,19662.781923
60,44,19640.358032
60,45,19498.192730
60,46,19346.602929
60,47,18972.256857
60,49,18945.070083
60,51,18617.815598
60,52,18614.198895
60,55,18188.746944
60,56,18162.445826
60,57,17996.457219
60,59,17565.688329
60,60,17425.151647
60,62,17171.582000
60,63,17048.888100
60,66,16152.507086
60,69,15906.340615
60,72,15433.467594
60,86,15338.542796
60,88,15072.132773
60,93,14998.709174
60,100,14859.442755
60,104,14854.842214
60,110,14776.057643
61,40,22111.215215
61,41,21943.502114
61,42,20287.416100
61,43,19662.781923
61,44,19541.283270
61,45,19498.192730
61,46,19346.602929
61,47,18972.256857
61,49,18945.070083
61,51,18617.815598
61,52,18614.198895
61,55,18136.094929
61,56,17939.605570
61,59,17565.688329
61,60,17425.151647
61,62,17171.582000
61,63,16786.793320
61,66,15949.606590
61,69,15906.340615
61,72,15433.467594
61,85,15302.441272
61,88,15001.906641
61,93,14998.709174
61,100,14832.830945
61,103,14784.297030
61,110,14681.060822
62,39,22530.906497
62,40,22111.215215
62,41,21943.502114
62,42,20287.416100
62,43,19662.781923
62,44,19541.283270
62,45,19498.192730
62,46,19346.602929
62,47,18972.256857
62,49,18945.070083
62,51,18617.815598
62,52,18353.989620
62,55,18037.922680
62,56,17939.605570
62,59,17565.688329
62,60,17425.151647
62,62,17171.582000
62,63,16786.793320
62,66,15949.606590
62,69,15906.340615
62,72,15433.467594
62,85,15302.441272
62,88,15001.906641
62,93,14998.709174
62,100,14832.830945
62,103,14784.297030
62,110,14681.060822
63,39,22530.906497
63,40,22111.215215
63,41,21943.502114
63,42,19864.110604
63,43,19662.781923
63,44,19541.283270
63,45,19498.192730
63,46,19346.602929
63,47,18972.256857
63,49,18945.070083
63,51,18617.815598
63,52,18353.989620
63,55,18037.922680
63,56,17939.605570
63,59,17565.688329
63,60,17425.151647
63,62,16766.491712
63,66,15902.030886
63,68,15857.304565
63,72,15352.858951
63,85,14975.450459
63,93,14957.830426
63,99,14767.429755
63,110,14676.401661
64,39,22530.906497
64,40,22111.215215
64,41,21943.502114
64,42,19864.110604
64,43,19662.781923
64,44,19541.283270
64,45,19498.192730
64,46,18799.235946
64,49,18600.490107
64,51,18201.911026
64,54,17729.055609
64,58,17580.752525
64,59,17565.688329
64,60,17425.151647
64,62,16766.491712
64,66,15902.030886
64,68,15857.304565
64,72,15352.858951
64,76,15261.253950
64,84,15029.692732
64,85,14975.450459
64,93,14957.830426
64,99,14767.429755
64,110,14676.401661
65,39,22530.906497
65,40,22111.215215
65,41,21943.502114
65,42,19817.078253
65,43,19662.781923
65,44,19541.283270
65,45,19324.695268
65,46,18799.235946
65,49,18600.490107
65,51,18201.911026
65,53,17944.275454
65,54,17729.055609
65,55,17527.857682
65,57,17517.708142
65,60,16842.542869
65,62,16766.491712
65,66,15902.030886
65,68,15764.133633
65,72,15352.858951
65,73,15199.076321
65,79,15140.567746
65,82,14971.274733
65,85,14938.170417
65,97,14750.539267
65,98,14724.630380
65,109,14663.203030
66,39,22530.906497
66,40,22111.215215
66,41,21943.502114
66,42,19817.078253
66,43,19662.781923
66,44,19541.283270
66,45,19324.695268
66,46,18799.235946
66,49,18514.112599
66,51,18201.911026
66,53,17944.275454
66,54,17729.055609
66,55,17527.857682
66,57,17517.708142
66,60,16842.542869
66,62,16766.491712
66,66,15902.030886
66,68,15764.133633
66,72,15352.858951
66,73,15199.076321
66,79,15140.567746
66,82,14971.274733
66,85,14938.170417
66,96,14913.639279
66,97,14750.539267
66,98,14724.630380
66,109,14663.203030
67,39,22530.906497
67,40,22111.215215
67,41,21943.502114
67,42,19817.078253
67,43,19662.781923
67,44,19541.283270
67,45,19324.695268
67,46,18799.235946
67,49,18514.112599
67,51,18201.911026
67,53,17944.275454
67,54,17729.055609
67,55,17527.857682
67,57,17517.708142
67,58,17450.325367
67,60,16842.542869
67,62,16766.491712
67,65,16575.735101
67,66,15902.030886
67,68,15764.133633
67,71,15305.246201
67,73,15199.076321
67,78,15134.301959
67,81,15075.897639
67,82,14907.747428
67,96,14887.984890
67,97,14674.106134
67,105,14604.087107
68,39,22438.655890
68,40,21813.183706
68,42,19817.078253
68,43,19662.781923
68,44,19541.283270
68,45,19324.695268
68,46,18799.235946
68,49,18514.112599
68,51,18201.911026
68,52,17895.571386
68,54,17729.055609
68,55,17527.857682
68,57,17049.376891
68,60,16842.542869
68,62,16766.491712
68,63,16663.817573
68,65,16575.735101
68,66,15902.030886
68,68,15764.133633
68,71,15305.246201
68,73,15199.076321
68,78,15134.301959
68,81,15075.897639
68,82,14907.747428
68,96,14887.984890
68,97,14674.106134
68,105,14604.087107
69,39,22398.325617
69,40,21813.183706
69,41,21006.702136
69,42,19817.078253
69,43,19662.781923
69,44,19541.283270
69,45,19324.695268
69,46,18799.235946
69,49,18514.112599
69,51,18201.911026
69,52,17823.626315
69,54,17609.370444
69,55,17509.167898
69,57,17049.376891
69,60,16842.542869
69,62,16766.491712
69,63,16663.817573
69,65,16077.809557
69,66,15846.744670
69,68,15701.356094
69,70,15245.623694
69,73,15142.259691
69,78,15134.301959
69,80,14899.328590
69,94,14725.553864
69,97,14641.892129
69,103,14559.213937
70,39,22398.325617
70,40,21813.183706
70,41,21006.702136
70,42,19817.078253
70,43,19662.781923
70,44,19541.283270
70,45,19324.695268
70,46,18799.235946
70,49,18514.112599
70,51,18201.911026
70,52,17823.626315
70,54,17609.370444
70,55,17509.167898
70,57,17049.376891
70,60,16842.542869
70,62,16766.491712
70,63,16663.817573
70,65,16077.809557
70,66,15846.744670
70,68,15701.356094
70,70,15245.623694
70,73,15142.259691
70,78,15134.301959
70,80,14899.328590
70,93,14892.937739
70,94,14725.553864
70,97,14641.892129
70,103,14559.213937
71,39,22398.325617
71,40,21813.183706
71,41,21006.702136
71,42,19667.342110
71,43,19508.894732
71,45,19324.695268
71,46,18799.235946
71,49,18372.553797
71,51,18153.296859
71,52,17823.626315
71,54,17609.370444
71,55,17371.056187
71,57,16506.982671
71,64,16228.576147
71,65,16077.809557
71,66,15846.744670
71,68,15701.356094
71,69,15235.926315
71,70,15222.150574
71,73,15071.500983
71,80,14821.009707
71,94,14725.553864
71,97,14641.892129
71,103,14533.443266
72,39,22398.325617
72,40,21813.183706
72,41,20478.953935
72,42,19667.342110
72,43,19508.894732
72,44,19311.969813
72,46,18799.235946
72,48,18404.917584
72,49,18372.553797
72,51,17945.800017
72,52,17823.626315
72,54,17609.370444
72,55,17371.056187
72,57,16506.982671
72,64,16228.576147
72,65,16077.809557
72,66,15846.744670
72,68,15701.356094
72,69,15235.926315
72,70,15222.150574
72,73,15071.500983
72,79,14910.206634
72,80,14821.009707
72,94,14725.553864
72,97,14641.892129
72,103,14533.443266
73,39,22373.802786
73,40,21813.183706
73,41,20356.649553
73,42,19667.342110
73,43,19508.894732
73,44,19311.969813
73,46,18799.235946
73,48,18404.917584
73,49,18372.553797
73,51,17945.800017
73,52,17823.626315
73,54,17609.370444
73,55,16488.174330
73,64,16228.576147
73,65,15587.984021
73,69,15235.926315
73,70,15222.150574
73,73,15036.090102
73,79,14858.677856
73,80,14762.785216
73,93,14671.312300
73,97,14638.057147
73,103,14533.245551
74,39,22373.802786
74,40,21813.183706
74,41,19747.701707
74,42,19667.342110
74,43,19508.894732
74,44,19311.969813
74,45,18871.063411
74,46,18799.235946
74,48,18404.917584
74,49,18212.482167
74,51,17945.800017
74,52,17823.626315
74,54,17609.370444
74,55,16488.174330
74,63,16443.509134
74,64,16228.576147
74,65,15515.914560
74,69,15235.926315
74,70,15222.150574
74,73,15036.090102
74,75,14975.789699
74,79,14858.677856
74,80,14762.785216
74,93,14671.312300
74,97,14638.057147
74,103,14533.245551
75,39,22373.802786
75,40,19903.200357
75,41,19747.701707
75,42,19447.494464
75,44,19311.969813
75,45,18871.063411
75,46,18799.235946
75,48,18404.917584
75,49,18212.482167
75,50,18035.221050
75,51,17945.800017
75,52,17823.626315
75,54,17609.370444
75,55,16488.174330
75,63,16443.509134
75,64,16228.576147
75,65,15515.914560
75,66,15441.726922
75,69,15211.125243
75,70,15195.843847
75,73,15036.090102
75,75,14975.789699
75,79,14747.079531
75,93,14650.700373
75,97,14630.809807
75,103,14525.621663
76,39,22373.802786
76,40,19903.200357
76,41,19747.701707
76,42,19447.494464
76,44,19049.971397
76,45,18871.063411
76,46,18799.235946
76,48,18348.984657
76,49,18212.482167
76,50,17931.361500
76,52,17823.626315
76,53,16631.895662
76,55,16488.174330
76,63,16443.509134
76,64,16228.576147
76,65,15515.914560
76,66,15441.726922
76,69,15211.125243
76,70,15195.843847
76,72,15026.933758
76,75,14975.789699
76,79,14747.079531
76,93,14650.700373
76,97,14630.809807
76,103,14525.621663
77,39,22373.802786
77,40,19903.200357
77,41,19747.701707
77,42,19447.494464
77,44,19049.971397
77,45,18871.063411
77,46,18799.235946
77,48,18348.984657
77,49,18212.482167
77,50,17931.361500
77,52,17823.626315
77,53,16631.895662
77,55,16488.174330
77,57,16443.978908
77,63,16408.334861
77,64,16228.576147
77,65,15515.914560
77,66,15441.726922
77,67,15333.679283
77,69,15211.125243
77,70,15095.537810
77,72,15026.933758
77,73,15014.743896
77,75,14975.789699
77,79,14747.079531
77,93,14650.700373
77,97,14630.809807
77,103,14525.621663
78,39,22373.802786
78,40,19858.631959
78,41,19357.832456
78,44,19049.971397
78,45,18871.063411
78,46,18799.235946
78,48,18348.984657
78,49,18212.482167
78,50,17931.361500
78,52,17823.626315
78,53,16631.895662
78,55,16488.174330
78,57,16443.978908
78,61,16258.665675
78,64,16228.576147
78,65,15515.914560
78,66,15441.726922
78,67,15333.679283
78,69,15211.125243
78,70,15095.537810
78,72,14970.844503
78,73,14967.081429
78,74,14960.915177
78,76,14878.806805
78,78,14676.431409
78,88,14581.955628
78,97,14570.123063
78,103,14525.621663
79,39,22373.802786
79,40,19858.631959
79,41,19357.832456
79,44,18953.920502
79,45,18871.063411
79,46,18799.235946
79,48,18348.984657
79,49,18143.127310
79,50,17931.361500
79,51,17367.402381
79,53,16631.895662
79,55,16488.174330
79,57,16443.978908
79,61,16258.665675
79,64,16228.576147
79,65,15515.914560
79,66,15441.726922
79,67,15333.679283
79,69,15211.125243
79,70,15095.537810
79,72,14970.844503
79,73,14967.081429
79,74,14960.915177
79,76,14878.806805
79,78,14676.431409
79,88,14581.955628
79,97,14570.123063
79,103,14525.621663
80,39,22373.802786
80,40,19858.631959
80,41,19357.832456
80,43,18876.129973
80,45,18871.063411
80,46,18485.462594
80,48,18348.984657
80,49,17477.404833
80,51,17367.402381
80,53,16631.895662
80,55,16488.174330
80,57,16443.978908
80,61,16258.665675
80,64,16228.576147
80,65,15515.914560
80,66,15441.726922
80,67,15333.679283
80,69,15211.125243
80,70,15095.537810
80,72,14970.844503
80,73,14967.081429
80,74,14960.915177
80,76,14878.806805
80,78,14676.431409
80,88,14581.955628
80,97,14570.123063
80,103,14525.621663
81,39,20174.627585
81,40,19858.631959
81,41,19357.832456
81,43,18876.129973
81,44,18629.394632
81,45,18470.545332
81,47,17717.097642
81,49,17477.404833
81,51,17367.402381
81,53,16631.895662
81,55,16488.174330
81,57,16443.978908
81,61,16258.665675
81,64,16228.576147
81,65,15515.914560
81,66,15441.726922
81,67,15333.679283
81,69,15211.125243
81,70,15087.603463
81,72,14866.685813
81,78,14669.264391
81,88,14543.382376
81,95,14508.530899
81,101,14475.603934
82,39,20174.627585
82,40,19858.631959
82,41,19357.832456
82,42,19124.302648
82,43,18561.527450
82,45,18470.545332
82,47,17717.097642
82,49,17477.404833
82,51,17367.402381
82,53,16631.895662
82,55,16488.174330
82,57,16443.978908
82,61,16258.665675
82,64,16228.576147
82,65,15515.914560
82,66,15441.726922
82,67,15333.679283
82,69,15211.125243
82,70,15087.603463
82,72,14866.685813
82,78,14669.264391
82,88,14543.382376
82,95,14508.530899
82,101,14475.603934
83,39,20174.627585
83,40,19858.631959
83,41,19357.832456
83,42,19124.302648
83,43,18561.527450
83,45,17827.064544
83,47,17717.097642
83,49,17477.404833
83,51,17219.878918
83,53,16631.895662
83,55,16488.174330
83,57,16443.978908
83,61,16258.665675
83,64,15780.138442
83,65,15515.914560
83,66,15441.726922
83,67,15286.589574
83,69,15135.866215
83,70,14995.809129
83,71,14840.774997
83,77,14631.395431
83,88,14543.382376
83,93,14294.360433
84,39,20174.627585
84,40,19858.631959
84,41,19357.832456
84,42,19124.302648
84,43,18561.527450
84,44,18385.508239
84,45,17827.064544
84,47,17717.097642
84,49,17477.404833
84,51,17219.878918
84,53,16631.895662
84,55,16488.174330
84,56,16145.001274
84,64,15780.138442
84,65,15515.914560
84,66,15441.726922
84,67,15286.589574
84,69,15135.866215
84,70,14995.809129
84,71,14840.774997
84,77,14631.395431
84,88,14543.382376
84,93,14294.360433
85,39,20174.627585
85,40,19858.631959
85,41,19357.832456
85,42,18696.500979
85,43,18561.527450
85,44,18385.508239
85,45,17827.064544
85,47,17717.097642
85,48,17611.954495
85,49,17477.404833
85,51,17219.878918
85,53,16631.895662
85,55,16488.174330
85,56,16145.001274
85,64,15473.175170
85,66,15409.078694
85,67,15277.259517
85,69,15135.866215
85,70,14983.601101
85,71,14756.450506
85,77,14631.395431
85,86,14527.562074
85,93,14269.156696
86,39,20174.627585
86,40,19858.631959
86,41,19357.832456
86,42,18696.500979
86,43,18561.527450
86,44,18385.508239
86,45,17827.064544
86,47,17717.097642
86,48,17611.954495
86,49,17477.404833
86,51,17219.878918
86,52,16789.229459
86,53,16631.895662
86,55,16488.174330
86,56,16145.001274
86,59,15977.052473
86,64,15473.175170
86,66,15409.078694
86,67,15190.450471
86,69,15081.509169
86,70,14941.765924
86,71,14756.450506
86,77,14631.395431
86,86,14527.562074
86,93,14269.156696
87,39,20174.627585
87,40,19858.631959
87,41,19357.832456
87,42,18617.138663
87,43,18561.527450
87,44,18385.508239
87,45,17827.064544
87,47,17717.097642
87,48,17611.954495
87,49,17477.404833
87,51,17219.878918
87,52,16789.229459
87,53,16631.895662
87,55,16488.174330
87,56,16145.001274
87,59,15706.303653
87,64,15430.982487
87,66,15364.464090
87,67,14996.970637
87,68,14954.936598
87,70,14882.164073
87,71,14699.614845
87,77,14631.395431
87,86,14506.911643
87,92,14243.181461
88,39,20174.627585
88,40,19858.631959
88,41,19357.832456
88,42,18617.138663
88,43,18561.527450
88,44,18385.508239
88,45,17827.064544
88,47,17717.097642
88,48,17272.644999
88,51,17219.878918
88,52,16789.229459
88,53,16631.895662
88,55,16488.174330
88,56,16145.001274
88,59,15706.303653
88,64,15430.982487
88,66,15364.464090
88,67,14996.970637
88,68,14954.936598
88,69,14941.659113
88,70,14882.164073
88,71,14699.614845
88,77,14631.395431
88,86,14506.911643
88,92,14243.181461
89,39,20174.627585
89,40,19858.631959
89,41,19120.342893
89,42,18617.138663
89,43,18561.527450
89,44,18385.508239
89,45,17827.064544
89,46,17550.614411
89,48,17272.644999
89,51,17219.878918
89,52,16789.229459
89,53,16605.982847
89,55,16488.174330
89,56,16145.001274
89,59,15706.303653
89,60,15507.947496
89,64,15430.982487
89,66,15364.464090
89,67,14953.689665
89,68,14817.024271
89,71,14686.617514
89,77,14588.616332
89,86,14499.057236
89,92,14170.172542
90,39,20174.627585
90,40,19858.631959
90,41,19120.342893
90,42,18610.687229
90,43,18561.527450
90,44,18385.508239
90,45,17827.064544
90,46,17550.614411
90,48,17272.644999
90,50,17100.117014
90,52,16789.229459
90,53,16605.982847
90,55,16488.174330
90,56,16145.001274
90,59,15706.303653
90,60,15507.947496
90,64,15430.982487
90,66,15364.464090
90,67,14953.689665
90,68,14817.024271
90,70,14647.970825
90,77,14588.616332
90,85,14458.783001
90,86,14373.390206
90,92,14170.172542
91,39,20174.627585
91,40,19858.631959
91,41,18488.353715
91,43,18261.775141
91,45,17827.064544
91,46,17550.614411
91,48,17272.644999
91,50,17100.117014
91,52,16789.229459
91,53,16605.982847
91,54,16242.278692
91,56,16145.001274
91,59,15706.303653
91,60,15507.947496
91,64,15426.969873
91,66,15364.464090
91,67,14922.744422
91,68,14774.916175
91,70,14625.821800
91,77,14565.487938
91,84,14244.321050
91,92,14154.635055
92,39,20174.627585
92,40,19858.631959
92,41,18488.353715
92,43,18261.775141
92,45,17827.064544
92,46,17550.614411
92,48,17272.644999
92,49,17260.830730
92,50,17100.117014
92,52,16789.229459
92,53,16605.982847
92,54,16231.761743
92,56,16145.001274
92,57,15876.774469
92,59,15706.303653
92,60,15507.947496
92,64,15426.969873
92,65,15112.642003
92,67,14922.744422
92,68,14774.916175
92,70,14625.821800
92,77,14565.487938
92,84,14244.321050
92,86,14229.298823
92,92,14154.635055
93,39,20174.627585
93,40,19858.631959
93,41,18488.353715
93,43,18110.528293
93,44,17681.151486
93,46,17550.614411
93,48,17272.644999
93,49,17260.830730
93,50,17100.117014
93,52,16789.229459
93,53,16605.982847
93,54,16090.594257
93,57,15876.774469
93,59,15492.172020
93,64,15426.969873
93,65,15049.532114
93,67,14882.177291
93,68,14691.065772
93,70,14584.894649
93,77,14456.898598
93,82,14182.130026
93,85,14157.884084
93,92,14148.620835
94,39,20174.627585
94,40,19858.631959
94,41,18488.353715
94,43,18110.528293
94,44,17681.151486
94,46,17550.614411
94,48,17272.644999
94,49,17260.830730
94,50,17100.117014
94,52,16789.229459
94,53,16605.982847
94,54,16090.594257
94,57,15876.774469
94,59,15492.172020
94,64,15426.969873
94,65,15049.532114
94,67,14882.177291
94,68,14691.065772
94,70,14584.894649
94,71,14559.843128
94,77,14456.898598
94,82,14182.130026
94,85,14157.884084
94,86,14082.923845
95,39,20174.627585
95,40,19858.631959
95,41,18488.353715
95,43,18110.528293
95,44,17681.151486
95,46,17530.728975
95,48,17272.644999
95,49,16962.360050
95,52,16483.112700
95,54,16090.594257
95,57,15876.774469
95,59,15492.172020
95,64,14990.443078
95,67,14821.870812
95,68,14679.446870
95,70,14502.059548
95,71,14467.875129
95,77,14430.921985
95,81,14154.396949
95,82,14029.568936
96,39,20174.627585
96,40,19740.324296
96,41,18488.353715
96,43,18110.528293
96,44,17681.151486
96,46,17530.728975
96,47,17287.413016
96,48,17232.442114
96,49,16962.360050
96,52,16483.112700
96,54,16090.594257
96,57,15876.774469
96,59,15492.172020
96,64,14990.443078
96,67,14821.870812
96,68,14679.446870
96,70,14502.059548
96,71,14467.875129
96,77,14430.921985
96,78,14338.087060
96,81,14154.396949
96,82,14029.568936
97,39,20174.627585
97,40,19740.324296
97,41,18488.353715
97,43,17929.299725
97,44,17681.151486
97,46,17530.728975
97,47,17287.413016
97,48,17232.442114
97,49,16962.360050
97,51,16958.842461
97,52,16483.112700
97,54,16090.594257
97,57,15876.774469
97,59,15492.172020
97,64,14936.609020
97,66,14674.575854
97,69,14437.573914
97,77,14397.910000
97,78,14328.220481
97,80,14136.952259
97,82,14029.568936
98,39,20174.627585
98,40,19740.324296
98,41,18488.353715
98,43,17929.299725
98,44,17681.151486
98,46,17477.149121
98,47,17138.311043
98,49,16962.360050
98,50,16719.924908
98,52,16483.112700
98,53,16133.055160
98,54,16090.594257
98,57,15876.774469
98,59,15492.172020
98,64,14936.609020
98,66,14674.575854
98,69,14437.573914
98,74,14399.474327
98,77,14397.910000
98,78,14328.220481
98,80,14136.952259
98,82,14029.568936
99,39,20174.627585
99,40,19740.324296
99,41,18488.353715
99,43,17503.074896
99,44,17357.924784
99,46,17269.446350
99,47,17032.169306
99,49,16962.360050
99,50,16719.924908
99,52,16483.112700
99,53,16133.055160
99,54,16090.594257
99,57,15876.774469
99,59,15435.974741
99,64,14936.609020
99,66,14628.235398
99,69,14433.281808
99,72,14382.308340
99,74,14380.911279
99,75,14212.651074
99,80,14091.937448
99,81,13953.610306
100,39,20174.627585
100,40,19740.324296
100,41,18488.353715
100,42,18367.185346
100,43,17503.074896
100,44,17357.924784
100,46,17269.446350
100,47,17032.169306
100,49,16962.360050
100,50,16719.924908
100,52,16483.112700
100,53,16133.055160
100,54,16090.594257
100,57,15876.774469
100,59,15435.974741
100,64,14936.609020
100,66,14628.235398
100,69,14433.281808
100,72,14382.308340
100,74,14380.911279
100,75,14212.651074
100,80,14091.937448
100,81,13953.610306
101,39,20174.627585
101,40,19740.324296
101,41,18488.353715
101,42,17705.113300
101,43,17503.074896
101,44,17357.924784
101,46,17269.446350
101,47,17032.169306
101,49,16962.360050
101,50,16719.924908
101,52,16483.112700
101,53,16133.055160
101,54,16090.594257
101,57,15297.281422
101,64,14912.024382
101,66,14565.761138
101,69,14409.493783
101,72,14382.308340
101,73,14150.681957
101,80,14091.937448
101,81,13885.542674
102,39,20174.627585
102,40,19740.324296
102,41,18488.353715
102,42,17705.113300
102,43,17503.074896
102,44,17357.924784
102,46,17000.542307
102,49,16962.360050
102,50,16719.924908
102,51,16705.475745
102,52,16483.112700
102,53,16133.055160
102,54,15932.136298
102,55,15834.761585
102,57,15297.281422
102,59,15293.133322
102,61,15143.074153
102,64,14912.024382
102,66,14565.761138
102,69,14409.493783
102,72,14382.308340
102,73,14150.681957
102,80,14091.937448
102,81,13885.542674
103,39,20174.627585
103,40,19740.324296
103,41,18488.353715
103,42,17705.113300
103,43,17503.074896
103,44,17357.924784
103,46,17000.542307
103,47,16856.366129
103,50,16719.924908
103,51,16600.917741
103,52,16483.112700
103,53,16133.055160
103,54,15932.136298
103,55,15834.761585
103,57,15242.947124
103,61,15143.074153
103,63,14888.953070
103,66,14565.761138
103,69,14399.814854
103,70,14217.889199
103,73,14142.655418
103,78,14014.890795
103,81,13884.944777
104,39,20174.627585
104,40,19740.324296
104,41,18488.353715
104,42,17705.113300
104,43,17503.074896
104,44,17357.924784
104,46,17000.542307
104,47,16856.366129
104,50,16719.924908
104,51,16600.917741
104,52,16405.804213
104,53,16133.055160
104,54,15932.136298
104,55,15834.761585
104,57,15242.947124
104,61,15143.074153
104,63,14888.953070
104,65,14808.339315
104,66,14565.761138
104,69,14399.814854
104,70,14217.889199
104,73,14142.655418
104,78,14014.890795
104,81,13884.944777
105,39,20174.627585
105,40,19740.324296
105,41,18488.353715
105,42,17705.113300
105,43,17503.074896
105,44,17357.924784
105,46,16857.346095
105,47,16856.366129
105,50,16561.580422
105,52,15847.980693
105,55,15653.530891
105,56,15083.076152
105,58,14758.373517
105,66,14554.411358
105,69,14380.937562
105,70,14217.889199
105,73,14120.516077
105,75,13967.849365
105,81,13874.470863
106,39,20174.627585
106,40,19740.324296
106,41,18488.353715
106,42,17705.113300
106,43,17503.074896
106,44,17357.924784
106,46,16857.346095
106,47,16814.225342
106,49,16150.121055
106,52,15847.980693
106,55,15653.530891
106,56,15083.076152
106,58,14758.373517
106,66,14554.411358
106,69,14380.937562
106,70,14217.889199
106,73,14120.516077
106,75,13967.849365
106,81,13874.470863
107,39,20174.627585
107,40,19740.324296
107,41,18488.353715
107,42,17705.113300
107,43,17503.074896
107,44,17357.924784
107,46,16857.346095
107,47,16814.225342
107,48,16271.475534
107,49,16150.121055
107,50,16120.699631
107,51,15680.506563
107,55,15625.200276
107,56,15083.076152
107,58,14758.373517
107,66,14538.587607
107,69,14363.055517
107,70,14182.547348
107,73,14114.613672
107,75,13963.158988
107,81,13874.470863
108,39,20174.627585
108,40,19407.929770
108,41,18488.353715
108,42,17705.113300
108,43,17503.074896
108,44,17357.924784
108,46,16857.346095
108,47,16726.065848
108,48,16271.475534
108,49,16150.121055
108,50,16120.699631
108,51,15680.506563
108,55,15625.200276
108,56,15083.076152
108,58,14758.373517
108,66,14538.587607
108,69,14068.711769
108,75,13963.158988
108,81,13874.470863
109,39,20174.627585
109,40,19106.777433
109,41,18488.353715
109,42,17705.113300
109,43,17503.074896
109,44,17357.924784
109,45,16888.226788
109,46,16857.346095
109,47,16726.065848
109,48,16271.475534
109,49,16150.121055
109,50,16120.699631
109,51,15513.515778
109,56,15083.076152
109,58,14758.373517
109,66,14502.916135
109,67,14421.971343
109,69,13935.507630
109,76,13901.449565
109,81,13874.470863
110,39,20174.627585
110,40,19106.777433
110,41,18352.628693
110,42,17705.113300
110,43,17503.074896
110,44,17357.924784
110,45,16888.226788
110,46,16857.346095
110,47,16726.065848
110,48,16271.475534
110,49,16150.121055
110,50,16120.699631
110,51,15513.515778
110,56,15083.076152
110,58,14758.373517
110,60,14652.985994
110,66,14491.895578
110,67,14421.971343
110,69,13935.507630
110,76,13901.449565
110,81,13874.470863
111,39,20174.627585
111,40,18834.609106
111,41,18352.628693
111,42,17705.113300
111,43,17088.905495
111,45,16888.226788
111,46,16857.346095
111,47,16726.065848
111,48,16271.475534
111,49,16150.121055
111,50,16067.723677
111,51,15455.843789
111,56,15083.076152
111,58,14750.040841
111,59,14642.875020
111,65,14345.701881
111,67,13896.517655
111,78,13832.410758
112,39,20174.627585
112,40,18834.609106
112,41,18352.628693
112,42,17705.113300
112,43,17088.905495
112,45,16888.226788
112,46,16857.346095
112,47,16726.065848
112,48,16271.475534
112,49,16150.121055
112,50,16067.723677
112,51,15455.843789
112,53,15038.820279
112,58,14750.040841
112,59,14642.875020
112,65,14345.701881
112,67,13896.517655
112,78,13832.410758
113,39,20174.627585
113,40,18834.609106
113,41,18352.628693
113,42,17705.113300
113,43,17088.905495
113,45,16888.226788
113,46,16857.346095
113,47,16642.186217
113,48,15991.535007
113,50,15695.918633
113,51,15455.843789
113,53,15038.820279
113,58,14730.571314
113,59,14524.479304
113,65,14305.844317
113,67,13851.825905
113,78,13832.410758
114,39,20174.627585
114,40,18834.609106
114,41,18352.628693
114,42,17705.113300
114,43,17088.905495
114,45,16888.226788
114,46,16857.346095
114,47,16642.186217
114,48,15991.535007
114,50,15695.918633
114,51,15455.843789
114,53,15038.820279
114,57,15026.055665
114,58,14730.571314
114,59,14524.479304
114,65,14305.844317
114,67,13851.825905
114,78,13832.410758
115,39,20174.627585
115,40,18834.609106
115,41,18352.628693
115,42,17705.113300
115,43,17088.905495
115,45,16888.226788
115,46,16857.346095
115,47,16642.186217
115,48,15991.535007
115,50,15593.230579
115,51,15455.843789
115,53,14942.943074
115,56,14826.473559
115,58,14699.784558
115,59,14467.272621
115,65,14278.656911
115,66,13825.748500
116,39,19434.809361
116,40,18834.609106
116,41,18352.628693
116,42,17705.113300
116,43,17088.905495
116,45,16888.226788
116,46,16857.346095
116,47,16642.186217
116,48,15991.535007
116,50,15593.230579
116,51,15455.843789
116,53,14942.943074
116,56,14826.473559
116,58,14699.784558
116,59,14467.272621
116,65,14278.656911
116,66,13825.748500
117,39,19434.809361
117,40,18834.609106
117,41,18352.628693
117,42,17705.113300
117,43,17088.905495
117,45,16888.226788
117,46,16857.346095
117,47,16524.680571
117,48,15786.646771
117,50,15497.058158
117,51,15455.843789
117,53,14925.377182
117,56,14752.498462
117,57,14657.814133
117,59,14418.581939
117,65,14258.474756
117,66,13823.482852
118,39,19434.809361
118,40,18834.609106
118,41,18352.628693
118,42,17566.455576
118,43,17088.905495
118,45,16888.226788
118,46,16857.346095
118,47,16524.680571
118,48,15786.646771
118,50,15497.058158
118,51,15455.843789
118,53,14925.377182
118,56,14752.498462
118,57,14657.814133
118,59,14418.581939
118,65,14258.474756
118,66,13823.482852
119,39,19434.809361
119,40,18834.609106
119,41,18352.628693
119,42,17566.455576
119,43,17088.905495
119,45,16888.226788
119,46,16287.865805
119,48,15786.646771
119,50,15427.159712
119,51,15378.198177
119,53,14898.934890
119,54,14729.732603
119,57,14657.814133
119,59,14356.340291
119,60,14270.042431
119,65,14213.976040
119,66,13814.257217
119,79,13789.784381
120,39,19434.809361
120,40,18834.609106
120,41,18352.628693
120,42,17566.455576
120,43,17088.905495
120,45,16888.226788
120,46,16214.801754
120,48,15786.646771
120,49,15511.330844
120,50,15427.159712
120,51,15378.198177
120,53,14898.934890
120,54,14729.732603
120,57,14657.814133
120,59,14356.340291
120,60,14270.042431
120,65,14213.976040
120,66,13814.257217
120,79,13789.784381
121,39,19434.809361
121,40,18834.609106
121,41,18352.628693
121,42,17566.455576
121,43,16850.385370
121,45,16654.821120
121,46,16214.801754
121,48,15786.646771
121,49,15511.330844
121,50,15427.159712
121,51,14873.185025
121,54,14674.937561
121,57,14657.814133
121,58,14320.003647
121,60,14268.707607
121,65,14213.976040
121,66,13814.257217
121,79,13789.784381
122,39,19434.809361
122,40,18834.609106
122,41,18352.628693
122,42,17566.455576
122,43,16850.385370
122,45,16654.821120
122,46,16214.801754
122,48,15786.646771
122,49,15511.330844
122,50,15427.159712
122,51,14873.185025
122,52,14833.089879
122,54,14674.937561
122,57,14657.814133
122,58,14320.003647
122,60,14268.707607
122,65,14213.976040
122,66,13814.257217
122,79,13789.784381
123,39,19434.809361
123,40,18813.772791
123,41,18352.628693
123,42,17566.455576
123,43,16850.385370
123,45,16654.821120
123,46,16214.801754
123,48,15786.646771
123,49,15511.330844
123,50,14867.863223
123,52,14833.089879
123,54,14674.937561
123,57,14608.245138
123,58,14318.117263
123,59,14174.398224
123,66,13814.257217
123,79,13789.784381
124,39,19434.809361
124,40,18813.772791
124,41,18352.628693
124,42,17566.455576
124,43,16850.385370
124,45,16654.821120
124,46,16214.801754
124,48,15786.646771
124,49,15511.330844
124,50,14867.863223
124,52,14833.089879
124,54,14674.937561
124,57,14608.245138
124,58,14318.117263
124,59,14174.398224
124,66,13814.257217
124,77,13758.788123
125,39,19434.809361
125,40,18813.772791
125,41,18352.628693
125,42,17566.455576
125,43,16850.385370
125,45,16654.821120
125,46,16214.801754
125,48,15786.646771
125,49,15443.877101
125,50,14867.863223
125,52,14782.143978
125,54,14602.254310
125,57,14570.014686
125,58,14318.117263
125,59,14171.489840
125,66,13813.151923
125,77,13758.788123
126,39,19434.809361
126,40,18755.135353
126,41,18352.628693
126,42,17566.455576
126,43,16850.385370
126,45,16654.821120
126,46,16214.801754
126,48,15786.646771
126,49,15443.877101
126,50,14867.863223
126,52,14782.143978
126,54,14602.254310
126,57,14570.014686
126,58,14318.117263
126,59,14171.489840
126,65,14066.410099
126,66,13813.151923
126,77,13758.788123
127,39,19434.809361
127,40,18755.135353
127,41,18352.628693
127,42,17566.455576
127,43,16850.385370
127,45,16654.821120
127,46,16214.801754
127,48,15786.646771
127,49,15373.021223
127,50,14821.411829
127,52,14782.143978
127,54,14602.254310
127,57,14570.014686
127,58,14295.694032
127,59,14159.730044
127,65,14043.697770
127,66,13813.151923
127,77,13737.508160
128,39,19434.809361
128,40,18755.135353
128,41,17965.068008
128,42,17566.455576
128,43,16850.385370
128,45,16654.821120
128,46,16214.801754
128,48,15786.646771
128,49,15373.021223
128,50,14821.411829
128,52,14782.143978
128,54,14602.254310
128,57,14570.014686
128,58,14295.694032
128,59,14159.730044
128,65,14043.697770
128,66,13813.151923
128,76,13801.558295
128,77,13737.508160
129,39,19434.809361
129,40,18755.135353
129,41,17965.068008
129,42,17566.455576
129,43,16850.385370
129,45,16654.821120
129,46,16214.801754
129,48,15786.646771
129,49,15373.021223
129,50,14698.526693
129,54,14602.254310
129,57,14523.606431
129,58,14280.252935
129,59,14119.181509
129,65,14023.057023
129,66,13780.159176
129,77,13714.428961
130,39,19434.809361
130,40,18755.135353
130,41,17965.068008
130,42,17566.455576
130,43,16850.385370
130,45,16654.821120
130,46,16214.801754
130,48,15786.646771
130,49,15373.021223
130,50,14698.526693
130,54,14602.254310
130,57,14523.606431
130,58,14280.252935
130,59,14119.181509
130,65,14023.057023
130,66,13780.159176
130,77,13714.428961
131,39,19434.809361
131,40,18755.135353
131,41,17965.068008
131,42,17566.455576
131,43,16850.385370
131,45,16654.821120
131,46,16214.801754
131,48,15731.968957
131,49,15316.437866
131,50,14686.249579
131,54,14602.254310
131,55,14487.682021
131,58,14280.252935
131,59,14119.181509
131,65,14023.057023
131,66,13779.464655
131,77,13714.428961
132,39,19434.809361
132,40,18755.135353
132,41,17853.868388
132,42,17566.455576
132,43,16850.385370
132,44,16589.668250
132,46,16214.801754
132,48,15731.968957
132,49,15316.437866
132,50,14686.249579
132,54,14506.169584
132,55,14487.682021
132,58,14280.252935
132,59,13951.304617
132,66,13779.464655
132,77,13714.428961
133,39,19434.809361
133,40,18755.135353
133,41,17853.868388
133,42,17566.455576
133,43,16850.385370
133,44,16589.668250
133,45,16345.881801
133,46,16214.801754
133,48,15668.242193
133,49,15316.437866
133,50,14588.554790
133,54,14483.385360
133,55,14479.324290
133,57,14423.671321
133,58,14277.452917
133,59,13929.941338
133,66,13779.464655
133,77,13701.900542
134,39,19434.809361
134,40,18231.735520
134,41,16813.307668
134,42,16354.593931
134,45,16247.116389
134,46,16214.801754
134,48,15668.242193
134,49,15316.437866
134,50,14588.554790
134,54,14483.385360
134,55,14479.324290
134,57,14423.671321
134,58,14277.452917
134,59,13929.941338
134,66,13779.464655
134,77,13701.900542
135,39,19434.809361
135,40,18231.735520
135,41,16583.055128
135,42,16354.593931
135,45,16247.116389
135,46,16214.801754
135,48,15612.345708
135,49,15316.437866
135,50,14588.554790
135,54,14451.940491
135,57,14423.671321
135,58,14277.452917
135,59,13929.941338
135,66,13779.464655
135,77,13701.900542
136,39,19434.809361
136,40,18231.735520
136,41,16583.055128
136,42,15770.300578
136,48,15612.345708
136,49,15316.437866
136,50,14588.554790
136,54,14451.940491
136,57,14423.671321
136,58,14277.452917
136,59,13929.941338
136,64,13919.507305
136,66,13779.464655
136,77,13701.900542
137,39,19434.809361
137,40,18231.735520
137,41,16583.055128
137,42,15770.300578
137,48,15612.345708
137,49,15316.437866
137,50,14588.554790
137,54,14451.940491
137,57,14423.671321
137,58,14277.452917
137,59,13929.941338
137,63,13775.984816
137,77,13701.900542
138,39,19434.809361
138,40,18231.735520
138,41,16583.055128
138,42,15770.300578
138,48,15612.345708
138,49,14577.413471
138,53,14419.964356
138,58,14249.704205
138,59,13929.941338
138,63,13758.513021
138,64,13737.206933
138,69,13726.276967
138,70,13670.694280
138,76,13636.261894
139,39,19434.809361
139,40,17293.911192
139,41,16583.055128
139,42,15770.300578
139,48,15612.345708
139,49,14577.413471
139,53,14419.964356
139,58,14249.704205
139,59,13929.941338
139,63,13758.513021
139,64,13737.206933
139,66,13735.978951
139,69,13726.276967
139,70,13670.694280
139,76,13636.261894
140,39,19434.809361
140,40,17293.911192
140,41,16583.055128
140,42,15770.300578
140,48,15612.345708
140,49,14577.413471
140,53,14400.713002
140,57,14286.102083
140,58,14244.525710
140,59,13799.613575
140,63,13742.751807
140,64,13720.108904
140,70,13670.694280
140,76,13636.261894
141,39,19434.809361
141,40,17293.911192
141,41,16583.055128
141,42,15770.300578
141,48,15612.345708
141,49,14577.413471
141,53,14400.713002
141,57,14286.102083
141,58,14244.525710
141,59,13799.613575
141,63,13742.751807
141,64,13720.108904
141,70,13670.694280
141,76,13636.261894
142,39,19434.809361
142,40,17293.911192
142,41,15967.414321
142,42,15770.300578
142,43,15719.201551
142,48,15612.345708
142,49,14577.413471
142,53,14400.713002
142,56,14227.118506
142,57,14098.194075
142,59,13799.613575
142,63,13742.751807
142,64,13720.108904
142,70,13670.694280
142,76,13636.261894
143,39,19434.809361
143,40,17293.911192
143,41,15967.414321
143,42,15770.300578
143,43,15719.201551
143,48,15612.345708
143,49,14577.413471
143,53,14400.713002
143,56,14227.118506
143,57,14098.194075
143,59,13799.613575
143,63,13742.751807
143,64,13720.108904
143,70,13670.694280
143,76,13636.261894
144,39,19434.809361
144,40,17252.975957
144,41,15967.414321
144,42,15770.300578
144,43,15719.201551
144,44,15624.578122
144,48,15612.345708
144,49,14577.413471
144,53,14400.713002
144,56,14193.376827
144,57,14074.950455
144,59,13770.907265
144,63,13742.751807
144,64,13720.108904
144,70,13637.231947
144,76,13627.920847
145,39,19434.809361
145,40,17252.975957
145,41,15967.414321
145,42,15740.001435
145,43,15719.201551
145,44,15624.578122
145,47,15322.703029
145,49,14577.413471
145,53,14400.713002
145,56,14193.376827
145,57,14074.950455
145,59,13770.907265
145,63,13742.751807
145,64,13720.108904
145,70,13637.231947
145,76,13627.920847
146,39,16855.617579
146,41,15967.414321
146,42,15740.001435
146,43,15719.201551
146,44,15624.578122
146,46,15418.665644
146,47,15322.703029
146,49,14577.413471
146,53,14400.713002
146,56,14193.376827
146,57,14074.950455
146,59,13770.907265
146,63,13742.751807
146,64,13720.108904
146,70,13637.231947
146,76,13627.920847
147,39,16855.617579
147,40,16757.056445
147,41,15967.414321
147,42,15740.001435
147,43,15719.201551
147,44,15624.578122
147,46,15418.665644
147,47,15322.703029
147,48,15226.291936
147,49,14577.413471
147,53,14373.775740
147,56,14193.376827
147,57,14074.525838
147,59,13770.907265
147,63,13742.751807
147,64,13720.108904
147,70,13634.943449
147,76,13627.920847
148,39,16855.617579
148,40,15820.473232
148,42,15740.001435
148,43,15719.201551
148,44,15518.451556
148,46,15418.665644
148,47,15093.036038
148,49,14577.413471
148,53,14373.775740
148,56,14193.376827
148,57,14074.525838
148,59,13770.907265
148,63,13742.751807
148,64,13720.108904
148,70,13634.943449
148,76,13627.920847
149,39,16585.657720
149,40,15820.473232
149,42,15740.001435
149,43,15719.201551
149,44,15518.451556
149,45,15485.165302
149,46,15418.665644
149,47,14987.814878
149,49,14495.936366
149,53,14357.783819
149,56,14130.861960
149,57,14074.525838
149,59,13770.907265
149,63,13742.751807
149,64,13684.307186
149,69,13603.461465
150,39,16585.657720
150,40,15820.473232
150,42,15740.001435
150,43,15591.173773
150,44,15518.451556
150,45,15395.759930
150,47,14987.814878
150,49,14495.936366
150,53,14357.783819
150,56,14130.861960
150,57,14074.525838
150,59,13770.907265
150,63,13742.751807
150,64,13684.307186
150,69,13603.461465
151,39,16585.657720
151,40,15820.473232
151,42,15740.001435
151,43,15591.173773
151,44,15518.451556
151,45,15395.759930
151,47,14892.677462
151,48,14417.577333
151,53,14347.681026
151,56,14047.129309
151,59,13731.625230
151,63,13726.150952
151,64,13684.307186
151,69,13603.461465
152,39,16585.657720
152,40,15757.326780
152,42,15673.629110
152,43,15591.173773
152,44,15518.451556
152,45,15395.759930
152,46,15355.281411
152,47,14892.677462
152,48,14417.577333
152,53,14347.681026
152,56,14047.129309
152,59,13731.625230
152,63,13726.150952
152,64,13684.307186
152,69,13603.461465
153,39,16122.486230
153,40,15757.326780
153,42,15673.629110
153,43,15591.173773
153,44,15305.188727
153,47,14876.865817
153,48,14406.136295
153,53,14347.681026
153,55,14038.167656
153,59,13699.240345
153,63,13671.723963
153,69,13603.461465
154,39,16122.486230
154,40,15757.326780
154,41,15683.197334
154,42,15673.629110
154,43,15591.173773
154,44,15305.188727
154,47,14876.865817
154,48,14406.136295
154,53,14347.681026
154,55,14038.167656
154,59,13699.240345
154,63,13671.723963
154,69,13603.461465
155,39,16122.486230
155,40,15757.326780
155,41,15683.197334
155,42,15410.368843
155,43,15310.272437
155,44,15185.665490
155,47,14713.289928
155,48,14400.905630
155,53,14347.681026
155,55,13970.961748
155,59,13686.809909
155,63,13671.723963
155,69,13593.302548
156,39,16122.486230
156,40,15757.326780
156,41,15683.197334
156,42,15410.368843
156,43,15310.272437
156,44,15185.665490
156,46,14899.898323
156,47,14713.289928
156,48,14400.905630
156,53,14347.681026
156,55,13970.961748
156,59,13686.809909
156,63,13671.723963
156,65,13658.776277
156,67,13619.025078
156,69,13593.302548
157,39,16122.486230
157,40,15757.326780
157,41,15683.197334
157,42,15410.368843
157,43,15310.272437
157,44,15185.665490
157,45,14523.608829
157,48,14397.914921
157,53,14347.681026
157,55,13970.961748
157,59,13661.700679
157,62,13659.322414
157,65,13658.776277
157,67,13602.102083
157,69,13578.601500
158,38,16297.483551
158,39,16122.486230
158,40,15757.326780
158,41,15683.197334
158,42,15410.368843
158,43,15310.272437
158,44,15185.665490
158,45,14523.608829
158,48,14397.914921
158,53,14347.681026
158,55,13970.961748
158,59,13661.700679
158,62,13659.322414
158,65,13658.776277
158,67,13602.102083
158,69,13578.601500
159,38,16297.483551
159,39,16122.486230
159,40,15757.326780
159,41,15683.197334
159,42,15410.368843
159,43,15310.272437
159,44,15110.747025
159,45,14369.335985
159,48,14343.707154
159,52,14279.875868
159,55,13970.961748
159,59,13661.700679
159,62,13610.889689
159,67,13602.102083
159,69,13578.601500
160,38,16297.483551
160,39,16122.486230
160,40,15704.699343
160,41,15683.197334
160,42,15410.368843
160,43,15310.272437
160,44,15110.747025
160,45,14369.335985
160,48,14343.707154
160,52,14279.875868
160,55,13970.961748
160,59,13661.700679
160,62,13610.889689
160,67,13602.102083
160,69,13578.601500
161,38,16297.483551
161,39,16122.486230
161,40,15704.699343
161,41,15683.197334
161,42,15410.368843
161,43,15156.009852
161,44,15039.052002
161,45,14369.335985
161,48,14259.718443
161,52,14244.632392
161,55,13970.961748
161,59,13661.700679
161,62,13609.224601
161,67,13588.079943
161,69,13578.601500
162,38,16297.483551
162,39,16122.486230
162,40,15704.699343
162,41,15683.197334
162,42,15410.368843
162,43,15156.009852
162,44,15039.052002
162,45,14369.335985
162,47,14274.101461
162,48,14259.718443
162,52,14244.632392
162,53,14187.713512
162,55,13970.961748
162,59,13661.700679
162,62,13609.224601
162,67,13588.079943
162,69,13578.601500
163,38,16297.483551
163,39,15835.132306
163,40,15704.699343
163,41,15683.197334
163,42,15410.368843
163,43,15047.690825
163,44,15039.052002
163,45,14369.335985
163,47,14240.580799
163,48,14235.862842
163,52,14160.883110
163,55,13970.961748
163,59,13596.304537
163,62,13589.442369
163,64,13566.166994
164,38,16297.483551
164,39,15835.132306
164,40,15704.699343
164,41,15683.197334
164,42,15410.368843
164,43,15047.690825
164,44,15039.052002
164,45,14369.335985
164,47,14240.580799
164,48,14235.862842
164,51,14149.579796
164,55,13970.961748
164,59,13596.304537
164,62,13589.442369
164,64,13566.166994
165,38,16297.483551
165,39,15835.132306
165,40,15704.699343
165,41,15464.570512
165,42,15410.368843
165,43,15047.690825
165,44,14978.569688
165,45,14369.335985
165,46,14359.804355
165,47,14240.580799
165,48,14235.862842
165,49,14064.146218
165,55,13970.961748
165,59,13594.376103
165,62,13589.442369
165,64,13566.166994
166,38,16297.483551
166,39,15835.132306
166,40,15704.699343
166,41,15464.570512
166,42,15410.368843
166,43,15047.690825
166,44,14978.569688
166,45,14369.335985
166,46,14359.804355
166,47,14240.580799
166,48,14235.862842
166,49,14064.146218
166,55,13970.961748
166,59,13594.376103
166,62,13589.442369
166,64,13566.166994
167,38,15913.664125
167,39,15835.132306
167,40,15621.626569
167,41,15464.570512
167,42,15374.074160
167,43,15012.603491
167,44,14935.787237
167,45,14319.342428
167,46,14231.220296
167,49,14064.146218
167,55,13904.304878
167,59,13594.376103
167,62,13587.685860
167,64,13540.039925
168,38,15913.664125
168,39,15835.132306
168,40,15621.626569
168,41,15464.570512
168,42,15374.074160
168,43,15012.603491
168,44,14935.787237
168,45,14319.342428
168,46,14231.220296
168,47,14218.851753
168,49,14064.146218
168,55,13904.304878
168,59,13594.376103
168,62,13587.685860
168,63,13541.325194
168,64,13540.039925
169,38,15913.664125
169,39,15835.132306
169,40,15621.626569
169,41,15464.570512
169,42,15302.281240
169,43,15012.603491
169,44,14908.753617
169,45,14260.889193
169,46,14178.937312
169,47,14090.010153
169,49,14014.197256
169,55,13904.304878
169,59,13574.204807
169,62,13561.853403
169,63,13503.517994
170,38,15913.664125
170,39,15835.132306
170,40,15621.626569
170,41,15464.570512
170,42,15302.281240
170,43,15012.603491
170,44,14908.753617
170,45,14260.889193
170,46,14178.937312
170,47,14090.010153
170,49,14014.197256
170,55,13904.304878
170,59,13574.204807
170,62,13561.853403
170,63,13503.517994
171,38,15913.664125
171,39,15835.132306
171,40,15621.626569
171,41,15456.236123
171,42,15302.281240
171,43,15012.603491
171,44,14884.873267
171,45,14255.737000
171,46,14178.937312
171,47,14045.786374
171,49,14006.920524
171,55,13904.304878
171,59,13562.852540
171,62,13560.733171
171,63,13494.311965
172,38,15913.664125
172,39,15835.132306
172,40,15621.626569
172,41,15456.236123
172,42,15201.254469
172,43,15012.603491
172,44,14884.873267
172,45,14255.737000
172,46,14178.937312
172,47,14045.786374
172,49,14006.920524
172,55,13904.304878
172,59,13562.852540
172,62,13560.733171
172,63,13494.311965
173,38,15913.664125
173,39,15745.801625
173,40,15621.626569
173,41,15456.236123
173,42,15201.254469
173,43,15012.603491
173,44,14884.873267
173,45,14255.737000
173,46,14178.937312
173,47,14045.106461
173,49,13987.647236
173,55,13904.304878
173,58,13847.897913
173,59,13562.852540
173,62,13560.733171
173,63,13494.311965
174,38,15913.664125
174,39,15745.801625
174,40,15621.626569
174,41,15456.236123
174,42,15201.254469
174,43,15012.603491
174,44,14884.873267
174,45,14255.737000
174,46,14178.937312
174,47,14045.106461
174,49,13987.647236
174,55,13904.304878
174,58,13847.897913
174,59,13562.852540
174,62,13560.733171
174,63,13487.044476
174,66,13405.935274
175,38,15913.664125
175,39,15745.801625
175,40,15621.626569
175,41,15456.236123
175,42,15201.254469
175,43,15012.603491
175,44,14884.873267
175,45,14255.737000
175,46,14168.795984
175,47,14043.420245
175,49,13978.867549
175,55,13881.840776
175,56,13737.428275
175,59,13556.313358
175,61,13541.119453
175,63,13487.044476
175,66,13405.935274
176,38,15913.664125
176,39,15745.801625
176,40,15591.371478
176,41,15456.236123
176,42,15201.254469
176,43,15012.603491
176,44,14884.873267
176,45,14255.737000
176,46,14168.795984
176,47,14043.420245
176,49,13978.867549
176,55,13881.840776
176,56,13737.428275
176,59,13556.313358
176,61,13541.119453
176,63,13487.044476
176,64,13466.973718
176,66,13405.935274
177,38,15913.664125
177,39,15745.801625
177,40,15477.713755
177,41,15456.236123
177,42,15201.254469
177,43,15012.603491
177,44,14884.873267
177,45,14255.737000
177,46,14168.795984
177,47,14043.420245
177,49,13843.738147
177,54,13656.918255
177,59,13551.646639
177,61,13510.742208
177,63,13446.023590
177,66,13399.246693
178,38,15913.664125
178,39,15745.801625
178,40,15477.713755
178,41,15360.223406
178,42,15201.254469
178,43,14919.920131
178,44,14612.792448
178,45,14255.737000
178,46,14168.795984
178,47,14043.420245
178,49,13843.738147
178,54,13656.918255
178,59,13551.646639
178,61,13510.742208
178,63,13446.023590
178,64,13415.169526
178,66,13399.246693
179,38,15913.664125
179,39,15745.801625
179,40,15477.713755
179,41,15360.223406
179,42,15201.254469
179,43,14866.746349
179,44,14612.792448
179,45,14255.737000
179,46,14168.795984
179,47,14043.420245
179,48,14007.630386
179,49,13843.738147
179,51,13603.070869
179,59,13520.938624
179,61,13510.742208
179,63,13401.668397
179,66,13376.960782
180,38,15913.664125
180,39,15708.316026
180,40,15477.713755
180,41,15360.223406
180,42,15201.254469
180,43,14866.746349
180,44,14612.792448
180,45,14255.737000
180,46,14168.795984
180,47,14043.420245
180,48,14007.630386
180,49,13843.738147
180,51,13603.070869
180,57,13510.182115
180,63,13401.668397
180,66,13376.960782
181,38,15913.664125
181,39,15708.316026
181,40,15477.713755
181,41,15291.378598
181,42,15201.254469
181,43,14826.546161
181,44,14557.643867
181,45,14069.873611
181,47,14035.260345
181,48,14007.630386
181,49,13843.738147
181,51,13603.070869
181,57,13493.689186
181,63,13370.253611
182,38,15913.664125
182,39,15708.316026
182,40,15477.713755
182,41,15291.378598
182,42,14309.822411
182,45,14069.873611
182,47,14035.260345
182,48,13958.847820
182,49,13843.738147
182,51,13603.070869
182,56,13419.162761
182,63,13370.253611
183,38,15913.664125
183,39,15708.316026
183,40,15477.713755
183,41,15213.098506
183,42,14255.805584
183,44,14211.227684
183,45,14068.187395
183,47,14012.994870
183,48,13943.447941
183,49,13833.834444
183,51,13603.070869
183,56,13370.290029
183,63,13359.193307
184,38,15913.664125
184,39,15708.316026
184,40,15477.713755
184,41,15163.797978
184,42,14255.805584
184,44,14211.227684
184,45,14068.187395
184,47,14012.994870
184,48,13943.447941
184,49,13728.203412
184,51,13603.070869
184,56,13370.290029
184,63,13359.193307
185,38,15913.664125
185,39,15654.612139
185,40,15061.526880
185,42,14254.965571
185,44,14188.179642
185,45,14068.187395
185,47,13999.183676
185,48,13927.467261
185,49,13706.612023
185,51,13602.344186
185,56,13362.142321
185,63,13359.193307
186,38,15913.664125
186,39,15654.612139
186,40,15061.526880
186,42,14254.965571
186,44,14188.179642
186,45,14068.187395
186,47,13999.183676
186,48,13927.467261
186,49,13706.612023
186,51,13602.344186
186,56,13362.142321
186,63,13359.193307
186,64,13286.875914
187,38,15913.664125
187,39,15595.801927
187,40,15061.526880
187,42,14108.119056
187,45,14068.187395
187,47,13995.229113
187,48,13927.467261
187,49,13706.612023
187,51,13561.213328
187,56,13362.142321
187,63,13353.868319
187,64,13286.875914
188,38,15913.664125
188,39,15595.801927
188,40,15061.526880
188,42,14108.119056
188,45,14068.187395
188,47,13995.229113
188,48,13927.467261
188,49,13706.612023
188,51,13561.213328
188,56,13362.142321
188,63,13272.885067
189,38,15837.719889
189,39,15470.714771
189,40,15061.526880
189,42,14107.508341
189,45,14068.187395
189,46,13969.800860
189,48,13604.005377
189,51,13547.160748
189,56,13315.433320
189,63,13272.885067
190,38,15837.719889
190,39,15470.714771
190,40,15061.526880
190,42,14107.508341
190,45,14068.187395
190,46,13969.800860
190,48,13604.005377
190,51,13547.160748
190,56,13315.433320
190,63,13272.885067
191,38,15837.719889
191,39,15470.714771
191,40,15061.526880
191,42,14106.581499
191,45,14049.687449
191,46,13969.800860
191,48,13595.725789
191,51,13547.160748
191,54,13489.309613
191,56,13300.656802
191,57,13283.176266
191,63,13272.877144
192,38,15837.719889
192,39,15470.714771
192,40,15061.526880
192,42,14106.581499
192,45,14049.687449
192,46,13794.336017
192,48,13595.725789
192,51,13478.196783
192,56,13300.656802
192,57,13283.176266
192,63,13272.877144
193,38,15837.719889
193,39,15426.051119
193,40,14908.202103
193,42,14106.581499
193,45,13754.484785
193,48,13592.816475
193,51,13433.555222
193,53,13296.684220
193,57,13283.176266
193,63,13272.877144
194,38,15837.719889
194,39,15426.051119
194,40,14908.202103
194,42,14106.581499
194,43,14065.069359
194,45,13754.484785
194,48,13592.816475
194,51,13433.555222
194,53,13296.684220
194,57,13283.176266
194,63,13272.877144
195,38,15837.719889
195,39,15331.043900
195,40,14906.965493
195,42,13983.440066
195,45,13751.678596
195,48,13592.816475
195,50,13586.120670
195,51,13433.555222
195,53,13284.400957
195,57,13264.205202
196,38,15837.719889
196,39,15331.043900
196,40,14906.965493
196,42,13983.440066
196,45,13751.678596
196,47,13600.221537
196,48,13592.816475
196,50,13586.120670
196,51,13433.555222
196,53,13254.419815
197,38,15744.906210
197,39,15242.706564
197,40,14865.686850
197,42,13857.530079
197,44,13730.342514
197,47,13493.059578
197,51,13431.603794
197,53,13253.771403
198,38,15744.906210
198,39,15242.706564
198,40,14865.686850
198,42,13857.530079
198,44,13730.342514
198,47,13493.059578
198,51,13431.603794
198,53,13253.771403
199,38,15696.968769
199,39,15198.211787
199,40,14841.398491
199,41,13826.921631
199,44,13730.342514
199,45,13626.324595
199,47,13493.059578
199,51,13395.259713
199,53,13253.771403
200,38,15696.968769
200,39,15198.211787
200,40,14841.398491
200,41,13826.921631
200,44,13730.342514
200,45,13626.324595
200,47,13493.059578
200,51,13395.259713
200,53,13253.771403
201,38,15566.350153
201,39,15115.113838
201,40,14785.313520
201,41,13809.045226
201,44,13640.164749
201,45,13598.193436
201,47,13464.211594
201,51,13395.259713
201,53,13252.963148
202,38,15566.350153
202,39,15115.113838
202,40,14785.313520
202,41,13809.045226
202,44,13610.325684
202,45,13598.193436
202,47,13464.211594
202,51,13395.259713
202,53,13252.963148
202,59,13251.856040
203,38,15442.464161
203,39,15115.113838
203,40,14785.313520
203,41,13809.045226
203,44,13561.476570
203,47,13456.255840
203,51,13394.406818
203,53,13252.963148
203,54,13233.252668
204,38,15442.464161
204,39,15115.113838
204,40,14785.313520
204,41,13809.045226
204,44,13561.476570
204,47,13456.255840
204,51,13392.526486
204,53,13252.963148
204,54,13233.252668
205,38,15442.464161
205,39,15068.318545
205,40,14785.313520
205,41,13787.974826
205,42,13698.225146
205,44,13561.476570
205,46,13431.422355
205,51,13392.526486
205,53,13240.505202
205,54,13232.709390
206,38,15217.646874
206,39,15068.318545
206,40,14785.313520
206,41,13787.974826
206,42,13698.225146
206,44,13561.476570
206,46,13431.422355
206,51,13392.526486
206,53,13240.505202
206,54,13232.709390
207,38,15074.865306
207,39,15029.053032
207,40,14785.313520
207,41,13786.951259
207,42,13675.740285
207,44,13561.476570
207,46,13431.422355
207,51,13380.169320
207,53,13240.433799
207,54,13225.541059
208,38,15074.865306
208,39,15029.053032
208,40,14785.313520
208,41,13786.951259
208,42,13675.740285
208,44,13561.476570
208,46,13431.422355
208,51,13380.169320
208,53,13238.142642
208,54,13225.541059
209,38,15003.876749
209,39,14986.809048
209,40,14773.864675
209,41,13776.176813
209,42,13664.957509
209,44,13561.476570
209,46,13431.422355
209,51,13380.169320
209,53,13183.470504
210,38,14922.637802
210,40,14773.864675
210,41,13776.176813
210,42,13664.957509
210,44,13561.476570
210,46,13431.422355
210,51,13380.169320
210,53,13183.470504
211,38,14887.776966
211,40,14661.804109
211,41,13754.965525
211,42,13664.957509
211,44,13561.476570
211,46,13421.789464
211,51,13380.169320
211,53,13183.470504
211,55,13183.045299
211,56,13179.897531
212,38,14887.776966
212,40,14661.804109
212,41,13754.965525
212,42,13664.957509
212,44,13561.476570
212,46,13339.626697
212,53,13183.470504
212,55,13183.045299
212,56,13179.897531
213,38,14864.637861
213,40,14500.701668
213,41,13690.506951
213,42,13654.099495
213,44,13561.476570
213,46,13321.630759
213,53,13173.082340
214,38,14864.637861
214,40,14500.701668
214,41,13690.506951
214,42,13654.099495
214,43,13637.303389
214,44,13505.390081
214,46,13321.630759
214,53,13173.082340
214,56,13151.129667
215,38,14819.891223
215,40,14500.701668
215,41,13690.506951
215,42,13654.099495
215,43,13637.303389
215,44,13489.263772
215,46,13321.630759
215,53,13168.048225
215,56,13151.129667
216,38,14819.891223
216,40,14500.701668
216,41,13690.506951
216,42,13654.099495
216,43,13637.303389
216,44,13489.263772
216,46,13321.630759
216,50,13187.254962
216,53,13168.048225
216,56,13151.129667
217,38,14790.922271
217,40,14436.120624
217,41,13690.506951
217,42,13654.099495
217,43,13637.303389
217,44,13471.983007
217,46,13311.242595
217,50,13180.117173
217,53,13168.048225
217,56,13151.129667
218,38,14790.922271
218,40,14436.120624
218,41,13631.613707
218,44,13471.983007
218,46,13311.242595
218,50,13180.117173
218,53,13168.048225
218,56,13151.129667
218,57,13124.841962
219,38,14719.351208
219,40,14404.011357
219,41,13619.006481
219,44,13454.291981
219,46,13311.242595
219,50,13180.117173
219,53,13126.338356
219,57,13101.220997
220,38,14719.351208
220,40,14404.011357
220,41,13619.006481
220,44,13454.291981
220,46,13311.242595
220,50,13180.117173
220,53,13126.338356
220,56,13091.770474
221,38,14719.351208
221,40,14371.772759
221,41,13549.521956
221,44,13448.406755
221,46,13311.242595
221,50,13180.117173
221,53,13126.338356
221,56,13089.369464
221,59,13086.199226
222,38,14719.351208
222,40,14371.772759
222,41,13549.521956
222,44,13448.406755
222,46,13311.242595
222,50,13180.117173
222,53,13126.338356
222,56,13089.369464
222,59,13086.199226
223,38,14713.361007
223,40,14362.107365
223,41,13487.340506
223,44,13438.255320
223,45,13253.352000
223,50,13124.123418
223,56,13085.775645
223,59,13076.286199
224,38,14713.361007
224,40,14362.107365
224,41,13487.340506
224,44,13438.255320
224,45,13253.352000
224,50,13124.123418
224,56,13085.775645
224,59,13076.286199
225,38,14606.856243
225,40,14349.948256
225,41,13411.903856
225,44,13396.406583
225,45,13248.048312
225,50,13114.132228
225,56,13057.542683
226,38,14606.856243
226,40,14156.222582
226,41,13411.903856
226,44,13396.406583
226,45,13248.048312
226,50,13114.132228
226,56,13055.786731
227,38,14590.998156
227,40,14143.768842
227,41,13404.390064
227,44,13396.406583
227,45,13248.048312
227,49,13150.510304
227,50,13114.132228
227,56,13055.786731
228,38,14590.998156
228,40,13700.239609
228,41,13404.390064
228,44,13396.406583
228,45,13248.048312
228,49,13150.510304
228,50,13114.132228
228,56,13055.786731
229,38,14583.855744
229,40,13699.226190
229,41,13378.104550
229,45,13248.048312
229,49,13150.510304
229,50,13105.403554
229,56,13055.786731
230,38,14583.855744
230,40,13699.226190
230,41,13378.104550
230,45,13248.048312
230,49,13150.510304
230,50,13105.403554
230,55,13082.001574
230,56,13055.786731
231,37,14868.425083
231,38,14583.855744
231,40,13680.629747
231,41,13345.090043
231,45,13247.787545
231,49,13150.510304
231,50,13105.403554
231,55,13082.001574
231,56,13055.786731
232,37,14868.425083
232,38,14583.855744
232,40,13680.629747
232,41,13345.090043
232,45,13247.787545
232,49,13150.510304
232,50,13105.403554
232,55,13082.001574
232,56,13055.786731
233,37,14868.425083
233,38,14565.250490
233,40,13647.820634
233,41,13345.090043
233,45,13247.787545
233,49,13150.510304
233,50,13083.746078
233,55,13082.001574
233,56,13041.612397
234,37,14868.425083
234,38,14565.250490
234,40,13647.820634
234,41,13345.090043
234,45,13247.787545
234,49,13150.510304
234,50,13083.746078
234,55,13082.001574
234,56,12988.669502
235,37,14681.295768
235,38,14528.049491
235,40,13647.820634
235,41,13336.226514
235,45,13247.787545
235,48,13097.526240
235,50,13053.258701
235,55,12965.829281
236,37,14681.295768
236,38,14528.049491
236,40,13647.820634
236,41,13290.573354
236,45,13247.787545
236,48,13097.526240
236,50,13053.258701
236,55,12965.829281
237,37,14644.878784
237,38,14527.834021
237,40,13619.444386
237,41,13287.937608
237,45,13227.839127
237,48,13097.526240
237,50,13053.258701
237,55,12952.861991
238,37,14644.878784
238,38,14527.834021
238,40,13619.444386
238,41,13287.937608
238,45,13227.839127
238,48,13097.526240
238,50,13053.258701
238,55,12952.861991
239,37,14563.901340
239,38,14495.615565
239,40,13612.097724
239,41,13287.937608
239,45,13227.839127
239,48,13097.526240
239,50,13053.258701
239,53,13032.651462
239,55,12952.861991
240,36,16041.590571
240,37,14563.901340
240,38,14495.615565
240,40,13612.097724
240,41,13287.937608
240,45,13227.839127
240,48,13097.526240
240,50,13053.258701
240,53,13032.651462
240,55,12952.861991
241,36,15810.763996
241,37,14552.566427
241,38,14481.234085
241,40,13607.626416
241,41,13280.364872
241,45,13210.030602
241,48,13094.766556
241,50,13053.258701
241,53,13032.651462
241,55,12950.503081
242,36,15810.763996
242,37,14552.566427
242,38,14481.234085
242,40,13607.626416
242,41,13280.364872
242,45,13210.030602
242,48,13094.766556
242,50,13053.258701
242,53,13032.651462
242,55,12950.503081
243,36,15745.384010
243,37,14552.356759
243,38,14477.687317
243,40,13239.911533
243,45,13197.047565
243,48,13094.766556
243,49,13036.819247
243,53,13032.651462
243,55,12950.503081
244,36,15745.384010
244,37,14552.356759
244,38,14477.687317
244,39,13859.904846
244,40,13239.911533
244,45,13197.047565
244,48,13094.766556
244,49,13036.819247
244,53,13032.651462
244,55,12950.503081
245,36,15729.385426
245,37,14552.356759
245,38,14477.687317
245,39,13794.609246
245,40,13239.911533
245,45,13190.293730
245,47,13042.134384
245,49,13033.995959
245,53,13032.651462
245,55,12950.503081
246,36,15466.367677
246,37,14552.356759
246,38,14477.687317
246,39,13794.609246
246,40,13239.911533
246,44,13127.182915
246,47,13042.134384
246,49,13033.995959
246,53,13032.651462
246,55,12950.503081
247,36,15466.367677
247,37,14552.356759
247,38,14477.687317
247,39,13794.609246
247,40,13239.911533
247,44,13127.182915
247,47,13038.422384
247,49,13033.995959
247,53,12983.182483
247,54,12961.392080
247,55,12950.503081
248,36,15466.367677
248,37,14552.356759
248,38,14477.687317
248,39,13794.609246
248,40,13239.911533
248,44,13127.182915
248,47,13038.422384
248,49,13033.995959
248,53,12983.182483
248,54,12961.392080
248,55,12950.503081
249,36,15466.367677
249,37,14393.966292
249,39,13333.853786
249,40,13239.911533
249,44,13127.182915
249,47,13038.309500
249,49,13033.995959
249,53,12983.182483
249,54,12928.998612
250,36,15466.367677
250,37,14393.966292
250,39,13333.853786
250,40,13239.911533
250,41,13230.349505
250,44,13127.182915
250,45,13077.711539
250,47,13038.309500
250,49,13033.995959
250,50,13014.853775
250,51,12995.578590
250,53,12983.182483
250,54,12928.998612
251,36,15466.367677
251,37,14387.597809
251,39,13333.853786
251,40,13239.911533
251,41,13230.349505
251,44,13127.182915
251,45,13077.711539
251,47,13021.731755
251,50,12972.203992
251,54,12928.998612
252,36,15466.367677
252,37,14387.597809
252,39,13333.853786
252,40,13239.911533
252,41,13230.349505
252,44,13127.182915
252,45,13077.711539
252,47,13021.731755
252,50,12972.203992
252,54,12928.998612
253,36,15196.149078
253,37,14369.575554
253,39,13305.211511
253,40,13239.911533
253,41,13199.253430
253,44,13127.182915
253,45,13072.837241
253,47,13021.731755
253,50,12960.258729
253,53,12892.553713
254,36,15196.149078
254,37,14369.575554
254,39,13305.211511
254,40,13239.911533
254,41,13199.253430
254,42,13156.745683
254,44,13127.182915
254,45,13072.837241
254,47,13021.731755
254,50,12960.258729
254,53,12892.553713
255,36,15196.149078
255,37,14341.960698
255,39,13237.481169
255,41,13199.253430
255,42,13079.520516
255,45,13072.837241
255,47,12952.999341
255,53,12878.005665
256,36,15196.149078
256,37,14341.960698
256,39,13237.481169
256,41,13199.253430
256,42,13079.520516
256,45,13072.837241
256,46,13023.993022
256,47,12952.999341
256,53,12878.005665
257,36,14974.538473
257,37,14331.385790
257,39,13237.481169
257,41,13190.202075
257,42,13066.797509
257,46,12885.602411
257,53,12877.584278
258,36,14974.538473
258,37,14331.385790
258,39,13237.481169
258,41,13190.202075
258,42,13066.797509
258,46,12885.602411
258,53,12877.584278
259,36,14905.614530
259,37,14242.239126
259,39,13230.816838
259,41,13190.202075
259,42,13066.356393
259,46,12885.602411
259,53,12877.584278
260,36,14905.614530
260,37,14242.239126
260,39,13230.816838
260,40,13195.647668
260,41,13190.202075
260,42,13066.356393
260,46,12885.602411
260,53,12877.584278
261,36,14704.963808
261,37,14210.766996
261,39,13224.370364
261,40,13195.432085
261,41,13175.334269
261,42,13065.902848
261,46,12885.602411
261,53,12847.571737
262,36,14704.963808
262,37,14210.766996
262,39,13224.370364
262,40,13195.432085
262,41,13175.334269
262,42,13065.902848
262,46,12885.602411
262,53,12847.571737
263,36,14601.402229
263,37,14197.749447
263,39,13224.232278
263,40,13192.479373
263,41,13171.580782
263,42,13062.043709
263,46,12885.602411
263,53,12846.701749
264,36,14601.402229
264,37,14197.749447
264,39,13224.232278
264,40,13192.479373
264,41,13171.580782
264,42,13062.043709
264,46,12885.602411
264,53,12846.701749
265,36,14583.053607
265,37,14197.749447
265,39,13210.291876
265,40,13192.479373
265,41,13171.580782
265,42,13062.043709
265,43,13061.710437
265,46,12884.474760
265,53,12846.701749
266,36,14583.053607
266,37,14197.749447
266,39,13210.291876
266,40,13192.479373
266,41,13171.580782
266,42,13062.043709
266,43,13061.710437
266,46,12884.474760
266,53,12846.701749
267,36,14570.015065
267,37,14175.896476
267,39,13194.907102
267,40,13178.370691
267,41,13171.580782
267,42,13062.043709
267,43,13061.710437
267,46,12873.966978
267,53,12839.142485
268,36,14570.015065
268,37,14175.896476
268,38,13291.009294
268,39,13194.907102
268,40,13178.370691
268,41,13171.580782
268,42,13062.043709
268,43,13061.710437
268,46,12873.966978
268,53,12839.142485
269,36,14570.015065
269,37,14152.440366
269,38,13290.219095
269,39,13194.152521
269,40,13164.729083
269,41,13101.512678
269,42,13062.043709
269,43,13061.710437
269,46,12873.966978
269,53,12830.918956
270,36,14570.015065
270,37,14152.440366
270,38,13290.219095
270,39,13185.284845
270,40,13164.729083
270,41,13101.512678
270,42,13062.043709
270,43,13061.710437
270,44,13050.762233
270,46,12873.966978
270,53,12830.918956
271,36,14570.015065
271,37,14152.440366
271,38,13279.764378
271,39,13185.284845
271,40,13164.729083
271,41,13101.512678
271,42,13062.043709
271,43,13055.231493
271,44,13050.762233
271,46,12866.529168
271,48,12857.616199
271,53,12798.632679
272,36,14346.969142
272,37,14152.440366
272,38,13279.764378
272,39,13185.284845
272,40,13164.729083
272,41,13101.512678
272,42,13062.043709
272,43,12972.143660
272,46,12866.529168
272,48,12857.616199
272,53,12798.632679
273,36,14346.969142
273,37,14083.268756
273,38,13279.764378
273,39,13181.864741
273,40,13144.508725
273,41,13101.512678
273,42,13056.234853
273,43,12972.143660
273,46,12866.529168
273,48,12857.616199
273,53,12798.632679
274,36,14346.969142
274,37,14083.268756
274,38,13279.764378
274,39,13181.864741
274,40,13144.508725
274,41,13101.512678
274,42,13056.234853
274,43,12972.143660
274,46,12866.529168
274,48,12857.616199
274,53,12787.450706
275,36,14309.363267
275,37,14048.384178
275,38,13279.764378
275,39,13117.806123
275,41,13099.281668
275,42,13056.234853
275,43,12959.964369
275,46,12854.809920
275,53,12761.738346
276,36,14309.363267
276,37,14048.384178
276,38,13279.764378
276,39,13117.806123
276,41,13099.281668
276,42,13056.234853
276,43,12959.964369
276,46,12854.809920
276,53,12761.738346
277,36,14275.558358
277,37,14048.384178
277,38,13268.274680
277,39,13117.463664
277,41,13000.537957
277,43,12956.412772
277,46,12854.809920
277,53,12761.738346
278,35,14717.670021
278,36,14275.558358
278,37,14042.218842
278,38,13205.566775
278,39,13117.463664
278,41,13000.537957
278,43,12956.412772
278,45,12890.717972
278,46,12854.809920
278,53,12761.738346
279,35,14717.670021
279,36,14220.995714
279,37,14042.218842
279,38,13205.566775
279,39,13117.463664
279,41,13000.537957
279,43,12927.558009
279,45,12834.720992
279,53,12761.738346
280,35,14717.670021
280,36,14220.995714
280,37,13216.788869
280,38,13138.303071
280,39,13117.463664
280,41,13000.537957
280,43,12927.558009
280,45,12834.720992
280,53,12761.738346
281,35,14717.670021
281,36,14220.995714
281,37,13216.788869
281,38,13138.303071
281,39,13117.463664
281,41,13000.537957
281,42,12874.270079
281,44,12831.882238
281,53,12761.738346
282,35,14717.670021
282,36,14220.995714
282,37,13216.788869
282,38,13138.303071
282,39,13117.463664
282,41,13000.537957
282,42,12874.270079
282,44,12831.882238
282,53,12761.738346
283,35,14679.270123
283,36,14117.393070
283,37,13216.788869
283,38,13125.948941
283,39,13117.463664
283,41,12980.800148
283,42,12742.379376
284,35,14679.270123
284,36,14117.393070
284,37,13216.788869
284,38,13125.948941
284,39,13117.463664
284,41,12946.404279
284,42,12742.379376
285,35,14587.261506
285,36,14117.393070
285,37,13212.114948
285,38,13087.693022
285,39,13058.462390
285,41,12924.146515
285,42,12742.379376
286,35,14587.261506
286,36,14117.393070
286,37,13212.114948
286,38,13087.693022
286,39,13029.176228
286,41,12924.146515
286,42,12742.379376
287,35,14582.900033
287,36,14117.393070
287,37,13197.523745
287,38,13087.693022
287,39,13029.176228
287,41,12924.146515
287,42,12742.379376
288,35,14582.900033
288,36,14117.393070
288,37,13197.523745
288,38,13087.693022
288,39,13029.176228
288,41,12924.146515
288,42,12742.379376
289,34,14499.236273
289,35,14377.344356
289,36,14117.393070
289,37,13189.075325
289,38,13043.229986
289,39,13029.176228
289,40,12723.259519
290,34,14499.236273
290,35,14377.344356
290,36,14117.393070
290,37,13189.075325
290,38,13043.229986
290,39,13029.176228
290,40,12723.259519
291,34,14499.236273
291,35,14335.727134
291,36,13571.157034
291,37,13188.320744
291,38,13042.725153
291,39,13029.176228
291,40,12723.259519
292,34,14499.236273
292,35,14335.727134
292,36,13571.157034
292,37,13188.320744
292,38,13042.725153
292,39,13029.176228
292,40,12723.259519
293,34,14321.843581
293,36,13565.623741
293,37,13188.320744
293,38,13042.652635
293,39,13004.112362
293,40,12718.238826
293,42,12706.072232
294,34,14321.843581
294,36,13565.623741
294,37,13188.320744
294,38,13042.652635
294,39,13004.112362
294,40,12718.238826
294,42,12706.072232
295,34,14212.812137
295,36,13550.143681
295,37,13148.434954
295,38,13019.115599
295,39,12701.839615
296,34,14212.812137
296,36,13550.143681
296,37,13148.434954
296,38,13019.115599
296,39,12701.839615
297,34,14150.978060
297,36,13533.375218
297,37,13126.253617
297,38,13015.784974
297,39,12701.839615
298,34,14150.978060
298,36,13533.375218
298,37,13121.994564
298,38,13015.784974
298,39,12701.839615
299,34,14052.471139
299,36,13533.375218
299,37,13121.994564
299,38,13013.681209
299,39,12701.839615
300,34,14052.471139
300,36,13533.375218
300,37,13121.994564
300,38,13013.681209
300,39,12701.839615
301,34,14017.328502
301,36,13533.375218
301,37,13118.142514
301,38,12988.282256
301,39,12701.839615
302,34,14017.328502
302,36,13533.375218
302,37,13118.142514
302,38,12988.282256
302,39,12701.839615
303,34,13986.497056
303,36,13502.707620
303,37,13117.019762
303,38,12988.282256
303,39,12700.426373
303,42,12680.634051
304,34,13986.497056
304,36,13502.707620
304,37,13117.019762
304,38,12988.282256
304,39,12700.426373
304,42,12680.634051
305,34,13967.633592
305,36,13502.707620
305,37,12953.245687
305,39,12698.659535
305,42,12680.634051
306,34,13967.633592
306,36,13502.707620
306,37,12953.245687
306,39,12698.659535
306,42,12680.634051
307,34,13967.633592
307,36,13187.022415
307,37,12953.245687
307,39,12696.297516
307,42,12680.634051
308,34,13967.633592
308,36,13187.022415
308,37,12953.245687
308,39,12696.297516
308,41,12689.085637
308,42,12680.634051
309,34,13965.684201
309,35,13859.848465
309,36,13187.022415
309,37,12946.822217
309,39,12673.823439
310,34,13965.684201
310,35,13859.848465
310,36,13187.022415
310,37,12946.822217
310,38,12946.544796
310,39,12673.823439
311,34,13820.532593
311,36,13179.538639
311,37,12946.822217
311,38,12845.571447
311,39,12669.593454
311,41,12656.928458
312,34,13820.532593
312,36,13179.538639
312,37,12946.822217
312,38,12845.571447
312,39,12669.593454
312,41,12656.928458
313,34,13760.029875
313,36,13179.538639
313,37,12941.247387
313,38,12845.549226
313,39,12669.593454
313,41,12656.640879
314,34,13760.029875
314,36,13179.538639
314,37,12884.162589
314,38,12845.549226
314,39,12669.593454
314,40,12657.077526
314,41,12645.278136
315,34,13759.634413
315,36,13103.659370
315,37,12879.414656
315,38,12845.549226
315,39,12669.593454
315,40,12657.077526
315,41,12645.278136
316,34,13759.634413
316,36,13103.659370
316,37,12879.414656
316,38,12845.549226
316,39,12669.593454
316,40,12657.077526
316,41,12645.278136
316,43,12641.395526
317,34,13728.433171
317,36,12991.838999
317,37,12879.414656
317,38,12845.549226
317,39,12669.593454
317,40,12657.077526
317,41,12645.278136
317,42,12577.197365
318,34,13728.433171
318,36,12991.838999
318,37,12879.414656
318,38,12845.549226
318,39,12660.774566
318,40,12657.077526
318,41,12645.278136
318,42,12577.197365
319,34,13721.943519
319,36,12951.649255
319,37,12875.127759
319,38,12845.549226
319,39,12660.523539
319,40,12657.077526
319,41,12590.821337
319,42,12573.203329
320,34,13721.943519
320,36,12951.649255
320,37,12875.127759
320,38,12845.549226
320,39,12660.523539
320,40,12607.328266
320,41,12590.821337
320,42,12573.203329
321,34,13701.980841
321,36,12947.993587
321,37,12875.127759
321,38,12835.014761
321,39,12660.523539
321,40,12607.328266
321,41,12590.821337
321,42,12570.193687
322,34,13701.980841
322,36,12947.993587
322,37,12834.583401
322,39,12660.523539
322,40,12607.328266
322,41,12590.821337
322,42,12570.193687
