Generation,NV,TOC
1,71,28533.990839
1,81,27966.401706
1,83,27067.054067
1,88,27051.684464
1,92,24744.612306
1,121,21789.831096
1,127,19253.554172
1,164,18377.764022
1,167,18341.222633
1,195,17893.949441
2,71,28533.990839
2,79,28148.225389
2,81,27966.401706
2,82,26650.186971
2,83,26610.284659
2,92,24342.260785
2,100,22104.611341
2,107,21286.354206
2,117,20517.607394
2,126,19123.033148
2,135,18616.155800
2,161,18318.166057
2,164,18250.123124
2,167,16199.980590
3,71,25580.450889
3,76,25010.422427
3,89,24798.255477
3,92,24342.260785
3,95,23405.852063
3,100,22104.611341
3,101,22087.855273
3,107,21286.354206
3,117,20207.982633
3,123,20181.833252
3,125,19011.066712
3,134,18987.383861
3,135,18616.155800
3,146,16726.763950
3,167,16199.980590
4,67,26591.431521
4,71,25580.450889
4,76,25010.422427
4,88,23160.641668
4,100,22104.611341
4,101,22087.855273
4,102,21220.215428
4,111,20980.135855
4,112,20935.541018
4,114,20645.369889
4,115,20492.368619
4,116,20026.532197
4,122,19950.331801
4,123,18965.248005
4,129,18228.361188
4,135,17820.568291
4,145,16602.039451
4,166,16170.905761
5,67,26591.431521
5,71,25580.450889
5,75,25277.614264
5,76,24943.164083
5,84,24479.364567
5,86,21388.863644
5,93,21311.362578
5,98,21152.131912
5,110,19016.751704
5,118,17668.547041
5,145,16602.039451
5,166,16170.905761
6,67,26591.431521
6,69,26434.740100
6,71,24621.052724
6,80,24200.107689
6,83,23664.072557
6,86,21388.863644
6,91,20916.841070
6,99,19722.446421
6,104,19492.937784
6,108,18788.290775
6,111,18272.899543
6,116,17590.204507
6,123,17451.949365
6,130,16898.617318
6,143,16531.963952
6,148,16508.166668
6,155,16425.819733
6,161,16198.576236
6,164,16027.396036
7,64,25531.454249
7,65,25499.398193
7,69,25382.145097
7,70,24776.474532
7,71,24621.052724
7,75,24417.722730
7,80,23103.811854
7,84,21584.275843
7,86,21388.863644
7,91,20916.841070
7,93,20357.900311
7,96,20194.229738
7,99,19722.446421
7,104,19492.937784
7,108,18788.290775
7,110,18713.440527
7,111,18272.899543
7,116,17590.204507
7,123,17451.949365
7,130,16898.617318
7,142,16449.062921
7,147,16446.159191
7,155,16425.819733
7,161,16198.576236
7,164,16027.396036
8,64,24394.284047
8,80,22537.143882
8,82,22200.159459
8,84,21584.275843
8,86,21388.863644
8,91,20916.841070
8,93,20357.900311
8,96,20194.229738
8,99,19722.446421
8,102,19045.690970
8,108,18567.754124
8,111,18263.936145
8,116,17498.894553
8,122,17416.639132
8,128,16834.609121
8,138,16363.244211
8,145,16249.925343
8,161,16198.576236
8,164,15984.879842
9,64,24394.284047
9,72,22622.092982
9,80,22537.143882
9,82,22200.159459
9,84,21584.275843
9,86,21388.863644
9,91,20916.841070
9,92,19771.516414
9,99,19722.446421
9,102,19045.690970
9,108,18567.754124
9,111,18263.936145
9,114,16975.626625
9,120,16691.811848
9,134,16362.967198
9,145,16249.925343
9,161,16198.576236
9,164,15984.879842
10,64,24394.284047
10,70,24011.409281
10,72,22622.092982
10,80,22537.143882
10,82,22200.159459
10,84,21524.822499
10,86,21388.863644
10,91,20916.841070
10,92,19771.516414
10,94,19106.008175
10,99,17920.940663
10,104,17887.187606
10,110,17372.276554
10,113,16634.831506
10,120,16562.255060
10,132,16277.851809
10,142,16139.932048
10,151,16044.134904
10,158,15778.591393
11,64,24394.284047
11,67,23222.125568
11,68,23212.499379
11,72,22622.092982
11,80,21882.889661
11,82,20714.906443
11,89,19064.897341
11,94,18571.560665
11,99,17920.940663
11,103,17798.663197
11,110,17372.276554
11,113,16634.831506
11,119,16611.580120
11,120,16562.255060
11,124,16018.731495
11,136,15677.356416
12,62,24040.150979
12,67,23222.125568
12,68,23212.499379
12,69,23074.158936
12,72,22622.092982
12,78,22130.232355
12,79,21097.683829
12,82,20714.906443
12,85,20274.869364
12,88,19194.661921
12,89,19064.897341
12,94,18571.560665
12,98,17845.637175
12,103,17644.986862
12,109,17318.400542
12,110,16420.411713
12,122,15923.703070
12,136,15677.356416
12,138,15577.443018
12,158,15512.078962
13,62,24040.150979
13,67,23222.125568
13,68,23197.393897
13,69,23074.158936
13,72,21598.537609
13,76,21288.109838
13,79,21097.683829
13,81,20771.577355
13,82,20714.906443
13,85,20274.869364
13,88,19194.661921
13,89,19064.897341
13,91,19062.436785
13,94,18571.560665
13,98,17845.637175
13,103,17644.986862
13,104,17185.076002
13,107,17039.437038
13,110,16420.411713
13,122,15923.703070
13,133,15702.919916
13,136,15677.356416
13,138,15577.443018
13,158,15512.078962
14,62,24040.150979
14,67,22467.455934
14,72,21598.537609
14,76,21288.109838
14,79,21097.683829
14,81,20771.577355
14,82,20714.906443
14,85,20274.869364
14,86,19177.545207
14,89,19064.897341
14,91,19062.436785
14,93,18873.549889
14,94,18571.560665
14,98,17845.637175
14,103,17164.120995
14,107,16984.010823
14,108,16847.865850
14,109,16402.144446
14,122,15923.703070
14,133,15574.241577
14,136,15547.322876
14,145,15492.430608
15,62,24040.150979
15,66,22253.447185
15,72,21598.537609
15,76,20830.451728
15,77,20780.284698
15,81,20771.577355
15,82,20714.906443
15,85,20274.869364
15,86,19177.545207
15,89,19064.897341
15,91,19062.436785
15,93,18873.549889
15,94,18571.560665
15,96,18219.290813
15,98,17845.637175
15,103,17164.120995
15,107,16984.010823
15,108,16847.865850
15,109,16402.144446
15,122,15923.703070
15,133,15574.241577
15,134,15574.223580
15,136,15547.322876
15,145,15492.430608
16,62,23870.747049
16,66,22253.447185
16,71,21930.589654
16,72,21598.537609
16,74,21382.531482
16,76,20830.451728
16,77,20780.284698
16,81,20771.577355
16,82,20714.906443
16,85,20274.869364
16,86,19177.545207
16,89,19064.897341
16,91,19062.436785
16,93,18873.549889
16,94,18571.560665
16,96,17627.551647
16,101,17053.886003
16,104,16848.680275
16,107,16686.476766
16,109,16352.281271
16,122,15885.798387
16,130,15614.910236
16,132,15552.615392
16,134,15493.106297
16,144,15440.052015
17,58,23205.416054
17,66,22253.447185
17,71,21930.589654
17,72,21598.537609
17,74,20809.357896
17,77,20780.284698
17,79,20437.086565
17,80,19788.386394
17,85,19684.435504
17,86,19177.545207
17,88,18907.909963
17,92,18579.950936
17,94,18571.560665
17,96,17627.551647
17,101,17053.886003
17,104,16848.680275
17,107,16686.476766
17,109,16352.281271
17,122,15885.798387
17,130,15614.910236
17,132,15552.615392
17,134,15493.106297
17,144,15440.052015
17,145,15270.095763
18,58,23205.416054
18,66,22253.447185
18,68,21416.996839
18,74,20373.995118
18,80,19788.386394
18,85,19684.435504
18,86,19177.545207
18,88,18907.909963
18,92,18579.950936
18,94,18571.560665
18,95,18291.383244
18,96,17627.551647
18,101,17053.886003
18,104,16848.680275
18,107,16476.806853
18,109,16253.221339
18,113,16113.620264
18,120,15771.625902
18,122,15748.378333
18,130,15526.013666
18,131,15456.004381
18,141,15337.644003
18,145,15244.048636
19,58,23205.416054
19,66,22253.447185
19,68,21416.996839
19,71,20308.380831
19,75,19169.563724
19,85,18370.069844
19,95,17444.370754
19,96,17021.166808
19,102,16732.077693
19,106,16587.462563
19,107,16476.806853
19,109,16253.221339
19,113,16113.620264
19,120,15771.625902
19,122,15748.378333
19,130,15526.013666
19,131,15456.004381
19,141,15337.644003
19,145,15244.048636
20,58,23205.416054
20,66,21428.718483
20,68,21416.996839
20,71,20308.380831
20,75,19169.563724
20,82,18969.975474
20,83,18357.187526
20,86,17824.916822
20,95,17444.370754
20,96,17021.166808
20,102,16732.077693
20,106,16587.462563
20,107,16476.806853
20,109,16253.221339
20,113,16113.620264
20,114,15911.728965
20,119,15705.489676
20,125,15568.949763
20,127,15404.240703
20,141,15337.029871
20,143,15176.619787
20,147,15061.054238
21,58,23205.416054
21,66,21428.718483
21,67,21229.616439
21,69,20597.688857
21,71,20308.380831
21,75,19169.563724
21,82,18969.975474
21,83,18357.187526
21,86,17824.916822
21,91,17401.797035
21,95,17029.488375
21,96,17021.166808
21,99,16986.014662
21,102,16732.077693
21,106,16587.462563
21,107,16476.806853
21,109,16253.221339
21,113,16113.620264
21,114,15911.728965
21,119,15705.489676
21,125,15568.949763
21,127,15404.240703
21,140,15267.270105
21,143,15094.634098
21,147,15061.054238
22,58,23205.416054
22,61,22744.179672
22,62,22216.563646
22,65,21959.196749
22,66,21428.718483
22,67,21229.616439
22,69,20597.688857
22,71,20308.380831
22,75,19169.563724
22,77,18209.223774
22,86,17824.916822
22,91,17401.797035
22,95,17029.488375
22,96,17021.166808
22,99,16986.014662
22,100,16923.917168
22,102,16732.077693
22,103,16487.192317
22,105,16340.009889
22,109,16253.221339
22,111,16011.819263
22,113,15823.243743
22,117,15683.919966
22,124,15352.216193
22,129,15220.642981
22,140,14973.685020
23,58,23205.416054
23,61,22744.179672
23,62,22216.563646
23,65,21623.792435
23,66,21428.718483
23,67,20711.760030
23,69,20597.688857
23,71,20308.380831
23,73,19700.134914
23,75,19169.563724
23,77,18209.223774
23,86,17824.916822
23,87,17425.584642
23,91,17196.943796
23,94,17014.617459
23,98,16959.186633
23,99,16935.236595
23,100,16856.699854
23,101,16524.344095
23,103,16487.192317
23,105,16340.009889
23,109,16253.221339
23,111,16011.819263
23,113,15823.243743
23,117,15683.919966
23,124,15352.216193
23,129,15220.642981
23,140,14973.685020
24,58,23205.416054
24,61,22744.179672
24,62,22216.563646
24,63,21403.947422
24,67,20711.760030
24,69,20597.688857
24,71,20308.380831
24,73,19700.134914
24,75,19169.563724
24,77,18209.223774
24,86,17824.916822
24,87,17425.584642
24,90,17414.101089
24,91,17196.943796
24,94,17014.617459
24,97,16723.035880
24,101,16524.344095
24,102,16425.228990
24,104,16327.922768
24,108,16193.477450
24,110,15944.489846
24,113,15771.106141
24,115,15614.741580
24,121,15601.157628
24,123,15267.905167
24,127,15153.544782
24,139,14929.255880
25,58,23205.416054
25,61,22744.179672
25,62,22216.563646
25,63,21403.947422
25,67,20711.760030
25,69,20597.688857
25,71,20308.380831
25,73,19700.134914
25,75,19169.563724
25,77,18209.223774
25,86,17824.916822
25,87,17425.584642
25,90,17414.101089
25,91,17196.943796
25,94,17014.617459
25,96,16733.672192
25,97,16723.035880
25,99,16719.344016
25,101,16524.344095
25,102,16425.228990
25,104,16327.922768
25,108,16193.477450
25,110,15944.489846
25,113,15771.106141
25,115,15614.741580
25,121,15601.157628
25,123,15267.905167
25,127,15153.544782
25,139,14929.255880
26,58,23205.416054
26,61,22744.179672
26,62,22216.563646
26,63,21403.947422
26,67,20711.760030
26,69,20597.688857
26,71,20308.380831
26,73,19700.134914
26,75,19169.563724
26,77,18209.223774
26,86,17824.916822
26,87,17425.584642
26,90,17414.101089
26,91,17196.943796
26,92,17051.580635
26,94,17014.617459
26,96,16384.799355
26,100,15948.494303
26,108,15903.724325
26,112,15577.694841
26,113,15545.044228
26,119,15533.835811
26,120,15169.666622
26,127,15119.276380
26,139,14926.655460
27,56,23590.063882
27,58,23063.601853
27,60,22028.492220
27,63,21403.947422
27,67,20711.760030
27,69,20597.688857
27,71,20308.380831
27,73,19700.134914
27,75,19169.563724
27,77,18209.223774
27,86,17824.916822
27,87,17425.584642
27,90,17414.101089
27,91,17196.943796
27,92,17051.580635
27,94,17014.617459
27,96,16384.799355
27,100,15948.494303
27,108,15903.724325
27,112,15577.694841
27,113,15545.044228
27,119,15533.835811
27,120,15169.666622
27,127,15119.276380
27,139,14926.655460
28,56,23590.063882
28,58,23063.601853
28,59,22022.308267
28,60,21678.929796
28,63,21403.947422
28,65,20858.243419
28,67,20711.760030
28,69,20597.688857
28,71,20308.380831
28,73,19700.134914
28,75,19169.563724
28,77,18209.223774
28,86,17368.486011
28,91,17196.943796
28,92,16957.043843
28,96,16334.655624
28,100,15900.305891
28,106,15816.388707
28,109,15374.670319
28,112,15366.724854
28,118,15110.660950
28,127,15105.095772
28,139,14900.911328
29,56,21985.743459
29,60,21678.929796
29,63,21403.947422
29,65,20858.243419
29,66,20641.722001
29,68,20300.859040
29,70,19805.469550
29,73,19540.315977
29,75,19169.563724
29,77,18209.223774
29,86,17368.486011
29,89,17323.374837
29,91,17196.943796
29,92,16957.043843
29,96,16334.655624
29,100,15900.305891
29,106,15816.388707
29,109,15374.670319
29,112,15366.724854
29,118,15110.660950
29,127,15105.095772
29,139,14900.911328
30,56,21985.743459
30,60,21678.929796
30,61,21595.938908
30,63,21403.947422
30,65,20858.243419
30,66,20641.722001
30,68,20300.859040
30,70,19805.469550
30,73,19540.315977
30,75,19169.563724
30,77,18209.223774
30,82,18184.691497
30,86,17368.486011
30,89,17323.374837
30,91,17196.943796
30,92,16853.198925
30,95,16264.884251
30,98,15845.120573
30,105,15736.181675
30,109,15242.316832
30,117,14995.674635
30,137,14813.636111
31,56,21985.743459
31,58,21428.742377
31,63,21403.947422
31,65,20858.243419
31,66,20289.043670
31,70,19805.469550
31,72,19481.332129
31,73,19096.994849
31,77,18209.223774
31,82,18184.691497
31,86,17368.486011
31,89,17323.374837
31,90,17043.972922
31,92,16853.198925
31,95,16264.884251
31,98,15845.120573
31,105,15736.181675
31,108,15637.743564
31,109,15242.316832
31,117,14995.674635
31,126,14796.418644
32,56,21985.743459
32,57,21598.024245
32,58,21428.742377
32,60,21177.057616
32,61,20767.497747
32,65,20420.065432
32,66,20289.043670
32,67,20163.558217
32,70,19231.932662
32,73,19096.994849
32,77,18209.223774
32,82,18184.691497
32,83,18036.708438
32,86,17368.486011
32,88,17218.517824
32,90,16985.419263
32,92,16853.198925
32,93,16162.978335
32,98,15845.120573
32,104,15655.703066
32,107,15160.020470
32,116,14913.393022
32,125,14768.732777
33,56,21985.743459
33,57,21598.024245
33,58,21428.742377
33,60,21177.057616
33,61,20767.497747
33,65,20147.712236
33,70,19231.932662
33,73,18587.284261
33,77,18209.223774
33,81,18177.746585
33,83,18036.708438
33,86,17368.486011
33,88,17218.517824
33,90,16985.419263
33,91,16826.581889
33,93,16162.978335
33,98,15845.120573
33,104,15655.703066
33,107,15160.020470
33,116,14913.393022
33,125,14768.732777
34,56,21985.743459
34,57,21598.024245
34,58,21428.742377
34,60,21177.057616
34,61,20565.216979
34,65,20147.712236
34,68,19375.778162
34,70,19231.932662
34,73,18587.284261
34,75,18301.055454
34,77,18209.223774
34,78,18027.087867
34,85,17969.559758
34,86,16960.989221
34,90,16750.714229
34,93,16138.494236
34,95,15758.535925
34,103,15122.796089
34,116,14913.393022
34,123,14701.123496
35,56,21985.743459
35,57,21598.024245
35,58,21428.742377
35,59,20658.108502
35,61,20565.216979
35,65,20147.712236
35,68,19375.778162
35,70,18507.368776
35,75,18301.055454
35,77,18209.223774
35,78,18027.087867
35,81,17589.559015
35,83,17341.226926
35,86,16960.989221
35,90,16750.714229
35,93,16138.494236
35,95,15758.535925
35,103,15122.796089
35,116,14913.393022
35,123,14701.123496
36,56,21985.743459
36,57,21598.024245
36,58,20984.219905
36,59,19770.973934
36,68,19375.778162
36,70,18507.368776
36,75,18301.055454
36,77,18010.222467
36,81,17589.559015
36,83,17341.226926
36,86,16314.804198
36,91,15990.510900
36,94,15710.564308
36,103,15080.366895
36,116,14913.393022
36,123,14659.321102
37,56,21985.743459
37,57,21598.024245
37,58,20984.219905
37,59,19770.973934
37,66,19726.957079
37,68,19375.778162
37,70,18507.368776
37,75,18301.055454
37,77,18010.222467
37,81,17589.559015
37,83,17341.226926
37,86,16314.804198
37,91,15990.510900
37,94,15710.564308
37,103,15080.366895
37,116,14913.393022
37,123,14659.321102
38,55,22392.108957
38,56,21985.743459
38,57,21598.024245
38,58,20984.219905
38,59,19770.973934
38,66,19726.957079
38,68,19375.778162
38,70,18507.368776
38,74,18062.441454
38,77,17837.915046
38,81,17480.907421
38,82,17230.938408
38,86,16269.288157
38,91,15927.922679
38,93,15621.782373
38,102,15054.080482
38,116,14853.186884
38,123,14630.144522
39,55,22392.108957
39,56,21985.743459
39,57,21598.024245
39,58,20984.219905
39,59,19770.973934
39,66,19234.212651
39,70,18507.368776
39,74,18062.441454
39,75,17933.824080
39,77,17497.972730
39,81,17480.907421
39,82,17230.938408
39,86,16269.288157
39,90,15995.986246
39,91,15927.922679
39,93,15621.782373
39,102,15054.080482
39,116,14853.186884
39,120,14702.918226
39,123,14630.144522
40,55,21885.269609
40,56,21514.961339
40,58,20984.219905
40,59,19770.973934
40,62,19536.242423
40,66,19234.212651
40,70,18507.368776
40,71,18030.659229
40,75,17933.824080
40,77,17497.972730
40,81,17480.907421
40,82,17230.938408
40,85,16159.847697
40,90,15968.779862
40,91,15923.459118
40,93,15514.986934
40,96,15414.373473
40,102,15054.080482
40,112,14889.207659
40,114,14744.815855
40,119,14660.949430
40,122,14584.672680
41,55,21885.269609
41,56,21514.961339
41,58,20984.219905
41,59,19770.973934
41,62,19536.242423
41,65,19210.308960
41,69,18546.228791
41,70,18507.368776
41,71,18030.659229
41,75,17933.824080
41,77,17497.972730
41,81,17480.907421
41,82,17230.938408
41,85,16159.847697
41,90,15968.779862
41,91,15923.459118
41,93,15514.986934
41,96,15414.373473
41,102,15054.080482
41,112,14889.207659
41,114,14744.815855
41,119,14660.949430
41,122,14584.672680
42,54,22728.296516
42,55,21885.269609
42,56,21514.961339
42,58,20984.219905
42,59,19770.973934
42,62,19536.242423
42,64,19110.581919
42,69,18546.228791
42,70,18507.368776
42,71,18030.659229
42,75,17933.824080
42,77,17497.972730
42,81,17480.907421
42,82,17230.938408
42,85,16159.847697
42,90,15862.374099
42,91,15430.446227
42,95,15340.627255
42,100,14967.160510
42,111,14794.883856
42,113,14715.959284
42,119,14660.949430
42,122,14584.672680
43,54,22728.296516
43,55,21885.269609
43,56,21369.710918
43,57,20691.639893
43,59,19770.973934
43,62,19536.242423
43,64,19110.581919
43,69,18546.228791
43,70,18507.368776
43,71,18030.659229
43,74,18013.296153
43,75,17933.824080
43,77,17497.972730
43,81,17480.907421
43,82,17230.938408
43,85,16159.847697
43,90,15862.374099
43,91,15430.446227
43,94,15284.589822
43,100,14967.160510
43,111,14794.883856
43,113,14715.959284
43,119,14660.949430
43,122,14584.672680
44,54,22728.296516
44,55,21885.269609
44,56,21369.710918
44,57,20691.639893
44,59,19770.973934
44,61,19520.884228
44,64,19110.581919
44,69,18546.228791
44,70,18507.368776
44,71,18030.659229
44,74,18013.296153
44,75,17933.824080
44,77,17497.972730
44,80,17251.671668
44,81,17191.591946
44,85,16090.566888
44,88,15696.400286
44,91,15379.465993
44,94,15251.315055
44,99,14923.193771
44,110,14735.563378
44,112,14676.577517
44,119,14660.949430
44,122,14564.438495
45,54,22728.296516
45,55,21885.269609
45,56,21369.710918
45,57,20691.639893
45,59,19770.973934
45,61,19520.884228
45,63,18805.965874
45,64,18721.582340
45,68,18576.879666
45,69,18546.228791
45,70,18507.368776
45,71,18030.659229
45,72,17902.310121
45,75,17693.450657
45,77,17497.972730
45,80,17191.720836
45,81,17191.591946
45,85,16090.566888
45,88,15696.400286
45,91,15379.465993
45,94,15251.315055
45,99,14923.193771
45,107,14599.803468
45,114,14575.607198
45,122,14564.438495
46,54,22728.296516
46,55,21885.269609
46,56,21369.710918
46,57,20691.639893
46,58,20597.726469
46,59,19770.973934
46,61,19520.884228
46,63,18805.965874
46,64,18721.582340
46,68,18576.879666
46,69,17867.461732
46,75,17491.727881
46,79,17397.183193
46,80,17051.597556
46,83,16797.960856
46,85,16056.999319
46,87,15393.605844
46,91,15270.729358
46,94,15226.282561
46,99,14892.117973
46,106,14573.172284
46,114,14538.908612
46,121,14499.569145
47,54,22728.296516
47,55,21885.269609
47,56,21356.352918
47,57,20606.365727
47,58,20549.086372
47,59,19770.973934
47,61,19520.884228
47,63,18805.965874
47,64,18721.582340
47,68,18576.879666
47,69,17855.506256
47,75,17491.727881
47,77,16973.572159
47,83,16797.960856
47,85,16056.999319
47,87,15393.605844
47,91,15270.729358
47,94,15226.282561
47,99,14892.117973
47,106,14573.172284
47,114,14538.908612
47,116,14528.121576
47,121,14499.569145
48,54,22728.296516
48,55,21885.269609
48,56,21356.352918
48,57,20345.005572
48,59,19770.973934
48,61,19496.626518
48,63,18805.965874
48,64,18721.582340
48,66,18240.789164
48,69,17855.506256
48,72,17674.828516
48,75,17491.727881
48,77,16374.068809
48,85,16056.999319
48,87,15393.605844
48,91,15101.631120
48,94,14908.360343
48,98,14829.535211
48,106,14573.172284
48,113,14510.697046
48,115,14501.089855
48,120,14479.140002
49,54,22728.296516
49,55,20636.741928
49,57,20282.507759
49,58,19847.556999
49,59,19770.973934
49,61,19496.626518
49,62,19475.197232
49,63,18805.965874
49,64,18721.582340
49,66,18240.789164
49,68,17892.542720
49,69,17855.506256
49,71,17656.996047
49,74,17349.410855
49,76,17328.244864
49,77,16374.068809
49,85,16056.999319
49,87,15393.605844
49,91,15101.631120
49,94,14908.360343
49,98,14829.535211
49,106,14573.172284
49,113,14510.697046
49,115,14501.089855
49,120,14479.140002
50,54,22728.296516
50,55,20636.741928
50,57,20282.507759
50,58,19847.556999
50,59,19770.973934
50,61,19496.626518
50,62,19475.197232
50,63,18805.965874
50,64,18721.582340
50,66,18240.789164
50,68,17892.542720
50,69,17855.506256
50,71,17656.996047
50,74,17349.410855
50,76,17328.244864
50,77,16374.068809
50,84,16026.313664
50,87,15393.605844
50,90,15023.881574
50,94,14865.517238
50,96,14805.374495
50,105,14554.733932
50,112,14505.776546
50,114,14440.106781
50,118,14412.339619
51,54,22728.296516
51,55,20636.741928
51,57,20282.507759
51,58,19847.556999
51,59,19769.218968
51,60,19603.252046
51,61,18925.218122
51,63,18805.965874
51,64,18721.582340
51,66,18240.789164
51,68,17892.542720
51,69,17855.506256
51,71,17656.996047
51,74,17349.410855
51,76,17328.244864
51,77,16374.068809
51,84,16026.313664
51,87,15393.605844
51,90,15023.881574
51,94,14865.517238
51,96,14805.374495
51,105,14554.733932
51,112,14505.776546
51,114,14440.106781
51,118,14412.339619
52,54,22728.296516
52,55,20189.011410
52,58,19847.556999
52,59,19769.218968
52,60,19603.252046
52,61,18925.218122
52,63,18805.965874
52,64,18721.582340
52,66,18240.789164
52,67,18216.038120
52,68,17892.542720
52,69,17855.506256
52,71,17656.996047
52,74,17349.410855
52,76,17328.244864
52,77,16374.068809
52,78,16211.223989
52,83,15996.932970
52,85,15560.538714
52,87,15393.009212
52,89,14953.790382
52,94,14816.855996
52,96,14805.374495
52,104,14517.228520
52,112,14392.702689
52,117,14375.722163
53,54,19865.149411
53,58,19847.556999
53,59,19583.401242
53,61,18925.218122
53,63,18805.965874
53,64,18721.582340
53,65,18388.017815
53,66,18240.789164
53,67,18216.038120
53,68,17892.542720
53,69,17855.506256
53,71,17656.996047
53,74,17349.410855
53,76,17328.244864
53,77,16374.068809
53,78,16211.223989
53,83,15996.932970
53,84,15736.825514
53,85,15560.538714
53,87,15393.009212
53,89,14953.790382
53,94,14816.855996
53,96,14805.374495
53,103,14695.523273
53,104,14517.228520
53,112,14392.702689
53,117,14375.722163
54,54,19865.149411
54,58,19847.556999
54,59,19014.694367
54,61,18925.218122
54,63,18688.571682
54,65,18388.017815
54,66,18240.789164
54,67,18216.038120
54,68,17892.542720
54,69,17855.506256
54,71,17656.996047
54,73,17428.560224
54,74,17349.410855
54,76,17126.732622
54,77,16374.068809
54,78,16211.223989
54,83,15658.490193
54,85,15507.811797
54,86,14884.867587
54,94,14764.796515
54,96,14595.800961
54,104,14424.881175
54,109,14327.126640
55,54,19495.416922
55,59,19014.694367
55,61,18925.218122
55,63,18688.571682
55,65,18388.017815
55,66,18240.789164
55,67,18216.038120
55,68,17892.542720
55,69,17855.506256
55,71,17656.996047
55,72,17491.650220
55,73,17428.560224
55,74,17349.410855
55,76,17126.732622
55,77,16374.068809
55,78,16211.223989
55,83,15658.490193
55,85,15507.811797
55,86,14884.867587
55,94,14764.796515
55,96,14595.800961
55,104,14424.881175
55,109,14327.126640
56,54,19495.416922
56,57,19455.655700
56,59,19014.694367
56,61,18925.218122
56,63,18688.571682
56,65,18388.017815
56,66,18152.374137
56,68,17892.542720
56,69,17855.506256
56,71,17656.996047
56,72,17491.650220
56,73,17428.560224
56,74,17349.410855
56,76,17126.732622
56,77,16339.533543
56,78,16189.962297
56,82,15580.752334
56,85,15464.519484
56,86,14763.946645
56,93,14681.085254
56,95,14545.848091
56,104,14424.881175
56,109,14288.069048
57,54,19495.416922
57,57,19455.655700
57,59,19014.694367
57,61,18917.612717
57,62,18498.941071
57,65,18388.017815
57,66,18152.374137
57,68,17892.542720
57,69,17855.506256
57,70,17746.854152
57,71,17656.996047
57,72,17491.650220
57,73,17428.560224
57,74,17349.410855
57,76,17126.732622
57,77,16142.595038
57,80,15772.625509
57,82,15580.752334
57,85,15333.916603
57,86,14763.946645
57,93,14681.085254
57,95,14545.848091
57,97,14456.661758
57,104,14424.881175
57,109,14288.069048
58,54,19495.416922
58,57,19032.405713
58,58,18858.822213
58,62,18498.941071
58,65,18388.017815
58,66,18152.374137
58,68,17892.542720
58,69,17855.506256
58,70,17746.854152
58,71,17656.996047
58,72,17491.650220
58,73,17428.560224
58,74,17349.410855
58,76,17126.732622
58,77,16078.001814
58,80,15589.531142
58,82,15535.964825
58,85,15275.495955
58,86,14698.895324
58,92,14520.919901
58,95,14436.016366
58,101,14397.376725
58,109,14288.069048
59,54,19495.416922
59,57,19032.405713
59,58,18858.822213
59,61,18651.784486
59,62,18498.941071
59,63,18189.858702
59,66,18039.689291
59,68,17718.511918
59,71,17656.996047
59,72,17491.650220
59,73,17428.560224
59,74,17349.410855
59,76,17126.732622
59,77,16078.001814
59,80,15589.531142
59,82,15411.570789
59,85,15275.495955
59,86,14698.895324
59,92,14402.106655
59,101,14397.376725
59,109,14288.069048
60,54,19495.416922
60,57,19032.405713
60,58,18729.305402
60,61,18651.784486
60,62,18498.941071
60,63,18189.858702
60,65,17861.420667
60,67,17595.962380
60,72,17491.650220
60,73,17428.560224
60,74,17230.004018
60,75,16013.220304
60,80,15589.531142
60,82,15411.570789
60,85,15275.495955
60,86,14698.895324
60,92,14369.327944
60,101,14366.135614
60,109,14268.039181
61,54,19495.416922
61,56,19396.442108
61,57,19032.405713
61,58,18729.305402
61,59,18644.787457
61,62,18498.941071
61,63,18189.858702
61,65,17861.420667
61,66,17800.158914
61,67,17595.962380
61,69,17590.823617
61,72,17491.650220
61,73,17386.795924
61,74,17230.004018
61,75,16013.220304
61,80,15589.531142
61,82,15411.570789
61,85,15275.495955
61,86,14698.895324
61,92,14369.327944
61,101,14366.135614
61,109,14268.039181
62,54,19495.416922
62,56,19396.442108
62,57,19032.405713
62,58,18563.941061
62,61,18555.127631
62,62,18498.941071
62,63,18189.858702
62,65,17861.420667
62,66,17800.158914
62,67,17595.962380
62,69,17590.823617
62,72,17491.650220
62,73,17386.795924
62,74,15904.680346
62,80,15589.531142
62,82,15297.639704
62,85,15265.562595
62,86,14668.242236
62,92,14333.237347
62,103,14165.599417
63,53,21711.635918
63,54,19495.416922
63,56,19396.442108
63,57,19032.405713
63,58,18563.941061
63,61,18523.221345
63,62,18498.941071
63,63,18189.858702
63,65,17861.420667
63,66,17800.158914
63,67,17595.962380
63,69,17590.823617
63,72,17491.650220
63,73,17386.795924
63,74,15904.680346
63,80,15589.531142
63,82,15297.639704
63,85,14948.278513
63,86,14668.242236
63,92,14333.237347
63,103,14165.599417
64,53,21711.635918
64,54,19495.416922
64,56,19396.442108
64,57,19032.405713
64,58,18563.941061
64,61,18523.221345
64,62,18498.941071
64,63,17964.284452
64,64,17963.909329
64,65,17861.420667
64,66,17773.729823
64,67,17595.962380
64,69,17590.823617
64,72,17491.650220
64,73,17249.637411
64,74,15873.353988
64,80,15589.531142
64,81,15156.889743
64,85,14871.237047
64,86,14662.678599
64,88,14407.628832
64,92,14333.237347
64,97,14217.585386
64,103,14165.599417
64,107,14154.776334
65,53,21711.635918
65,54,19495.416922
65,56,19396.442108
65,57,19032.405713
65,58,18563.941061
65,60,18399.619541
65,63,17964.284452
65,64,17863.813229
65,65,17861.420667
65,66,17773.729823
65,67,17595.962380
65,69,17590.823617
65,70,17309.488356
65,72,17301.104369
65,73,16891.796514
65,74,15873.353988
65,80,15589.531142
65,81,15156.889743
65,85,14871.237047
65,86,14662.678599
65,88,14407.628832
65,92,14333.237347
65,97,14217.585386
65,103,14165.599417
65,107,14154.776334
66,53,21711.635918
66,54,19495.416922
66,56,19396.442108
66,57,18579.412201
66,58,18563.941061
66,60,18027.791694
66,63,17964.284452
66,64,17863.813229
66,65,17861.420667
66,66,17773.729823
66,67,17595.962380
66,68,17532.040831
66,70,17309.488356
66,72,17301.104369
66,73,16891.796514
66,74,15873.353988
66,77,15635.469090
66,80,15589.531142
66,81,15125.407950
66,85,14604.920365
66,88,14374.762508
66,92,14305.512639
66,96,14155.021199
66,102,14117.621201
66,107,14095.321802
67,53,21711.635918
67,54,19495.416922
67,56,19396.442108
67,57,18579.412201
67,58,18563.941061
67,59,18334.621552
67,60,18027.791694
67,61,17795.762497
67,66,17773.729823
67,67,17286.028798
67,73,16891.796514
67,74,15873.353988
67,77,15635.469090
67,80,15589.531142
67,81,15125.407950
67,85,14604.920365
67,86,14389.155532
67,88,14374.762508
67,92,14305.512639
67,96,14155.021199
67,102,14117.621201
67,107,14095.321802
68,53,21711.635918
68,54,19495.416922
68,56,19396.442108
68,57,18579.412201
68,58,18561.454339
68,59,18334.621552
68,60,18027.791694
68,61,17795.762497
68,63,17675.919743
68,65,17510.417735
68,67,17286.028798
68,71,16929.285997
68,73,16891.796514
68,74,15873.353988
68,77,15635.469090
68,79,15531.869248
68,81,15065.243638
68,85,14547.500132
68,86,14370.473861
68,90,14285.929719
68,96,14110.586671
68,101,14059.041169
68,106,14004.748158
69,53,21711.635918
69,54,19495.416922
69,56,19396.442108
69,57,18579.412201
69,58,18506.532513
69,59,18334.621552
69,60,18027.791694
69,61,17795.762497
69,62,17660.937474
69,65,17481.590138
69,67,17286.028798
69,71,16929.285997
69,73,16891.796514
69,74,15873.353988
69,77,15635.469090
69,79,15531.869248
69,81,15065.243638
69,85,14547.500132
69,86,14370.473861
69,90,14285.929719
69,96,14110.586671
69,101,14059.041169
69,106,14004.748158
70,53,21711.635918
70,54,19495.416922
70,56,19269.125057
70,57,18579.412201
70,58,18506.532513
70,59,18253.278915
70,60,18027.791694
70,61,17795.762497
70,62,17660.937474
70,64,17548.323367
70,65,17481.590138
70,67,17286.028798
70,69,17245.000598
70,71,16929.285997
70,73,16891.796514
70,74,15796.518397
70,76,15595.363271
70,79,15133.419086
70,81,15022.069201
70,84,14477.959037
70,86,14351.695544
70,89,14250.741494
70,94,13996.453622
70,104,13926.622970
71,53,21711.635918
71,54,19495.416922
71,56,19269.125057
71,57,18240.615830
71,59,18140.794849
71,60,18027.791694
71,61,17795.762497
71,62,17660.937474
71,64,17548.323367
71,65,17477.120797
71,67,17286.028798
71,69,17245.000598
71,70,17021.769123
71,71,16929.285997
71,73,16891.796514
71,74,15796.518397
71,76,15595.363271
71,79,15133.419086
71,81,15022.069201
71,82,14578.759570
71,84,14477.959037
71,86,14351.695544
71,89,14250.741494
71,93,14194.665082
71,94,13996.453622
71,104,13926.622970
72,53,21711.635918
72,54,19495.416922
72,56,19269.125057
72,57,18240.615830
72,59,18052.632142
72,60,18027.791694
72,61,17795.762497
72,62,17660.937474
72,64,17548.323367
72,65,17477.120797
72,67,17286.028798
72,69,17245.000598
72,70,17021.769123
72,71,16929.285997
72,72,16729.407838
72,74,15796.518397
72,75,15518.771873
72,78,15087.237505
72,81,14931.825971
72,82,14557.495350
72,83,14448.546730
72,86,14310.563818
72,89,14233.304769
72,93,13959.153259
72,103,13919.251816
73,53,21424.770831
73,54,19495.416922
73,56,19269.125057
73,57,18240.615830
73,59,18052.632142
73,60,18027.791694
73,61,17795.762497
73,62,17660.937474
73,64,17548.323367
73,65,17477.120797
73,67,17286.028798
73,68,17199.754394
73,70,17021.769123
73,71,16929.285997
73,72,16729.407838
73,74,15796.518397
73,75,15518.771873
73,78,15087.237505
73,81,14931.825971
73,82,14557.495350
73,83,14448.546730
73,86,14310.563818
73,89,14233.304769
73,93,13959.153259
73,103,13919.251816
74,53,21424.770831
74,54,19495.416922
74,56,19269.125057
74,57,18240.615830
74,59,18052.632142
74,60,18027.791694
74,61,17795.762497
74,62,17660.937474
74,64,17548.323367
74,65,17477.120797
74,67,17286.028798
74,68,17199.754394
74,70,17021.769123
74,71,16929.285997
74,72,16729.407838
74,74,15796.518397
74,75,15501.951864
74,78,15043.516967
74,81,14929.202574
74,82,14557.495350
74,83,14437.240250
74,86,14300.432186
74,88,14153.241359
74,91,13914.562167
74,102,13872.701933
75,53,21424.770831
75,54,19495.416922
75,56,19269.125057
75,57,18240.615830
75,59,18052.632142
75,60,18027.791694
75,61,17795.762497
75,62,17493.730161
75,63,17448.034934
75,65,17159.016084
75,70,17021.769123
75,71,16871.088663
75,72,16729.407838
75,74,15796.518397
75,75,15501.951864
75,78,15043.516967
75,81,14929.202574
75,82,14557.495350
75,83,14437.240250
75,86,14300.432186
75,88,14153.241359
75,90,13923.044475
75,91,13914.562167
75,102,13872.701933
76,52,21862.106630
76,53,21424.770831
76,54,19495.416922
76,56,19269.125057
76,57,18240.615830
76,58,18225.884861
76,59,18052.632142
76,60,18027.791694
76,61,17795.762497
76,62,17493.730161
76,63,17448.034934
76,65,17159.016084
76,68,17156.444478
76,70,17021.769123
76,71,16871.088663
76,72,16729.407838
76,74,15796.518397
76,75,15470.594992
76,78,15025.859991
76,81,14929.202574
76,82,14538.881695
76,83,14384.486419
76,84,14259.700454
76,87,14121.227997
76,90,13915.838855
76,91,13914.562167
76,102,13872.701933
77,52,21862.106630
77,53,21424.770831
77,54,19495.416922
77,56,19269.125057
77,57,18240.615830
77,58,18225.884861
77,59,18052.632142
77,60,17947.591128
77,61,17795.762497
77,62,17493.730161
77,63,17448.034934
77,64,17206.356039
77,65,17159.016084
77,68,17156.444478
77,70,17021.769123
77,71,16871.088663
77,72,16729.407838
77,74,15796.518397
77,75,15470.594992
77,78,15025.859991
77,81,14929.202574
77,82,14538.881695
77,83,14384.486419
77,84,14259.700454
77,87,14121.227997
77,90,13915.838855
77,91,13914.562167
77,102,13872.701933
78,52,21822.249755
78,53,21424.770831
78,54,19495.416922
78,56,19269.125057
78,57,18095.444311
78,59,18052.632142
78,60,17947.591128
78,61,17795.762497
78,62,17493.730161
78,63,17448.034934
78,64,17206.356039
78,65,17159.016084
78,68,17156.444478
78,70,17021.769123
78,71,16871.088663
78,72,16729.407838
78,74,15796.518397
78,75,15470.594992
78,77,14953.966913
78,81,14929.202574
78,82,14538.881695
78,83,14332.330878
78,84,14259.700454
78,87,14121.227997
78,90,13907.563687
78,101,13833.032990
79,52,21822.249755
79,53,21424.770831
79,54,19495.416922
79,55,19285.919855
79,56,18472.927050
79,57,18095.444311
79,59,18052.632142
79,60,17681.130060
79,62,17450.318783
79,63,17448.034934
79,64,17206.356039
79,65,17159.016084
79,67,16987.512902
79,71,16871.088663
79,72,16729.407838
79,73,16452.334916
79,74,15796.518397
79,75,15470.594992
79,77,14953.966913
79,81,14929.202574
79,82,14538.881695
79,83,14332.330878
79,84,14259.700454
79,87,14121.227997
79,90,13907.563687
79,101,13833.032990
80,52,21822.249755
80,53,21424.770831
80,54,19495.416922
80,55,19088.211682
80,56,18472.927050
80,57,18095.444311
80,58,17645.035194
80,62,17450.318783
80,63,17448.034934
80,64,17206.356039
80,65,17159.016084
80,67,16987.512902
80,70,16889.631268
80,71,16871.088663
80,72,16729.407838
80,73,16452.334916
80,74,15796.518397
80,75,15470.594992
80,77,14897.699972
80,82,14538.881695
80,83,14244.822072
80,85,14036.840498
80,90,13858.189095
80,101,13833.032990
81,52,21822.249755
81,53,21424.770831
81,54,19495.416922
81,55,19088.211682
81,56,18472.927050
81,57,18095.444311
81,58,17645.035194
81,62,17450.318783
81,63,17261.263523
81,64,17206.356039
81,65,17159.016084
81,67,16987.512902
81,70,16889.631268
81,71,16871.088663
81,72,16729.407838
81,73,16452.334916
81,74,15796.518397
81,75,15470.594992
81,77,14897.699972
81,82,14538.881695
81,83,14244.822072
81,85,14036.840498
81,88,14026.410505
81,90,13858.189095
81,101,13833.032990
82,51,22575.041643
82,52,21822.249755
82,53,21424.770831
82,54,19495.416922
82,55,18661.437369
82,56,18472.927050
82,57,18095.444311
82,58,17645.035194
82,61,17443.287710
82,63,17261.263523
82,64,17206.356039
82,65,17159.016084
82,67,16987.512902
82,70,16889.631268
82,71,16871.088663
82,72,16611.702427
82,73,16452.334916
82,74,15796.518397
82,75,14838.791838
82,81,14729.545470
82,82,14439.882068
82,83,14244.822072
82,85,14023.128029
82,87,13974.949343
82,88,13791.196557
83,51,22575.041643
83,52,21822.249755
83,53,21424.770831
83,54,19495.416922
83,55,18654.885034
83,56,18472.927050
83,57,18095.444311
83,58,17645.035194
83,61,17443.287710
83,63,17261.263523
83,64,17184.830012
83,65,17159.016084
83,66,17107.469982
83,67,16901.917258
83,70,16889.631268
83,71,16871.088663
83,72,16611.702427
83,73,16452.334916
83,74,15796.518397
83,75,14838.791838
83,81,14729.545470
83,82,14439.882068
83,83,14244.822072
83,85,14023.128029
83,87,13974.949343
83,88,13791.196557
84,51,22575.041643
84,52,21822.249755
84,53,21424.770831
84,54,19495.416922
84,55,18654.885034
84,56,18194.428659
84,57,18095.444311
84,58,17645.035194
84,61,17443.287710
84,63,17261.263523
84,64,17184.830012
84,65,17159.016084
84,66,17107.469982
84,67,16901.917258
84,69,16869.576867
84,70,16728.256088
84,72,16611.702427
84,73,16252.038049
84,74,15722.132387
84,75,14829.404235
84,79,14677.273304
84,82,14423.791184
84,83,14244.822072
84,85,13991.136719
84,87,13967.597188
84,88,13752.361925
85,51,22281.529104
85,52,21822.249755
85,53,21424.770831
85,54,19495.416922
85,55,18432.963144
85,56,18194.428659
85,57,18095.444311
85,58,17645.035194
85,61,17443.287710
85,62,17337.447948
85,63,17261.263523
85,64,17184.830012
85,65,17114.487049
85,66,17107.469982
85,67,16901.917258
85,68,16821.251844
85,70,16728.256088
85,71,16383.686578
85,73,16252.038049
85,74,15722.132387
85,75,14829.404235
85,79,14677.273304
85,82,14200.396412
85,85,13991.136719
85,87,13967.597188
85,88,13752.361925
86,51,22281.529104
86,52,21822.249755
86,53,21424.770831
86,54,19495.416922
86,55,18432.963144
86,56,18194.428659
86,57,18095.444311
86,58,17645.035194
86,61,17435.686617
86,62,17337.447948
86,63,17261.263523
86,64,17184.830012
86,65,17026.447348
86,67,16901.917258
86,68,16821.251844
86,70,16322.121828
86,73,16195.350142
86,74,15722.132387
86,75,14786.763553
86,79,14634.407514
86,82,14200.396412
86,85,13966.928062
86,88,13732.036785
87,51,22281.529104
87,52,21822.249755
87,53,21424.770831
87,54,19495.416922
87,55,18432.963144
87,56,18194.428659
87,57,18095.444311
87,58,17645.035194
87,60,17638.094011
87,61,17435.686617
87,62,17337.447948
87,63,17242.789783
87,64,17184.830012
87,65,17026.447348
87,66,16940.012333
87,67,16901.917258
87,68,16821.251844
87,70,16322.121828
87,72,15695.343759
87,75,14786.763553
87,79,14634.407514
87,82,14200.396412
87,85,13966.928062
87,88,13732.036785
88,51,22281.529104
88,52,21822.249755
88,53,20295.566126
88,54,19495.416922
88,55,18432.963144
88,56,18194.428659
88,57,18095.444311
88,58,17645.035194
88,60,17591.022095
88,61,17435.686617
88,62,17337.447948
88,63,17242.789783
88,64,17184.830012
88,65,17004.733150
88,66,16825.944713
88,67,16781.660137
88,70,16322.121828
88,72,14698.606361
88,77,14560.644376
88,82,14200.396412
88,84,13878.570174
88,88,13727.352884
89,51,22281.529104
89,52,21822.249755
89,53,20295.566126
89,54,19179.973473
89,55,18432.963144
89,56,18194.428659
89,57,18095.444311
89,58,17645.035194
89,60,17591.022095
89,61,17435.686617
89,62,17337.447948
89,63,17222.566589
89,64,17184.830012
89,65,17004.733150
89,66,16825.944713
89,67,16781.660137
89,70,16322.121828
89,72,14698.606361
89,77,14560.644376
89,82,14200.396412
89,83,14141.758600
89,84,13878.570174
89,88,13727.352884
89,89,13721.058801
90,51,22281.529104
90,52,21822.249755
90,53,20295.566126
90,54,19179.973473
90,55,18432.963144
90,56,18194.428659
90,57,18095.444311
90,58,17645.035194
90,60,17192.034526
90,62,16744.597709
90,67,16432.216355
90,69,16255.608096
90,72,14634.802184
90,75,14558.980385
90,82,14200.396412
90,83,14141.758600
90,84,13873.165192
90,88,13711.218046
90,89,13681.843772
91,51,22281.529104
91,52,21822.249755
91,53,20066.652497
91,54,18626.983185
91,55,18432.963144
91,56,18194.428659
91,57,18095.444311
91,58,17645.035194
91,60,17192.034526
91,62,16744.597709
91,65,16617.128596
91,67,16432.216355
91,69,16255.608096
91,70,16087.676807
91,72,14634.802184
91,75,14558.980385
91,82,14200.396412
91,83,14141.758600
91,84,13873.165192
91,88,13711.218046
91,89,13677.590122
92,51,22281.529104
92,52,21822.249755
92,53,20066.652497
92,54,18626.983185
92,55,18432.963144
92,56,18194.428659
92,57,18095.444311
92,58,17645.035194
92,60,17192.034526
92,62,16744.597709
92,64,16366.021745
92,69,16255.608096
92,70,16087.676807
92,72,14634.802184
92,75,14452.474546
92,82,14111.629634
92,83,13842.495045
92,87,13660.294860
93,51,22281.529104
93,52,21822.249755
93,53,20066.652497
93,54,18626.983185
93,55,18432.963144
93,56,18194.428659
93,57,18095.444311
93,58,17645.035194
93,60,17192.034526
93,62,16744.597709
93,64,16366.021745
93,69,15986.063146
93,72,14634.802184
93,75,14452.474546
93,78,14297.766693
93,82,14111.629634
93,83,13842.495045
93,87,13660.294860
94,51,22281.529104
94,52,21822.249755
94,53,20000.142037
94,54,18626.983185
94,55,18432.963144
94,56,18194.428659
94,57,18095.444311
94,58,17645.035194
94,60,17192.034526
94,62,16744.597709
94,64,16072.215842
94,69,15986.063146
94,72,14622.747408
94,75,14452.474546
94,78,14261.206059
94,81,14109.275877
94,83,13813.958942
94,84,13707.244902
94,87,13624.828458
95,51,22281.529104
95,52,19736.173414
95,54,18626.983185
95,55,18432.963144
95,56,18194.428659
95,57,18095.444311
95,58,17645.035194
95,60,17192.034526
95,62,16744.597709
95,64,16072.215842
95,69,15986.063146
95,72,14622.747408
95,75,14452.474546
95,78,14261.206059
95,81,14109.275877
95,83,13813.958942
95,84,13707.244902
95,87,13624.828458
96,51,22281.529104
96,52,19736.173414
96,54,18626.983185
96,55,18432.963144
96,56,18194.428659
96,57,18095.444311
96,58,17645.035194
96,59,16995.271086
96,62,16676.159740
96,64,15954.339849
96,68,15066.186841
96,72,14609.467557
96,75,14417.963096
96,78,14257.854550
96,81,14086.719753
96,82,13764.676545
96,84,13614.605212
97,51,22281.529104
97,52,19736.173414
97,54,18626.983185
97,55,18432.963144
97,56,18194.428659
97,57,18095.444311
97,58,17645.035194
97,59,16995.271086
97,61,16601.779184
97,62,16581.609039
97,64,15954.339849
97,68,15066.186841
97,72,14609.467557
97,75,14417.963096
97,78,14257.854550
97,81,14086.719753
97,82,13764.676545
97,84,13614.605212
98,51,22281.529104
98,52,19736.173414
98,53,18492.132054
98,55,18432.963144
98,56,18194.428659
98,57,18095.444311
98,58,17645.035194
98,59,16995.271086
98,60,16404.274517
98,64,15954.339849
98,68,15012.246837
98,72,14609.467557
98,75,14417.963096
98,78,14237.907879
98,81,14041.239225
98,82,13764.676545
98,84,13566.411025
99,51,22281.529104
99,52,19736.173414
99,53,18492.132054
99,55,18307.920966
99,56,17749.617816
99,58,17645.035194
99,59,16995.271086
99,60,16404.274517
99,64,15954.339849
99,68,15012.246837
99,72,14609.467557
99,75,14417.963096
99,78,14237.907879
99,81,14041.239225
99,82,13764.676545
99,84,13566.411025
100,50,23058.964304
100,51,22281.529104
100,52,19736.173414
100,53,18492.132054
100,54,18485.786468
100,55,18307.920966
100,56,17749.617816
100,58,17645.035194
100,59,16849.035835
100,60,16267.895922
100,64,15881.894156
100,68,14994.902158
100,72,14609.467557
100,74,14256.637580
100,77,14161.687085
100,81,14041.239225
100,82,13753.612004
100,84,13566.411025
101,50,23058.964304
101,51,20837.594000
101,52,18758.514801
101,53,18492.132054
101,54,18298.632247
101,56,17749.617816
101,58,17645.035194
101,59,16849.035835
101,60,16267.895922
101,64,15881.894156
101,68,14994.902158
101,72,14609.467557
101,74,14256.637580
101,77,14161.687085
101,81,14041.239225
101,82,13753.612004
101,84,13566.411025
102,50,23058.964304
102,51,20837.594000
102,52,18349.963966
102,54,18298.632247
102,56,17749.617816
102,58,17645.035194
102,59,16849.035835
102,60,16267.895922
102,64,15881.894156
102,68,14994.902158
102,72,14609.467557
102,74,14256.637580
102,77,14161.687085
102,81,14041.239225
102,82,13753.612004
102,84,13566.411025
102,92,13515.357563
103,50,23058.964304
103,51,20837.594000
103,52,18319.224867
103,54,18298.632247
103,55,17779.311329
103,56,17749.617816
103,57,17536.261295
103,59,16849.035835
103,60,16267.895922
103,64,15881.894156
103,68,14994.902158
103,72,14609.467557
103,74,14256.637580
103,77,14161.687085
103,81,14041.239225
103,82,13753.612004
103,83,13578.554667
103,84,13566.411025
103,92,13515.357563
104,50,23058.964304
104,51,19398.586837
104,52,18319.224867
104,53,17962.082740
104,55,17779.311329
104,56,17749.617816
104,57,17536.261295
104,59,16849.035835
104,60,16267.895922
104,64,15881.894156
104,68,14994.902158
104,72,14609.467557
104,74,14256.637580
104,77,14161.687085
104,81,14041.239225
104,82,13753.612004
104,83,13578.554667
104,84,13566.411025
104,92,13515.357563
105,50,23058.964304
105,51,19398.586837
105,52,18319.224867
105,53,17962.082740
105,55,17779.311329
105,56,17749.617816
105,57,17536.261295
105,59,16661.149351
105,60,16267.895922
105,64,15881.894156
105,68,14994.902158
105,72,14609.467557
105,74,14256.637580
105,77,14161.687085
105,81,14041.239225
105,82,13753.612004
105,83,13578.554667
105,84,13566.411025
105,89,13528.983633
105,92,13515.357563
106,50,23058.964304
106,51,18232.047976
106,53,17962.082740
106,55,17779.311329
106,56,17749.617816
106,57,17536.261295
106,59,16661.149351
106,60,16267.895922
106,64,15881.894156
106,67,14933.834212
106,72,14592.617837
106,74,14213.516513
106,77,14135.300168
106,81,14041.239225
106,82,13481.016018
107,50,23058.964304
107,51,18232.047976
107,53,17962.082740
107,55,17779.311329
107,56,17749.617816
107,57,17536.261295
107,59,16661.149351
107,60,16267.895922
107,64,15881.894156
107,67,14933.834212
107,72,14592.617837
107,73,14505.641604
107,74,14213.516513
107,77,14135.300168
107,81,14041.239225
107,82,13481.016018
107,89,13465.895614
108,50,23058.964304
108,51,18232.047976
108,53,17962.082740
108,55,17779.311329
108,56,17749.617816
108,57,17536.261295
108,59,16661.149351
108,60,16267.895922
108,64,15713.934180
108,67,14933.834212
108,71,14518.324688
108,72,14462.909269
108,74,14203.292496
108,77,14135.300168
108,80,14001.320813
108,82,13481.016018
108,83,13419.184147
109,50,23058.964304
109,51,18232.047976
109,53,17962.082740
109,55,17718.367072
109,57,17536.261295
109,59,16661.149351
109,60,16267.895922
109,64,15713.934180
109,67,14933.834212
109,70,14656.192646
109,71,14518.324688
109,72,14462.909269
109,74,14203.292496
109,75,14039.124348
109,76,14032.602756
109,80,14001.320813
109,82,13481.016018
109,83,13419.184147
110,50,23058.964304
110,51,18181.182328
110,53,17962.082740
110,55,17718.367072
110,57,17536.261295
110,59,16661.149351
110,60,16267.895922
110,64,15713.934180
110,67,14933.834212
110,70,14582.319970
110,71,14324.329217
110,74,14061.784823
110,75,14039.124348
110,76,13969.093620
110,82,13481.016018
110,83,13419.184147
110,86,13400.176817
111,49,23563.711314
111,50,23058.964304
111,51,18181.182328
111,53,17962.082740
111,54,17828.494528
111,55,17630.804568
111,57,17536.261295
111,59,16661.149351
111,60,16267.895922
111,64,15713.934180
111,67,14933.834212
111,70,14582.319970
111,71,14324.329217
111,74,14061.784823
111,75,14039.124348
111,76,13969.093620
111,82,13481.016018
111,83,13419.184147
111,86,13400.176817
112,49,23563.711314
112,50,18418.803775
112,51,18181.182328
112,52,18123.479091
112,53,17962.082740
112,54,17828.494528
112,55,17630.804568
112,57,17536.261295
112,59,16644.480707
112,60,16267.895922
112,63,15695.088947
112,67,14933.834212
112,70,14582.319970
112,71,14324.329217
112,74,14002.982931
112,76,13872.830015
112,82,13472.426217
112,83,13419.184147
112,86,13400.176817
113,49,23563.711314
113,50,18418.803775
113,51,18181.182328
113,52,18123.479091
113,53,17962.082740
113,54,17828.494528
113,55,17630.804568
113,57,17536.261295
113,58,17296.853365
113,59,16644.480707
113,60,16267.895922
113,63,15695.088947
113,67,14933.834212
113,70,14582.319970
113,71,14324.329217
113,74,14002.982931
113,76,13872.830015
113,82,13472.426217
113,83,13419.184147
113,86,13400.176817
114,49,22696.737285
114,50,18418.803775
114,51,18181.182328
114,52,18123.479091
114,53,17962.082740
114,54,17828.494528
114,55,17630.804568
114,56,17538.898103
114,57,17536.261295
114,58,17296.853365
114,59,16644.480707
114,60,16267.895922
114,62,16215.850612
114,63,15602.330365
114,67,14933.212779
114,70,14545.879071
114,71,14290.855849
114,73,13958.887567
114,76,13802.442465
114,78,13796.527558
114,82,13472.426217
114,83,13419.184147
114,86,13400.176817
115,49,22696.737285
115,50,18418.803775
115,51,18181.182328
115,52,18123.479091
115,53,17962.082740
115,54,17828.494528
115,55,17630.804568
115,56,17538.898103
115,57,17536.261295
115,58,16613.511768
115,60,16267.895922
115,62,16215.850612
115,63,15602.330365
115,67,14933.212779
115,70,14545.879071
115,71,14290.855849
115,73,13958.887567
115,76,13802.442465
115,78,13796.527558
115,82,13472.426217
115,83,13419.184147
115,86,13400.176817
116,49,22696.737285
116,50,18418.803775
116,51,18181.182328
116,52,18123.479091
116,53,17962.082740
116,54,17828.494528
116,55,17630.804568
116,56,16843.994638
116,58,16613.511768
116,60,16267.895922
116,62,16215.850612
116,63,15589.390096
116,67,14920.981474
116,70,14545.879071
116,71,14204.156958
116,73,13948.868133
116,75,13726.770056
116,82,13444.344089
116,83,13388.350075
117,49,22696.737285
117,50,18418.803775
117,51,18073.741181
117,53,17962.082740
117,54,17828.494528
117,55,17630.804568
117,56,16843.994638
117,58,16613.511768
117,59,16580.674324
117,60,16267.895922
117,62,16215.850612
117,63,15589.390096
117,65,15035.914889
117,67,14920.981474
117,70,14545.879071
117,71,14204.156958
117,73,13948.868133
117,75,13726.770056
117,82,13444.344089
117,83,13388.350075
118,49,22696.737285
118,50,18201.667406
118,51,18073.741181
118,53,17962.082740
118,54,17828.494528
118,55,17630.804568
118,56,16843.994638
118,58,16613.511768
118,59,16510.970382
118,60,16022.236854
118,63,15561.543119
118,65,15024.825819
118,67,14920.981474
118,70,13853.702231
118,75,13610.390200
118,82,13444.344089
118,83,13388.350075
119,49,22696.737285
119,50,18201.667406
119,51,18073.741181
119,53,17962.082740
119,54,17828.494528
119,55,17630.804568
119,56,16843.994638
119,58,16613.511768
119,59,16123.158415
119,60,16022.236854
119,61,15969.703543
119,63,15561.543119
119,65,15024.825819
119,67,14920.981474
119,70,13853.702231
119,75,13610.390200
119,82,13444.344089
119,83,13388.350075
119,87,13375.692399
120,49,22696.737285
120,50,18201.667406
120,51,18073.741181
120,53,17962.082740
120,54,17828.494528
120,55,17630.804568
120,56,16843.994638
120,58,16613.511768
120,59,16123.158415
120,60,15920.787179
120,61,15890.747517
120,63,15497.033318
120,65,14955.658276
120,66,14888.836039
120,70,13853.702231
120,74,13548.827127
120,82,13429.605797
120,83,13358.644011
120,87,13352.295171
121,49,22696.737285
121,50,18000.897892
121,53,17933.679443
121,54,17828.494528
121,55,17630.804568
121,56,16843.994638
121,58,16613.511768
121,59,16123.158415
121,60,15920.787179
121,61,15890.747517
121,63,15497.033318
121,65,14955.658276
121,66,14888.836039
121,70,13853.702231
121,74,13548.827127
121,82,13429.605797
121,83,13358.644011
121,87,13352.295171
122,49,18535.737210
122,50,18000.897892
122,53,17933.679443
122,54,17683.566937
122,55,17630.804568
122,56,16843.994638
122,58,16599.527900
122,59,15935.599235
122,60,15873.799610
122,63,15497.033318
122,65,14955.658276
122,66,14853.675101
122,70,13848.206275
122,74,13543.175438
122,82,13429.605797
122,83,13358.644011
122,87,13352.295171
123,49,18535.737210
123,50,18000.897892
123,53,17933.679443
123,54,17683.566937
123,55,17630.804568
123,56,16843.994638
123,58,16599.527900
123,59,15935.599235
123,60,15873.799610
123,63,15497.033318
123,65,14955.658276
123,66,14853.675101
123,70,13848.206275
123,73,13757.332743
123,74,13543.175438
123,82,13393.482962
123,83,13358.644011
123,87,13352.295171
124,49,18535.737210
124,50,18000.897892
124,53,17933.679443
124,54,17683.566937
124,55,17630.804568
124,56,16843.994638
124,58,16599.527900
124,59,15935.599235
124,60,15837.171995
124,63,15496.928205
124,65,14953.644456
124,66,14853.675101
124,70,13840.993391
124,73,13757.332743
124,74,13529.996238
124,82,13382.709783
124,83,13341.688114
124,86,13337.726820
125,49,18535.737210
125,50,18000.897892
125,53,17933.679443
125,54,17683.566937
125,55,17630.804568
125,56,16843.994638
125,58,16584.419181
125,59,15935.599235
125,60,15837.171995
125,63,15496.928205
125,65,14953.644456
125,66,14853.675101
125,70,13840.993391
125,72,13715.761452
125,74,13529.996238
125,82,13382.709783
125,83,13341.688114
125,86,13337.726820
126,48,21284.819042
126,49,18342.349584
126,50,18000.897892
126,52,17982.629735
126,53,17933.679443
126,54,17683.566937
126,55,17564.019319
126,56,16843.994638
126,58,16584.419181
126,59,15935.599235
126,60,15792.617467
126,63,15496.928205
126,65,14945.018923
126,66,14853.675101
126,70,13828.832208
126,72,13715.761452
126,74,13528.400947
126,82,13297.992512
127,48,21284.819042
127,49,18293.893839
127,50,18000.897892
127,52,17982.629735
127,53,17933.679443
127,54,17683.566937
127,55,17564.019319
127,56,16843.994638
127,58,16584.419181
127,59,15935.599235
127,60,15792.617467
127,63,15496.928205
127,65,14945.018923
127,66,14853.675101
127,70,13828.832208
127,71,13703.585335
127,72,13687.829161
127,73,13629.136906
127,74,13528.400947
127,81,13493.645154
127,82,13297.992512
128,48,21284.819042
128,49,18293.893839
128,50,18000.897892
128,52,17982.629735
128,53,17933.679443
128,54,17683.566937
128,55,17564.019319
128,56,16843.994638
128,58,16542.855453
128,59,15935.599235
128,60,15792.617467
128,63,15487.020158
128,65,14845.262085
128,70,13826.866819
128,71,13703.585335
128,72,13637.895394
128,73,13629.136906
128,74,13528.400947
128,81,13493.645154
128,82,13297.992512
129,48,21284.819042
129,49,18293.893839
129,50,18000.897892
129,52,17921.965036
129,54,17683.566937
129,55,17536.013001
129,56,16220.334631
129,59,15935.599235
129,60,15792.617467
129,63,15487.020158
129,65,14845.262085
129,70,13826.866819
129,71,13703.585335
129,72,13637.895394
129,73,13629.136906
129,74,13528.400947
129,81,13493.645154
129,82,13297.992512
130,48,21284.819042
130,49,18293.893839
130,50,18000.897892
130,52,17921.965036
130,53,17704.250248
130,54,17683.566937
130,55,17536.013001
130,56,16220.334631
130,59,15935.599235
130,60,15718.731424
130,62,15403.332195
130,65,14824.585527
130,70,13826.866819
130,71,13672.997550
130,72,13606.071513
130,74,13516.336444
130,80,13217.500708
131,48,21219.446914
131,49,18293.893839
131,50,17938.318135
131,51,17910.199177
131,53,17704.250248
131,54,17683.566937
131,55,17536.013001
131,56,16220.334631
131,59,15935.599235
131,60,15718.731424
131,62,15403.332195
131,65,14824.585527
131,70,13826.866819
131,71,13672.997550
131,72,13606.071513
131,74,13516.336444
131,80,13217.500708
132,48,21219.446914
132,49,18293.893839
132,50,17938.318135
132,51,17910.199177
132,53,17704.250248
132,54,17683.566937
132,55,17536.013001
132,56,16083.362988
132,59,15898.641783
132,60,15651.376233
132,62,15273.554976
132,65,14760.926541
132,68,13633.628159
132,72,13606.071513
132,74,13516.336444
132,80,13217.482674
133,48,21219.446914
133,49,17936.492076
133,51,17860.219524
133,53,17704.250248
133,54,17683.566937
133,55,17536.013001
133,56,16083.362988
133,59,15898.641783
133,60,15651.376233
133,62,15273.554976
133,65,14760.926541
133,68,13633.628159
133,72,13606.071513
133,74,13516.336444
133,80,13217.482674
134,48,18776.130160
134,49,17936.492076
134,51,17860.219524
134,52,17683.510965
134,55,17536.013001
134,56,15927.774813
134,59,15898.641783
134,60,15651.376233
134,62,15270.546379
134,64,14727.308730
134,68,13609.377156
134,70,13593.232371
134,71,13564.273728
134,72,13511.935498
134,80,13217.482674
135,48,18776.130160
135,49,17936.492076
135,51,17860.219524
135,52,17683.510965
135,55,17536.013001
135,56,15927.774813
135,59,15898.641783
135,60,15651.376233
135,62,15270.546379
135,64,14727.308730
135,68,13609.377156
135,70,13593.232371
135,71,13564.273728
135,72,13511.935498
135,80,13217.482674
136,48,18776.130160
136,49,17936.492076
136,51,17860.219524
136,52,17683.510965
136,55,17536.013001
136,56,15915.781224
136,59,15635.103428
136,60,15625.378023
136,61,15167.582473
136,64,14727.308730
136,68,13609.377156
136,70,13583.615149
136,71,13564.273728
136,72,13511.935498
136,80,13190.425840
137,48,18776.130160
137,49,17936.492076
137,50,17723.987292
137,52,17683.510965
137,55,17536.013001
137,56,15915.781224
137,59,15635.103428
137,60,15625.378023
137,61,15167.582473
137,64,14727.308730
137,68,13609.377156
137,70,13583.615149
137,71,13564.273728
137,72,13511.935498
137,77,13434.439701
137,80,13190.425840
138,48,18776.130160
138,49,17936.492076
138,50,17723.987292
138,51,17711.654426
138,52,17683.510965
138,55,17536.013001
138,56,15915.781224
138,57,15584.540548
138,59,15037.337996
138,64,14727.308730
138,68,13609.377156
138,70,13575.879141
138,71,13555.060258
138,72,13496.122712
138,77,13400.707670
138,80,13180.136648
139,48,18776.130160
139,49,17936.492076
139,50,17723.987292
139,51,17711.654426
139,52,17683.510965
139,53,17383.422676
139,56,15915.781224
139,57,15584.540548
139,59,15037.337996
139,64,14727.308730
139,68,13609.377156
139,70,13575.879141
139,71,13555.060258
139,72,13496.122712
139,77,13400.707670
139,80,13180.136648
140,48,18776.130160
140,49,17789.833696
140,50,17723.987292
140,51,17255.502996
140,56,15845.517761
140,57,15450.554723
140,59,15021.093353
140,64,14724.270954
140,68,13561.814639
140,71,13555.060258
140,72,13496.122712
140,77,13395.810669
140,80,13143.874366
141,48,18776.130160
141,49,17789.833696
141,50,17723.987292
141,51,17255.502996
141,56,15845.517761
141,57,15450.554723
141,59,15021.093353
141,64,14724.270954
141,68,13561.814639
141,71,13555.060258
141,72,13496.122712
141,77,13395.810669
141,80,13143.874366
142,48,18668.375038
142,49,17789.833696
142,50,17723.987292
142,51,17255.502996
142,55,17108.794724
142,56,15845.517761
142,57,15450.554723
142,59,15020.819735
142,64,14607.135531
142,68,13554.078632
142,71,13497.591366
142,72,13494.882106
142,77,13395.810669
142,80,13140.785148
143,47,18387.921745
143,49,17789.833696
143,50,17723.987292
143,51,17255.502996
143,55,17108.794724
143,56,15845.517761
143,57,15450.554723
143,59,15020.819735
143,64,14607.135531
143,68,13554.078632
143,71,13497.591366
143,72,13494.882106
143,77,13395.810669
143,80,13140.785148
144,47,18387.921745
144,49,17789.833696
144,50,17723.987292
144,51,17255.502996
144,55,17108.794724
144,56,15837.596845
144,57,15445.151378
144,59,15015.302307
144,64,14579.878946
144,68,13500.049752
144,71,13481.428505
144,72,13436.735510
144,77,13380.365119
144,80,13112.123792
145,47,18387.921745
145,49,17789.833696
145,50,17723.987292
145,51,17255.502996
145,55,17108.794724
145,56,15837.596845
145,57,15445.151378
145,59,15015.302307
145,64,14579.878946
145,68,13500.049752
145,71,13481.428505
145,72,13436.735510
145,77,13291.438513
145,80,13112.123792
146,46,21028.622530
146,47,18387.921745
146,49,17789.833696
146,50,17457.521006
146,51,17255.502996
146,55,16326.383236
146,56,15837.596845
146,57,15445.151378
146,59,14990.063954
146,64,14538.886332
146,68,13500.049752
146,70,13429.644637
146,76,13277.502925
146,80,13085.131656
147,46,21028.622530
147,47,18387.921745
147,48,18191.653542
147,49,17789.833696
147,50,17457.521006
147,51,17255.502996
147,55,16326.383236
147,56,15837.596845
147,57,15445.151378
147,59,14990.063954
147,64,14538.886332
147,68,13500.049752
147,70,13429.644637
147,76,13277.502925
147,80,13085.131656
148,46,21028.622530
148,47,18387.921745
148,48,18191.653542
148,49,17789.833696
148,50,17457.521006
148,51,17255.502996
148,55,16292.679555
148,56,15837.596845
148,57,15445.151378
148,59,14990.063954
148,62,14907.034839
148,64,14538.886332
148,68,13500.049752
148,70,13423.212990
148,76,13277.502925
148,80,13022.281087
149,46,21028.622530
149,47,18387.921745
149,48,18191.653542
149,49,17789.833696
149,50,17457.521006
149,51,17255.502996
149,55,16292.679555
149,56,15826.240927
149,57,15445.151378
149,59,14990.063954
149,62,14907.034839
149,64,14538.886332
149,68,13500.049752
149,70,13423.212990
149,76,13277.502925
149,80,13022.281087
150,46,19939.858060
150,47,18387.921745
150,48,18191.653542
150,49,17789.833696
150,50,17457.521006
150,51,17255.502996
150,55,16283.724858
150,56,15503.787184
150,57,15414.781918
150,59,14990.063954
150,62,14907.034839
150,64,14538.886332
150,68,13500.049752
150,70,13391.469197
150,76,13277.502925
150,80,13022.281087
151,46,19939.858060
151,47,18387.921745
151,48,17961.216723
151,49,17789.833696
151,50,17457.521006
151,51,17255.502996
151,54,16792.360212
151,55,16283.724858
151,56,15503.787184
151,57,15414.781918
151,59,14990.063954
151,62,14907.034839
151,64,14538.886332
151,68,13500.049752
151,70,13391.469197
151,76,13277.502925
151,78,13259.372023
151,80,13022.281087
152,46,19752.825201
152,47,18387.921745
152,48,17961.216723
152,49,17789.833696
152,50,17457.521006
152,51,17255.502996
152,54,16792.360212
152,55,16283.724858
152,56,15503.787184
152,57,15292.386046
152,59,14949.115820
152,61,14892.347464
152,64,14536.941223
152,68,13500.049752
152,70,13375.643774
152,76,13263.667685
152,78,13241.852159
152,80,13020.829571
153,46,19752.825201
153,47,18387.921745
153,48,17961.216723
153,49,17789.833696
153,50,17457.521006
153,51,17255.502996
153,54,16792.360212
153,55,16283.724858
153,56,15503.787184
153,57,15292.386046
153,59,14949.115820
153,61,14892.347464
153,64,14536.941223
153,67,14110.057397
153,68,13500.049752
153,70,13375.643774
153,76,13263.667685
153,78,13241.852159
153,80,13020.829571
154,46,19752.825201
154,47,18249.909870
154,48,17961.216723
154,49,17675.651009
154,50,17457.521006
154,51,17255.502996
154,54,16792.360212
154,55,16283.724858
154,56,15503.787184
154,57,15292.386046
154,59,14916.109727
154,61,14876.974118
154,63,14529.883105
154,67,13997.673400
154,68,13466.103214
154,69,13355.997728
154,76,13263.667685
154,78,13241.852159
154,80,13005.141734
155,46,19752.825201
155,47,18249.909870
155,48,17961.216723
155,49,17675.651009
155,50,17294.019786
155,51,17255.502996
155,53,17255.129253
155,54,16792.360212
155,55,16283.724858
155,56,15503.787184
155,57,15292.386046
155,59,14916.109727
155,61,14876.974118
155,63,14529.883105
155,65,14444.698115
155,67,13997.673400
155,68,13466.103214
155,69,13355.997728
155,76,13263.667685
155,78,13241.852159
155,80,13005.141734
156,46,19752.825201
156,47,18249.909870
156,48,17961.216723
156,49,17675.651009
156,50,17294.019786
156,51,17255.502996
156,53,17255.129253
156,54,16792.360212
156,55,16283.724858
156,56,15503.787184
156,57,15292.386046
156,58,14710.935266
156,63,14466.630614
156,65,14444.698115
156,67,13997.673400
156,68,13466.103214
156,69,13355.997728
156,76,13256.563396
156,78,13236.244912
156,80,12974.567258
157,46,19752.825201
157,47,18249.909870
157,48,17961.216723
157,49,17675.651009
157,50,17290.815950
157,51,17255.502996
157,53,17255.129253
157,54,16792.360212
157,55,16283.724858
157,56,15503.787184
157,57,15292.386046
157,58,14710.935266
157,63,14466.630614
157,65,14346.962402
157,67,13997.673400
157,68,13466.103214
157,69,13355.997728
157,76,13256.563396
157,78,13236.244912
157,80,12974.567258
158,46,19752.825201
158,47,18249.909870
158,48,17961.216723
158,49,17675.651009
158,50,17290.815950
158,51,17168.779754
158,54,16792.360212
158,55,16283.724858
158,56,15503.787184
158,57,15207.756299
158,58,14630.921988
158,63,14466.630614
158,65,14212.101627
158,67,13986.491693
158,68,13463.148184
158,69,13355.997728
158,76,13255.927064
158,78,13233.100149
158,79,12961.078777
159,46,19752.825201
159,47,18249.909870
159,48,17961.216723
159,49,17675.651009
159,50,17290.815950
159,51,17168.779754
159,52,17014.895626
159,54,16792.360212
159,55,16283.724858
159,56,15503.787184
159,57,15207.756299
159,58,14630.921988
159,63,14466.630614
159,65,14212.101627
159,67,13986.491693
159,68,13463.148184
159,69,13355.997728
159,72,13294.362185
159,73,13286.271074
159,76,13255.927064
159,78,13233.100149
159,79,12961.078777
160,46,19752.825201
160,47,18249.909870
160,48,17961.216723
160,49,17675.651009
160,50,17290.815950
160,51,17112.262856
160,52,17014.895626
160,54,16792.360212
160,55,16283.724858
160,56,15503.787184
160,57,15207.756299
160,58,14630.921988
160,63,14466.630614
160,64,14270.648850
160,65,14106.995084
160,67,13944.988329
160,68,13463.148184
160,69,13355.997728
160,72,13294.362185
160,73,13286.271074
160,76,13231.687576
160,77,13212.971370
160,79,12961.078777
161,46,19752.825201
161,47,18249.909870
161,48,17961.216723
161,49,17675.651009
161,50,17290.815950
161,51,17112.262856
161,52,17014.895626
161,54,16354.634120
161,55,16283.724858
161,56,15503.787184
161,57,15207.756299
161,58,14630.921988
161,63,14466.630614
161,64,14270.648850
161,65,14106.995084
161,67,13944.988329
161,68,13357.169500
161,69,13355.997728
161,72,13294.362185
161,73,13286.271074
161,76,13231.687576
161,77,13212.971370
161,79,12961.078777
162,46,19752.825201
162,47,18249.909870
162,48,17961.216723
162,49,17675.651009
162,50,17290.815950
162,51,17112.262856
162,52,17014.895626
162,54,16354.634120
162,55,16283.724858
162,56,15503.787184
162,57,15207.756299
162,58,14630.921988
162,63,14237.635376
162,65,14106.995084
162,67,13880.881117
162,68,13345.663389
162,72,13293.604114
162,73,13286.271074
162,76,13198.306633
162,77,12916.129228
163,46,19752.825201
163,47,18249.909870
163,48,17961.216723
163,49,17675.651009
163,50,17290.815950
163,51,17112.262856
163,52,17014.895626
163,54,16354.634120
163,55,16283.724858
163,56,15503.787184
163,57,15207.756299
163,58,14630.921988
163,63,14237.635376
163,65,14106.995084
163,67,13880.881117
163,68,13345.663389
163,69,13312.406461
163,72,13293.604114
163,73,13277.271349
163,76,13198.306633
163,77,12916.129228
164,46,19752.825201
164,47,18249.909870
164,48,17961.216723
164,49,17675.651009
164,50,17290.815950
164,51,17112.262856
164,52,17014.895626
164,54,16354.634120
164,55,16283.724858
164,56,15503.787184
164,57,15207.756299
164,58,14630.921988
164,63,14141.139757
164,65,14105.847615
164,67,13566.332142
164,68,13343.947010
164,69,13312.406461
164,71,13250.189202
164,74,12879.449643
165,46,19752.825201
165,47,18249.909870
165,48,17961.216723
165,49,17675.651009
165,50,17290.815950
165,51,17112.262856
165,52,17014.895626
165,54,16354.634120
165,55,16283.724858
165,56,15503.787184
165,57,15207.756299
165,58,14630.921988
165,63,14141.139757
165,65,14105.847615
165,67,13566.332142
165,68,13343.947010
165,69,13312.406461
165,70,13301.199715
165,71,13250.189202
165,74,12879.449643
166,46,19455.822188
166,47,18249.909870
166,48,17961.216723
166,49,17675.651009
166,50,17277.842393
166,51,17112.262856
166,52,17014.895626
166,54,16354.634120
166,55,16283.724858
166,56,15503.787184
166,57,15207.756299
166,58,14592.840132
166,62,14484.691786
166,63,14053.809615
166,67,13546.102504
166,68,13303.358368
166,69,13259.035107
166,71,13250.189202
166,74,12879.449643
167,46,19455.822188
167,47,18249.909870
167,48,17961.216723
167,49,17662.705146
167,50,17277.842393
167,51,17112.262856
167,52,17014.895626
167,53,15679.078738
167,56,15503.787184
167,57,15207.756299
167,58,14592.840132
167,62,14484.691786
167,63,14053.809615
167,67,13546.102504
167,68,13303.358368
167,69,13243.458678
167,70,13232.251932
167,74,12879.449643
167,80,12825.651010
168,46,19455.822188
168,47,18249.909870
168,48,17961.216723
168,49,17662.705146
168,50,17277.842393
168,51,17112.262856
168,52,17014.895626
168,53,15679.078738
168,56,15503.787184
168,57,15192.105085
168,58,14578.522415
168,62,14029.304240
168,67,13385.903531
168,68,13303.358368
168,69,13222.367362
168,74,12879.449643
168,79,12793.492361
169,45,20290.601722
169,46,19455.822188
169,47,18249.909870
169,48,17961.216723
169,49,17662.705146
169,50,17277.842393
169,51,17112.262856
169,52,17014.895626
169,53,15679.078738
169,56,15503.787184
169,57,15192.105085
169,58,14578.522415
169,62,14029.304240
169,64,13602.580086
169,67,13385.903531
169,68,13303.358368
169,69,13220.752988
169,74,12879.449643
169,79,12793.492361
170,45,20290.601722
170,46,19455.822188
170,47,18249.909870
170,48,17961.216723
170,49,17662.705146
170,50,17200.651583
170,51,17112.262856
170,52,17014.895626
170,53,15679.078738
170,56,15503.787184
170,57,15192.105085
170,58,14542.660422
170,62,13983.964702
170,64,13475.414078
170,67,13310.421923
170,68,13303.358368
170,69,13113.504153
170,74,12879.449643
170,79,12793.492361
171,45,20290.601722
171,46,18166.322671
171,47,17712.611635
171,49,17584.892384
171,50,17200.651583
171,51,17112.262856
171,52,17014.895626
171,53,15679.078738
171,56,15503.787184
171,57,15192.105085
171,58,14542.660422
171,62,13983.964702
171,64,13475.414078
171,67,13310.421923
171,68,13303.358368
171,69,13113.504153
171,74,12879.449643
171,79,12793.492361
172,45,20290.601722
172,46,18166.322671
172,47,17712.611635
172,49,17584.892384
172,50,17162.100447
172,51,17112.262856
172,52,17014.895626
172,53,15679.078738
172,56,15158.403487
172,58,14495.011816
172,60,14447.734229
172,62,13938.418203
172,64,13475.414078
172,67,13294.389223
172,69,13064.999951
172,74,12867.679708
172,76,12755.971393
173,45,20290.601722
173,46,18166.322671
173,47,17712.611635
173,49,17584.892384
173,50,17108.393724
173,51,16946.458903
173,53,15679.078738
173,56,15158.403487
173,58,14495.011816
173,60,14447.734229
173,62,13938.418203
173,64,13475.414078
173,67,13294.389223
173,69,13064.999951
173,74,12867.679708
173,76,12755.971393
174,45,20290.601722
174,46,18166.322671
174,47,17712.611635
174,49,17584.892384
174,50,17108.393724
174,51,16946.458903
174,53,15521.227921
174,56,15158.403487
174,58,14436.646483
174,60,14430.534766
174,62,13938.418203
174,64,13467.972129
174,67,13294.389223
174,69,13064.999951
174,74,12867.679708
174,76,12755.971393
175,45,20290.601722
175,46,18166.322671
175,47,17712.611635
175,49,17584.892384
175,50,17108.393724
175,51,16946.458903
175,53,15521.227921
175,56,15158.403487
175,58,14436.646483
175,60,14430.534766
175,62,13938.418203
175,64,13467.972129
175,67,13294.389223
175,68,13252.270772
175,69,13064.999951
175,74,12867.679708
175,76,12755.971393
176,45,20290.601722
176,46,18166.322671
176,47,17712.611635
176,49,17380.740875
176,50,17108.393724
176,51,16400.750280
176,53,15521.227921
176,56,15099.236962
176,58,14410.646387
176,62,13899.761625
176,64,13430.622262
176,67,13294.389223
176,68,13223.644199
176,69,13064.999951
176,74,12867.679708
176,76,12755.971393
177,45,20290.601722
177,46,18166.322671
177,47,17712.611635
177,49,17380.740875
177,50,17108.393724
177,51,16400.750280
177,53,15521.227921
177,56,15099.236962
177,58,14410.646387
177,62,13899.761625
177,64,13430.622262
177,67,13294.389223
177,68,13223.644199
177,69,13064.999951
177,74,12867.679708
177,76,12755.971393
178,45,20290.601722
178,46,18166.322671
178,47,17712.611635
178,49,17380.740875
178,50,15588.491256
178,53,15521.227921
178,55,14891.080575
178,57,14369.441307
178,62,13898.632563
178,64,13428.905883
178,67,13294.389223
178,68,13167.681208
178,69,13016.698612
178,74,12846.900349
178,76,12755.971393
179,45,20290.601722
179,46,18166.322671
179,47,17712.611635
179,49,17380.740875
179,50,15588.491256
179,53,15521.227921
179,55,14891.080575
179,57,14369.441307
179,62,13898.632563
179,64,13428.905883
179,67,13294.389223
179,68,13167.681208
179,69,13016.698612
179,74,12846.900349
179,76,12755.971393
180,45,20290.601722
180,46,18166.322671
180,47,17712.611635
180,49,17380.740875
180,50,15588.491256
180,53,15521.227921
180,55,14820.261098
180,57,14231.335807
180,62,13877.346639
180,64,13369.240396
180,67,13245.562545
180,68,13167.681208
180,69,13015.640080
180,74,12846.900349
180,76,12745.361689
181,45,20290.601722
181,46,18166.322671
181,47,17712.611635
181,49,17380.740875
181,50,15588.491256
181,53,15521.227921
181,55,14820.261098
181,57,14231.335807
181,62,13877.346639
181,64,13369.240396
181,67,13245.562545
181,68,13167.681208
181,69,13015.640080
181,74,12846.900349
181,76,12745.361689
182,45,20290.601722
182,46,18166.322671
182,47,17712.611635
182,49,16419.368133
182,50,15588.491256
182,53,15478.716693
182,55,14820.261098
182,57,14192.160544
182,62,13877.346639
182,64,13362.160683
182,67,13245.562545
182,68,13167.681208
182,69,12990.312200
182,74,12846.900349
182,76,12743.324841
183,45,20290.601722
183,46,18166.322671
183,47,17712.611635
183,49,16419.368133
183,50,15588.491256
183,53,15478.716693
183,55,14820.261098
183,57,14192.160544
183,62,13877.346639
183,64,13362.160683
183,67,13245.562545
183,68,13167.681208
183,69,12990.312200
183,74,12846.900349
183,76,12743.324841
184,45,20290.601722
184,46,18166.322671
184,47,17712.611635
184,49,16419.368133
184,50,15588.491256
184,53,15370.789069
184,55,14660.411757
184,57,14125.948187
184,62,13877.346639
184,64,13361.243888
184,67,13233.626741
184,68,13150.451721
184,69,12978.443660
184,74,12843.854305
184,76,12729.846232
185,45,20290.601722
185,46,18166.322671
185,47,17712.611635
185,49,16419.368133
185,50,15588.491256
185,51,15379.130377
185,53,15370.789069
185,55,14660.411757
185,57,14125.948187
185,60,14048.207412
185,62,13877.346639
185,64,13361.243888
185,67,13233.626741
185,68,13150.451721
185,69,12978.443660
185,74,12843.854305
185,76,12729.846232
186,45,20290.601722
186,46,18166.322671
186,47,17712.611635
186,49,16222.643291
186,50,15588.491256
186,51,15379.130377
186,53,15370.789069
186,55,14660.411757
186,57,14125.948187
186,60,13995.158443
186,62,13831.394826
186,64,13344.915906
186,67,13217.116690
186,68,13139.341062
186,69,12978.443660
186,74,12843.854305
186,76,12716.541676
187,45,20290.601722
187,46,18166.322671
187,47,17712.611635
187,49,16222.643291
187,50,15588.491256
187,51,15379.130377
187,53,15370.789069
187,54,15091.284369
187,55,14660.411757
187,57,14125.948187
187,60,13995.158443
187,62,13831.394826
187,64,13344.915906
187,67,13217.116690
187,68,13139.341062
187,69,12978.443660
187,74,12843.854305
187,75,12756.106393
187,76,12716.541676
188,45,20290.601722
188,46,18166.322671
188,47,17712.611635
188,49,16222.643291
188,50,15588.491256
188,51,15379.130377
188,53,15370.789069
188,54,15091.284369
188,55,14660.411757
188,57,14111.367479
188,60,13995.158443
188,62,13816.083608
188,64,13344.915906
188,66,13192.426451
188,68,12959.141463
188,74,12713.782354
189,45,20290.601722
189,46,18166.322671
189,47,17712.611635
189,49,16190.695495
189,50,15588.491256
189,51,15379.130377
189,53,15370.789069
189,54,15091.284369
189,55,14660.411757
189,57,14111.367479
189,60,13995.158443
189,62,13816.083608
189,64,13344.915906
189,66,13192.426451
189,68,12959.141463
189,74,12713.782354
190,45,20290.601722
190,46,18166.322671
190,47,17712.611635
190,49,16190.695495
190,50,15588.491256
190,51,15379.130377
190,53,15299.769190
190,54,14843.555965
190,55,14659.984414
190,57,14111.367479
190,60,13949.333218
190,62,13816.083608
190,64,13341.946328
190,66,13192.426451
190,67,12917.833928
190,74,12713.782354
191,45,20290.601722
191,46,18166.322671
191,47,17712.611635
191,48,17597.293078
191,49,16190.695495
191,50,15588.491256
191,51,15379.130377
191,53,15299.769190
191,54,14843.555965
191,55,14659.984414
191,56,14171.125394
191,57,14111.367479
191,59,13958.728065
191,60,13949.333218
191,62,13816.083608
191,63,13688.031130
191,64,13341.946328
191,66,13192.426451
191,67,12917.833928
191,74,12713.782354
191,78,12673.910604
192,45,20290.601722
192,46,18166.322671
192,47,17712.611635
192,48,17597.293078
192,49,16190.695495
192,50,15588.491256
192,51,15379.130377
192,53,15299.769190
192,54,14843.555965
192,55,14659.984414
192,56,14171.125394
192,57,14111.367479
192,59,13958.728065
192,60,13848.182681
192,62,13812.941825
192,63,13688.031130
192,64,13283.293159
192,66,13192.426451
192,67,12908.999827
192,74,12684.862357
192,77,12656.978640
193,45,20290.601722
193,46,18166.322671
193,47,17712.611635
193,48,17597.293078
193,49,16190.695495
193,50,15358.471430
193,53,15299.769190
193,54,14427.524055
193,56,14171.125394
193,57,14111.367479
193,59,13958.728065
193,60,13848.182681
193,62,13812.941825
193,63,13688.031130
193,64,13283.293159
193,66,13192.426451
193,67,12908.999827
193,74,12684.862357
193,77,12656.978640
194,45,20290.601722
194,46,18166.322671
194,47,17712.611635
194,48,17597.293078
194,49,16190.695495
194,50,15358.471430
194,53,15299.769190
194,54,14427.524055
194,56,14171.125394
194,57,14111.367479
194,58,14057.745415
194,59,13958.474219
194,60,13848.182681
194,62,13651.823309
194,64,13282.815625
194,66,12900.421237
194,74,12667.702927
194,77,12651.178019
195,45,20290.601722
195,46,18166.322671
195,47,17712.611635
195,48,17597.293078
195,49,16190.695495
195,50,15358.471430
195,53,15299.769190
195,54,14427.524055
195,56,14171.125394
195,57,14111.367479
195,58,14057.745415
195,59,13958.474219
195,60,13848.182681
195,62,13651.823309
195,64,13282.815625
195,66,12900.421237
195,74,12667.702927
195,77,12651.178019
196,45,20290.601722
196,46,18166.322671
196,47,17712.611635
196,48,17597.293078
196,49,16190.695495
196,50,15358.471430
196,53,15299.769190
196,54,14427.524055
196,56,14171.125394
196,57,14061.896720
196,58,14006.291470
196,59,13957.126851
196,60,13784.510632
196,62,13633.868985
196,64,13276.496431
196,66,12891.928806
196,74,12667.702927
196,77,12647.480564
197,45,20290.601722
197,46,18166.322671
197,47,17712.611635
197,48,17597.293078
197,49,16190.695495
197,50,15358.471430
197,53,15299.769190
197,54,14427.524055
197,56,14171.125394
197,57,14061.896720
197,58,14006.291470
197,59,13957.126851
197,60,13784.510632
197,62,13633.868985
197,64,13276.496431
197,66,12891.928806
197,74,12667.702927
197,77,12647.480564
198,45,19738.999255
198,46,18166.322671
198,47,17712.611635
198,48,17597.293078
198,49,16190.695495
198,50,15358.471430
198,53,15299.769190
198,54,14427.524055
198,56,14153.415228
198,57,14051.192285
198,58,13983.374279
198,59,13951.529017
198,60,13784.510632
198,62,13533.875011
198,64,13276.496431
198,66,12865.368177
198,72,12641.737627
199,44,20576.504992
199,45,19738.999255
199,46,18166.322671
199,47,17712.611635
199,48,17597.293078
199,49,16190.695495
199,50,15256.430774
199,54,14427.524055
199,56,14153.415228
199,57,14051.192285
199,58,13983.374279
199,59,13951.529017
199,60,13784.510632
199,62,13533.875011
199,64,13276.496431
199,66,12865.368177
199,72,12641.737627
200,44,20576.504992
200,45,19738.999255
200,46,18166.322671
200,47,17712.611635
200,48,17597.293078
200,49,16190.695495
200,50,15256.430774
200,54,14364.265479
200,56,14140.638245
200,57,14006.881538
200,58,13983.374279
200,59,13940.516888
200,60,13784.510632
200,62,13533.875011
200,64,13247.843838
200,66,12856.236265
200,71,12598.895893
201,44,20576.504992
201,45,19738.999255
201,46,18166.322671
201,47,17712.611635
201,48,17597.293078
201,49,15899.915940
201,50,15256.430774
201,54,14364.265479
201,56,14140.638245
201,57,14006.881538
201,58,13983.374279
201,59,13940.516888
201,60,13784.510632
201,62,13533.875011
201,64,13247.843838
201,66,12856.236265
201,71,12598.895893
202,44,20576.504992
202,45,19738.999255
202,46,18166.322671
202,47,17712.611635
202,48,17597.293078
202,49,15899.915940
202,50,15256.430774
202,51,15123.092882
202,54,14352.415372
202,56,14119.441843
202,57,14006.881538
202,58,13969.750598
202,59,13940.516888
202,60,13781.483895
202,62,13507.159171
202,64,13234.631606
202,66,12856.236265
202,71,12593.491282
203,43,20591.322246
203,44,20576.504992
203,45,19738.999255
203,46,18166.322671
203,47,17712.611635
203,48,17597.293078
203,49,15899.915940
203,50,15256.430774
203,51,15123.092882
203,54,14352.415372
203,56,14119.441843
203,57,14006.881538
203,58,13969.750598
203,59,13940.516888
203,60,13781.483895
203,62,13507.159171
203,64,13234.631606
203,66,12856.236265
203,71,12593.491282
204,43,20591.322246
204,44,20576.504992
204,45,19738.999255
204,46,18166.322671
204,47,17712.611635
204,48,17597.293078
204,49,15899.915940
204,50,15256.430774
204,51,15123.092882
204,54,14352.415372
204,56,14109.166080
204,57,14006.881538
204,58,13962.471373
204,59,13916.104719
204,60,13756.602586
204,62,13477.921870
204,64,13234.631606
204,66,12846.538340
204,71,12567.664881
205,43,20591.322246
205,44,20576.504992
205,45,19026.866265
205,46,18166.322671
205,47,17712.611635
205,48,17597.293078
205,49,15899.915940
205,50,15256.430774
205,51,15123.092882
205,54,14352.415372
205,56,14109.166080
205,57,14006.881538
205,58,13962.471373
205,59,13916.104719
205,60,13756.602586
205,62,13477.921870
205,64,13234.631606
205,66,12817.181861
205,71,12567.664881
206,43,20591.322246
206,44,20576.504992
206,45,19026.866265
206,46,18166.322671
206,47,17712.611635
206,48,17597.293078
206,49,15884.640729
206,50,15256.430774
206,51,15108.897418
206,54,14341.154092
206,56,14054.923572
206,57,14006.881538
206,58,13888.958997
206,60,13706.380892
206,62,13472.318195
206,64,13160.075744
206,66,12816.315249
206,71,12567.664881
207,43,20591.322246
207,44,20576.504992
207,45,19026.866265
207,46,18166.322671
207,47,17712.611635
207,48,17597.293078
207,49,15483.129113
207,50,15256.430774
207,51,15108.897418
207,54,14341.154092
207,56,14054.923572
207,57,14006.881538
207,58,13888.958997
207,60,13706.380892
207,62,13472.318195
207,64,13160.075744
207,66,12816.315249
207,71,12567.664881
208,43,20591.322246
208,44,20576.504992
208,45,19026.866265
208,46,18166.322671
208,47,17712.611635
208,48,17597.293078
208,49,15465.018769
208,50,15256.430774
208,51,15108.897418
208,54,14341.154092
208,56,13977.316017
208,58,13887.765755
208,60,13652.313829
208,62,13464.339649
208,64,13160.075744
208,66,12816.315249
208,71,12567.664881
209,43,20313.977720
209,45,19026.866265
209,46,18166.322671
209,47,17712.611635
209,48,17597.293078
209,49,15465.018769
209,50,15256.430774
209,51,15108.897418
209,53,15047.981551
209,54,14341.154092
209,56,13977.316017
209,58,13887.765755
209,60,13652.313829
209,62,13464.339649
209,64,13160.075744
209,66,12816.315249
209,71,12567.664881
210,43,20313.977720
210,44,19988.920994
210,45,19026.866265
210,46,18166.322671
210,47,17712.611635
210,48,17597.293078
210,49,15465.018769
210,50,15256.430774
210,51,14873.068686
210,54,14341.154092
210,56,13972.812518
210,58,13887.765755
210,60,13612.948835
210,62,13462.043126
210,64,13138.752824
210,66,12816.315249
210,70,12565.685705
211,43,20313.977720
211,44,19988.920994
211,45,18563.910140
211,46,18166.322671
211,47,17712.611635
211,48,17597.293078
211,49,15465.018769
211,50,15256.430774
211,51,14873.068686
211,52,14867.948898
211,54,14341.154092
211,56,13972.812518
211,58,13887.765755
211,60,13612.948835
211,62,13462.043126
211,64,13138.752824
211,66,12816.315249
211,70,12565.685705
212,43,20313.977720
212,44,19676.315896
212,45,18563.910140
212,46,18166.322671
212,47,17712.611635
212,48,17597.293078
212,49,15465.018769
212,50,15256.430774
212,51,14859.897681
212,52,14776.216025
212,54,14341.154092
212,56,13963.452205
212,58,13887.765755
212,60,13598.095020
212,62,13407.127646
212,64,13138.752824
212,66,12807.417840
212,70,12562.727532
213,43,20313.977720
213,44,19676.315896
213,45,18563.910140
213,46,18166.322671
213,47,17712.611635
213,48,16315.457661
213,49,15465.018769
213,50,15256.430774
213,51,14859.897681
213,52,14776.216025
213,53,14702.184992
213,54,14341.154092
213,56,13963.452205
213,58,13887.765755
213,60,13598.095020
213,62,13407.127646
213,64,13138.752824
213,66,12807.417840
213,70,12562.727532
214,43,20313.977720
214,44,19676.315896
214,45,18563.910140
214,46,18166.322671
214,47,17712.611635
214,48,16315.457661
214,49,15465.018769
214,50,15256.430774
214,51,14859.897681
214,52,14751.016848
214,53,14304.863365
214,56,13963.452205
214,58,13864.781940
214,60,13598.095020
214,61,13396.639346
214,64,13099.505962
214,66,12807.417840
214,70,12551.841016
215,43,20313.977720
215,44,19676.315896
215,45,18563.910140
215,46,18166.322671
215,47,17712.611635
215,48,16315.457661
215,49,15465.018769
215,50,15256.430774
215,51,14859.897681
215,52,14751.016848
215,53,14304.863365
215,56,13963.452205
215,58,13864.781940
215,60,13598.095020
215,61,13396.639346
215,64,13099.505962
215,66,12807.417840
215,70,12551.841016
216,43,20313.977720
216,44,19676.315896
216,45,18563.910140
216,46,18166.322671
216,47,17712.611635
216,48,16315.457661
216,49,15465.018769
216,50,15256.430774
216,51,14700.533265
216,53,14244.381568
216,56,13942.550392
216,58,13864.781940
216,60,13509.455239
216,61,13396.639346
216,64,13092.154278
216,66,12806.859126
216,68,12488.608812
217,43,20313.977720
217,44,19676.315896
217,45,18476.587794
217,46,18166.322671
217,47,17712.611635
217,48,16315.457661
217,49,15465.018769
217,50,15256.430774
217,51,14700.533265
217,53,14244.381568
217,56,13942.550392
217,58,13864.781940
217,60,13509.455239
217,61,13396.639346
217,64,13092.154278
217,66,12806.859126
217,68,12488.608812
218,43,20313.977720
218,44,19676.315896
218,45,18476.587794
218,46,18166.322671
218,47,17712.611635
218,48,16315.457661
218,49,15465.018769
218,50,15214.298746
218,51,14700.533265
218,53,14240.985979
218,56,13926.833851
218,58,13843.633784
218,60,13509.455239
218,61,13396.639346
218,64,13084.418783
218,66,12806.859126
218,68,12488.608812
219,43,20313.977720
219,44,19676.315896
219,45,18476.587794
219,46,18166.322671
219,47,17712.611635
219,48,16315.457661
219,49,15465.018769
219,50,15214.298746
219,51,14700.533265
219,53,14240.985979
219,56,13926.833851
219,58,13843.633784
219,60,13509.455239
219,61,13396.639346
219,63,13370.412608
219,64,13084.418783
219,66,12806.859126
219,68,12488.608812
220,43,20313.977720
220,44,19676.315896
220,45,18476.587794
220,46,18166.322671
220,47,17712.611635
220,48,16315.457661
220,49,15465.018769
220,50,15214.298746
220,51,14651.990906
220,53,14240.985979
220,56,13922.707186
220,58,13838.717288
220,60,13484.175169
220,61,13382.870818
220,62,13339.671690
220,64,13084.418783
220,66,12806.859126
220,68,12476.791200
221,43,20313.977720
221,44,19676.315896
221,45,18476.587794
221,46,18166.322671
221,47,17712.611635
221,48,16315.457661
221,49,15465.018769
221,50,15214.298746
221,51,14651.990906
221,53,14240.985979
221,55,14107.019811
221,56,13922.707186
221,58,13838.717288
221,60,13484.175169
221,61,13382.870818
221,62,13339.671690
221,64,13084.418783
221,66,12806.859126
221,67,12470.537651
222,43,20313.977720
222,44,19676.315896
222,45,18476.587794
222,46,18166.322671
222,47,17712.611635
222,48,16315.457661
222,49,15465.018769
222,50,15214.298746
222,51,14651.990906
222,53,14240.985979
222,55,14107.019811
222,56,13888.156288
222,58,13838.717288
222,60,13484.175169
222,61,13357.400466
222,62,13239.558401
222,64,13084.418783
222,66,12806.859126
222,67,12470.537651
223,43,20313.977720
223,44,19676.315896
223,45,18476.587794
223,46,18166.322671
223,47,17712.611635
223,48,16315.457661
223,49,15465.018769
223,50,15214.298746
223,51,14651.990906
223,53,14240.985979
223,55,14107.019811
223,56,13888.156288
223,58,13838.717288
223,60,13484.175169
223,61,13357.400466
223,62,13239.558401
223,64,13084.418783
223,66,12806.859126
223,67,12470.537651
224,43,20313.977720
224,44,19676.315896
224,45,18476.587794
224,46,18166.322671
224,47,16675.367489
224,48,16315.457661
224,49,15465.018769
224,50,15214.298746
224,51,14651.990906
224,53,14231.821833
224,55,14107.019811
224,56,13888.156288
224,58,13838.717288
224,60,13484.175169
224,61,13357.400466
224,62,13239.191572
224,64,13084.418783
224,66,12806.859126
224,67,12458.692654
225,43,20313.977720
225,44,19676.315896
225,45,18476.587794
225,46,18166.322671
225,47,16675.367489
225,48,16315.457661
225,49,15465.018769
225,50,15214.298746
225,51,14651.990906
225,53,14231.821833
225,55,14107.019811
225,56,13846.711218
225,58,13838.717288
225,60,13484.175169
225,61,13357.400466
225,62,13239.191572
225,64,13084.418783
225,66,12806.859126
225,67,12458.692654
226,43,20313.977720
226,44,19676.315896
226,45,18476.587794
226,46,18166.322671
226,47,16675.367489
226,48,16315.457661
226,49,15465.018769
226,50,15214.298746
226,51,14651.990906
226,53,14146.379596
226,55,14107.019811
226,56,13845.281299
226,58,13838.717288
226,59,13325.140780
226,62,13231.243015
226,64,13073.412652
226,66,12799.778241
226,67,12447.427984
227,43,20313.977720
227,44,19676.315896
227,45,18476.587794
227,46,18166.322671
227,47,16675.367489
227,48,16315.457661
227,49,15465.018769
227,50,15214.298746
227,51,14651.990906
227,53,14146.379596
227,55,14107.019811
227,56,13845.281299
227,58,13838.717288
227,59,13325.140780
227,62,13231.243015
227,64,13073.412652
227,66,12799.778241
227,67,12447.427984
228,43,20313.977720
228,44,19676.315896
228,45,18476.587794
228,46,18166.322671
228,47,16675.367489
228,48,16315.457661
228,49,15465.018769
228,50,15214.298746
228,51,14554.003444
228,53,14146.379596
228,54,14080.864630
228,56,13844.792624
228,57,13814.078007
228,59,13324.735024
228,62,13231.243015
228,64,13061.394033
228,66,12414.900595
229,43,20313.977720
229,44,19676.315896
229,45,18476.587794
229,46,18166.322671
229,47,16675.367489
229,48,16315.457661
229,49,15465.018769
229,50,15214.298746
229,51,14554.003444
229,53,14146.379596
229,54,14080.864630
229,56,13844.792624
229,57,13814.078007
229,59,13324.735024
229,62,13231.243015
229,64,13061.394033
229,66,12414.900595
230,43,20313.977720
230,44,19676.315896
230,45,18476.587794
230,46,18166.322671
230,47,16675.367489
230,48,16315.457661
230,49,15295.432322
230,50,14657.164505
230,51,14497.688182
230,53,14133.824600
230,54,13978.956971
230,56,13823.091476
230,57,13814.078007
230,59,13317.689483
230,62,13231.243015
230,64,13061.394033
230,66,12394.703882
231,43,20313.977720
231,44,19676.315896
231,45,18476.587794
231,46,18166.322671
231,47,16675.367489
231,48,16315.457661
231,49,15295.432322
231,50,14657.164505
231,51,14497.688182
231,53,14133.824600
231,54,13978.956971
231,56,13823.091476
231,57,13814.078007
231,59,13317.689483
231,62,13231.243015
231,64,13061.394033
231,66,12394.703882
232,43,20313.977720
232,44,19676.315896
232,45,18476.587794
232,46,18166.322671
232,47,16675.367489
232,48,16315.457661
232,49,15295.432322
232,50,14631.632940
232,51,14386.467390
232,53,14118.321546
232,54,13978.956971
232,56,13727.266857
232,59,13317.689483
232,62,13231.243015
232,64,13060.480818
232,66,12394.703882
233,43,20313.977720
233,44,19676.315896
233,45,18476.587794
233,46,18166.322671
233,47,16675.367489
233,48,16180.402709
233,49,15295.432322
233,50,14631.632940
233,51,14386.467390
233,53,14118.321546
233,54,13978.956971
233,56,13727.266857
233,59,13317.689483
233,62,13231.243015
233,64,13060.480818
233,66,12394.703882
234,43,20313.977720
234,44,19364.970391
234,45,18476.587794
234,46,18166.322671
234,47,16675.367489
234,48,16180.402709
234,49,15295.432322
234,50,14586.509177
234,51,14379.385140
234,53,14118.321546
234,54,13978.956971
234,56,13727.266857
234,59,13303.761693
234,62,13231.243015
234,64,12924.470553
234,66,12372.514876
235,43,20313.977720
235,44,19364.970391
235,45,18476.587794
235,46,18166.322671
235,47,16675.367489
235,48,16180.402709
235,49,15295.432322
235,50,14586.509177
235,51,14379.385140
235,53,14118.321546
235,54,13978.956971
235,56,13727.266857
235,59,13303.761693
235,62,13231.243015
235,64,12924.470553
235,66,12372.514876
236,43,20313.977720
236,44,19364.970391
236,45,18476.587794
236,46,18166.322671
236,47,16675.367489
236,48,16180.402709
236,49,15295.432322
236,50,14581.741592
236,51,14375.244384
236,53,14092.372088
236,54,13978.956971
236,56,13665.253758
236,59,13291.312816
236,62,13231.243015
236,64,12924.470553
236,66,12366.360809
237,43,20313.977720
237,44,19364.970391
237,45,18476.587794
237,46,18166.322671
237,47,16675.367489
237,48,16180.402709
237,49,14715.079484
237,50,14581.741592
237,51,14375.244384
237,53,14061.118410
237,54,13978.956971
237,56,13665.253758
237,59,13291.312816
237,60,13250.100965
237,62,13231.243015
237,64,12924.470553
237,66,12366.360809
238,43,20313.977720
238,44,18885.306053
238,45,18476.587794
238,46,18166.322671
238,47,16675.367489
238,48,16180.402709
238,49,14715.079484
238,50,14581.741592
238,51,14373.371335
238,52,14301.213351
238,53,14061.118410
238,54,13978.956971
238,56,13665.253758
238,59,13291.230509
238,60,13227.882817
238,63,12904.571175
238,66,12366.360809
239,43,20313.977720
239,44,18885.306053
239,45,18476.587794
239,46,18166.322671
239,47,16675.367489
239,48,16180.402709
239,49,14715.079484
239,50,14581.741592
239,51,14373.371335
239,52,14301.213351
239,53,14061.118410
239,54,13899.145613
239,56,13665.253758
239,59,13291.230509
239,60,13227.882817
239,63,12904.571175
239,66,12366.360809
240,43,20313.977720
240,44,18885.306053
240,45,18476.587794
240,46,18166.322671
240,47,16675.367489
240,48,16180.402709
240,49,14715.079484
240,50,14579.752609
240,51,14358.127287
240,52,14301.213351
240,53,14061.118410
240,54,13880.873650
240,56,13618.869091
240,59,13291.230509
240,60,13218.338240
240,63,12885.525188
240,66,12366.360809
241,43,20313.977720
241,44,18885.306053
241,45,18476.587794
241,46,18166.322671
241,47,16675.367489
241,48,16180.402709
241,49,14715.079484
241,50,14579.752609
241,51,14358.127287
241,52,14301.213351
241,53,14061.118410
241,54,13880.873650
241,56,13618.869091
241,59,13291.230509
241,60,13218.338240
241,62,13174.829828
241,63,12885.525188
241,66,12366.360809
242,43,20313.977720
242,44,18885.306053
242,45,18476.587794
242,46,18166.322671
242,47,16675.367489
242,48,16180.402709
242,49,14715.079484
242,50,14579.752609
242,51,14358.127287
242,52,14301.213351
242,53,14045.824038
242,54,13880.873650
242,56,13589.490593
242,59,13291.230509
242,60,13218.338240
242,62,13145.956725
242,63,12881.253714
242,66,12366.360809
243,43,20313.977720
243,44,18885.306053
243,45,18476.587794
243,46,18166.322671
243,47,16675.367489
243,48,15221.296651
243,49,14715.079484
243,50,14579.752609
243,51,14358.127287
243,52,14301.213351
243,53,14045.824038
243,54,13880.873650
243,56,13589.490593
243,59,13291.230509
243,60,13218.338240
243,62,13145.956725
243,63,12881.253714
243,66,12366.360809
244,43,20313.977720
244,44,18885.306053
244,45,18476.587794
244,46,18166.322671
244,47,16675.367489
244,48,15221.296651
244,49,14715.079484
244,50,14579.752609
244,51,14358.127287
244,52,14301.040082
244,53,13969.272120
244,54,13860.358538
244,56,13589.490593
244,59,13252.303072
244,60,13215.579281
244,62,13137.047820
244,63,12881.253714
244,66,12364.509702
245,43,20313.977720
245,44,18885.306053
245,45,18476.587794
245,46,18166.322671
245,47,16675.367489
245,48,15221.296651
245,49,14715.079484
245,50,14579.752609
245,51,14358.127287
245,52,14301.040082
245,53,13969.272120
245,54,13860.358538
245,56,13589.490593
245,59,13252.303072
245,60,13215.579281
245,62,13137.047820
245,63,12881.253714
245,66,12364.509702
246,43,20313.977720
246,44,18885.306053
246,45,18476.587794
246,46,18166.322671
246,47,16675.367489
246,48,15221.296651
246,49,14715.079484
246,50,14579.752609
246,51,14358.127287
246,52,14300.990458
246,53,13969.272120
246,54,13859.602178
246,56,13563.852407
246,59,13236.108557
246,60,13184.873011
246,62,13117.211719
246,63,12881.096632
246,66,12364.451657
247,43,19562.013852
247,44,18885.306053
247,45,18476.587794
247,46,18166.322671
247,47,16675.367489
247,48,15221.296651
247,49,14715.079484
247,50,14579.752609
247,51,14358.127287
247,52,14147.754684
247,53,13969.272120
247,54,13859.602178
247,56,13563.852407
247,59,13236.108557
247,60,13184.873011
247,62,13117.211719
247,63,12881.096632
247,66,12364.451657
248,43,19562.013852
248,44,18885.306053
248,45,18476.587794
248,46,18166.322671
248,47,16675.367489
248,48,15221.296651
248,49,14715.079484
248,50,14579.752609
248,51,14255.867605
248,52,14147.754684
248,53,13969.272120
248,54,13826.380535
248,56,13563.852407
248,59,13221.828487
248,60,13176.543697
248,62,13114.999795
248,63,12656.157413
248,66,12357.633029
249,43,19562.013852
249,44,18885.306053
249,45,18476.587794
249,46,18166.322671
249,47,16675.367489
249,48,15221.296651
249,49,14715.079484
249,50,14579.752609
249,51,14255.867605
249,52,14147.754684
249,53,13969.272120
249,54,13826.380535
249,56,13563.852407
249,58,13507.628191
249,59,13221.828487
249,60,13176.543697
249,62,13114.999795
249,63,12656.157413
249,66,12357.633029
250,43,19562.013852
250,44,18885.306053
250,45,18476.587794
250,46,18166.322671
250,47,16675.367489
250,48,15221.296651
250,49,14713.090501
250,50,14579.752609
250,51,14255.867605
250,52,14131.546424
250,53,13969.272120
250,54,13826.380535
250,56,13563.852407
250,58,13496.368796
250,59,13217.443317
250,60,13176.543697
250,62,13105.065317
250,63,12621.327528
250,66,12352.241104
251,43,19562.013852
251,44,18885.306053
251,45,18476.587794
251,46,18166.322671
251,47,16675.367489
251,48,15221.296651
251,49,14713.090501
251,50,14579.752609
251,51,14255.867605
251,52,14131.546424
251,53,13969.272120
251,54,13826.380535
251,56,13563.852407
251,58,13496.368796
251,59,13217.443317
251,60,13176.543697
251,62,13105.065317
251,63,12621.327528
251,66,12352.241104
252,43,19562.013852
252,44,18656.815289
252,45,18476.587794
252,46,18166.322671
252,47,16675.367489
252,48,15221.296651
252,49,14713.090501
252,50,14579.752609
252,51,14255.867605
252,52,14131.546424
252,53,13969.272120
252,54,13826.380535
252,56,13541.808850
252,58,13496.368796
252,59,13202.947244
252,60,13147.304370
252,62,13105.065317
252,63,12621.327528
252,65,12581.538499
252,66,12352.241104
253,43,19562.013852
253,44,18656.815289
253,45,18476.587794
253,46,18166.322671
253,47,16675.367489
253,48,15221.296651
253,49,14525.197923
253,51,14255.867605
253,52,14131.546424
253,53,13969.272120
253,54,13826.380535
253,55,13810.867578
253,56,13541.808850
253,58,13496.368796
253,59,13202.947244
253,60,13147.304370
253,62,13014.079064
253,63,12621.327528
253,65,12581.538499
253,66,12352.241104
254,43,19562.013852
254,44,18656.815289
254,45,18476.587794
254,46,18166.322671
254,47,16675.367489
254,48,15221.296651
254,49,14525.197923
254,51,14255.867605
254,52,14131.546424
254,53,13969.272120
254,54,13826.380535
254,55,13579.642417
254,56,13541.808850
254,58,13496.368796
254,59,13202.880704
254,60,13147.304370
254,62,13014.079064
254,63,12613.118801
254,65,12557.133148
254,66,12352.241104
255,43,19562.013852
255,44,18656.815289
255,45,18026.848669
255,47,16675.367489
255,48,15221.296651
255,49,14525.197923
255,51,14255.867605
255,52,14131.546424
255,53,13969.272120
255,54,13826.380535
255,55,13579.642417
255,56,13541.808850
255,58,13496.368796
255,59,13202.880704
255,60,13147.304370
255,62,13014.079064
255,63,12613.118801
255,65,12557.133148
255,66,12320.120645
256,43,19562.013852
256,44,18656.815289
256,45,18026.848669
256,47,16675.367489
256,48,15221.296651
256,49,14525.197923
256,51,14255.867605
256,52,14115.112343
256,53,13969.272120
256,54,13826.380535
256,55,13094.276428
256,61,13006.132078
256,63,12613.118801
256,65,12557.133148
256,66,12312.202256
257,43,18560.102990
257,45,18026.848669
257,47,16675.367489
257,48,15221.296651
257,49,14525.197923
257,51,14255.867605
257,52,14115.112343
257,53,13969.272120
257,54,13826.380535
257,55,13094.276428
257,61,13006.132078
257,63,12613.118801
257,65,12557.133148
257,66,12312.202256
258,42,19451.903735
258,43,18215.807129
258,45,18026.848669
258,47,16675.367489
258,48,15221.296651
258,49,14525.197923
258,51,14255.867605
258,52,14092.503426
258,53,13947.142898
258,54,13826.380535
258,55,13094.276428
258,61,13006.132078
258,62,12905.537759
258,63,12613.118801
258,65,12557.133148
258,66,12312.202256
259,42,19451.903735
259,43,18215.807129
259,45,18026.848669
259,47,16675.367489
259,48,15221.296651
259,49,14525.197923
259,51,14255.867605
259,52,14092.503426
259,53,13947.142898
259,54,13826.380535
259,55,13094.276428
259,61,13006.132078
259,62,12905.537759
259,63,12613.118801
259,65,12557.133148
259,66,12312.202256
260,42,19451.903735
260,43,18215.807129
260,45,18026.848669
260,47,16675.367489
260,48,15221.296651
260,49,14525.197923
260,50,14228.879104
260,52,14092.503426
260,53,13947.142898
260,54,13746.891471
260,55,13094.276428
260,60,13001.090222
260,62,12892.851927
260,63,12589.198378
260,65,12557.133148
260,66,12312.202256
261,42,19451.903735
261,43,18215.807129
261,45,18026.848669
261,47,16675.367489
261,48,15221.296651
261,49,14525.197923
261,50,14228.879104
261,52,14092.503426
261,53,13947.142898
261,54,13746.891471
261,55,13094.276428
261,60,13001.090222
261,62,12892.851927
261,63,12589.198378
261,65,12557.133148
261,66,12312.202256
262,42,19451.903735
262,43,18215.807129
262,45,18026.848669
262,47,16675.367489
262,48,15221.296651
262,49,14525.197923
262,50,14228.879104
262,52,13999.457748
262,53,13697.787027
262,55,13081.767039
262,60,13001.090222
262,62,12892.851927
262,63,12589.198378
262,65,12557.133148
262,66,12312.202256
263,42,19451.903735
263,43,18215.807129
263,45,18026.848669
263,47,16675.367489
263,48,15221.296651
263,49,14525.197923
263,50,14228.879104
263,52,13999.457748
263,53,13697.787027
263,55,13081.767039
263,60,13001.090222
263,62,12892.851927
263,63,12589.198378
263,65,12557.133148
263,66,12312.202256
264,42,19451.903735
264,43,18215.807129
264,45,18026.848669
264,47,16675.367489
264,48,15221.296651
264,49,14525.197923
264,50,14227.853033
264,52,13999.457748
264,53,13697.787027
264,55,13081.767039
264,60,13001.090222
264,62,12892.851927
264,63,12589.198378
264,65,12551.834990
264,66,12312.202256
264,67,12311.117832
265,42,19451.903735
265,43,18215.807129
265,45,18026.848669
265,47,16675.367489
265,48,15221.296651
265,49,14525.197923
265,50,14227.853033
265,52,13999.457748
265,53,13697.787027
265,55,13081.767039
265,60,13001.090222
265,62,12892.851927
265,63,12589.198378
265,65,12551.834990
265,66,12312.202256
265,67,12311.117832
266,42,19451.903735
266,43,18215.807129
266,45,18026.848669
266,47,16675.367489
266,48,15221.296651
266,49,14525.197923
266,50,14189.448879
266,52,13977.634130
266,53,13679.069069
266,55,13075.906480
266,60,12958.156575
266,62,12892.851927
266,63,12589.198378
266,65,12551.834990
266,66,12312.202256
266,67,12311.117832
267,42,19451.903735
267,43,18215.807129
267,45,18026.848669
267,47,16675.367489
267,48,15221.296651
267,49,14525.197923
267,50,14189.448879
267,52,13977.634130
267,53,13679.069069
267,55,13075.906480
267,58,12922.646812
267,62,12892.851927
267,63,12589.198378
267,65,12551.834990
267,66,12312.202256
267,67,12311.117832
268,42,19451.903735
268,43,18215.807129
268,45,18026.848669
268,47,16675.367489
268,48,15221.296651
268,49,14525.197923
268,50,14162.070799
268,52,13948.607158
268,53,13679.069069
268,55,13062.254216
268,58,12906.452297
268,62,12874.039978
268,63,12589.198378
268,65,12544.700426
268,66,12282.004443
269,42,19451.903735
269,43,18215.807129
269,45,18026.848669
269,47,16675.367489
269,48,15221.296651
269,49,14525.197923
269,50,14162.070799
269,52,13948.607158
269,53,13679.069069
269,55,13062.254216
269,58,12906.452297
269,62,12874.039978
269,63,12589.198378
269,65,12544.700426
269,66,12282.004443
270,42,19451.903735
270,43,18215.807129
270,45,18026.848669
270,47,16675.367489
270,48,15221.296651
270,49,14525.189296
270,50,14162.070799
270,52,13767.541922
270,53,13659.171292
270,55,13047.151094
270,58,12906.104272
270,62,12864.128680
270,63,12556.231497
270,65,12265.542127
271,42,19451.903735
271,43,18215.807129
271,45,18026.848669
271,47,16675.367489
271,48,15221.296651
271,49,14525.189296
271,50,14162.070799
271,52,13767.541922
271,53,13659.171292
271,55,13047.151094
271,58,12906.104272
271,62,12864.128680
271,63,12556.231497
271,64,12519.006146
271,65,12265.542127
272,42,19451.903735
272,43,18215.807129
272,45,18026.848669
272,47,16675.367489
272,48,15221.296651
272,49,14519.649653
272,50,14153.415649
272,52,13618.323616
272,55,13023.912393
272,58,12902.341137
272,61,12615.821025
272,63,12556.231497
272,64,12518.915652
272,65,12258.713106
273,42,19451.903735
273,43,18215.807129
273,45,18026.848669
273,47,16675.367489
273,48,15221.296651
273,49,14519.649653
273,50,14153.415649
273,52,13618.323616
273,53,13608.773886
273,55,13023.912393
273,58,12902.341137
273,61,12615.821025
273,63,12556.231497
273,64,12518.915652
273,65,12258.713106
274,42,19451.903735
274,43,18215.807129
274,45,18026.848669
274,47,16675.367489
274,48,15221.296651
274,49,14519.649653
274,50,14153.415649
274,52,13618.323616
274,53,13608.350943
274,55,13023.912393
274,58,12902.341137
274,61,12615.821025
274,63,12556.231497
274,64,12493.866353
274,65,12258.713106
275,42,19451.903735
275,43,18215.807129
275,45,18026.848669
275,47,16675.367489
275,48,15221.296651
275,49,14519.649653
275,50,14153.415649
275,52,13618.323616
275,53,13608.350943
275,54,13605.918319
275,55,13023.912393
275,58,12902.341137
275,61,12615.821025
275,63,12556.231497
275,64,12493.866353
275,65,12258.713106
276,41,19399.129489
276,43,18215.807129
276,45,18026.848669
276,47,16675.367489
276,48,15221.296651
276,49,14519.649653
276,50,14153.348410
276,52,13618.323616
276,53,13608.350943
276,54,13595.315500
276,55,13023.912393
276,58,12876.286992
276,61,12613.869613
276,63,12463.560499
276,65,12258.713106
277,41,19399.129489
277,43,18215.807129
277,45,18026.848669
277,47,16675.367489
277,48,15221.296651
277,49,14519.649653
277,50,14153.348410
277,52,13618.323616
277,53,13608.350943
277,54,13595.315500
277,55,13023.912393
277,58,12876.286992
277,61,12613.869613
277,63,12463.560499
277,65,12258.713106
278,41,19399.129489
278,43,18215.807129
278,45,18026.848669
278,47,16675.367489
278,48,14660.098824
278,49,14446.011493
278,50,14146.864364
278,51,13603.153716
278,53,13572.012859
278,55,13005.013949
278,58,12861.994258
278,61,12603.212741
278,63,12452.389130
278,65,12258.713106
279,41,19399.129489
279,43,18215.807129
279,45,18026.848669
279,46,17449.757794
279,47,16675.367489
279,48,14660.098824
279,49,14446.011493
279,50,14146.864364
279,51,13603.153716
279,53,13572.012859
279,55,13005.013949
279,58,12861.994258
279,61,12603.212741
279,63,12452.389130
279,65,12258.713106
280,41,19399.129489
280,43,18215.807129
280,45,18026.848669
280,46,17449.757794
280,47,16675.367489
280,48,14660.098824
280,49,14377.851960
280,50,14099.001337
280,51,13603.153716
280,53,13572.012859
280,54,13545.986619
280,55,12983.401345
280,58,12850.494269
280,61,12603.212741
280,63,12452.389130
280,65,12258.713106
281,41,19399.129489
281,43,18215.807129
281,45,18026.848669
281,46,17449.757794
281,47,16675.367489
281,48,14660.098824
281,49,14377.851960
281,50,13630.373842
281,51,13603.153716
281,52,13599.847212
281,53,13572.012859
281,54,13545.986619
281,55,12983.401345
281,58,12850.494269
281,59,12834.979911
281,61,12603.212741
281,63,12452.389130
281,65,12258.713106
282,41,19399.129489
282,43,18215.807129
282,45,18026.848669
282,46,17449.757794
282,47,16675.367489
282,48,14660.098824
282,49,14377.851960
282,50,13630.373842
282,51,13571.657436
282,53,13545.209942
282,55,12980.171931
282,58,12849.208465
282,59,12834.979911
282,61,12601.480955
282,63,12452.389130
282,65,12258.713106
283,41,19399.129489
283,43,18215.807129
283,45,18026.848669
283,46,17449.757794
283,47,16675.367489
283,48,14660.098824
283,49,14377.851960
283,50,13630.373842
283,51,13571.657436
283,53,13545.209942
283,55,12980.171931
283,58,12849.208465
283,59,12834.979911
283,61,12601.480955
283,63,12452.389130
283,65,12258.713106
284,41,19399.129489
284,42,19332.470349
284,43,18215.807129
284,45,18026.848669
284,46,17449.757794
284,47,16675.367489
284,48,14660.098824
284,49,14377.851960
284,50,13500.901726
284,55,12980.171931
284,58,12819.629813
284,61,12570.175770
284,62,12410.762894
284,65,12258.713106
285,41,19399.129489
285,42,19332.470349
285,43,18215.807129
285,45,17926.228829
285,46,17449.757794
285,47,16675.367489
285,48,14660.098824
285,49,14377.851960
285,50,13500.901726
285,55,12980.171931
285,58,12819.629813
285,61,12570.175770
285,62,12410.762894
285,65,12258.713106
286,41,19399.129489
286,42,19332.470349
286,43,18215.201690
286,45,17926.228829
286,46,17416.753359
286,47,14573.515419
286,48,14518.958018
286,49,14035.553697
286,50,13476.011831
286,55,12980.171931
286,58,12812.644473
286,61,12570.175770
286,62,12410.762894
286,65,12258.713106
287,41,19399.129489
287,42,18140.822888
287,45,17926.228829
287,46,17416.753359
287,47,14573.515419
287,48,14518.958018
287,49,14035.553697
287,50,13476.011831
287,55,12980.171931
287,58,12812.644473
287,61,12570.175770
287,62,12410.762894
287,65,12258.713106
288,41,19399.129489
288,42,18140.822888
288,45,17926.228829
288,46,14481.198940
288,48,14458.060034
288,49,14035.553697
288,50,13441.781152
288,55,12980.171931
288,58,12812.644473
288,61,12570.175770
288,62,12407.787594
288,65,12256.568500
289,41,19399.129489
289,42,18140.822888
289,44,17870.867495
289,46,14481.198940
289,48,14458.060034
289,49,14035.553697
289,50,13441.781152
289,55,12980.171931
289,58,12812.644473
289,61,12570.175770
289,62,12407.787594
289,65,12256.568500
290,41,19399.129489
290,42,18140.822888
290,44,17604.089028
290,46,14454.433211
290,47,14354.767786
290,49,14034.623987
290,50,13436.663497
290,55,12971.963204
290,58,12801.736530
290,61,12547.991729
290,62,12407.449772
290,65,12256.568500
291,41,19399.129489
291,42,18140.822888
291,44,17604.089028
291,46,14454.433211
291,47,14354.767786
291,49,14034.623987
291,50,13436.663497
291,55,12971.963204
291,58,12801.736530
291,61,12547.991729
291,62,12407.449772
291,65,12256.568500
292,41,19399.129489
292,42,18140.822888
292,44,17604.089028
292,46,14453.574297
292,47,14242.710627
292,49,14034.623987
292,50,13409.084446
292,55,12935.529333
292,58,12801.736530
292,59,12727.403034
292,61,12544.562307
292,62,12407.449772
292,65,12238.950858
293,41,19399.129489
293,42,18140.822888
293,44,17604.089028
293,45,17598.822346
293,46,14453.574297
293,47,14242.710627
293,49,14034.623987
293,50,13409.084446
293,55,12935.529333
293,58,12801.736530
293,59,12727.403034
293,61,12544.562307
293,62,12407.449772
293,65,12238.950858
294,41,19399.129489
294,42,18140.822888
294,44,17604.089028
294,45,17598.822346
294,46,14453.574297
294,47,14143.390279
294,49,13930.843773
294,50,13407.898697
294,51,13371.016792
294,55,12935.529333
294,58,12801.068463
294,59,12727.403034
294,61,12526.366987
294,62,12407.449772
294,65,12238.950858
295,41,19399.129489
295,42,18140.822888
295,43,18037.702608
295,44,17604.089028
295,45,17598.822346
295,46,14453.574297
295,47,14143.390279
295,49,13750.994498
295,50,13407.898697
295,51,13371.016792
295,55,12671.739868
295,61,12526.366987
295,62,12407.449772
295,65,12238.950858
296,41,19399.129489
296,42,18140.822888
296,43,18037.702608
296,44,17604.089028
296,45,17598.822346
296,46,14453.574297
296,47,14137.011174
296,48,14071.589972
296,49,13744.503621
296,50,13407.340752
296,51,13371.016792
296,55,12671.739868
296,61,12526.366987
296,62,12405.336028
296,65,12238.950858
297,41,19399.129489
297,42,18140.822888
297,43,18037.702608
297,44,17604.089028
297,45,17598.822346
297,46,14453.574297
297,47,14137.011174
297,48,14071.589972
297,49,13744.503621
297,50,13407.340752
297,51,13371.016792
297,55,12671.739868
297,61,12526.366987
297,62,12405.336028
297,65,12238.950858
297,67,12227.943940
298,41,19399.129489
298,42,18083.397527
298,43,18037.702608
298,44,17604.089028
298,45,17598.822346
298,46,14453.574297
298,47,14137.011174
298,48,13994.474532
298,49,13708.029705
298,50,13407.340752
298,51,13358.056254
298,55,12671.739868
298,61,12526.366987
298,62,12405.336028
298,63,12397.270441
298,65,12238.950858
298,67,12227.943940
299,41,17880.544071
299,44,17604.089028
299,45,17598.822346
299,46,14453.574297
299,47,14137.011174
299,48,13994.474532
299,49,13708.029705
299,50,13367.761513
299,51,13358.056254
299,55,12671.739868
299,61,12526.366987
299,62,12405.336028
299,63,12397.270441
299,65,12238.950858
299,67,12227.943940
300,41,17880.544071
300,44,17604.089028
300,45,17304.294985
300,46,14453.574297
300,47,14137.011174
300,48,13994.474532
300,49,13708.029705
300,50,13357.128123
300,51,13336.830964
300,55,12647.837440
300,61,12526.366987
300,62,12405.336028
300,63,12397.270441
300,65,12238.950858
300,67,12227.943940
301,41,17880.544071
301,44,17604.089028
301,45,17304.294985
301,46,14453.574297
301,47,14137.011174
301,48,13994.474532
301,49,13708.029705
301,50,13357.128123
301,51,13336.830964
301,55,12647.837440
301,61,12526.366987
301,62,12405.336028
301,63,12397.270441
301,65,12238.950858
301,67,12227.943940
302,41,17880.544071
302,42,17808.238128
302,44,17604.089028
302,45,17304.294985
302,46,14453.574297
302,47,14137.011174
302,48,13964.986451
302,49,13348.534714
302,51,13336.830964
302,54,12642.097729
302,61,12526.366987
302,62,12405.336028
302,63,12397.270441
302,65,12238.950858
302,66,12221.778380
303,41,17880.544071
303,42,17808.238128
303,44,17604.089028
303,45,17304.294985
303,46,14453.574297
303,47,14137.011174
303,48,13964.986451
303,49,13348.534714
303,51,13336.830964
303,54,12642.097729
303,61,12526.366987
303,62,12405.336028
303,63,12397.270441
303,65,12238.950858
303,66,12221.778380
304,41,17880.544071
304,42,17808.238128
304,44,17293.071816
304,46,14453.574297
304,47,14110.128745
304,48,13915.655454
304,49,13348.534714
304,51,13336.830964
304,54,12642.097729
304,61,12526.366987
304,62,12405.331431
304,63,12397.270441
304,65,12238.950858
304,66,12221.778380
305,41,17880.544071
305,42,17808.238128
305,44,17293.071816
305,46,14453.574297
305,47,14110.128745
305,48,13915.655454
305,49,13348.534714
305,51,13336.830964
305,54,12642.097729
305,61,12526.366987
305,62,12405.331431
305,63,12397.270441
305,65,12238.950858
305,66,12221.778380
306,41,17880.544071
306,42,17808.238128
306,44,17293.071816
306,46,14453.574297
306,47,14104.876342
306,48,13318.476775
306,54,12642.097729
306,61,12522.145600
306,62,12405.331431
306,63,12396.944680
306,65,12238.950858
306,66,12187.750341
307,41,17880.544071
307,42,17808.238128
307,44,17293.071816
307,46,14453.574297
307,47,14104.876342
307,48,13318.476775
307,54,12642.097729
307,61,12522.145600
307,62,12405.331431
307,63,12396.944680
307,65,12238.950858
307,66,12187.750341
307,69,12175.511002
308,41,17880.544071
308,42,17681.079185
308,44,17293.071816
308,46,14400.822727
308,47,14104.876342
308,48,13314.802092
308,54,12642.097729
308,61,12335.489969
308,65,12211.971954
308,66,12187.750341
308,69,12175.511002
309,41,17880.544071
309,42,17681.079185
309,44,17293.071816
309,46,14400.822727
309,47,14104.876342
309,48,13314.802092
309,51,13313.910143
309,54,12642.097729
309,57,12513.745169
309,61,12335.489969
309,65,12211.971954
309,66,12187.750341
309,69,12175.511002
310,41,17880.544071
310,42,17581.275024
310,44,17293.071816
310,46,14309.308846
310,47,14058.541498
310,48,13314.802092
310,51,13258.059473
310,54,12642.097729
310,57,12512.857375
310,61,12332.743440
310,64,12164.699151
311,41,17880.544071
311,42,17581.275024
311,44,17293.071816
311,45,17155.838196
311,46,14309.308846
311,47,14058.541498
311,48,13314.802092
311,51,13258.059473
311,54,12642.097729
311,57,12512.857375
311,61,12332.743440
311,63,12107.863468
312,41,17880.544071
312,42,17581.275024
312,44,17169.019411
312,45,16865.160594
312,46,14247.471184
312,47,14058.541498
312,48,13314.802092
312,51,13258.059473
312,54,12585.743213
312,57,12512.857375
312,61,12332.743440
312,63,12102.115845
313,41,17880.544071
313,42,17581.275024
313,43,17146.034095
313,45,16865.160594
313,46,14247.471184
313,47,14058.541498
313,48,13314.802092
313,51,13258.059473
313,54,12585.743213
313,57,12500.102505
313,61,12332.743440
313,62,12056.060967
314,41,17880.544071
314,42,17581.275024
314,43,17053.131783
314,45,16859.096696
314,46,14220.344394
314,47,14058.541498
314,48,13274.076449
314,51,13256.793713
314,54,12585.743213
314,56,12467.024317
314,61,12332.743440
314,62,12056.060967
315,41,17640.144366
315,42,17581.275024
315,43,17053.131783
315,45,16859.096696
315,46,14220.344394
315,47,13633.845930
315,48,13274.076449
315,51,13194.900256
315,54,12585.743213
315,56,12467.024317
315,59,12437.712148
315,61,12326.373924
315,62,12056.060967
316,41,17640.144366
316,42,17581.275024
316,43,16841.621831
316,45,16783.746281
316,46,14220.344394
316,47,13592.546209
316,48,13271.203185
316,51,13194.900256
316,54,12585.743213
316,56,12423.663429
316,59,12412.073725
316,61,12014.239313
317,41,17640.144366
317,42,17581.275024
317,43,16841.621831
317,45,16783.746281
317,46,14220.344394
317,47,13592.546209
317,48,13271.203185
317,51,13194.900256
317,54,12585.743213
317,56,12423.663429
317,59,12412.073725
317,61,12014.239313
318,41,17640.144366
318,42,17581.275024
318,43,16802.101866
318,45,16772.111333
318,46,14216.818502
318,47,13563.825457
318,48,13271.203185
318,51,13129.945087
318,54,12577.365982
318,56,12423.663429
318,59,12411.172817
318,60,12000.451153
319,41,17640.144366
319,42,17581.275024
319,43,16802.101866
319,45,16772.111333
319,46,14216.818502
319,47,13563.825457
319,48,13271.203185
319,51,13129.945087
319,54,12577.365982
319,56,12423.663429
319,59,12411.172817
319,60,12000.451153
320,41,17640.144366
320,42,17486.505497
320,43,16802.101866
320,45,16772.111333
320,46,14210.813930
320,47,13237.043199
320,51,13091.247343
320,54,12577.365982
320,56,12423.663429
320,59,12411.172817
320,60,11994.546920
321,41,17640.144366
321,42,17486.505497
321,43,16802.101866
321,45,16772.111333
321,46,14210.813930
321,47,13237.043199
321,51,13091.247343
321,54,12577.365982
321,56,12423.663429
321,59,12411.172817
321,60,11994.546920
