Generation,NV,TOC
1,51,22473.516686
1,52,21662.732163
1,54,21105.809461
1,56,21028.787830
1,58,20357.876037
1,60,19885.140408
1,62,19743.461847
1,63,19090.645158
1,64,18879.950771
1,70,18091.965088
1,72,17766.537074
1,74,17635.204092
1,80,17452.480477
1,81,16568.376549
1,84,16354.764514
1,86,15797.588851
1,89,15766.548287
1,90,15720.217983
1,91,15647.155980
1,94,15524.026187
1,101,15320.284617
1,110,15212.537990
1,130,15128.832401
2,50,21532.107500
2,54,21105.809461
2,56,21028.787830
2,57,20949.382890
2,58,20357.876037
2,59,19353.594368
2,63,19090.645158
2,64,18879.950771
2,66,18081.658599
2,72,17766.537074
2,74,17444.646420
2,76,17069.169571
2,81,16568.376549
2,82,16188.127600
2,86,15797.588851
2,89,15766.548287
2,90,15720.217983
2,91,15647.155980
2,92,15543.582504
2,94,15524.026187
2,96,15406.089648
2,100,15356.530590
2,101,15117.266678
2,111,14950.976364
3,50,21532.107500
3,52,20701.045737
3,54,20466.737915
3,56,19891.688979
3,59,19353.594368
3,63,18761.203969
3,66,18081.658599
3,67,17915.257242
3,68,17575.536305
3,74,17444.646420
3,76,17069.169571
3,78,16493.979006
3,82,15946.215026
3,83,15688.201576
3,89,15298.203648
3,93,15160.949432
3,101,15115.785741
3,111,14950.976364
4,49,21693.752163
4,50,20483.319723
4,52,19248.211071
4,61,19056.558006
4,63,18761.203969
4,64,18518.752474
4,65,18488.226976
4,66,18081.658599
4,67,17902.413030
4,68,17575.536305
4,69,17393.639690
4,73,17058.072030
4,75,16993.377935
4,78,16493.979006
4,79,16152.788987
4,81,15953.724283
4,82,15946.215026
4,83,15688.201576
4,89,15298.203648
4,93,15160.949432
4,99,15044.370011
4,101,14997.583337
4,111,14950.976364
5,49,21693.752163
5,50,20483.319723
5,52,19248.211071
5,56,19181.547436
5,58,19112.000884
5,59,19072.302354
5,61,18504.964027
5,62,18482.395889
5,64,18455.202999
5,65,17889.071617
5,66,17663.103511
5,68,17575.536305
5,69,17393.639690
5,70,17380.647867
5,71,17120.945048
5,73,17058.072030
5,75,16977.792246
5,77,16954.054738
5,78,16493.979006
5,79,15763.963499
5,83,15688.201576
5,89,15298.203648
5,93,15160.949432
5,99,15044.370011
5,101,14997.583337
5,111,14950.976364
6,47,20417.600348
6,51,19878.757352
6,52,19248.211071
6,56,19181.547436
6,58,19112.000884
6,59,19072.302354
6,61,18504.964027
6,62,18482.395889
6,63,18175.048821
6,65,17889.071617
6,66,17663.103511
6,67,17109.085010
6,71,15954.073228
6,77,15565.937006
6,81,15549.825414
6,85,15160.924853
6,92,15072.954138
6,98,14905.668515
6,99,14847.137307
6,101,14783.653596
7,47,20417.600348
7,50,19718.529710
7,51,19647.617083
7,52,18782.744219
7,57,18373.518698
7,59,18363.361578
7,63,17377.872871
7,67,17109.085010
7,71,15954.073228
7,77,15479.264503
7,85,15160.924853
7,92,15060.224299
7,95,15046.564468
7,97,14931.689982
7,98,14905.668515
7,99,14847.137307
7,101,14783.653596
7,102,14680.367299
8,47,20417.600348
8,50,19718.529710
8,51,18308.061275
8,55,17969.290212
8,60,17555.154739
8,61,17049.161885
8,65,16660.491580
8,67,16652.056396
8,71,15954.073228
8,73,15810.427498
8,77,15479.264503
8,85,15160.924853
8,92,15060.224299
8,94,14811.667431
8,96,14810.453598
8,97,14704.215290
8,100,14634.966828
9,47,20417.600348
9,50,19188.804344
9,51,18308.061275
9,55,17969.290212
9,58,17923.121361
9,60,17555.154739
9,61,17049.161885
9,65,16660.491580
9,67,16240.373063
9,69,15860.258912
9,73,15810.427498
9,74,15651.978141
9,75,15544.926786
9,76,15505.087678
9,77,15479.264503
9,85,14889.344709
9,94,14742.735111
9,96,14678.283645
9,100,14361.421919
10,47,20417.600348
10,49,20084.349168
10,50,19188.804344
10,51,18308.061275
10,55,17850.805186
10,58,17136.560872
10,59,16790.166711
10,65,16614.626441
10,67,16240.373063
10,69,15802.473640
10,72,15735.456299
10,74,15651.978141
10,75,15544.926786
10,76,15505.087678
10,77,15479.264503
10,78,15172.528242
10,85,14889.344709
10,93,14523.814712
10,97,14423.398258
10,100,14361.421919
11,47,20417.600348
11,48,20275.948365
11,49,18148.169390
11,55,17835.775293
11,57,17301.268505
11,58,17136.560872
11,59,16790.166711
11,63,16610.351150
11,65,16550.114538
11,67,15581.610593
11,71,15401.665839
11,73,15237.666341
11,76,14974.808893
11,85,14763.789236
11,88,14515.857039
11,92,14441.212356
11,93,14401.811132
11,95,14234.320168
12,46,18857.736215
12,49,17706.569573
12,53,17168.748350
12,54,16825.470560
12,57,16259.429348
12,67,15581.610593
12,71,15401.665839
12,72,15279.633528
12,73,15237.666341
12,75,15202.754227
12,76,14974.808893
12,85,14687.362634
12,88,14515.857039
12,92,14441.212356
12,93,14401.811132
12,95,14234.320168
13,46,18857.736215
13,49,17706.569573
13,53,17168.748350
13,54,16825.470560
13,57,16223.014869
13,61,15651.333766
13,67,15313.956416
13,69,15305.890835
13,71,15229.533203
13,72,15112.698417
13,76,14974.808893
13,85,14687.362634
13,88,14515.857039
13,92,14441.212356
13,93,14401.811132
13,95,14234.320168
14,46,18857.736215
14,49,17706.569573
14,53,17168.748350
14,54,16712.526829
14,56,16369.049848
14,57,16223.014869
14,61,15651.333766
14,62,15599.474396
14,67,15313.956416
14,69,15305.890835
14,71,15229.533203
14,72,15112.698417
14,75,14960.694635
14,85,14687.362634
14,88,14515.857039
14,92,14441.212356
14,93,14401.811132
14,95,14234.320168
14,99,14172.865567
15,46,18857.736215
15,49,17706.569573
15,51,17539.138589
15,52,17315.464089
15,53,17168.748350
15,54,16538.461790
15,56,16369.049848
15,57,16223.014869
15,61,15651.333766
15,62,15599.474396
15,63,15550.712436
15,66,15411.576031
15,67,15313.956416
15,69,15172.662350
15,70,15024.747199
15,75,14960.694635
15,84,14536.307646
15,86,14478.887823
15,92,14441.212356
15,93,14401.811132
15,95,14234.320168
15,99,14172.865567
16,46,18857.736215
16,48,17624.674987
16,50,17377.916385
16,52,17287.589710
16,53,17159.978368
16,54,16538.461790
16,56,16369.049848
16,57,16003.269757
16,61,15651.333766
16,62,15599.474396
16,63,15550.712436
16,66,15411.576031
16,67,15311.113579
16,69,15172.662350
16,70,14673.990941
16,71,14610.868178
16,75,14610.106838
16,82,14436.939251
16,86,14369.235215
16,93,14328.661000
16,95,14176.786871
16,97,14020.301021
17,46,18857.736215
17,47,18806.116432
17,48,17624.674987
17,50,17377.916385
17,52,17287.589710
17,53,16987.914423
17,54,16538.461790
17,56,16112.989763
17,57,16003.269757
17,61,15651.333766
17,62,15596.016284
17,63,15550.712436
17,64,15515.951097
17,65,15413.880763
17,66,15321.576750
17,67,15311.113579
17,69,15172.662350
17,70,14673.990941
17,71,14610.868178
17,75,14547.403744
17,81,14526.111187
17,82,14436.581098
17,86,14369.235215
17,93,14278.868798
17,94,14115.741757
17,97,14020.301021
18,45,18102.092784
18,48,17624.674987
18,50,17377.916385
18,52,17287.589710
18,53,16987.914423
18,54,16538.461790
18,56,16112.989763
18,57,16003.269757
18,58,15899.909869
18,61,15651.333766
18,62,15485.293630
18,63,15471.481914
18,65,15413.880763
18,66,15321.576750
18,67,15004.185409
18,70,14673.990941
18,71,14610.868178
18,75,14547.403744
18,80,14415.069984
18,82,14391.920043
18,86,14369.235215
18,90,14354.705664
18,93,14278.868798
18,94,14115.741757
18,97,14020.301021
19,45,18102.092784
19,48,17624.674987
19,50,17377.916385
19,51,17141.207147
19,52,16888.003339
19,54,16538.461790
19,56,16112.989763
19,57,16003.269757
19,58,15899.909869
19,61,15651.333766
19,62,15485.293630
19,63,15471.481914
19,65,15413.880763
19,66,15321.576750
19,67,15004.185409
19,70,14673.990941
19,71,14610.868178
19,75,14547.403744
19,80,14415.069984
19,82,14391.920043
19,83,14385.777721
19,86,14369.235215
19,90,14354.705664
19,93,14278.868798
19,94,14115.741757
19,97,14020.301021
20,45,18102.092784
20,48,17624.674987
20,50,17377.916385
20,51,17094.748153
20,52,16888.003339
20,53,16772.338086
20,54,16375.544875
20,56,16112.989763
20,57,16003.269757
20,58,15899.909869
20,60,15869.593624
20,61,15651.333766
20,62,15485.293630
20,63,15471.481914
20,65,15413.880763
20,66,15321.576750
20,67,15004.185409
20,70,14673.990941
20,71,14610.868178
20,73,14604.499801
20,75,14547.403744
20,76,14493.948508
20,79,14448.514808
20,80,14415.069984
20,82,14391.920043
20,83,14385.777721
20,86,14369.235215
20,90,14354.705664
20,93,14278.868798
20,94,14115.741757
20,97,14020.301021
21,43,19419.512387
21,45,17789.743694
21,46,17259.376147
21,51,17094.748153
21,52,16741.380977
21,54,16375.544875
21,56,16112.989763
21,57,16003.269757
21,58,15899.909869
21,60,15869.593624
21,61,15651.333766
21,62,15485.293630
21,63,15471.481914
21,65,14852.471013
21,70,14568.984877
21,73,14440.573888
21,78,14233.645785
21,93,14011.806622
21,95,13935.171817
22,43,19419.512387
22,45,17789.743694
22,46,17259.376147
22,47,17247.555404
22,48,16793.489828
22,51,16739.152016
22,54,16375.544875
22,56,16112.989763
22,57,16003.269757
22,58,15899.909869
22,60,15869.593624
22,61,15651.333766
22,62,15485.293630
22,63,15471.481914
22,65,14852.471013
22,66,14717.249470
22,68,14657.167101
22,70,14568.984877
22,73,14299.455593
22,78,14233.645785
22,82,14219.065335
22,85,14213.655076
22,93,14011.806622
22,95,13935.171817
23,43,19125.351497
23,45,17789.743694
23,46,17259.376147
23,47,17247.555404
23,48,16793.489828
23,51,16627.696389
23,54,16299.087013
23,55,15834.887910
23,61,15651.333766
23,62,15485.293630
23,63,15471.481914
23,64,15340.227730
23,65,14852.471013
23,66,14717.249470
23,68,14657.167101
23,70,14568.984877
23,71,14286.099181
23,78,14233.645785
23,81,14138.831219
23,91,14115.392420
23,92,13967.169761
23,95,13935.171817
24,43,19125.351497
24,44,18381.178195
24,45,17789.743694
24,46,17259.376147
24,47,17247.555404
24,48,16793.489828
24,51,16627.696389
24,54,16299.087013
24,55,15834.887910
24,56,15774.144155
24,61,15651.333766
24,62,15485.293630
24,63,15471.481914
24,64,14992.443674
24,65,14852.471013
24,66,14717.249470
24,68,14657.167101
24,70,14568.984877
24,71,14286.099181
24,78,14233.645785
24,81,14138.831219
24,91,14115.392420
24,92,13967.169761
24,95,13935.171817
25,43,19125.351497
25,44,18381.178195
25,45,17789.743694
25,46,17259.376147
25,47,17247.555404
25,48,16793.489828
25,50,16493.159110
25,53,16110.911805
25,55,15834.887910
25,56,15774.144155
25,59,15219.218164
25,64,14992.443674
25,65,14852.471013
25,66,14717.249470
25,68,14657.167101
25,70,14568.984877
25,71,14286.099181
25,78,14142.439162
25,81,14138.831219
25,91,13899.122351
26,43,19125.351497
26,44,18381.178195
26,45,17789.743694
26,46,17037.302240
26,48,16793.489828
26,50,16493.159110
26,53,16110.911805
26,54,16095.405965
26,55,15834.887910
26,56,15774.144155
26,57,15192.348464
26,63,14881.652070
26,65,14726.149303
26,66,14713.673683
26,67,14640.499307
26,70,14522.768203
26,71,14214.506678
26,78,14086.120753
26,79,14047.813759
26,90,13705.760612
27,43,19125.351497
27,44,18333.343394
27,45,17789.743694
27,46,17037.302240
27,48,16793.489828
27,49,16602.500627
27,50,16493.159110
27,51,16132.059930
27,53,16110.911805
27,54,15723.770423
27,57,15192.348464
27,63,14881.652070
27,65,14726.149303
27,66,14713.673683
27,67,14640.499307
27,70,14522.768203
27,71,14214.506678
27,75,14173.754518
27,78,14086.120753
27,79,14047.813759
27,80,13945.884741
27,90,13705.760612
28,43,19125.351497
28,44,18333.343394
28,45,17644.317342
28,46,16734.860520
28,47,16711.266289
28,49,16602.500627
28,50,16432.878282
28,51,16132.059930
28,53,15890.177264
28,54,15723.770423
28,57,15192.348464
28,63,14881.652070
28,65,14726.149303
28,66,14713.673683
28,67,14434.510385
28,71,14214.506678
28,75,14173.754518
28,78,14086.120753
28,79,14047.813759
28,80,13945.884741
28,90,13705.760612
29,43,19125.351497
29,44,18333.343394
29,45,17594.485696
29,46,16734.860520
29,47,16711.266289
29,48,16611.047095
29,49,16602.500627
29,50,16432.878282
29,51,16132.059930
29,52,15932.551447
29,53,15890.177264
29,54,15723.770423
29,56,15697.546806
29,57,15192.348464
29,61,15139.722092
29,63,14881.652070
29,65,14726.149303
29,66,14713.673683
29,67,14370.235207
29,71,14214.506678
29,75,14173.754518
29,78,14086.120753
29,79,14047.813759
29,80,13945.884741
29,90,13705.760612
30,43,19125.351497
30,44,17602.349646
30,45,16651.148315
30,47,16645.340236
30,48,16525.850133
30,50,16432.878282
30,51,16078.787867
30,52,15932.551447
30,53,15890.177264
30,54,15723.770423
30,56,15697.546806
30,57,15192.348464
30,61,15139.722092
30,63,14881.652070
30,65,14726.149303
30,66,14713.673683
30,67,14370.235207
30,70,14077.104855
30,79,14047.813759
30,80,13945.884741
30,90,13705.760612
30,94,13594.284444
31,42,20102.473436
31,43,18393.210903
31,44,17602.349646
31,45,16651.148315
31,47,16645.340236
31,48,16525.850133
31,50,16432.878282
31,51,16078.787867
31,52,15932.551447
31,53,15890.177264
31,54,15723.770423
31,56,15697.546806
31,57,14823.748461
31,65,14557.113508
31,67,14370.235207
31,70,14077.104855
31,78,14044.840214
31,80,13945.884741
31,90,13705.760612
31,91,13619.419841
31,94,13594.284444
32,42,20102.473436
32,43,18393.210903
32,44,17602.349646
32,45,16651.148315
32,47,16645.340236
32,48,16525.850133
32,50,16432.878282
32,51,16078.787867
32,52,15932.551447
32,53,15877.689067
32,54,15723.770423
32,55,15633.905393
32,57,14823.748461
32,65,14557.113508
32,67,14370.235207
32,70,14077.104855
32,78,13913.686469
32,90,13705.760612
32,91,13619.419841
32,94,13594.284444
33,42,20102.473436
33,43,18393.210903
33,44,17602.349646
33,45,16651.148315
33,47,16645.340236
33,48,16525.850133
33,50,16432.878282
33,51,16078.787867
33,52,15932.551447
33,53,15877.689067
33,54,15581.167737
33,57,14823.748461
33,65,14557.113508
33,67,14370.235207
33,68,14362.795028
33,70,14077.104855
33,78,13913.686469
33,90,13705.760612
33,91,13619.419841
33,92,13618.762709
33,94,13594.284444
34,42,20102.473436
34,43,18393.210903
34,44,17602.349646
34,45,16651.148315
34,47,16447.557428
34,48,16268.089066
34,50,15996.160400
34,52,15932.551447
34,53,15877.689067
34,54,15581.167737
34,57,14823.748461
34,61,14270.701349
34,70,14077.104855
34,78,13913.686469
34,90,13705.760612
34,91,13619.419841
34,92,13618.762709
34,94,13572.989045
35,42,20102.473436
35,43,18393.210903
35,44,17602.349646
35,45,16651.148315
35,46,16579.178064
35,47,16447.557428
35,48,16268.089066
35,49,16187.794960
35,50,15996.160400
35,52,15883.847595
35,53,15877.689067
35,54,15581.167737
35,55,15480.761551
35,57,14823.748461
35,61,14270.701349
35,70,14077.104855
35,78,13913.686469
35,90,13705.760612
35,91,13619.419841
35,92,13618.762709
35,94,13572.989045
36,42,20102.473436
36,43,18231.632518
36,44,17602.349646
36,45,16651.148315
36,46,16579.178064
36,47,16447.557428
36,48,16268.089066
36,49,16187.794960
36,50,15673.225101
36,54,15581.167737
36,55,15480.761551
36,57,14823.748461
36,61,14270.701349
36,70,14077.104855
36,72,14022.956267
36,78,13913.686469
36,89,13828.145471
36,90,13705.760612
36,91,13619.419841
36,92,13618.762709
36,94,13572.989045
37,42,20102.473436
37,43,16759.245593
37,44,16520.083863
37,47,16422.699683
37,48,16268.089066
37,49,16187.794960
37,50,15673.225101
37,54,15476.972326
37,57,14823.748461
37,61,14270.701349
37,68,14123.482934
37,70,14077.104855
37,72,14022.956267
37,78,13913.686469
37,79,13907.142196
37,88,13673.480714
37,91,13619.419841
37,92,13618.762709
37,94,13572.989045
38,42,20102.473436
38,43,16366.864840
38,48,16268.089066
38,49,16187.794960
38,50,15673.225101
38,54,15476.972326
38,57,14823.748461
38,58,14562.210388
38,61,14270.701349
38,65,14201.676227
38,66,14173.894297
38,68,14123.482934
38,70,14077.104855
38,72,14022.956267
38,78,13910.893848
38,79,13907.142196
38,86,13826.109560
38,88,13673.480714
38,91,13619.419841
38,92,13618.762709
38,94,13572.989045
39,42,20102.473436
39,43,16366.864840
39,45,16267.131322
39,48,16195.706758
39,49,16061.051954
39,50,15673.225101
39,54,15476.972326
39,56,15374.477480
39,57,14823.748461
39,58,14562.210388
39,61,14270.701349
39,64,14136.882706
39,68,14123.482934
39,70,14077.104855
39,72,14022.956267
39,77,13907.147181
39,79,13907.142196
39,85,13599.349506
39,94,13572.989045
39,96,13548.108811
40,42,16255.084075
40,48,16195.706758
40,49,15303.283138
40,54,15120.286946
40,57,14823.748461
40,58,14562.210388
40,61,14270.701349
40,64,14136.882706
40,65,14125.791570
40,68,14123.482934
40,70,14077.104855
40,72,14022.956267
40,77,13825.589800
40,85,13599.349506
40,87,13530.088581
41,42,16192.299824
41,48,16177.234362
41,49,15303.283138
41,54,15120.286946
41,57,14823.748461
41,58,14562.210388
41,61,14270.701349
41,64,14136.882706
41,65,14125.791570
41,68,14123.482934
41,69,14105.012587
41,70,14077.104855
41,72,14022.956267
41,77,13825.589800
41,85,13599.349506
41,87,13530.088581
42,42,16192.299824
42,47,15743.183424
42,49,15303.283138
42,54,15120.286946
42,57,14823.748461
42,58,14562.210388
42,59,14353.837965
42,61,14270.701349
42,64,14136.882706
42,65,14125.791570
42,68,14123.482934
42,69,14089.195241
42,70,14077.104855
42,71,14049.866473
42,72,14022.956267
42,73,13924.808639
42,77,13825.589800
42,85,13599.349506
42,87,13530.088581
43,41,17256.422159
43,42,16192.299824
43,47,15743.183424
43,49,15303.283138
43,54,15120.286946
43,57,14823.748461
43,58,14562.210388
43,59,14353.837965
43,61,14270.701349
43,64,14136.882706
43,65,14125.791570
43,68,14123.482934
43,69,14089.195241
43,70,14077.104855
43,71,14009.041457
43,73,13924.808639
43,76,13828.604240
43,77,13825.589800
43,85,13599.349506
43,87,13530.088581
44,41,17256.422159
44,42,16192.299824
44,43,16136.163453
44,46,15734.556486
44,49,15303.283138
44,52,15284.837532
44,54,15120.286946
44,57,14823.748461
44,58,14562.210388
44,59,14353.837965
44,61,14270.701349
44,62,14225.159467
44,64,14136.882706
44,65,14125.791570
44,67,14051.685969
44,69,14042.256380
44,71,13939.685834
44,73,13887.341493
44,75,13729.944496
44,85,13501.749104
44,86,13473.289611
45,41,17256.422159
45,42,16192.299824
45,43,16116.766590
45,44,15777.505728
45,45,15608.016979
45,49,15303.283138
45,52,15239.291204
45,54,15120.286946
45,55,15000.227478
45,56,14958.346871
45,57,14823.748461
45,58,14562.210388
45,59,14353.837965
45,61,14270.701349
45,62,14225.159467
45,64,14136.882706
45,65,13932.339726
45,71,13912.522128
45,72,13909.096812
45,73,13887.341493
45,75,13729.944496
45,85,13501.749104
45,86,13473.289611
46,41,17256.422159
46,42,16192.299824
46,43,16116.766590
46,44,15777.505728
46,45,15571.539633
46,47,15463.474206
46,49,15303.283138
46,51,15238.686598
46,52,14768.231947
46,58,14562.210388
46,59,14353.837965
46,61,14270.701349
46,62,14225.159467
46,64,14136.882706
46,65,13932.339726
46,71,13912.522128
46,72,13909.096812
46,73,13887.341493
46,75,13729.944496
46,85,13501.749104
46,86,13473.289611
47,41,16409.997903
47,42,16189.744519
47,43,16054.645271
47,44,15777.505728
47,45,15571.539633
47,46,15409.368735
47,49,15303.283138
47,51,14848.934333
47,52,14768.231947
47,58,14562.210388
47,59,14353.837965
47,61,14270.701349
47,62,14225.159467
47,64,14136.882706
47,65,13932.339726
47,71,13912.522128
47,72,13838.248332
47,75,13729.944496
47,85,13501.749104
47,86,13473.289611
48,41,16409.997903
48,42,16189.744519
48,43,15888.710931
48,44,15367.502610
48,48,15288.814032
48,49,14974.386335
48,51,14848.934333
48,52,14768.231947
48,53,14577.037120
48,58,14562.210388
48,59,14353.837965
48,61,14270.701349
48,62,14225.159467
48,64,14136.882706
48,65,13932.339726
48,71,13912.522128
48,72,13838.248332
48,75,13729.944496
48,77,13572.937136
48,85,13501.749104
48,86,13473.289611
49,41,16409.997903
49,42,16189.744519
49,43,15888.710931
49,44,15367.502610
49,46,15217.618957
49,48,14983.199876
49,49,14667.444650
49,50,14599.400440
49,53,14577.037120
49,58,14562.210388
49,59,14353.837965
49,60,14114.297387
49,64,14085.498946
49,65,13850.256441
49,69,13785.910344
49,70,13741.752136
49,73,13531.860320
49,75,13505.070855
49,84,13420.178807
50,40,16408.371300
50,42,16189.744519
50,43,15851.123503
50,44,15367.502610
50,46,14944.428467
50,49,14667.444650
50,50,14599.400440
50,51,14531.063603
50,54,14397.328794
50,56,14335.209418
50,60,14114.297387
50,64,14085.498946
50,65,13850.256441
50,69,13785.910344
50,70,13741.752136
50,73,13531.860320
50,75,13505.070855
50,84,13420.178807
51,40,16408.371300
51,42,15995.388553
51,43,15712.759560
51,44,15367.502610
51,46,14944.428467
51,47,14632.926439
51,50,14599.400440
51,51,14531.063603
51,52,14455.816960
51,54,14276.948809
51,60,14114.297387
51,64,14085.498946
51,65,13850.256441
51,69,13785.910344
51,70,13690.799598
51,73,13531.860320
51,75,13505.070855
51,84,13420.178807
52,40,16408.371300
52,41,16102.717879
52,42,15755.803997
52,43,15712.759560
52,44,15367.502610
52,45,15190.007755
52,46,14944.428467
52,47,14632.926439
52,50,14599.400440
52,51,14531.063603
52,52,14455.816960
52,54,14276.948809
52,60,14114.297387
52,62,14021.467902
52,65,13850.256441
52,69,13785.910344
52,70,13690.799598
52,73,13531.860320
52,75,13505.070855
52,84,13420.178807
53,40,16408.371300
53,41,16102.717879
53,42,15755.803997
53,43,15712.759560
53,44,15367.502610
53,45,15190.007755
53,46,14944.428467
53,47,14632.926439
53,50,14599.400440
53,51,14531.063603
53,52,14455.816960
53,54,14276.948809
53,60,14114.297387
53,62,14021.467902
53,65,13850.256441
53,69,13785.910344
53,70,13690.799598
53,73,13531.860320
53,75,13505.070855
53,83,13447.219941
53,84,13420.178807
54,40,16408.371300
54,41,16102.717879
54,42,15755.803997
54,43,15712.759560
54,44,14988.146497
54,46,14944.428467
54,47,14632.926439
54,50,14599.400440
54,51,14531.063603
54,52,14455.816960
54,53,14255.715035
54,60,14057.063261
54,61,13953.864983
54,65,13818.319342
54,68,13685.453206
54,70,13661.193421
54,72,13435.015864
54,82,13395.236273
54,84,13365.944853
55,40,16408.371300
55,41,16102.717879
55,42,15027.290944
55,43,14765.753078
55,47,14632.926439
55,50,14599.400440
55,51,14531.063603
55,52,14455.816960
55,53,14255.715035
55,60,14057.063261
55,61,13953.864983
55,65,13818.319342
55,68,13685.453206
55,70,13661.193421
55,72,13435.015864
55,82,13395.236273
55,84,13365.944853
55,85,13327.601691
56,40,16408.371300
56,41,16102.717879
56,42,15027.290944
56,43,14765.753078
56,47,14632.926439
56,50,14599.400440
56,51,14531.063603
56,52,14455.816960
56,53,14255.715035
56,56,14169.876236
56,59,14121.819184
56,60,14057.063261
56,61,13953.864983
56,65,13818.319342
56,66,13756.154502
56,68,13685.453206
56,70,13661.193421
56,72,13435.015864
56,82,13395.236273
56,84,13365.944853
56,85,13327.601691
57,40,16408.371300
57,41,16039.506941
57,42,15027.290944
57,43,14765.753078
57,44,14652.281851
57,47,14632.926439
57,50,14586.752370
57,51,14531.063603
57,52,14455.816960
57,53,14255.715035
57,56,14169.876236
57,59,14121.819184
57,60,14057.063261
57,61,13953.864983
57,65,13818.319342
57,66,13756.154502
57,67,13654.249712
57,72,13435.015864
57,82,13395.236273
57,84,13365.944853
57,85,13327.601691
58,40,16408.371300
58,41,16039.506941
58,42,14770.947142
58,43,14765.753078
58,44,14652.281851
58,47,14632.926439
58,48,14359.497756
58,53,14255.715035
58,56,14169.876236
58,59,14121.819184
58,60,14057.063261
58,61,13953.864983
58,65,13818.319342
58,66,13756.154502
58,67,13654.249712
58,72,13435.015864
58,82,13395.236273
58,84,13365.944853
58,85,13327.601691
59,40,16408.371300
59,41,16039.506941
59,42,14770.947142
59,43,14765.753078
59,44,14652.281851
59,47,14632.926439
59,48,14359.497756
59,53,14255.715035
59,56,14124.208074
59,57,14008.147068
59,61,13911.456023
59,63,13762.220562
59,66,13713.417005
59,67,13612.697431
59,71,13413.913054
59,82,13340.002731
59,85,13327.601691
60,39,15265.183368
60,42,14770.947142
60,43,14765.753078
60,44,14652.281851
60,47,14632.926439
60,48,14359.497756
60,53,14255.715035
60,56,14124.208074
60,57,14008.147068
60,60,13980.399991
60,61,13911.364386
60,63,13762.220562
60,66,13713.417005
60,67,13612.697431
60,71,13413.913054
60,82,13340.002731
60,85,13327.601691
61,39,15265.183368
61,42,14770.947142
61,43,14541.228080
61,47,14474.732718
61,48,14359.497756
61,52,14330.705874
61,53,14255.715035
61,55,14195.691826
61,56,14124.208074
61,57,14008.147068
61,60,13980.399991
61,61,13911.364386
61,63,13762.220562
61,66,13713.417005
61,67,13612.697431
61,71,13413.913054
61,82,13340.002731
61,85,13327.601691
62,39,15265.183368
62,41,14863.123947
62,42,14770.947142
62,43,14541.228080
62,47,14398.403000
62,48,14359.497756
62,49,14286.909417
62,53,14255.715035
62,55,14195.691826
62,56,14124.208074
62,57,14008.147068
62,59,13983.706639
62,60,13980.399991
62,61,13911.364386
62,63,13762.220562
62,66,13713.417005
62,67,13612.697431
62,71,13413.913054
62,74,13271.335432
63,39,15265.183368
63,41,14863.123947
63,42,14770.947142
63,43,14541.228080
63,47,14398.403000
63,48,14359.497756
63,49,14286.909417
63,53,14044.764394
63,57,14008.147068
63,59,13983.706639
63,60,13855.844998
63,63,13762.220562
63,66,13713.417005
63,67,13612.697431
63,68,13583.158446
63,69,13356.638905
63,74,13271.335432
63,85,13262.183150
64,39,15265.183368
64,40,15038.949558
64,41,14863.123947
64,42,14770.947142
64,43,14541.228080
64,47,14398.403000
64,48,14359.497756
64,49,14286.909417
64,50,14125.470666
64,53,14044.764394
64,56,13939.327595
64,59,13897.919496
64,60,13855.844998
64,63,13736.945888
64,65,13686.360131
64,66,13498.947506
64,68,13314.753592
64,74,13239.685814
64,84,13232.914740
65,39,15265.183368
65,40,15038.949558
65,41,14863.123947
65,42,14770.947142
65,43,14541.228080
65,47,14398.403000
65,48,14359.497756
65,49,14286.909417
65,50,14125.470666
65,53,14035.372461
65,56,13939.327595
65,59,13897.919496
65,60,13855.844998
65,62,13824.031667
65,63,13736.945888
65,65,13686.360131
65,66,13498.947506
65,68,13314.753592
65,74,13239.685814
65,84,13232.914740
66,39,15265.183368
66,40,15038.949558
66,41,14863.123947
66,42,14764.783256
66,43,14541.228080
66,47,14398.403000
66,48,14131.695245
66,50,14125.470666
66,53,14035.372461
66,56,13939.327595
66,58,13882.811509
66,60,13855.844998
66,61,13853.418840
66,62,13824.031667
66,63,13736.945888
66,64,13405.811303
66,67,13381.577201
66,68,13314.753592
66,72,13261.903234
66,74,13239.685814
66,84,13232.914740
67,39,15265.183368
67,40,14999.710414
67,41,14863.123947
67,42,14764.783256
67,43,14541.228080
67,47,14345.759899
67,48,14131.695245
67,50,13936.961122
67,51,13893.879617
67,56,13828.804867
67,58,13803.946305
67,60,13768.163174
67,63,13736.945888
67,64,13405.811303
67,67,13381.577201
67,68,13314.753592
67,72,13261.903234
67,74,13239.685814
67,84,13232.914740
68,39,15265.183368
68,40,14999.710414
68,41,14863.123947
68,42,14764.783256
68,43,14541.228080
68,47,14345.759899
68,48,14131.695245
68,50,13936.961122
68,51,13893.879617
68,52,13892.337247
68,56,13828.804867
68,58,13803.946305
68,60,13768.163174
68,63,13736.945888
68,64,13405.811303
68,67,13381.577201
68,68,13314.753592
68,72,13261.903234
68,73,13207.589417
69,39,15265.183368
69,40,14999.710414
69,41,14863.123947
69,42,14537.914461
69,45,14510.396846
69,47,14345.759899
69,48,14131.695245
69,50,13895.571042
69,51,13893.879617
69,52,13842.902861
69,53,13735.573397
69,62,13626.499705
69,64,13384.094019
69,66,13312.482103
69,67,13290.753968
69,71,13213.469601
69,72,13181.123096
70,39,15265.183368
70,40,14999.710414
70,41,14863.123947
70,42,14537.914461
70,45,14510.396846
70,47,14345.759899
70,48,14131.695245
70,50,13895.571042
70,51,13893.879617
70,52,13842.902861
70,53,13735.573397
70,62,13626.499705
70,64,13384.094019
70,66,13312.482103
70,67,13290.753968
70,69,13269.618177
70,71,13213.469601
70,72,13181.123096
71,39,15265.183368
71,40,14999.710414
71,41,14863.123947
71,42,14491.608870
71,46,14490.789911
71,47,14345.759899
71,48,14131.695245
71,50,13895.571042
71,51,13893.879617
71,52,13842.902861
71,53,13735.573397
71,59,13660.811850
71,62,13626.499705
71,64,13384.094019
71,66,13312.482103
71,67,13290.753968
71,69,13269.618177
71,71,13213.469601
71,72,13181.123096
72,39,15265.183368
72,40,14999.710414
72,41,14783.641578
72,42,14491.608870
72,46,14403.500712
72,47,14345.759899
72,48,14131.695245
72,50,13895.571042
72,51,13893.879617
72,52,13842.902861
72,53,13735.573397
72,59,13660.811850
72,62,13626.499705
72,64,13384.094019
72,66,13312.482103
72,67,13288.311364
72,69,13269.618177
72,71,13209.960652
72,72,13181.123096
73,39,15265.183368
73,40,14999.710414
73,41,14516.235506
73,42,14491.608870
73,45,14451.732762
73,46,14403.500712
73,47,14345.759899
73,48,14131.695245
73,50,13895.571042
73,51,13845.004873
73,52,13842.902861
73,53,13735.573397
73,59,13660.811850
73,62,13626.499705
73,64,13384.094019
73,66,13312.482103
73,67,13288.311364
73,69,13269.618177
73,71,13209.960652
73,72,13181.123096
74,39,15161.520635
74,40,14847.901544
74,41,14516.235506
74,42,14480.849597
74,45,14451.732762
74,46,14403.500712
74,47,14345.759899
74,48,14131.695245
74,50,13895.571042
74,51,13845.004873
74,52,13842.902861
74,53,13735.573397
74,56,13720.367270
74,59,13649.549519
74,60,13600.421262
74,62,13317.819318
74,66,13300.781568
74,67,13246.500144
74,69,13233.620737
74,71,13121.576228
75,39,15161.520635
75,40,14847.901544
75,41,14516.235506
75,42,14480.849597
75,45,14325.862255
75,46,14292.384553
75,48,14131.695245
75,50,13895.571042
75,51,13845.004873
75,52,13842.902861
75,53,13735.573397
75,56,13720.367270
75,59,13649.549519
75,60,13600.421262
75,62,13317.819318
75,66,13300.781568
75,67,13246.500144
75,69,13233.620737
75,71,13121.576228
76,39,15161.520635
76,40,14749.730624
76,41,14516.235506
76,42,14480.849597
76,44,14403.168421
76,45,14165.550845
76,48,14130.505889
76,49,14016.940698
76,50,13895.571042
76,51,13845.004873
76,52,13842.902861
76,53,13735.573397
76,56,13720.367270
76,59,13649.549519
76,60,13600.421262
76,62,13317.819318
76,66,13300.781568
76,67,13241.251667
76,69,13233.620737
76,71,13121.576228
77,39,14928.051907
77,40,14749.730624
77,41,14516.235506
77,42,14480.849597
77,44,14403.168421
77,45,14165.550845
77,48,14130.505889
77,49,14016.940698
77,50,13895.571042
77,51,13845.004873
77,52,13842.902861
77,53,13735.573397
77,55,13710.560513
77,59,13649.549519
77,60,13600.421262
77,61,13506.940106
77,62,13317.819318
77,66,13300.781568
77,67,13241.251667
77,69,13199.118569
77,71,13121.576228
78,39,14928.051907
78,40,14749.730624
78,41,14516.235506
78,42,14480.849597
78,44,14403.168421
78,45,14165.550845
78,46,14109.071556
78,48,13993.463271
78,50,13895.571042
78,51,13845.004873
78,52,13842.902861
78,53,13735.573397
78,54,13728.091606
78,55,13710.560513
78,59,13649.549519
78,60,13600.421262
78,61,13506.940106
78,62,13317.819318
78,66,13300.781568
78,67,13241.251667
78,69,13199.118569
78,71,13121.576228
79,39,14928.051907
79,40,14749.730624
79,41,14516.235506
79,42,14371.682831
79,45,14153.298200
79,46,14109.071556
79,48,13993.463271
79,49,13905.653241
79,50,13895.571042
79,51,13845.004873
79,52,13842.902861
79,53,13735.573397
79,54,13719.292765
79,55,13710.560513
79,58,13621.185164
79,60,13450.628627
79,62,13317.819318
79,66,13300.781568
79,67,13226.425356
79,68,13189.888311
79,71,13090.995299
80,39,14928.051907
80,40,14749.730624
80,41,14512.409134
80,42,14371.682831
80,45,14153.298200
80,46,14109.071556
80,48,13993.463271
80,49,13905.653241
80,50,13895.571042
80,51,13845.004873
80,52,13646.326930
80,58,13621.185164
80,60,13450.628627
80,62,13317.819318
80,66,13300.781568
80,67,13226.425356
80,68,13189.888311
80,71,13090.995299
81,39,14928.051907
81,40,14749.730624
81,41,14512.409134
81,42,14371.682831
81,45,14153.298200
81,46,14109.071556
81,48,13993.463271
81,49,13905.653241
81,50,13895.571042
81,51,13845.004873
81,52,13646.326930
81,55,13595.684610
81,60,13450.628627
81,62,13317.819318
81,66,13300.781568
81,67,13226.425356
81,68,13189.888311
81,70,13163.268548
81,71,13090.995299
82,39,14928.051907
82,40,14749.730624
82,41,14512.409134
82,42,14371.682831
82,45,14153.298200
82,46,14109.071556
82,48,13993.463271
82,49,13905.653241
82,50,13895.571042
82,51,13747.777719
82,52,13646.326930
82,55,13595.684610
82,60,13450.628627
82,62,13317.819318
82,66,13300.781568
82,67,13226.425356
82,68,13189.888311
82,70,13163.268548
82,71,13090.995299
83,39,14928.051907
83,40,14749.730624
83,41,14512.409134
83,42,14371.682831
83,45,14153.298200
83,46,14109.071556
83,48,13993.463271
83,49,13905.653241
83,50,13895.571042
83,51,13747.777719
83,52,13646.326930
83,53,13589.547381
83,60,13450.628627
83,62,13317.819318
83,66,13205.050833
83,68,13189.888311
83,70,13163.268548
83,71,13090.995299
84,39,14928.051907
84,40,14689.120257
84,41,14512.409134
84,42,14371.682831
84,43,14319.374472
84,45,14153.298200
84,46,14109.071556
84,48,13993.463271
84,49,13870.099866
84,51,13747.777719
84,52,13586.210520
84,53,13543.854648
84,60,13450.628627
84,61,13289.983212
84,66,13173.657963
84,69,13056.366615
85,39,14928.051907
85,40,14428.778477
85,42,14240.096302
85,45,14153.298200
85,46,14109.071556
85,47,14092.484035
85,48,13993.463271
85,49,13870.099866
85,51,13747.777719
85,52,13586.210520
85,53,13543.854648
85,60,13450.628627
85,61,13289.983212
85,66,13173.657963
85,69,13056.366615
86,38,16514.333854
86,39,14928.051907
86,40,14428.778477
86,41,14375.446885
86,42,14240.096302
86,43,14162.324956
86,45,14153.298200
86,46,14109.071556
86,47,14092.484035
86,48,13993.463271
86,49,13870.099866
86,51,13747.777719
86,52,13586.210520
86,53,13543.854648
86,60,13450.628627
86,61,13289.983212
86,66,13173.657963
86,69,13056.366615
87,38,16514.333854
87,39,14928.051907
87,40,14428.778477
87,41,14341.362487
87,42,14240.096302
87,43,14162.324956
87,45,14153.298200
87,46,14109.071556
87,47,14092.484035
87,48,13993.463271
87,49,13870.099866
87,50,13842.071856
87,51,13747.777719
87,52,13586.210520
87,53,13543.854648
87,56,13534.134715
87,60,13450.628627
87,61,13289.983212
87,66,13173.657963
87,69,13056.366615
88,38,16514.333854
88,39,14928.051907
88,40,14428.778477
88,41,14341.362487
88,42,14240.096302
88,43,14162.324956
88,44,14143.613052
88,46,14109.071556
88,47,14035.570893
88,48,13993.463271
88,49,13870.099866
88,50,13842.071856
88,51,13729.242036
88,52,13565.536332
88,53,13543.854648
88,56,13534.134715
88,59,13494.111911
88,60,13450.628627
88,61,13289.983212
88,66,13173.657963
88,69,13056.366615
89,38,16514.333854
89,39,14928.051907
89,40,14428.778477
89,41,14123.504260
89,46,14109.071556
89,47,14035.570893
89,48,13910.995494
89,49,13784.949237
89,50,13655.753921
89,52,13530.781090
89,53,13465.858947
89,59,13457.124719
89,60,13450.628627
89,61,13289.983212
89,66,13113.688354
89,68,13020.631609
90,38,16514.333854
90,39,14928.051907
90,40,14428.778477
90,41,14122.227082
90,46,14079.726275
90,47,13876.454354
90,49,13784.949237
90,50,13655.753921
90,52,13530.781090
90,53,13465.858947
90,56,13454.825305
90,60,13450.628627
90,61,13289.983212
90,66,13113.688354
90,68,13020.631609
91,38,16514.333854
91,39,14928.051907
91,40,14428.778477
91,41,14122.227082
91,46,14079.726275
91,47,13876.454354
91,49,13784.949237
91,50,13655.753921
91,52,13530.781090
91,53,13465.858947
91,56,13454.825305
91,60,13450.628627
91,61,13289.983212
91,66,13113.688354
91,68,13020.631609
92,38,16514.333854
92,39,14928.051907
92,40,14428.778477
92,41,14122.227082
92,46,14079.726275
92,47,13876.454354
92,49,13784.949237
92,50,13655.753921
92,52,13530.781090
92,53,13465.858947
92,56,13454.825305
92,60,13442.827540
92,61,13289.983212
92,62,13240.846808
92,66,13113.688354
92,68,13020.631609
93,38,16514.333854
93,39,14928.051907
93,40,14428.778477
93,41,14122.227082
93,44,14054.961150
93,47,13876.454354
93,49,13784.949237
93,50,13655.753921
93,52,13530.781090
93,53,13465.858947
93,56,13454.825305
93,60,13442.827540
93,61,13289.983212
93,62,13240.846808
93,66,13113.688354
93,68,13020.631609
94,38,16514.333854
94,39,14928.051907
94,40,14381.886183
94,41,14122.227082
94,44,14054.961150
94,47,13876.454354
94,49,13784.949237
94,50,13655.753921
94,52,13454.400754
94,58,13397.128596
94,59,13393.742315
94,60,13200.603749
94,63,13176.629997
94,66,13113.688354
94,67,12946.362401
95,38,16342.345959
95,39,14928.051907
95,40,14381.886183
95,41,14122.227082
95,44,14054.961150
95,47,13876.454354
95,48,13818.503516
95,49,13784.949237
95,50,13655.753921
95,52,13454.400754
95,58,13397.128596
95,59,13393.742315
95,60,13200.603749
95,63,13176.629997
95,66,13113.688354
95,67,12946.362401
96,38,16342.345959
96,39,14928.051907
96,40,14381.886183
96,41,14122.227082
96,44,14054.961150
96,46,14032.977926
96,47,13876.454354
96,48,13818.503516
96,49,13784.949237
96,50,13655.753921
96,52,13454.400754
96,58,13397.128596
96,59,13393.742315
96,60,13200.603749
96,63,13176.629997
96,66,13113.688354
96,67,12946.362401
97,38,16342.345959
97,39,14928.051907
97,40,14381.886183
97,41,14122.227082
97,43,14086.351542
97,44,14054.961150
97,46,14032.977926
97,47,13876.454354
97,48,13818.503516
97,49,13699.518996
97,50,13655.753921
97,52,13454.400754
97,58,13397.128596
97,59,13393.742315
97,60,13200.603749
97,63,13176.629997
97,64,12986.226690
97,65,12974.137766
97,67,12946.362401
98,38,16342.345959
98,39,14244.783698
98,41,14122.227082
98,43,14086.351542
98,44,14054.961150
98,46,14032.977926
98,47,13876.454354
98,48,13818.503516
98,49,13699.518996
98,50,13655.753921
98,52,13454.400754
98,58,13397.128596
98,59,13393.742315
98,60,13200.603749
98,63,13176.629997
98,64,12986.226690
98,65,12974.137766
98,67,12946.362401
99,38,16342.345959
99,39,14140.416832
99,41,14122.227082
99,43,14086.351542
99,44,14054.961150
99,45,14021.965752
99,46,13963.751076
99,47,13876.454354
99,48,13818.503516
99,49,13663.013983
99,50,13633.842563
99,52,13454.400754
99,58,13377.061980
99,59,13359.917273
99,60,13150.206360
99,64,12937.424944
100,38,16342.345959
100,39,14140.416832
100,41,14122.227082
100,43,14086.351542
100,44,14054.961150
100,45,14021.965752
100,46,13963.751076
100,47,13876.454354
100,48,13818.503516
100,49,13663.013983
100,50,13633.842563
100,52,13454.400754
100,53,13432.480825
100,58,13377.061980
100,59,13359.917273
100,60,13150.206360
100,64,12937.424944
100,67,12922.175833
101,38,15479.455346
101,39,14140.416832
101,41,14122.227082
101,43,14086.351542
101,44,14054.961150
101,45,14021.965752
101,46,13963.751076
101,47,13876.454354
101,48,13818.503516
101,49,13663.013983
101,50,13633.842563
101,52,13454.400754
101,53,13432.480825
101,54,13422.773298
101,58,13357.404409
101,60,13150.206360
101,64,12937.424944
101,67,12922.175833
102,38,14980.486038
102,39,14140.416832
102,41,14122.227082
102,43,14086.351542
102,44,14054.961150
102,45,14021.965752
102,46,13963.751076
102,47,13876.454354
102,48,13818.503516
102,49,13663.013983
102,50,13633.842563
102,52,13454.400754
102,53,13432.480825
102,54,13422.773298
102,56,13329.064767
102,60,13150.206360
102,64,12937.424944
102,66,12832.401534
103,38,14956.671394
103,39,14140.416832
103,41,14122.227082
103,43,14086.351542
103,44,14054.961150
103,45,14021.965752
103,46,13900.843591
103,47,13876.454354
103,48,13681.088273
103,49,13663.013983
103,50,13633.842563
103,52,13454.400754
103,53,13432.480825
103,54,13422.773298
103,56,13329.064767
103,60,13150.206360
103,64,12937.424944
103,66,12832.401534
104,38,14956.671394
104,39,14140.416832
104,41,14061.325885
104,44,14054.961150
104,45,14021.965752
104,46,13900.843591
104,47,13876.454354
104,48,13681.088273
104,49,13663.013983
104,50,13633.842563
104,51,13391.096764
104,56,13329.064767
104,60,13116.408266
104,63,12899.522850
104,66,12812.200249
105,38,14956.671394
105,39,14140.416832
105,41,14061.325885
105,43,13956.170348
105,45,13898.541109
105,47,13876.454354
105,48,13681.088273
105,49,13663.013983
105,50,13633.842563
105,51,13391.096764
105,56,13329.064767
105,60,13116.408266
105,63,12899.522850
105,66,12796.526294
106,38,14956.671394
106,39,14140.416832
106,41,14061.325885
106,43,13956.170348
106,44,13920.957257
106,45,13897.501391
106,47,13824.459674
106,48,13681.088273
106,49,13663.013983
106,50,13633.842563
106,51,13391.096764
106,56,13329.064767
106,58,13326.662127
106,60,13116.408266
106,61,12874.676661
106,66,12796.526294
107,38,14956.671394
107,39,14140.416832
107,41,14061.325885
107,43,13956.170348
107,44,13920.957257
107,45,13897.501391
107,46,13832.440573
107,47,13766.942947
107,48,13681.088273
107,49,13663.013983
107,50,13633.842563
107,51,13391.096764
107,53,13374.367049
107,55,13357.265294
107,56,13329.064767
107,58,13326.662127
107,60,13116.408266
107,61,12874.676661
107,66,12796.526294
108,38,14956.671394
108,39,14140.416832
108,40,14064.864957
108,41,14061.325885
108,43,13956.170348
108,44,13920.957257
108,45,13897.501391
108,46,13832.440573
108,47,13754.689456
108,48,13681.088273
108,49,13663.013983
108,50,13633.842563
108,51,13391.096764
108,53,13374.367049
108,55,13319.846214
108,60,13116.408266
108,61,12874.676661
108,66,12796.526294
109,38,14956.671394
109,39,14140.416832
109,40,14064.864957
109,41,14052.017176
109,43,13956.170348
109,44,13920.957257
109,45,13848.779776
109,46,13812.584944
109,47,13754.689456
109,48,13644.997321
109,50,13593.999838
109,51,13372.346361
109,54,13271.798850
109,57,13226.696837
109,60,12817.695270
109,64,12735.117372
110,38,14956.671394
110,39,14140.416832
110,40,14064.864957
110,41,14052.017176
110,42,14025.016805
110,43,13956.170348
110,44,13920.957257
110,45,13848.779776
110,46,13812.584944
110,47,13754.689456
110,48,13644.997321
110,50,13593.999838
110,51,13372.346361
110,52,13369.176836
110,54,13271.798850
110,57,13226.696837
110,60,12817.695270
110,64,12735.117372
111,38,14871.482510
111,39,14140.416832
111,40,13958.627143
111,43,13956.170348
111,44,13920.957257
111,45,13792.583833
111,47,13754.689456
111,48,13644.997321
111,50,13593.999838
111,51,13372.346361
111,52,13369.176836
111,54,13271.798850
111,57,12917.405444
111,60,12817.695270
111,64,12735.117372
112,38,14871.482510
112,39,14140.416832
112,40,13958.627143
112,43,13956.170348
112,44,13920.957257
112,45,13792.583833
112,47,13732.575304
112,48,13644.997321
112,50,13593.999838
112,51,13372.346361
112,52,13369.176836
112,54,13165.590558
112,57,12917.405444
112,60,12817.695270
112,64,12735.117372
113,37,15829.757325
113,38,14871.482510
113,39,14140.416832
113,40,13958.627143
113,43,13956.170348
113,44,13820.304254
113,45,13792.583833
113,47,13732.575304
113,48,13644.997321
113,50,13593.999838
113,51,13372.346361
113,52,13369.176836
113,54,13165.590558
113,57,12917.405444
113,60,12817.695270
113,64,12735.117372
114,37,15829.757325
114,38,14871.482510
114,39,14140.416832
114,40,13958.627143
114,43,13946.618842
114,44,13789.384751
114,45,13672.060503
114,48,13594.099005
114,50,13593.999838
114,51,13326.229498
114,53,13142.798125
114,57,12917.405444
114,60,12813.166621
114,63,12702.598642
115,37,15572.687407
115,38,14871.482510
115,39,14140.416832
115,40,13958.627143
115,43,13926.790299
115,44,13789.384751
115,45,13672.060503
115,48,13594.099005
115,50,13593.999838
115,51,13326.229498
115,53,13142.798125
115,57,12917.405444
115,60,12813.166621
115,63,12702.598642
116,37,15572.687407
116,38,14871.482510
116,39,14140.416832
116,40,13958.627143
116,42,13925.924933
116,44,13789.384751
116,45,13672.060503
116,48,13594.099005
116,50,13593.999838
116,51,13326.229498
116,53,13142.798125
116,57,12917.405444
116,60,12813.166621
116,63,12702.598642
117,37,15572.687407
117,38,14871.482510
117,39,14140.416832
117,40,13958.627143
117,42,13925.924933
117,44,13789.384751
117,45,13672.060503
117,48,13594.099005
117,50,13593.999838
117,51,13326.229498
117,53,13142.798125
117,57,12917.405444
117,60,12813.166621
117,63,12702.598642
118,36,15794.478593
118,37,14669.002697
118,39,14140.416832
118,40,13958.627143
118,42,13925.924933
118,44,13789.384751
118,45,13672.060503
118,48,13594.099005
118,50,13593.999838
118,51,13326.229498
118,53,13142.798125
118,57,12917.405444
118,60,12813.166621
118,63,12702.598642
119,36,15794.478593
119,37,14669.002697
119,39,14140.416832
119,40,13958.627143
119,42,13855.576425
119,44,13675.471950
119,45,13649.742006
119,48,13594.099005
119,50,13315.491336
119,52,13122.944659
119,57,12913.127041
119,60,12813.166621
119,62,12685.834439
120,36,15794.478593
120,37,14669.002697
120,39,14140.416832
120,40,13958.627143
120,42,13855.576425
120,44,13675.471950
120,45,13649.742006
120,47,13565.803283
120,50,13315.491336
120,52,13122.944659
120,57,12913.127041
120,60,12813.166621
120,62,12685.834439
121,36,15794.478593
121,37,14669.002697
121,39,14140.416832
121,40,13958.627143
121,42,13855.576425
121,44,13675.471950
121,45,13649.742006
121,47,13565.803283
121,50,13315.491336
121,52,13122.944659
121,53,13004.166202
121,57,12913.127041
121,60,12813.166621
121,62,12685.834439
122,36,15746.538764
122,37,14669.002697
122,39,14140.416832
122,40,13958.627143
122,42,13855.576425
122,44,13675.471950
122,45,13649.742006
122,47,13565.803283
122,50,13315.491336
122,52,13122.944659
122,53,13004.166202
122,57,12913.127041
122,60,12813.166621
122,62,12685.834439
123,36,15746.538764
123,37,14669.002697
123,39,14140.416832
123,40,13958.627143
123,42,13855.576425
123,44,13675.471950
123,45,13649.742006
123,47,13565.803283
123,50,13315.491336
123,52,13122.944659
123,53,13004.166202
123,57,12913.127041
123,60,12813.166621
123,62,12653.793056
124,36,15746.538764
124,37,14669.002697
124,39,14140.416832
124,40,13958.627143
124,42,13855.576425
124,44,13578.056679
124,45,13526.964271
124,50,13315.491336
124,52,13079.649669
124,53,13004.166202
124,57,12891.135241
124,59,12734.246244
124,62,12653.793056
125,36,15746.538764
125,37,14669.002697
125,39,14140.416832
125,40,13958.627143
125,42,13788.638818
125,44,13578.056679
125,45,13526.964271
125,50,13315.491336
125,52,13079.649669
125,53,13004.166202
125,57,12891.135241
125,59,12734.246244
125,62,12653.793056
126,36,15729.411488
126,37,14669.002697
126,39,14140.416832
126,40,13958.627143
126,42,13788.638818
126,44,13578.056679
126,45,13526.964271
126,50,13315.491336
126,52,13079.649669
126,53,13004.166202
126,57,12891.135241
126,59,12734.246244
126,62,12653.793056
127,36,15725.395183
127,37,14669.002697
127,39,14140.416832
127,40,13958.627143
127,42,13788.638818
127,44,13578.056679
127,45,13526.964271
127,50,13315.491336
127,52,13079.649669
127,53,13004.166202
127,57,12891.135241
127,59,12734.246244
127,62,12653.793056
128,36,15725.395183
128,37,14669.002697
128,39,14140.416832
128,40,13958.627143
128,42,13788.638818
128,44,13578.056679
128,45,13526.964271
128,50,13315.491336
128,52,13079.649669
128,53,13004.166202
128,57,12891.135241
128,59,12734.246244
128,62,12653.793056
129,36,15725.395183
129,37,14669.002697
129,38,14411.951806
129,39,14140.416832
129,40,13958.627143
129,42,13775.481342
129,43,13671.691032
129,44,13558.782270
129,45,13517.300358
129,49,13289.854229
129,52,13079.649669
129,53,13002.773949
129,57,12891.135241
129,59,12714.677129
129,62,12653.793056
130,36,15725.395183
130,37,14669.002697
130,38,14411.951806
130,39,14140.416832
130,40,13958.627143
130,42,13775.481342
130,43,13671.691032
130,44,13558.782270
130,45,13517.300358
130,49,13289.854229
130,52,13079.649669
130,53,13002.773949
130,57,12891.135241
130,59,12714.677129
130,62,12653.793056
131,36,15725.395183
131,37,14669.002697
131,38,14411.951806
131,39,14140.416832
131,40,13958.627143
131,42,13775.481342
131,43,13671.691032
131,44,13558.782270
131,45,13517.300358
131,49,13289.854229
131,51,13269.730661
131,52,13079.649669
131,53,13002.773949
131,57,12891.135241
131,59,12714.677129
131,62,12648.101226
132,36,15725.395183
132,37,14669.002697
132,38,14207.740485
132,39,14140.416832
132,40,13958.627143
132,41,13932.536199
132,42,13775.481342
132,43,13671.691032
132,44,13558.782270
132,45,13517.300358
132,49,13289.854229
132,51,13269.730661
132,52,13079.649669
132,53,13002.773949
132,56,13002.494023
132,57,12891.135241
132,59,12714.677129
132,62,12595.308100
133,36,15725.395183
133,37,14669.002697
133,38,14207.740485
133,39,14140.416832
133,40,13958.627143
133,41,13932.536199
133,42,13775.481342
133,43,13671.691032
133,44,13558.782270
133,45,13517.300358
133,49,13289.854229
133,51,13269.730661
133,52,13079.649669
133,53,13002.773949
133,56,13002.494023
133,57,12891.135241
133,59,12714.677129
133,62,12569.836822
134,36,15725.395183
134,37,14669.002697
134,38,14207.740485
134,39,14140.416832
134,40,13958.627143
134,41,13932.536199
134,42,13775.481342
134,43,13671.691032
134,44,13558.156260
134,45,13485.993428
134,49,13289.854229
134,51,13217.996523
134,52,13078.170219
134,53,12976.328704
134,54,12953.940558
134,57,12881.157525
134,59,12696.451659
134,62,12569.836822
135,36,15725.395183
135,37,14669.002697
135,38,14207.740485
135,39,14140.416832
135,40,13958.627143
135,41,13932.536199
135,42,13775.481342
135,43,13671.691032
135,44,13558.156260
135,45,13485.993428
135,49,13289.854229
135,51,13217.996523
135,52,13078.170219
135,53,12976.328704
135,54,12953.940558
135,57,12881.157525
135,59,12696.451659
135,62,12569.836822
136,36,15725.395183
136,37,14669.002697
136,38,14207.740485
136,39,14140.416832
136,40,13958.627143
136,41,13932.536199
136,42,13775.308241
136,43,13671.691032
136,44,13558.156260
136,45,13485.993428
136,49,13289.854229
136,51,13217.996523
136,52,13078.170219
136,53,12976.328704
136,54,12953.940558
136,57,12881.157525
136,59,12696.451659
136,61,12690.562862
136,62,12569.836822
137,36,15725.395183
137,37,14669.002697
137,38,14207.740485
137,39,14140.416832
137,40,13948.073260
137,41,13932.536199
137,42,13701.902990
137,43,13671.691032
137,44,13558.156260
137,45,13485.993428
137,49,13289.854229
137,51,13217.996523
137,52,13078.170219
137,53,12976.328704
137,54,12953.940558
137,57,12735.955657
137,59,12696.451659
137,61,12688.777360
137,62,12569.836822
138,36,15725.395183
138,37,14669.002697
138,38,14207.740485
138,39,14140.416832
138,40,13928.725573
138,42,13701.902990
138,43,13671.691032
138,44,13558.156260
138,45,13485.993428
138,49,13289.854229
138,51,13217.996523
138,52,13078.170219
138,53,12976.328704
138,54,12953.940558
138,57,12735.955657
138,59,12696.451659
138,61,12688.777360
138,62,12569.836822
139,36,15725.395183
139,37,14669.002697
139,38,14207.740485
139,39,14140.416832
139,40,13928.725573
139,42,13675.468845
139,43,13671.691032
139,44,13558.156260
139,45,13485.993428
139,47,13462.687459
139,49,13281.709120
139,50,13194.354691
139,52,12945.252930
139,54,12931.495352
139,56,12703.774132
139,58,12678.192633
139,60,12651.849390
139,62,12555.724422
140,36,15725.395183
140,37,14669.002697
140,38,14207.740485
140,39,14140.416832
140,40,13928.725573
140,42,13675.468845
140,43,13506.166055
140,45,13485.993428
140,47,13462.687459
140,49,13281.709120
140,50,13194.354691
140,52,12945.252930
140,54,12931.495352
140,56,12703.774132
140,58,12678.192633
140,60,12651.849390
140,62,12555.724422
141,36,15725.395183
141,37,14669.002697
141,38,14207.740485
141,39,14140.416832
141,40,13928.725573
141,42,13675.468845
141,43,13506.166055
141,45,13485.993428
141,47,13462.687459
141,49,13281.709120
141,50,13194.354691
141,52,12945.252930
141,54,12931.495352
141,56,12703.774132
141,58,12678.192633
141,60,12651.849390
141,62,12555.724422
142,36,15725.395183
142,37,14669.002697
142,38,14207.740485
142,39,14140.416832
142,40,13928.725573
142,42,13675.468845
142,43,13506.166055
142,45,13485.993428
142,47,13462.687459
142,49,13281.709120
142,50,13194.354691
142,52,12945.252930
142,54,12931.495352
142,56,12703.774132
142,58,12678.192633
142,60,12651.849390
142,62,12555.724422
143,36,15725.395183
143,37,14669.002697
143,38,14207.740485
143,39,14140.416832
143,40,13928.725573
143,42,13675.468845
143,43,13506.166055
143,45,13485.993428
143,47,13462.687459
143,49,13281.709120
143,50,13194.354691
143,52,12945.252930
143,54,12931.495352
143,56,12703.774132
143,58,12678.192633
143,60,12651.849390
143,62,12555.724422
144,36,15371.073559
144,37,14669.002697
144,38,14207.740485
144,39,14140.416832
144,40,13928.725573
144,42,13675.468845
144,43,13506.166055
144,45,13485.993428
144,47,13440.868609
144,48,13253.270252
144,50,13194.354691
144,52,12945.252930
144,54,12931.495352
144,56,12639.876543
144,59,12583.010639
144,62,12519.944905
145,36,15371.073559
145,37,14669.002697
145,38,14207.740485
145,39,14140.416832
145,40,13928.725573
145,42,13675.468845
145,43,13506.166055
145,45,13485.993428
145,47,13440.868609
145,48,13253.270252
145,50,13194.354691
145,52,12945.252930
145,54,12931.495352
145,55,12911.074378
145,56,12639.876543
145,59,12583.010639
145,62,12519.944905
146,36,15371.073559
146,37,14669.002697
146,38,14207.740485
146,39,14132.866302
146,40,13928.725573
146,42,13675.468845
146,43,13506.166055
146,45,13452.614561
146,47,13440.868609
146,48,13253.270252
146,50,13194.354691
146,52,12945.252930
146,54,12931.495352
146,55,12911.074378
146,56,12639.876543
146,59,12583.010639
146,60,12552.037167
146,62,12519.944905
147,36,14962.192347
147,37,14669.002697
147,38,14207.740485
147,39,14132.866302
147,40,13928.725573
147,42,13675.468845
147,43,13506.166055
147,45,13452.614561
147,47,13440.868609
147,48,13253.270252
147,50,13194.354691
147,52,12945.252930
147,54,12931.495352
147,55,12869.973541
147,56,12639.876543
147,59,12583.010639
147,60,12552.037167
147,62,12519.944905
148,35,16037.266082
148,36,14962.192347
148,37,14669.002697
148,38,14207.740485
148,39,14115.679820
148,40,13928.725573
148,42,13675.468845
148,43,13506.166055
148,45,13446.856072
148,47,13440.868609
148,48,13253.270252
148,50,13194.354691
148,52,12945.252930
148,54,12931.495352
148,55,12869.973541
148,56,12639.876543
148,59,12583.010639
148,60,12552.037167
148,62,12519.944905
149,35,16037.266082
149,36,14962.192347
149,37,14669.002697
149,38,14207.740485
149,39,14023.395736
149,40,13928.725573
149,42,13658.203399
149,43,13506.166055
149,45,13420.904401
149,48,13226.315981
149,50,13180.562263
149,52,12918.237538
149,54,12816.907815
149,56,12588.962169
149,58,12563.913846
149,59,12515.683467
149,60,12446.312395
150,35,16037.266082
150,36,14962.192347
150,37,14669.002697
150,38,14207.740485
150,39,14023.395736
150,40,13928.725573
150,42,13653.230581
150,43,13506.166055
150,45,13420.904401
150,48,13226.315981
150,50,13180.562263
150,52,12918.237538
150,54,12816.907815
150,56,12588.962169
150,58,12563.913846
150,59,12515.683467
150,60,12446.312395
151,35,16037.266082
151,36,14962.192347
151,37,14669.002697
151,38,14207.740485
151,39,14023.395736
151,40,13928.725573
151,42,13653.230581
151,43,13506.166055
151,45,13376.426883
151,48,13226.315981
151,50,13180.562263
151,52,12918.237538
151,54,12816.907815
151,56,12588.962169
151,58,12563.913846
151,59,12515.683467
151,60,12405.386427
152,35,16037.266082
152,36,14904.510140
152,37,14669.002697
152,38,14207.740485
152,39,14023.395736
152,40,13928.725573
152,42,13653.230581
152,43,13506.166055
152,45,13376.426883
152,48,13226.315981
152,50,13180.562263
152,52,12918.237538
152,54,12816.907815
152,56,12588.962169
152,58,12563.913846
152,59,12515.683467
152,60,12405.386427
153,35,16037.266082
153,36,14904.510140
153,37,14669.002697
153,38,14207.740485
153,39,13819.157337
153,42,13653.230581
153,43,13506.166055
153,45,13376.426883
153,48,13226.315981
153,50,13180.562263
153,52,12918.237538
153,54,12816.907815
153,56,12588.962169
153,57,12470.115737
153,60,12405.386427
154,35,16037.266082
154,36,14904.510140
154,37,14594.728713
154,38,14207.740485
154,39,13819.157337
154,42,13584.937021
154,43,13439.913663
154,44,13283.063524
154,48,13197.007048
154,50,13171.899369
154,51,12896.052869
154,54,12803.635033
154,55,12411.735773
154,60,12378.901409
155,35,16037.266082
155,36,14904.510140
155,37,14584.809498
155,38,14207.740485
155,39,13819.157337
155,42,13584.937021
155,43,13439.913663
155,44,13283.063524
155,48,13197.007048
155,50,13171.899369
155,51,12896.052869
155,54,12803.635033
155,55,12411.735773
155,60,12378.901409
156,35,16037.266082
156,36,14904.510140
156,37,14584.809498
156,38,14135.216117
156,39,13819.157337
156,42,13584.937021
156,43,13439.913663
156,44,13283.063524
156,48,13197.007048
156,50,13171.899369
156,51,12896.052869
156,54,12803.635033
156,55,12411.735773
156,60,12378.901409
157,35,16037.266082
157,36,14904.510140
157,37,14584.809498
157,38,14135.216117
157,39,13819.157337
157,42,13584.937021
157,43,13439.913663
157,44,13283.063524
157,48,13197.007048
157,50,13171.899369
157,51,12896.052869
157,54,12803.635033
157,55,12411.735773
157,60,12378.901409
158,35,16037.266082
158,36,14904.510140
158,37,14275.656323
158,38,14135.216117
158,39,13819.157337
158,41,13794.732496
158,42,13458.426122
158,43,13439.913663
158,44,13283.063524
158,45,13278.133911
158,48,13197.007048
158,50,13171.899369
158,51,12896.052869
158,54,12803.635033
158,55,12411.735773
158,60,12378.901409
159,35,16037.266082
159,36,14904.510140
159,37,14275.656323
159,38,14135.216117
159,39,13819.157337
159,41,13737.879315
159,42,13458.426122
159,43,13406.990837
159,44,13144.428706
159,51,12882.601711
159,54,12799.375077
159,55,12367.202490
160,35,15256.503663
160,36,14880.360592
160,37,14275.656323
160,38,14135.216117
160,39,13689.392488
160,41,13445.646684
160,43,13406.990837
160,44,13144.428706
160,51,12882.601711
160,54,12799.375077
160,55,12367.202490
161,35,15256.503663
161,36,14880.360592
161,37,14275.656323
161,38,14135.216117
161,39,13689.392488
161,41,13445.646684
161,43,13406.990837
161,44,13144.428706
161,48,13073.233244
161,51,12882.601711
161,54,12799.375077
161,55,12367.202490
162,35,15256.503663
162,36,14880.360592
162,37,14275.656323
162,38,14022.388063
162,39,13689.392488
162,41,13445.646684
162,43,13406.990837
162,44,13144.428706
162,48,13073.233244
162,51,12882.601711
162,54,12799.375077
162,55,12367.202490
163,35,15256.503663
163,36,14880.360592
163,37,14275.656323
163,38,14022.388063
163,39,13689.392488
163,41,13445.646684
163,43,13406.990837
163,44,13144.428706
163,48,13073.233244
163,51,12882.601711
163,54,12799.375077
163,55,12367.202490
164,35,15256.503663
164,36,14865.134175
164,37,14187.377148
164,38,13950.481646
164,39,13620.642050
164,41,13445.646684
164,42,13355.699722
164,44,13127.614359
164,47,13062.296342
164,51,12873.145229
164,54,12799.375077
164,55,12323.543185
165,35,15256.503663
165,36,14865.134175
165,37,14187.377148
165,38,13950.481646
165,39,13620.642050
165,41,13445.646684
165,42,13355.699722
165,44,13127.614359
165,47,13062.296342
165,51,12873.145229
165,54,12799.375077
165,55,12323.543185
165,59,12225.883141
166,35,15256.503663
166,36,14668.450997
166,37,14187.377148
166,38,13950.481646
166,39,13620.642050
166,40,13556.474662
166,41,13445.646684
166,42,13355.699722
166,44,13127.614359
166,47,13062.296342
166,51,12873.145229
166,54,12799.375077
166,55,12323.543185
166,59,12225.883141
167,34,15856.564780
167,35,15256.503663
167,36,14668.450997
167,37,14187.377148
167,38,13950.481646
167,39,13620.642050
167,40,13556.474662
167,41,13445.646684
167,42,13355.699722
167,44,13127.614359
167,47,13062.296342
167,51,12873.145229
167,54,12799.375077
167,55,12323.543185
167,58,12227.219410
167,59,12225.883141
168,34,15856.564780
168,35,14927.097450
168,36,14668.450997
168,37,14187.377148
168,38,13762.736248
168,39,13620.642050
168,40,13556.474662
168,41,13445.646684
168,42,13355.699722
168,44,13127.614359
168,47,13062.296342
168,51,12873.145229
168,54,12799.375077
168,55,12323.543185
168,58,12227.219410
168,59,12225.883141
169,33,16413.559215
169,34,15856.564780
169,35,14927.097450
169,36,14668.450997
169,37,14187.377148
169,38,13762.736248
169,39,13620.642050
169,40,13508.224314
169,41,13439.129020
169,42,13325.840048
169,44,13102.617379
169,46,13020.436467
169,51,12873.145229
169,54,12799.375077
169,55,12323.543185
169,56,12199.990195
170,33,16413.559215
170,34,15856.564780
170,35,14927.097450
170,36,14668.450997
170,37,14187.377148
170,38,13694.338216
170,39,13620.642050
170,40,13508.224314
170,41,13439.129020
170,42,13325.840048
170,44,13102.617379
170,46,13020.436467
170,51,12873.145229
170,53,12636.113173
170,55,12323.543185
170,56,12199.990195
171,33,16413.559215
171,34,15856.564780
171,35,14927.097450
171,36,14668.450997
171,37,14187.377148
171,38,13694.338216
171,39,13620.642050
171,40,13508.224314
171,41,13439.129020
171,42,13325.840048
171,44,13102.617379
171,46,13020.436467
171,51,12873.145229
171,53,12636.113173
171,55,12323.543185
171,56,12199.990195
172,33,16413.559215
172,34,15856.564780
172,35,14927.097450
172,36,14668.450997
172,37,14187.377148
172,38,13694.338216
172,39,13620.642050
172,40,13508.224314
172,41,13439.129020
172,42,13325.840048
172,44,13102.617379
172,46,13020.436467
172,51,12873.145229
172,52,12805.742167
172,53,12636.113173
172,55,12323.543185
172,56,12199.990195
173,33,16413.559215
173,34,15836.734003
173,35,14927.097450
173,36,14668.450997
173,37,14187.377148
173,38,13694.338216
173,39,13620.642050
173,40,13508.224314
173,41,13439.129020
173,42,13325.840048
173,44,13102.617379
173,46,13020.436467
173,51,12873.145229
173,52,12805.742167
173,53,12636.113173
173,55,12323.543185
173,56,12199.990195
174,33,16413.559215
174,34,15836.734003
174,35,14927.097450
174,36,14668.450997
174,37,14187.377148
174,38,13694.338216
174,39,13620.642050
174,40,13503.598226
174,41,13437.984192
174,42,13325.840048
174,44,13078.623387
174,46,13006.799829
174,51,12801.325768
174,52,12719.449085
174,53,12591.612529
174,55,12313.989585
174,56,12199.990195
175,33,16413.559215
175,34,15836.734003
175,35,14865.038128
175,36,14668.450997
175,37,14187.377148
175,38,13694.338216
175,39,13620.642050
175,40,13503.598226
175,41,13437.984192
175,42,13325.840048
175,44,13078.623387
175,46,13006.799829
175,51,12801.325768
175,52,12719.449085
175,53,12591.612529
175,55,12313.989585
175,56,12199.990195
176,33,16413.559215
176,34,15836.734003
176,35,14865.038128
176,36,14668.450997
176,37,14187.377148
176,38,13694.338216
176,39,13620.642050
176,40,13503.598226
176,41,13437.984192
176,42,13325.840048
176,44,13078.623387
176,46,13006.799829
176,51,12801.325768
176,52,12719.449085
176,53,12591.612529
176,55,12313.989585
176,56,12199.990195
177,33,16404.487957
177,34,15836.734003
177,35,14865.038128
177,36,14668.450997
177,37,14187.377148
177,38,13694.338216
177,39,13620.642050
177,40,13503.598226
177,41,13437.984192
177,42,13325.840048
177,44,13078.623387
177,46,13006.799829
177,51,12801.325768
177,52,12719.449085
177,53,12591.612529
177,55,12313.989585
177,56,12199.990195
178,33,16404.487957
178,34,15836.734003
178,35,14865.038128
178,36,14668.450997
178,37,14187.377148
178,38,13694.338216
178,39,13620.642050
178,40,13503.598226
178,41,13437.984192
178,42,13325.840048
178,44,13078.623387
178,46,13006.799829
178,51,12801.325768
178,52,12719.449085
178,53,12591.612529
178,55,12313.989585
178,56,12199.990195
179,33,16404.487957
179,34,15836.734003
179,35,14865.038128
179,36,14668.450997
179,37,14187.377148
179,38,13694.338216
179,39,13620.642050
179,40,13503.598226
179,41,13378.730911
179,42,13307.370153
179,44,13074.197600
179,46,12985.150468
179,51,12621.538796
179,53,12591.612529
179,54,12214.272295
179,56,12190.636385
180,33,16404.487957
180,34,15836.734003
180,35,14861.570476
180,36,14668.450997
180,37,14187.377148
180,38,13675.835416
180,39,13620.642050
180,40,13503.598226
180,41,13378.730911
180,42,13307.370153
180,44,13074.197600
180,46,12985.150468
180,51,12621.538796
180,53,12388.715484
180,54,12214.272295
180,56,12190.636385
181,33,16404.487957
181,34,15836.734003
181,35,14861.570476
181,36,14663.369492
181,37,14187.377148
181,38,13675.835416
181,39,13620.642050
181,40,13503.598226
181,41,13378.730911
181,42,13307.370153
181,44,13074.197600
181,46,12985.150468
181,51,12621.538796
181,53,12388.715484
181,54,12214.272295
181,56,12190.636385
182,33,16404.487957
182,34,15836.734003
182,35,14825.650677
182,36,14663.369492
182,37,14187.377148
182,38,13664.499232
182,39,13620.642050
182,40,13503.598226
182,41,13378.730911
182,42,13307.370153
182,44,13074.197600
182,45,13049.207858
182,46,12985.150468
182,51,12621.538796
182,53,12388.715484
182,54,12214.272295
182,56,12190.636385
183,33,16404.487957
183,34,15836.734003
183,35,14825.650677
183,36,14663.369492
183,37,14187.377148
183,38,13664.499232
183,39,13620.642050
183,40,13503.598226
183,41,13378.730911
183,42,13307.370153
183,44,13074.197600
183,45,13049.207858
183,46,12985.150468
183,51,12621.538796
183,53,12388.715484
183,54,12214.272295
183,56,12190.636385
184,33,16404.487957
184,34,15836.734003
184,35,14825.650677
184,36,14663.369492
184,37,14187.377148
184,38,13664.499232
184,39,13620.642050
184,40,13503.598226
184,41,13372.501184
184,42,13307.370153
184,43,13241.528499
184,44,13055.377911
184,45,13027.179634
184,46,12974.640369
184,51,12558.498960
184,53,12388.715484
184,54,12177.894225
185,33,16404.487957
185,34,15836.734003
185,35,14767.833413
185,36,14663.369492
185,37,14187.377148
185,38,13664.499232
185,39,13606.408580
185,40,13503.598226
185,41,13372.501184
185,42,13307.370153
185,43,13241.528499
185,44,13055.377911
185,45,13027.179634
185,46,12974.640369
185,51,12558.498960
185,53,12388.715484
185,54,12177.894225
186,33,16404.487957
186,34,15836.734003
186,35,14767.833413
186,36,14663.369492
186,37,14187.377148
186,38,13664.499232
186,39,13606.408580
186,40,13503.598226
186,41,13372.501184
186,42,13307.370153
186,43,13241.528499
186,44,13055.377911
186,45,13027.179634
186,46,12974.640369
186,51,12558.498960
186,53,12388.715484
186,54,12177.894225
187,33,16404.487957
187,34,15836.734003
187,35,14767.833413
187,36,14663.369492
187,37,14187.377148
187,38,13664.499232
187,39,13606.408580
187,40,13503.598226
187,41,13372.501184
187,42,13274.046343
187,43,13241.528499
187,44,13055.377911
187,45,13027.179634
187,46,12974.640369
187,51,12558.498960
187,53,12388.715484
187,54,12177.894225
188,33,16404.487957
188,34,15249.234458
188,35,14688.205545
188,36,14663.369492
188,37,14187.377148
188,38,13650.620481
188,39,13606.408580
188,40,13503.598226
188,41,13372.501184
188,42,13274.046343
188,43,13241.528499
188,44,13055.377911
188,45,13027.179634
188,46,12974.640369
188,48,12967.674418
188,51,12558.498960
188,53,12388.715484
188,54,12177.894225
189,33,16404.487957
189,34,15249.234458
189,35,14688.205545
189,36,14663.369492
189,37,14187.377148
189,38,13650.620481
189,39,13606.408580
189,40,13503.598226
189,41,13372.501184
189,42,13199.597217
189,44,13022.227025
189,46,12974.640369
189,48,12953.459076
189,50,12926.401130
189,51,12531.752398
189,53,12366.169101
189,54,12177.894225
190,33,16404.487957
190,34,15249.234458
190,35,14688.205545
190,36,14636.251855
190,37,14187.377148
190,38,13650.620481
190,39,13574.870163
190,40,13503.598226
190,41,13372.501184
190,42,13199.597217
190,44,13022.227025
190,46,12974.640369
190,48,12953.459076
190,50,12926.401130
190,51,12531.752398
190,53,12366.169101
190,54,12177.894225
191,33,16404.487957
191,34,15249.234458
191,35,14688.205545
191,36,14636.251855
191,37,13742.309889
191,38,13650.620481
191,39,13534.660596
191,40,13503.598226
191,41,13372.501184
191,42,13199.597217
191,44,13022.227025
191,46,12974.640369
191,48,12953.459076
191,50,12926.401130
191,51,12531.752398
191,53,12366.169101
191,54,12177.894225
192,33,16404.487957
192,34,15249.234458
192,35,14688.205545
192,36,14547.425181
192,37,13742.309889
192,38,13650.620481
192,39,13534.660596
192,40,13503.598226
192,41,13372.501184
192,42,13199.597217
192,44,13022.227025
192,46,12974.640369
192,47,12955.755537
192,48,12953.459076
192,50,12926.401130
192,51,12531.752398
192,53,12366.169101
192,54,12177.894225
193,33,16404.487957
193,34,15249.234458
193,35,14688.205545
193,36,14547.425181
193,37,13742.309889
193,38,13650.620481
193,39,13534.660596
193,40,13503.598226
193,41,13372.501184
193,42,13199.597217
193,44,13022.227025
193,46,12974.640369
193,47,12955.755537
193,48,12953.459076
193,50,12926.401130
193,51,12531.752398
193,53,12366.169101
193,54,12177.894225
194,33,16404.487957
194,34,15249.234458
194,35,14688.205545
194,36,14547.425181
194,37,13742.309889
194,38,13650.620481
194,39,13534.660596
194,40,13503.598226
194,41,13372.501184
194,42,13199.597217
194,44,13011.031838
194,45,12975.086931
194,46,12969.318381
194,47,12955.755537
194,48,12952.884942
194,50,12909.936638
194,51,12487.179906
194,53,12341.929042
194,54,12177.894225
195,33,16404.487957
195,34,15249.234458
195,35,14688.205545
195,36,14547.425181
195,37,13742.309889
195,38,13650.620481
195,39,13534.660596
195,40,13503.598226
195,41,13372.501184
195,42,13199.597217
195,44,13011.031838
195,45,12975.086931
195,46,12969.318381
195,47,12955.755537
195,48,12952.884942
195,49,12913.414486
195,50,12868.721875
195,51,12487.179906
195,53,12341.929042
195,54,12177.894225
196,33,16404.487957
196,34,15249.234458
196,35,14688.205545
196,36,14547.425181
196,37,13742.309889
196,38,13650.620481
196,39,13534.660596
196,40,13503.598226
196,41,13372.501184
196,42,13199.597217
196,44,13011.031838
196,45,12975.086931
196,46,12969.318381
196,47,12794.696086
196,51,12487.179906
196,53,12341.929042
196,54,12177.894225
197,33,16404.487957
197,34,15249.234458
197,35,14688.205545
197,36,14547.425181
197,37,13742.309889
197,38,13650.620481
197,39,13534.660596
197,40,13503.598226
197,41,13372.501184
197,42,13199.597217
197,44,13011.031838
197,45,12975.086931
197,46,12969.318381
197,47,12794.696086
197,51,12487.179906
197,53,12341.929042
197,54,12177.894225
197,55,12168.193237
198,33,16404.487957
198,34,15249.234458
198,35,14688.205545
198,36,14547.425181
198,37,13742.309889
198,38,13610.606591
198,39,13534.660596
198,40,13503.598226
198,41,13209.427145
198,42,13199.597217
198,44,13011.031838
198,45,12975.086931
198,46,12969.318381
198,47,12794.696086
198,51,12487.179906
198,53,12341.929042
198,54,12177.894225
198,55,12168.193237
199,33,16404.487957
199,34,15249.234458
199,35,14688.205545
199,36,14547.425181
199,37,13742.309889
199,38,13610.606591
199,39,13534.660596
199,40,13503.598226
199,41,13209.427145
199,42,13032.807321
199,44,13011.031838
199,45,12975.086931
199,46,12934.787316
199,47,12763.181685
199,51,12473.828950
199,53,12339.915109
199,54,12177.894225
199,55,12168.193237
199,57,12151.907994
200,33,16404.487957
200,34,15249.234458
200,35,14688.205545
200,36,14547.425181
200,37,13742.309889
200,38,13610.606591
200,39,13534.660596
200,40,13503.598226
200,41,13209.427145
200,42,13032.807321
200,44,13011.031838
200,45,12975.086931
200,46,12934.787316
200,47,12763.181685
200,51,12473.828950
200,53,12339.915109
200,54,12177.894225
200,55,12168.193237
200,57,12151.907994
201,33,16404.487957
201,34,15249.234458
201,35,14688.205545
201,36,14547.425181
201,37,13742.309889
201,38,13610.606591
201,39,13534.660596
201,40,13503.598226
201,41,13209.427145
201,42,13032.807321
201,44,13011.031838
201,45,12975.086931
201,46,12934.787316
201,47,12763.181685
201,51,12473.828950
201,53,12339.915109
201,54,12177.894225
201,55,12168.193237
201,57,12151.907994
202,33,16404.487957
202,34,15249.234458
202,35,14688.205545
202,36,14547.425181
202,37,13742.309889
202,38,13610.606591
202,39,13534.660596
202,40,13503.598226
202,41,13209.427145
202,42,13032.807321
202,44,13011.031838
202,45,12975.086931
202,46,12934.787316
202,47,12763.181685
202,51,12473.828950
202,53,12339.915109
202,54,12177.894225
202,55,12168.193237
202,57,12151.907994
203,33,16404.487957
203,34,15249.234458
203,35,14688.205545
203,36,14547.425181
203,37,13742.309889
203,38,13610.606591
203,39,13534.660596
203,40,13383.088401
203,41,13209.427145
203,42,13032.807321
203,44,13011.031838
203,45,12975.086931
203,46,12934.787316
203,47,12763.181685
203,51,12473.828950
203,53,12339.915109
203,54,12177.894225
203,55,12168.193237
203,57,12151.907994
204,33,16404.487957
204,34,15249.234458
204,35,14535.681870
204,36,14394.901506
204,37,13742.309889
204,38,13555.908275
204,39,13533.916328
204,40,13383.088401
204,41,13209.427145
204,42,13032.807321
204,44,13008.698628
204,45,12967.306606
204,46,12934.787316
204,47,12723.329741
204,51,12444.889420
204,53,12312.761822
204,54,12175.949112
204,55,12154.991541
204,57,12151.462155
205,33,16404.487957
205,34,15249.234458
205,35,14535.681870
205,36,14394.901506
205,37,13742.309889
205,38,13555.908275
205,39,13533.916328
205,40,13383.088401
205,41,13209.427145
205,42,13032.807321
205,44,13008.698628
205,45,12967.306606
205,46,12922.067188
205,47,12723.329741
205,51,12444.889420
205,53,12312.761822
205,54,12175.949112
205,55,12154.991541
205,57,12151.462155
206,33,16404.487957
206,34,15249.234458
206,35,14535.681870
206,36,14394.901506
206,37,13742.309889
206,38,13555.908275
206,39,13533.916328
206,40,13383.088401
206,41,13209.427145
206,42,13032.807321
206,44,13008.698628
206,45,12967.306606
206,46,12922.067188
206,47,12723.329741
206,51,12444.889420
206,53,12312.761822
206,54,12175.949112
206,55,12154.991541
206,57,12151.462155
207,33,16404.487957
207,34,15249.234458
207,35,14535.681870
207,36,14394.901506
207,37,13742.309889
207,38,13555.908275
207,39,13473.583063
207,40,13383.088401
207,41,13209.427145
207,42,13032.807321
207,44,13008.698628
207,45,12967.306606
207,46,12922.067188
207,47,12723.329741
207,51,12444.889420
207,53,12312.761822
207,54,12175.949112
207,55,12154.991541
207,57,12151.462155
208,33,16404.487957
208,34,15249.234458
208,35,14535.681870
208,36,14394.901506
208,37,13742.309889
208,38,13555.908275
208,39,13473.583063
208,40,13383.088401
208,41,13209.427145
208,42,13032.807321
208,43,13025.797799
208,44,13008.698628
208,45,12967.306606
208,46,12904.218965
208,47,12723.329741
208,51,12444.889420
208,53,12312.761822
208,54,12175.949112
208,55,12154.991541
208,57,12151.462155
209,33,16404.487957
209,34,15249.234458
209,35,14535.681870
209,36,14394.901506
209,37,13742.309889
209,38,13555.908275
209,39,13473.583063
209,40,13383.088401
209,41,13209.427145
209,42,12985.581478
209,43,12956.890556
209,46,12888.755591
209,47,12659.127465
209,51,12444.889420
209,53,12312.761822
209,54,12175.949112
209,55,12137.140280
209,57,12114.904717
210,33,16404.487957
210,34,15249.234458
210,35,14535.681870
210,36,14394.901506
210,37,13742.309889
210,38,13555.908275
210,39,13473.583063
210,40,13314.072117
210,41,13209.427145
210,42,12985.581478
210,43,12956.890556
210,46,12888.755591
210,47,12659.127465
210,51,12444.889420
210,52,12362.659470
210,53,12312.761822
210,54,12175.949112
210,55,12137.140280
210,57,12114.904717
211,33,16404.487957
211,34,15044.372671
211,35,14535.681870
211,36,14394.901506
211,37,13742.309889
211,38,13555.908275
211,39,13473.583063
211,40,13314.072117
211,41,13209.427145
211,42,12985.581478
211,43,12956.890556
211,46,12888.755591
211,47,12659.127465
211,51,12444.889420
211,52,12362.659470
211,53,12312.761822
211,54,12175.949112
211,55,12137.140280
211,57,12114.904717
212,33,16404.487957
212,34,15044.372671
212,35,14535.681870
212,36,14392.300094
212,37,13742.309889
212,38,13555.908275
212,39,13473.583063
212,40,13314.072117
212,41,13209.427145
212,42,12985.581478
212,43,12956.890556
212,46,12821.913728
212,47,12659.127465
212,51,12444.889420
212,52,12362.659470
212,53,12312.761822
212,54,12175.949112
212,55,12137.140280
212,57,12114.904717
213,33,16404.487957
213,34,15044.372671
213,35,14535.681870
213,36,14392.300094
213,37,13742.309889
213,38,13555.908275
213,39,13473.583063
213,40,13314.072117
213,41,13209.427145
213,42,12985.581478
213,43,12956.890556
213,46,12821.913728
213,47,12659.127465
213,51,12444.889420
213,52,12362.659470
213,53,12312.761822
213,54,12175.949112
213,55,12109.469895
214,33,16404.487957
214,34,15044.372671
214,35,14535.681870
214,36,14392.300094
214,37,13742.309889
214,38,13227.217591
214,41,13163.638157
214,42,12974.668293
214,43,12928.435635
214,46,12801.698857
214,47,12659.127465
214,50,12440.783974
214,52,12327.628930
214,53,12312.174762
214,54,12173.648518
214,55,12104.108613
215,33,16404.487957
215,34,15044.372671
215,35,14535.681870
215,36,14392.300094
215,37,13742.309889
215,38,13227.217591
215,41,13151.659469
215,42,12974.668293
215,43,12928.435635
215,46,12801.698857
215,47,12659.127465
215,50,12440.783974
215,52,12327.628930
215,53,12312.174762
215,54,12173.648518
215,55,12104.108613
216,33,16404.487957
216,34,15044.372671
216,35,14535.681870
216,36,14392.300094
216,37,13742.309889
216,38,13227.217591
216,41,13151.659469
216,42,12974.668293
216,43,12928.435635
216,46,12801.698857
216,47,12659.127465
216,50,12440.783974
216,52,12327.628930
216,53,12312.174762
216,54,12173.648518
216,55,12104.108613
217,33,16404.487957
217,34,15044.372671
217,35,14350.229212
217,37,13742.309889
217,38,13227.217591
217,41,13151.659469
217,42,12974.668293
217,43,12928.435635
217,46,12801.698857
217,47,12659.127465
217,50,12440.783974
217,52,12327.628930
217,53,12312.174762
217,54,12086.016347
218,33,16404.487957
218,34,15044.372671
218,35,14350.229212
218,37,13742.309889
218,38,13227.217591
218,41,13151.659469
218,42,12974.668293
218,43,12928.435635
218,46,12801.698857
218,47,12659.127465
218,50,12440.783974
218,52,12327.628930
218,53,12312.174762
218,54,12086.016347
219,33,16404.487957
219,34,15044.372671
219,35,14350.229212
219,36,14143.093775
219,37,13742.309889
219,38,13212.276427
219,41,13120.575492
219,42,12934.373739
219,43,12928.435635
219,44,12797.856619
219,47,12659.127465
219,50,12440.783974
219,52,12327.220021
219,53,12312.174762
219,54,12086.016347
220,33,16404.487957
220,34,15044.372671
220,35,14350.229212
220,36,14143.093775
220,37,13742.309889
220,38,13212.276427
220,41,13120.575492
220,42,12934.373739
220,43,12928.435635
220,44,12797.856619
220,47,12659.127465
220,50,12440.783974
220,52,12327.220021
220,53,12312.174762
220,54,12086.016347
221,33,16404.487957
221,34,15044.372671
221,35,14350.229212
221,36,14015.644538
221,37,13742.309889
221,38,13212.276427
221,41,13120.575492
221,42,12934.373739
221,43,12928.435635
221,44,12797.856619
221,47,12659.127465
221,50,12440.783974
221,52,12327.220021
221,53,12312.174762
221,54,12086.016347
222,33,16404.487957
222,34,15044.372671
222,35,14067.921791
222,36,14015.644538
222,37,13742.309889
222,38,13207.674708
222,41,13120.575492
222,42,12934.373739
222,43,12928.435635
222,44,12797.856619
222,47,12659.127465
222,50,12440.783974
222,52,12327.220021
222,53,12312.174762
222,54,12086.016347
223,33,16404.487957
223,34,15044.372671
223,35,14067.921791
223,36,13948.478456
223,37,13742.309889
223,38,13207.674708
223,41,13120.575492
223,42,12934.373739
223,43,12928.435635
223,44,12797.856619
223,47,12659.127465
223,50,12440.783974
223,52,12327.220021
223,53,12312.174762
223,54,12086.016347
224,33,16404.487957
224,34,15044.372671
224,35,14067.921791
224,36,13948.478456
224,37,13742.309889
224,38,13206.117348
224,41,13115.623220
224,42,12892.944943
224,43,12867.208062
224,44,12797.467149
224,47,12608.493663
224,50,12420.897213
224,51,12325.998826
224,53,12295.333470
224,54,12086.016347
225,33,16404.487957
225,34,15044.372671
225,35,14067.921791
225,36,13948.478456
225,37,13742.309889
225,38,13206.117348
225,41,13115.623220
225,42,12892.944943
225,43,12867.208062
225,44,12797.467149
225,47,12608.493663
225,50,12420.897213
225,51,12325.998826
225,52,12319.118887
225,53,12141.352016
225,54,12086.016347
226,33,16404.487957
226,34,15044.372671
226,35,14067.921791
226,36,13948.478456
226,37,13742.309889
226,38,13206.117348
226,41,13115.623220
226,42,12892.944943
226,43,12867.208062
226,44,12797.467149
226,47,12608.493663
226,50,12420.897213
226,51,12325.998826
226,52,12319.118887
226,53,12141.352016
226,54,12086.016347
227,33,16330.976321
227,34,15016.712583
227,35,14067.921791
227,36,13948.478456
227,37,13742.309889
227,38,13206.117348
227,39,13145.574370
227,41,13115.623220
227,42,12892.944943
227,43,12867.208062
227,44,12797.467149
227,47,12608.493663
227,50,12420.897213
227,51,12279.821202
227,53,12141.352016
227,54,12086.016347
228,33,16330.976321
228,34,15016.712583
228,35,14067.921791
228,36,13948.478456
228,37,13742.309889
228,38,13206.117348
228,39,13145.574370
228,41,13115.623220
228,42,12892.944943
228,43,12867.208062
228,44,12797.467149
228,47,12608.493663
228,50,12420.897213
228,51,12279.821202
228,53,12141.352016
228,54,12086.016347
229,33,16330.976321
229,34,15016.712583
229,35,14067.921791
229,36,13948.478456
229,37,13742.309889
229,38,13206.117348
229,39,13145.428161
229,41,13115.623220
229,42,12877.117233
229,43,12867.208062
229,44,12797.467149
229,47,12583.595211
229,50,12420.897213
229,51,12278.922284
229,53,12141.352016
229,54,12086.016347
230,33,16330.976321
230,34,15016.712583
230,35,14067.921791
230,36,13948.478456
230,37,13742.309889
230,38,13206.117348
230,39,13145.428161
230,41,13115.623220
230,42,12877.117233
230,43,12867.208062
230,44,12797.467149
230,47,12583.595211
230,50,12420.897213
230,51,12278.922284
230,53,12141.352016
230,54,12086.016347
231,33,16330.976321
231,34,14403.899605
231,35,14067.921791
231,36,13948.478456
231,37,13742.309889
231,38,13206.117348
231,39,13120.807655
231,41,13115.623220
231,42,12877.117233
231,43,12867.208062
231,44,12797.467149
231,47,12583.595211
231,50,12420.897213
231,51,12278.922284
231,53,12141.352016
231,54,12086.016347
232,33,16330.976321
232,34,14403.899605
232,35,14067.921791
232,36,13638.776938
232,38,13206.117348
232,39,13120.807655
232,41,13115.623220
232,42,12877.117233
232,43,12867.208062
232,44,12797.467149
232,47,12583.595211
232,50,12420.897213
232,51,12278.922284
232,53,12071.401210
233,33,16330.976321
233,34,14403.899605
233,35,14067.921791
233,36,13638.776938
233,38,13206.117348
233,39,13120.807655
233,41,13115.623220
233,42,12877.117233
233,43,12867.208062
233,44,12797.467149
233,47,12583.595211
233,50,12420.897213
233,51,12278.922284
233,53,12071.401210
234,33,16330.976321
234,34,14403.899605
234,35,14067.921791
234,36,13638.776938
234,38,13204.697418
234,39,13119.912314
234,41,13104.820641
234,42,12876.854443
234,43,12866.439043
234,44,12764.768314
234,47,12563.904481
234,50,12391.793644
234,51,12278.922284
234,53,12060.067551
235,33,16330.976321
235,34,14403.899605
235,35,14067.921791
235,36,13638.776938
235,37,13236.445394
235,38,13204.697418
235,39,13119.912314
235,41,13104.820641
235,42,12876.854443
235,43,12866.439043
235,44,12764.768314
235,47,12563.904481
235,50,12391.793644
235,51,12278.922284
235,53,12060.067551
236,33,16330.976321
236,34,14403.899605
236,35,14067.921791
236,36,13638.776938
236,37,13236.445394
236,38,13204.697418
236,39,13119.912314
236,41,13082.513478
236,42,12876.854443
236,43,12866.439043
236,44,12764.768314
236,47,12563.904481
236,50,12391.793644
236,51,12278.922284
236,53,12060.067551
237,33,16330.976321
237,34,14403.899605
237,35,14067.921791
237,36,13638.776938
237,37,13236.445394
237,38,13204.697418
237,39,13119.912314
237,41,13082.513478
237,42,12876.854443
237,43,12866.439043
237,44,12764.768314
237,47,12563.904481
237,50,12391.793644
237,51,12278.922284
237,53,12060.067551
238,33,16330.976321
238,34,14403.899605
238,35,14067.921791
238,36,13638.776938
238,37,13236.445394
238,38,13204.697418
238,39,13119.912314
238,41,13082.513478
238,42,12876.854443
238,43,12866.439043
238,44,12764.768314
238,47,12563.904481
238,50,12283.166473
238,51,12278.922284
238,53,12060.067551
239,33,16330.976321
239,34,14403.899605
239,35,14067.921791
239,36,13638.776938
239,37,13236.445394
239,38,13204.697418
239,39,13119.912314
239,41,13082.513478
239,42,12876.854443
239,43,12823.988637
239,44,12741.497661
239,47,12563.904481
239,50,12271.772945
239,51,12269.118054
239,52,12235.840515
239,53,12043.859553
240,33,16330.976321
240,34,14403.899605
240,35,14035.723925
240,36,13638.776938
240,37,13236.445394
240,38,13201.076197
240,39,13119.912314
240,41,13082.513478
240,42,12876.854443
240,43,12823.988637
240,44,12741.497661
240,47,12563.904481
240,50,12271.772945
240,51,12269.118054
240,52,12235.840515
240,53,12043.859553
241,33,16330.976321
241,34,14403.899605
241,35,14035.723925
241,36,13638.776938
241,37,13236.445394
241,38,13201.076197
241,39,13119.912314
241,41,13082.513478
241,42,12876.854443
241,43,12823.988637
241,44,12741.497661
241,47,12563.904481
241,50,12271.772945
241,51,12232.757187
241,53,12043.859553
242,33,16012.901716
242,34,14403.899605
242,35,14035.723925
242,36,13638.776938
242,37,13236.445394
242,38,13179.433727
242,39,13119.912314
242,41,13082.513478
242,42,12876.854443
242,43,12823.988637
242,44,12741.497661
242,47,12563.904481
242,50,12271.772945
242,51,12232.757187
242,53,12043.859553
243,33,16012.901716
243,34,14403.899605
243,35,14035.723925
243,36,13638.776938
243,37,13236.445394
243,38,13179.433727
243,39,13119.912314
243,41,13082.513478
243,42,12876.854443
243,43,12823.988637
243,44,12741.497661
243,47,12563.904481
243,50,12271.772945
243,51,12183.515753
243,53,12043.859553
244,33,16012.901716
244,34,14403.899605
244,35,14035.723925
244,36,13638.776938
244,37,13236.445394
244,38,13162.155659
244,39,13118.079913
244,41,13055.523127
244,42,12876.854443
244,43,12779.056330
244,44,12741.497661
244,47,12563.904481
244,50,12232.660289
244,51,12178.882703
244,53,12043.859553
245,33,16012.901716
245,34,14403.899605
245,35,13476.609277
245,37,13236.445394
245,38,13162.155659
245,39,13118.079913
245,40,13098.798618
245,41,13055.523127
245,42,12876.854443
245,43,12779.056330
245,44,12741.497661
245,47,12563.904481
245,50,12232.660289
245,51,12178.882703
245,53,12043.859553
246,33,15610.021861
246,34,14403.899605
246,35,13476.609277
246,37,13236.445394
246,38,13162.155659
246,39,13118.079913
246,40,13098.798618
246,41,13055.523127
246,42,12876.854443
246,43,12779.056330
246,44,12741.497661
246,47,12563.904481
246,49,12486.143863
246,50,12232.660289
246,51,12178.882703
246,53,12043.859553
247,33,15610.021861
247,34,14403.899605
247,35,13476.609277
247,37,13236.445394
247,38,13162.155659
247,39,13118.079913
247,40,13098.798618
247,41,13055.523127
247,42,12876.854443
247,43,12779.056330
247,44,12741.497661
247,47,12563.904481
247,49,12486.143863
247,50,12232.660289
247,51,12178.882703
247,53,12043.859553
248,33,15610.021861
248,34,14403.899605
248,35,13476.609277
248,37,13236.445394
248,38,13162.155659
248,39,13118.079913
248,40,13098.798618
248,41,13055.523127
248,42,12876.854443
248,43,12779.056330
248,44,12741.497661
248,47,12563.904481
248,49,12486.143863
248,50,12232.660289
248,51,12178.882703
248,53,12043.859553
249,33,15610.021861
249,34,14403.899605
249,35,13476.609277
249,37,13236.445394
249,38,13162.155659
249,39,13118.079913
249,40,13098.798618
249,41,13053.405738
249,42,12837.098176
249,43,12773.165188
249,44,12730.317422
249,47,12552.961550
249,49,12464.985045
249,50,12232.660289
249,51,12171.747816
249,52,12005.809168
250,33,15610.021861
250,34,14192.052803
250,35,13476.609277
250,37,13236.445394
250,38,13162.155659
250,39,13118.079913
250,40,13098.798618
250,41,13053.405738
250,42,12837.098176
250,43,12773.165188
250,44,12730.317422
250,47,12552.961550
250,49,12464.985045
250,50,12232.660289
250,51,12171.747816
250,52,12005.809168
251,33,15610.021861
251,34,14192.052803
251,35,13476.609277
251,37,13236.445394
251,38,13162.155659
251,39,13118.079913
251,40,13098.798618
251,41,13025.942863
251,42,12837.098176
251,43,12773.165188
251,44,12730.317422
251,47,12552.961550
251,49,12464.985045
251,50,12232.660289
251,51,12171.747816
251,52,12005.809168
252,33,15610.021861
252,34,14192.052803
252,35,13476.609277
252,37,13236.445394
252,38,13162.155659
252,39,13118.079913
252,40,13098.798618
252,41,13025.942863
252,42,12837.098176
252,43,12773.165188
252,44,12730.317422
252,45,12704.121375
252,47,12552.961550
252,49,12464.985045
252,50,12232.660289
252,51,12171.747816
252,52,12005.809168
253,33,15610.021861
253,34,14192.052803
253,35,13476.609277
253,37,13236.445394
253,38,13162.155659
253,39,13118.079913
253,40,13098.798618
253,41,13025.942863
253,42,12837.098176
253,43,12773.165188
253,44,12730.317422
253,45,12704.121375
253,47,12552.961550
253,49,12464.985045
253,50,12232.660289
253,51,12171.747816
253,52,12005.809168
254,33,15610.021861
254,34,14192.052803
254,35,13476.609277
254,37,13216.332091
254,38,13162.155659
254,39,13118.079913
254,40,13098.798618
254,41,13025.942863
254,42,12837.098176
254,43,12772.841709
254,44,12714.310310
254,45,12689.575945
254,47,12552.961550
254,49,12408.617872
254,50,12156.359867
254,51,11984.016952
255,33,15610.021861
255,34,14192.052803
255,35,13476.609277
255,37,13216.332091
255,38,13162.155659
255,39,13118.079913
255,40,13098.798618
255,41,13025.942863
255,42,12837.098176
255,43,12772.841709
255,44,12714.310310
255,45,12689.575945
255,47,12552.961550
255,48,12258.301821
255,50,12156.359867
255,51,11984.016952
256,33,15610.021861
256,34,14192.052803
256,35,13476.609277
256,37,13216.332091
256,38,13095.430755
256,41,13025.942863
256,42,12837.098176
256,43,12772.841709
256,44,12714.310310
256,45,12689.575945
256,47,12552.961550
256,48,12258.301821
256,49,12214.295060
256,50,12156.359867
256,51,11984.016952
257,33,15610.021861
257,34,14192.052803
257,35,13476.609277
257,37,13216.332091
257,38,13095.430755
257,41,13025.942863
257,42,12837.098176
257,43,12772.841709
257,44,12714.310310
257,45,12646.308986
257,47,12552.961550
257,48,12258.301821
257,49,12214.295060
257,50,12156.359867
257,51,11984.016952
258,33,15610.021861
258,34,14192.052803
258,35,13476.609277
258,37,13202.356591
258,38,13095.430755
258,41,13025.942863
258,42,12837.098176
258,43,12772.841709
258,44,12714.310310
258,45,12646.308986
258,47,12552.961550
258,48,12258.301821
258,49,12214.295060
258,50,12156.359867
258,51,11984.016952
259,33,15610.021861
259,34,14192.052803
259,35,13311.836452
259,37,13181.338162
259,38,13095.430755
259,41,13020.570997
259,42,12822.309377
259,43,12751.159687
259,44,12710.775004
259,45,12644.879536
259,47,12552.961550
259,48,12258.301821
259,49,12214.295060
259,50,12118.133887
259,51,11984.016952
260,33,15610.021861
260,34,14192.052803
260,35,13311.836452
260,37,13181.338162
260,38,13095.430755
260,41,13020.570997
260,42,12822.309377
260,43,12751.159687
260,44,12710.775004
260,45,12644.879536
260,47,12552.961550
260,48,12258.301821
260,49,12214.295060
260,50,12118.133887
260,51,11984.016952
261,33,15610.021861
261,34,14192.052803
261,35,13311.836452
261,37,13181.338162
261,38,13095.430755
261,41,13020.570997
261,42,12822.309377
261,43,12751.159687
261,44,12710.775004
261,45,12644.879536
261,47,12552.961550
261,48,12258.301821
261,49,12214.295060
261,50,12118.133887
261,51,11984.016952
262,33,15610.021861
262,34,14192.052803
262,35,13311.836452
262,37,13142.957946
262,38,13095.430755
262,41,13020.570997
262,42,12822.309377
262,43,12751.159687
262,44,12710.775004
262,45,12644.879536
262,47,12552.961550
262,48,12258.301821
262,49,12214.295060
262,50,12118.133887
262,51,11984.016952
263,33,15610.021861
263,34,14192.052803
263,35,13311.836452
263,37,13142.957946
263,38,13095.430755
263,39,13063.875928
263,41,13020.570997
263,42,12822.309377
263,43,12751.159687
263,44,12696.786951
263,45,12644.879536
263,47,12552.961550
263,48,12258.301821
263,49,12214.295060
263,50,12118.133887
263,51,11984.016952
264,33,15610.021861
264,34,14192.052803
264,35,13311.836452
264,37,13142.957946
264,38,13080.399929
264,39,13063.875928
264,40,13050.125080
264,41,12986.059778
264,42,12822.287127
264,43,12751.159687
264,44,12675.552212
264,45,12644.879536
264,47,12548.337025
264,48,12242.269276
264,49,12208.003043
264,50,12103.230687
264,51,11984.016952
265,33,15610.021861
265,34,14192.052803
265,35,13311.836452
265,37,13142.957946
265,38,13080.399929
265,39,13063.875928
265,40,13050.125080
265,41,12986.059778
265,42,12822.287127
265,43,12751.159687
265,44,12599.192521
265,47,12548.337025
265,48,12242.269276
265,49,12208.003043
265,50,12103.230687
265,51,11984.016952
266,33,15610.021861
266,34,14192.052803
266,35,13311.836452
266,37,13142.957946
266,38,13080.399929
266,39,13063.875928
266,40,13050.125080
266,41,12986.059778
266,42,12822.287127
266,43,12751.159687
266,44,12599.192521
266,47,12548.337025
266,48,12242.269276
266,49,12208.003043
266,50,12103.230687
266,51,11984.016952
267,33,15610.021861
267,34,14052.531771
267,35,13311.836452
267,37,13142.957946
267,38,13080.399929
267,39,13063.875928
267,40,13050.125080
267,41,12986.059778
267,42,12822.287127
267,43,12751.159687
267,44,12599.192521
267,47,12548.337025
267,48,12242.269276
267,49,12208.003043
267,50,12103.230687
267,51,11984.016952
268,33,15610.021861
268,34,14052.531771
268,35,13311.836452
268,37,13142.957946
268,38,13080.399929
268,39,13063.875928
268,40,13050.125080
268,41,12986.059778
268,42,12822.287127
268,43,12751.159687
268,44,12599.192521
268,47,12548.337025
268,48,12242.269276
268,49,12208.003043
268,50,12103.230687
268,51,11984.016952
269,33,15610.021861
269,34,14052.531771
269,35,13311.836452
269,37,13142.957946
269,38,13080.399929
269,39,13063.875928
269,40,13050.125080
269,41,12967.296056
269,42,12822.287127
269,43,12708.460814
269,44,12583.370447
269,47,12540.043589
269,48,12241.422293
269,49,12199.615023
269,50,12102.519888
269,51,11984.016952
270,33,15610.021861
270,34,14052.531771
270,35,13311.836452
270,37,13142.957946
270,38,13080.399929
270,39,13063.875928
270,40,13050.125080
270,41,12967.296056
270,42,12822.287127
270,43,12708.460814
270,44,12583.370447
270,47,12540.043589
270,48,12241.422293
270,49,12199.615023
270,50,12102.519888
270,51,11984.016952
271,33,15610.021861
271,34,13532.684516
271,35,13311.836452
271,36,13300.527534
271,37,13142.957946
271,38,13080.399929
271,39,13063.875928
271,40,13050.125080
271,41,12967.296056
271,42,12773.103985
271,43,12708.460814
271,44,12583.370447
271,45,12563.445423
271,47,12540.043589
271,48,12241.422293
271,49,12199.615023
271,50,12102.519888
271,51,11984.016952
272,33,15610.021861
272,34,13532.684516
272,35,13311.836452
272,36,13300.527534
272,37,13142.957946
272,38,13080.399929
272,39,12976.651034
272,41,12967.296056
272,42,12773.103985
272,43,12708.460814
272,44,12583.370447
272,45,12563.445423
272,47,12540.043589
272,48,12241.422293
272,49,12199.615023
272,50,12102.519888
272,51,11984.016952
273,33,15610.021861
273,34,13532.684516
273,35,13292.476511
273,37,13142.957946
273,38,13080.399929
273,39,12975.284068
273,40,12923.505280
273,42,12773.103985
273,43,12655.028505
273,44,12583.370447
273,45,12563.445423
273,47,12540.043589
273,48,12241.422293
273,49,12199.615023
273,50,12102.519888
273,51,11984.016952
274,33,15610.021861
274,34,13532.684516
274,35,13292.476511
274,37,13142.957946
274,38,13073.714029
274,39,12975.284068
274,40,12891.473879
274,42,12733.036283
274,43,12547.015750
274,47,12474.775544
274,48,12241.422293
274,49,12192.312971
274,50,12102.519888
274,51,11980.672105
275,33,15610.021861
275,34,13532.684516
275,35,13292.476511
275,37,13142.957946
275,38,13030.317536
275,39,12919.701419
275,40,12891.473879
275,42,12733.036283
275,43,12547.015750
275,47,12474.775544
275,48,12241.422293
275,49,12192.312971
275,50,12102.519888
275,51,11980.672105
276,33,15610.021861
276,34,13532.684516
276,35,13292.476511
276,37,13142.957946
276,38,13030.317536
276,39,12909.979950
276,40,12891.473879
276,42,12733.036283
276,43,12547.015750
276,45,12462.173282
276,48,12241.422293
276,49,12192.312971
276,50,12102.519888
276,51,11980.672105
277,33,15610.021861
277,34,13532.684516
277,35,13292.476511
277,37,13142.957946
277,38,13030.317536
277,39,12909.979950
277,40,12891.473879
277,42,12733.036283
277,43,12547.015750
277,45,12462.173282
277,48,12241.422293
277,49,12192.312971
277,50,12102.519888
277,51,11980.672105
278,33,15610.021861
278,34,13532.684516
278,35,13292.476511
278,37,13142.957946
278,38,13030.317536
278,39,12909.979950
278,40,12891.473879
278,42,12733.036283
278,43,12547.015750
278,45,12462.173282
278,48,12241.422293
278,49,12192.312971
278,50,12102.519888
278,51,11980.672105
279,33,15610.021861
279,34,13532.684516
279,35,13292.476511
279,37,13142.957946
279,38,13024.570951
279,39,12909.979950
279,40,12882.683784
279,42,12732.561727
279,43,12546.823621
279,45,12462.173282
279,48,12226.642038
279,49,12162.373270
279,50,12096.291374
279,51,11973.607700
280,33,15610.021861
280,34,13532.684516
280,35,13292.476511
280,37,13142.957946
280,38,13024.570951
280,39,12909.979950
280,40,12882.683784
280,42,12732.561727
280,43,12546.823621
280,45,12462.173282
280,48,12226.642038
280,49,12162.373270
280,50,12096.291374
280,51,11973.607700
281,33,15610.021861
281,34,13532.684516
281,35,13292.476511
281,37,13142.957946
281,38,13024.570951
281,39,12909.979950
281,40,12882.683784
281,42,12732.561727
281,43,12546.823621
281,45,12462.173282
281,48,12226.642038
281,49,12162.373270
281,50,12096.291374
281,51,11973.607700
282,33,15610.021861
282,34,13532.684516
282,35,13292.476511
282,36,13289.603700
282,37,13142.957946
282,38,13024.570951
282,39,12851.396684
282,42,12609.092761
282,43,12546.823621
282,45,12462.173282
282,48,12226.642038
282,49,12162.373270
282,50,12096.291374
282,51,11973.607700
283,33,14124.847800
283,34,13532.684516
283,35,13292.476511
283,36,13289.603700
283,37,13142.957946
283,38,13024.570951
283,39,12851.396684
283,42,12609.092761
283,43,12546.823621
283,45,12462.173282
283,48,12226.642038
283,49,12162.373270
283,50,12096.291374
283,51,11973.607700
284,33,14124.847800
284,34,13532.684516
284,35,13292.476511
284,36,13289.603700
284,37,13135.305750
284,38,13024.570951
284,39,12846.127174
284,42,12609.092761
284,43,12534.287148
284,45,12461.167633
284,47,12445.893273
284,48,12189.034045
284,49,12153.331403
284,50,12096.291374
284,51,11953.439047
285,33,14124.847800
285,34,13532.684516
285,35,13292.476511
285,36,13289.603700
285,37,13135.305750
285,38,13024.570951
285,39,12846.127174
285,42,12609.092761
285,43,12534.287148
285,45,12461.167633
285,47,12445.893273
285,48,12189.034045
285,49,12153.331403
285,50,12096.291374
285,51,11953.439047
286,33,14124.847800
286,34,13532.684516
286,35,13292.476511
286,36,13289.603700
286,37,13135.305750
286,38,13024.570951
286,39,12846.127174
286,42,12609.092761
286,43,12534.287148
286,45,12461.167633
286,47,12445.893273
286,48,12189.034045
286,49,12153.331403
286,50,12096.291374
286,51,11953.439047
287,33,14124.847800
287,34,13532.684516
287,35,13292.476511
287,36,13289.603700
287,37,13135.305750
287,38,13024.570951
287,39,12846.127174
287,42,12609.092761
287,43,12534.287148
287,45,12461.167633
287,47,12441.036820
287,48,12189.034045
287,49,12153.331403
287,50,12096.291374
287,51,11953.439047
288,33,14124.847800
288,34,13532.684516
288,35,13292.476511
288,36,13289.603700
288,37,13135.305750
288,38,13024.570951
288,39,12846.127174
288,41,12840.349184
288,42,12609.092761
288,43,12534.287148
288,45,12461.167633
288,47,12441.036820
288,48,12189.034045
288,49,12153.331403
288,50,12096.291374
288,51,11953.439047
289,33,14124.847800
289,34,13532.684516
289,35,13292.476511
289,36,13289.603700
289,37,13135.305750
289,38,13024.570951
289,39,12800.506514
289,42,12565.458241
289,43,12534.287148
289,45,12461.167633
289,47,12441.036820
289,48,12178.387602
289,49,12153.331403
289,50,12096.291374
289,51,11945.614821
290,33,14124.847800
290,34,13532.684516
290,35,13282.765678
290,37,13135.305750
290,38,13024.570951
290,39,12800.506514
290,42,12565.458241
290,43,12449.786263
290,47,12441.036820
290,48,12178.387602
290,49,12153.331403
290,50,12096.291374
290,51,11945.614821
291,33,14124.847800
291,34,13532.684516
291,35,13281.062159
291,37,13135.305750
291,38,13024.570951
291,39,12800.506514
291,42,12565.458241
291,43,12449.786263
291,46,12434.771383
291,47,12430.658140
291,48,12178.387602
291,49,12153.331403
291,50,12096.291374
291,51,11945.614821
292,33,14124.847800
292,34,13532.684516
292,35,13281.062159
292,37,13135.305750
292,38,13024.570951
292,39,12800.506514
292,42,12565.458241
292,43,12449.786263
292,44,12425.937636
292,48,12178.387602
292,49,12153.331403
292,50,12096.291374
292,51,11945.614821
293,33,14124.847800
293,34,13532.684516
293,35,13281.062159
293,37,13135.305750
293,38,13024.570951
293,39,12800.506514
293,42,12565.458241
293,43,12449.786263
293,44,12425.937636
293,48,12178.387602
293,49,12153.331403
293,50,12096.291374
293,51,11945.614821
294,33,14124.847800
294,34,13532.684516
294,35,13281.062159
294,37,13129.188628
294,38,13001.088763
294,39,12783.681630
294,42,12565.458241
294,43,12445.405507
294,44,12419.336487
294,48,12178.387602
294,49,12143.715915
294,50,12085.422718
294,51,11930.045935
295,33,14124.847800
295,34,13238.911288
295,37,13129.188628
295,38,13001.088763
295,39,12783.681630
295,40,12755.587362
295,42,12565.458241
295,43,12445.405507
295,44,12419.336487
295,48,12178.387602
295,49,12143.715915
295,50,12085.422718
295,51,11930.045935
296,33,14124.847800
296,34,13238.911288
296,37,13129.188628
296,38,13001.088763
296,39,12783.681630
296,40,12755.587362
296,42,12565.458241
296,43,12445.405507
296,44,12419.336487
296,48,12178.387602
296,49,12143.715915
296,50,12085.422718
296,51,11930.045935
297,33,14047.777128
297,34,13238.911288
297,37,13129.188628
297,38,13001.088763
297,39,12783.681630
297,40,12755.587362
297,42,12565.458241
297,43,12445.405507
297,44,12419.336487
297,48,12178.387602
297,49,12143.715915
297,50,12085.422718
297,51,11930.045935
298,33,14047.777128
298,34,13238.911288
298,37,13129.188628
298,38,13001.088763
298,39,12783.681630
298,40,12755.587362
298,42,12565.458241
298,43,12445.405507
298,44,12419.336487
298,48,12178.387602
298,49,12143.715915
298,50,12085.422718
298,51,11930.045935
299,33,13880.319184
299,34,13238.911288
299,35,13231.077972
299,37,13129.188628
299,38,13001.088763
299,39,12772.756113
299,40,12755.587362
299,42,12565.360893
299,43,12445.405507
299,44,12417.074282
299,48,12176.625172
299,49,12143.715915
299,50,12066.645626
299,51,11929.946713
300,33,13880.319184
300,34,13238.911288
300,35,13231.077972
300,37,13129.188628
300,38,13001.088763
300,39,12772.756113
300,40,12755.587362
300,42,12565.360893
300,43,12445.405507
300,44,12304.826090
300,48,12039.810854
300,51,11929.946713
301,33,13621.306154
301,34,13238.911288
301,35,13231.077972
301,37,13129.188628
301,38,13001.088763
301,39,12772.756113
301,40,12755.587362
301,42,12565.360893
301,43,12445.405507
301,44,12304.826090
301,48,12039.810854
301,51,11929.946713
302,33,13621.306154
302,34,13238.911288
302,35,13231.077972
302,37,13129.188628
302,38,13001.088763
302,39,12772.756113
302,40,12755.587362
302,42,12565.360893
302,43,12445.405507
302,44,12261.452412
302,48,12039.810854
302,51,11929.946713
303,33,13621.306154
303,34,13238.911288
303,35,13231.077972
303,37,13129.188628
303,38,13001.088763
303,39,12772.756113
303,40,12755.587362
303,42,12565.360893
303,43,12445.405507
303,44,12261.452412
303,45,12233.939342
303,48,12039.810854
303,51,11929.946713
304,33,13621.306154
304,34,13238.911288
304,35,13231.077972
304,37,13124.886114
304,38,12999.597658
304,39,12751.056504
304,42,12561.410073
304,43,12437.879905
304,44,12260.769283
304,45,12227.133139
304,48,12032.279188
304,51,11928.378321
305,33,13621.306154
305,34,13238.911288
305,35,13231.077972
305,37,13124.886114
305,38,12999.597658
305,39,12751.056504
305,42,12561.410073
305,43,12437.879905
305,44,12260.769283
305,45,12227.133139
305,47,12018.292060
305,51,11928.378321
306,33,13621.306154
306,34,13238.911288
306,35,13231.077972
306,36,13190.523223
306,37,13124.886114
306,38,12999.597658
306,39,12718.075530
306,40,12716.503460
306,42,12561.410073
306,43,12437.879905
306,44,12260.769283
306,45,12227.133139
306,47,12018.292060
306,51,11928.378321
307,33,13478.524271
307,34,13238.911288
307,35,13206.532525
307,36,13190.523223
307,37,13124.442103
307,38,12999.597658
307,39,12718.075530
307,40,12716.503460
307,42,12561.410073
307,43,12437.879905
307,44,12260.769283
307,45,12227.133139
307,47,12018.292060
307,51,11928.378321
308,32,14390.263557
308,33,13478.524271
308,34,13238.911288
308,35,13206.532525
308,36,13190.523223
308,37,13124.442103
308,38,12999.597658
308,39,12718.075530
308,40,12716.503460
308,41,12688.409191
308,42,12561.410073
308,43,12437.879905
308,44,12260.769283
308,45,12227.133139
308,47,12018.292060
308,51,11928.378321
309,32,14390.263557
309,33,13478.524271
309,34,13238.911288
309,35,13202.082376
309,36,13190.523223
309,37,13124.285749
309,38,12977.053524
309,39,12714.519814
309,40,12713.643537
309,41,12680.327089
309,42,12538.402473
309,43,12430.885777
309,44,12260.769283
309,45,12226.978974
309,47,11974.394653
309,51,11874.802399
310,32,14390.263557
310,33,13478.524271
310,34,13238.911288
310,35,13148.233230
310,37,13124.285749
310,38,12977.053524
310,39,12714.519814
310,40,12713.643537
310,41,12680.327089
310,42,12538.402473
310,43,12430.885777
310,44,12260.769283
310,45,12226.978974
310,47,11974.394653
310,51,11874.802399
311,32,14390.263557
311,33,13478.524271
311,34,13238.911288
311,35,13148.233230
311,37,13124.285749
311,38,12977.053524
311,39,12714.519814
311,40,12713.643537
311,41,12680.327089
311,42,12538.402473
311,43,12430.885777
311,44,12260.769283
311,45,12226.978974
311,47,11974.394653
311,51,11874.802399
312,32,14390.263557
312,33,13478.524271
312,34,13214.076681
312,35,13148.233230
312,36,13049.583608
312,38,12977.053524
312,39,12714.519814
312,40,12713.643537
312,41,12680.327089
312,42,12538.402473
312,43,12430.885777
312,44,12260.769283
312,45,12226.978974
312,47,11974.394653
312,51,11874.802399
313,32,14015.870528
313,33,13478.524271
313,34,13214.076681
313,35,13148.233230
313,36,13049.583608
313,38,12977.053524
313,39,12714.519814
313,40,12713.643537
313,41,12680.327089
313,42,12538.402473
313,43,12430.885777
313,44,12260.769283
313,45,12226.978974
313,47,11974.394653
313,51,11874.802399
314,32,14015.870528
314,33,13478.524271
314,34,13214.076681
314,35,13148.233230
314,36,13049.583608
314,38,12933.470876
314,39,12693.123619
314,41,12531.285897
314,43,12422.513780
314,44,12260.769283
314,45,12167.649028
314,47,11973.780724
314,51,11874.802399
315,32,14015.870528
315,33,13465.819925
315,34,13214.076681
315,35,13148.233230
315,36,13049.583608
315,38,12933.470876
315,39,12693.123619
315,41,12531.285897
315,43,12422.513780
315,44,12260.769283
315,45,12167.649028
315,47,11973.780724
315,51,11874.802399
316,32,14015.870528
316,33,13465.819925
316,34,13214.076681
316,35,13148.233230
316,36,13049.583608
316,38,12933.470876
316,39,12693.123619
316,41,12531.285897
316,43,12422.513780
316,44,12260.769283
316,45,12167.649028
316,47,11973.780724
316,51,11874.802399
317,32,14015.870528
317,33,13465.819925
317,34,13211.792565
317,35,13148.233230
317,36,13049.583608
317,38,12933.470876
317,39,12693.123619
317,41,12531.285897
317,42,12440.615284
317,43,12422.513780
317,44,12260.769283
317,45,12167.649028
317,47,11973.780724
317,51,11874.802399
318,32,14015.870528
318,33,13465.819925
318,34,13211.792565
318,35,13148.233230
318,36,13049.583608
318,38,12933.470876
318,39,12693.123619
318,41,12531.285897
318,42,12440.615284
318,43,12422.513780
318,44,12260.769283
318,45,12167.649028
318,47,11973.780724
318,51,11874.802399
319,32,14015.870528
319,33,13465.819925
319,34,13211.792565
319,35,13148.233230
319,36,12970.773161
319,38,12929.440315
319,39,12693.123619
319,41,12531.285897
319,42,12436.890160
319,43,12408.992259
319,44,12256.918046
319,45,12167.649028
319,47,11932.943924
319,51,11874.802399
320,32,14015.870528
320,33,13465.819925
320,34,13211.792565
320,35,13148.233230
320,36,12970.773161
320,38,12929.440315
320,39,12693.123619
320,41,12531.285897
320,42,12436.890160
320,43,12408.992259
320,44,12256.918046
320,45,12167.649028
320,47,11932.943924
320,51,11874.802399
321,32,13891.692399
321,33,13451.246791
321,34,13158.701534
321,35,13148.233230
321,36,12970.773161
321,38,12929.440315
321,39,12664.369802
321,41,12531.285897
321,42,12436.890160
321,43,12408.992259
321,44,12256.918046
321,45,12167.649028
321,47,11932.943924
321,51,11874.802399
322,31,15099.811345
322,32,13891.692399
322,33,13451.246791
322,34,13158.701534
322,35,13148.233230
322,36,12970.773161
322,38,12929.440315
322,39,12664.369802
322,41,12531.285897
322,42,12436.890160
322,43,12408.992259
322,44,12256.918046
322,45,12167.649028
322,47,11932.943924
322,51,11874.802399
323,31,15099.811345
323,32,13891.692399
323,33,13439.246920
323,34,13158.701534
323,35,13148.233230
323,36,12970.773161
323,38,12929.440315
323,39,12664.369802
323,41,12531.285897
323,42,12436.890160
323,43,12408.992259
323,44,12256.918046
323,45,12167.649028
323,47,11932.943924
323,51,11874.802399
324,31,15099.811345
324,32,13891.692399
324,33,13439.246920
324,34,13158.701534
324,35,13148.233230
324,36,12970.773161
324,38,12923.206005
324,39,12660.674201
324,41,12531.285897
324,42,12417.389835
324,43,12232.897162
324,44,12150.483904
324,47,11932.943924
324,49,11919.340011
324,50,11853.666150
325,31,15099.811345
325,32,13891.692399
325,33,13439.246920
325,34,13158.701534
325,35,13148.233230
325,36,12970.773161
325,38,12923.206005
325,39,12660.674201
325,41,12531.285897
325,42,12417.389835
325,43,12232.897162
325,44,12150.483904
325,47,11932.943924
325,49,11919.340011
325,50,11853.666150
326,31,15099.811345
326,32,13891.692399
326,33,13439.246920
326,34,13158.701534
326,35,13145.741922
326,36,12970.773161
326,38,12923.206005
326,39,12660.674201
326,41,12531.285897
326,42,12417.389835
326,43,12232.897162
326,44,12150.483904
326,47,11932.943924
326,49,11919.340011
326,50,11853.666150
327,31,15099.811345
327,32,13891.692399
327,33,13439.246920
327,34,13158.701534
327,35,13145.741922
327,36,12970.773161
327,38,12923.206005
327,39,12660.674201
327,41,12531.285897
327,42,12342.924472
327,43,12232.897162
327,44,12150.483904
327,47,11932.943924
327,49,11919.340011
327,50,11853.666150
328,31,15099.811345
328,32,13891.692399
328,33,13439.246920
328,34,13158.701534
328,35,13145.741922
328,36,12970.773161
328,38,12923.206005
328,39,12660.674201
328,41,12531.285897
328,42,12342.924472
328,43,12232.897162
328,44,12150.483904
328,47,11932.943924
328,49,11919.340011
328,50,11853.666150
