Generation,NV,TOC
1,56,32707.156953
1,57,27895.886815
1,58,27344.323449
1,72,27158.207331
1,87,26069.681569
1,89,23902.216962
1,95,23827.610538
1,102,22550.485703
1,103,22455.207048
1,135,22107.212479
1,139,22000.546717
1,142,21971.113295
1,148,21933.345831
1,150,20976.261639
1,159,19064.401325
2,56,32707.156953
2,57,27895.886815
2,58,27344.323449
2,64,27119.225763
2,80,26150.714235
2,83,25210.395005
2,89,23902.216962
2,91,23055.931059
2,95,22462.245647
2,98,21344.080427
2,142,21046.650845
2,143,20807.065649
2,152,20721.274418
2,153,20606.173287
2,154,20506.364162
2,157,20088.267476
2,159,19064.401325
3,56,32707.156953
3,57,27895.886815
3,58,27344.323449
3,64,27119.225763
3,74,26697.763398
3,76,25316.263856
3,81,24736.718861
3,89,23704.733821
3,91,23055.931059
3,95,22462.245647
3,96,22358.496391
3,98,21344.080427
3,101,20989.703727
3,112,20647.516557
3,117,20369.254355
3,126,20078.313556
3,132,19869.712475
3,159,19064.401325
3,165,18891.158894
3,175,18224.037973
4,55,29918.234476
4,56,29409.729423
4,57,26642.189198
4,70,26576.033539
4,72,26326.312575
4,75,25613.829326
4,76,25316.263856
4,77,25026.086301
4,81,24736.718861
4,82,22726.290185
4,90,22502.653799
4,95,21880.263569
4,97,20822.793256
4,98,20773.576922
4,101,20279.778504
4,108,19799.415968
4,135,19303.039564
4,159,19064.401325
4,165,18891.158894
4,175,18224.037973
5,55,29918.234476
5,56,29409.729423
5,57,26642.189198
5,70,26138.679051
5,75,25378.319034
5,76,25316.263856
5,77,25026.086301
5,81,24736.718861
5,82,22726.290185
5,87,22602.804759
5,88,22245.070199
5,94,20680.605993
5,100,19964.651096
5,108,19582.122479
5,134,19181.683988
5,145,18905.034820
5,152,18562.179833
5,174,18013.370960
6,54,29464.209523
6,56,28126.160176
6,57,26642.189198
6,63,26453.889918
6,64,25868.110982
6,65,24383.753671
6,70,24150.727857
6,82,22726.290185
6,84,21631.947649
6,90,21591.974432
6,93,21190.033923
6,94,20680.605993
6,98,20475.499950
6,100,19964.651096
6,107,19675.820732
6,108,19582.122479
6,130,19138.481283
6,138,19115.517220
6,142,19078.152640
6,145,18905.034820
6,149,17920.002278
6,162,17637.587446
7,52,28046.246663
7,57,26642.189198
7,60,25256.163117
7,65,24383.753671
7,70,24150.727857
7,80,23947.696052
7,82,22726.290185
7,83,21609.135646
7,85,20942.219924
7,94,20680.605993
7,98,20475.499950
7,100,19622.919207
7,106,19416.631216
7,129,19069.635314
7,133,18856.117983
7,142,18425.609969
7,146,17702.835551
7,161,17409.696620
8,52,28046.246663
8,57,26642.189198
8,60,25256.163117
8,65,24383.753671
8,70,24150.727857
8,77,23995.102578
8,80,23947.696052
8,81,22543.878630
8,82,21393.226434
8,85,20942.219924
8,86,20725.220217
8,89,20406.231294
8,90,19780.504910
8,99,18880.024496
8,118,18627.448184
8,134,18229.038005
8,144,18125.682391
8,146,17702.835551
8,161,17409.696620
9,52,28046.246663
9,57,26642.189198
9,59,26513.650333
9,60,25256.163117
9,64,25165.339815
9,65,24383.753671
9,70,24150.727857
9,72,24063.950770
9,73,23083.817696
9,79,19884.782392
9,87,19679.597326
9,99,18766.762255
9,113,18284.914255
9,114,18018.687614
9,132,18014.673049
9,144,17999.051629
9,146,17647.036198
9,158,17239.757728
10,52,28046.246663
10,57,26642.189198
10,59,26513.650333
10,60,25256.163117
10,64,25165.339815
10,65,24383.753671
10,68,24291.096613
10,70,24150.727857
10,72,24063.950770
10,73,23083.817696
10,75,22935.960130
10,76,22871.386454
10,77,22479.781171
10,78,20651.746880
10,79,19884.782392
10,87,19679.597326
10,91,19150.723091
10,99,18766.762255
10,113,18284.914255
10,114,18018.687614
10,123,17932.740616
10,129,17927.759062
10,142,17632.092057
10,158,17239.757728
11,52,28046.246663
11,53,27357.365112
11,54,27125.185903
11,57,26642.189198
11,59,26513.650333
11,60,24424.385363
11,65,24383.753671
11,66,24380.376326
11,67,23985.256112
11,71,22762.804731
11,76,22266.684744
11,77,22117.789363
11,78,20651.746880
11,79,19884.782392
11,87,19468.496074
11,91,18642.486067
11,113,18284.914255
11,114,18018.687614
11,121,17937.738670
11,123,17932.740616
11,129,17927.759062
11,142,17632.092057
11,158,17239.757728
12,52,28046.246663
12,53,27357.365112
12,54,27125.185903
12,56,26993.653824
12,57,26642.189198
12,59,25687.249100
12,60,24424.385363
12,65,24383.753671
12,66,24380.376326
12,67,23985.256112
12,71,22762.804731
12,76,22266.684744
12,77,22117.789363
12,78,20651.746880
12,79,19884.782392
12,87,19468.496074
12,91,18642.486067
12,113,18284.914255
12,114,18018.687614
12,121,17937.738670
12,123,17932.740616
12,124,17888.637707
12,141,17339.213736
12,158,17239.757728
13,52,28046.246663
13,53,27357.365112
13,54,27125.185903
13,55,26701.770735
13,57,25363.072785
13,60,24424.385363
13,65,24383.753671
13,66,24380.376326
13,67,23985.256112
13,71,22762.804731
13,72,22218.645400
13,76,22180.603748
13,77,22117.789363
13,78,20651.746880
13,79,19884.782392
13,87,19468.496074
13,89,18721.183936
13,91,18642.486067
13,112,18189.630701
13,114,18018.687614
13,121,17937.738670
13,123,17932.740616
13,124,17888.637707
13,141,17339.213736
13,158,17239.757728
14,52,28046.246663
14,53,27259.510427
14,54,26174.836501
14,55,25713.266556
14,56,25658.065460
14,57,25363.072785
14,60,24424.385363
14,61,24208.795626
14,63,22556.228182
14,72,22218.645400
14,76,22180.603748
14,77,22117.789363
14,78,20651.746880
14,79,19884.782392
14,86,18619.213305
14,104,18486.571200
14,106,18433.905447
14,107,18332.902853
14,109,18330.608971
14,112,18189.630701
14,114,18018.687614
14,121,17937.738670
14,123,17932.740616
14,124,17888.637707
14,136,17862.550328
14,138,17374.955800
14,141,17174.188369
15,52,28046.246663
15,53,27164.727328
15,54,26174.836501
15,55,25713.266556
15,56,25658.065460
15,57,25363.072785
15,59,22658.049232
15,63,22556.228182
15,66,22362.759395
15,67,21421.333142
15,78,20651.746880
15,79,19884.782392
15,86,18619.213305
15,88,18489.762397
15,101,18226.651329
15,103,17984.310447
15,118,17692.547761
15,119,17625.336649
15,138,17374.955800
15,141,17174.188369
16,52,28046.246663
16,53,26873.697617
16,54,25729.486974
16,55,22891.604790
16,59,22658.049232
16,63,22556.228182
16,66,22362.759395
16,67,21421.333142
16,78,20651.746880
16,79,18683.944581
16,86,18619.213305
16,88,18395.809186
16,95,18009.605213
16,103,17984.310447
16,112,17292.516303
16,141,17174.188369
17,51,28053.094051
17,52,28046.246663
17,53,26331.628513
17,54,25729.486974
17,55,22891.604790
17,59,22658.049232
17,63,22556.228182
17,65,21652.234293
17,66,21551.008289
17,67,21421.333142
17,72,21330.052933
17,76,20596.240606
17,79,18683.944581
17,86,18619.213305
17,88,18395.809186
17,95,18009.605213
17,103,17984.310447
17,108,17279.479811
17,141,17174.188369
18,50,28353.038760
18,51,27870.873759
18,53,26331.628513
18,54,25729.486974
18,55,22891.604790
18,59,22658.049232
18,63,22556.228182
18,65,21652.234293
18,66,21551.008289
18,67,21421.333142
18,72,20974.960446
18,75,20544.589106
18,78,18624.529211
18,85,18509.989106
18,88,18306.146739
18,93,17881.744434
18,105,17583.253367
18,106,17103.751584
18,141,17101.550597
19,50,28353.038760
19,51,27870.873759
19,53,26077.997291
19,54,25729.486974
19,55,22891.604790
19,59,22658.049232
19,62,22548.417395
19,65,21652.234293
19,66,21551.008289
19,67,21421.333142
19,72,20974.960446
19,74,20013.518455
19,78,18624.529211
19,85,18509.989106
19,87,18260.920461
19,93,17881.744434
19,105,17521.223147
19,106,17103.751584
19,141,17101.550597
20,50,28353.038760
20,51,27870.873759
20,52,26956.140325
20,53,24043.527938
20,55,22891.604790
20,59,22658.049232
20,62,22548.417395
20,65,21652.234293
20,66,21173.392774
20,72,20974.960446
20,74,20013.518455
20,78,18624.529211
20,79,18603.597381
20,85,18509.989106
20,87,18260.920461
20,92,17755.247576
20,104,17248.090409
20,106,17103.751584
20,141,17101.550597
21,50,28353.038760
21,51,27870.873759
21,52,26956.140325
21,53,24043.527938
21,54,23284.731250
21,55,22891.604790
21,57,21130.849222
21,72,20974.960446
21,74,20013.518455
21,78,18624.529211
21,79,18603.597381
21,85,18509.989106
21,87,18260.920461
21,92,17755.247576
21,95,17598.942157
21,104,17248.090409
21,106,17103.751584
21,141,17101.550597
22,50,28353.038760
22,51,27870.873759
22,52,26956.140325
22,53,24043.527938
22,54,23284.731250
22,55,22891.604790
22,57,21130.849222
22,72,20974.960446
22,74,20013.518455
22,78,18624.529211
22,79,18603.597381
22,85,18509.989106
22,87,18260.920461
22,92,17755.247576
22,95,17598.942157
22,104,17248.090409
22,106,17103.751584
22,141,17101.550597
23,50,28353.038760
23,51,26266.677071
23,53,24043.527938
23,54,23284.731250
23,55,22891.604790
23,57,21130.849222
23,72,20974.960446
23,73,19663.506011
23,78,18286.429922
23,83,17473.728423
23,92,17469.044674
23,102,17114.986978
23,106,17007.190821
23,121,16799.011444
24,50,28353.038760
24,51,24763.383439
24,53,24043.527938
24,54,23284.731250
24,55,22891.604790
24,57,21130.849222
24,58,20908.285678
24,60,20614.917509
24,65,19824.209808
24,73,19663.506011
24,78,18286.429922
24,83,17473.728423
24,92,17469.044674
24,102,17114.986978
24,106,17007.190821
24,109,16637.478711
24,122,16614.215494
25,50,28353.038760
25,51,24763.383439
25,53,24043.527938
25,54,23284.731250
25,55,22891.604790
25,56,21955.441634
25,57,21130.849222
25,58,20908.285678
25,60,20614.917509
25,65,19581.784704
25,71,19541.152145
25,74,19026.147609
25,76,18147.937722
25,82,17433.402677
25,102,17041.947683
25,103,16829.518623
25,108,16552.860190
25,120,16518.410230
26,50,28353.038760
26,51,24763.383439
26,53,23863.666133
26,54,21443.775776
26,57,21130.849222
26,58,20908.285678
26,60,20614.917509
26,65,19581.784704
26,71,19541.152145
26,74,19026.147609
26,76,18147.937722
26,82,17433.402677
26,102,17041.947683
26,103,16829.518623
26,108,16552.860190
26,120,16518.410230
27,50,28353.038760
27,51,24763.383439
27,53,21664.478251
27,54,21443.775776
27,57,21130.849222
27,58,20908.285678
27,60,20318.341341
27,65,19371.302644
27,74,19026.147609
27,75,17980.292839
27,81,17379.033039
27,102,16916.689236
27,103,16745.325220
27,106,16387.074772
28,50,28353.038760
28,51,24763.383439
28,52,24187.974654
28,53,21664.478251
28,54,21443.775776
28,57,21130.849222
28,58,20908.285678
28,60,20318.341341
28,65,19371.302644
28,74,19026.147609
28,75,17980.292839
28,81,17379.033039
28,102,16916.689236
28,103,16745.325220
28,106,16387.074772
29,49,28960.661047
29,50,28353.038760
29,51,24763.383439
29,52,24187.974654
29,53,21664.478251
29,54,21035.635303
29,56,20643.946079
29,59,20085.238669
29,65,19072.626354
29,73,18947.102362
29,75,17794.713782
29,77,17304.055634
29,102,16685.912271
29,106,16368.402707
30,49,28960.661047
30,50,24892.418747
30,51,24763.383439
30,52,24187.974654
30,53,21405.473059
30,54,21035.635303
30,56,20643.946079
30,59,20085.238669
30,65,19072.626354
30,69,18859.250156
30,75,17794.713782
30,77,17304.055634
30,91,16834.406844
30,102,16685.912271
30,106,16368.402707
31,49,28960.661047
31,50,24892.418747
31,51,24763.383439
31,52,24187.974654
31,53,21405.473059
31,54,21035.635303
31,55,20513.787207
31,59,20085.238669
31,65,18929.743534
31,67,18642.777255
31,75,17750.763160
31,77,17304.055634
31,90,16721.214347
31,102,16647.400368
31,103,16107.519916
32,49,28960.661047
32,50,24892.418747
32,51,24763.383439
32,52,24187.974654
32,53,21405.473059
32,54,20993.337752
32,55,20513.787207
32,59,20085.238669
32,63,19465.003165
32,65,18929.743534
32,67,18642.777255
32,74,18456.712468
32,75,17750.763160
32,77,17304.055634
32,90,16721.214347
32,102,16647.400368
32,103,16107.519916
33,49,28960.661047
33,50,24892.418747
33,51,24566.182415
33,52,24187.974654
33,53,21405.473059
33,54,20993.337752
33,55,20513.787207
33,58,19969.365477
33,63,18803.818612
33,65,18638.240122
33,72,18236.219980
33,75,17586.755799
33,76,17223.565423
33,89,16699.870764
33,100,16019.726111
34,49,28960.661047
34,50,24892.418747
34,51,22956.128392
34,52,21681.986288
34,53,21405.473059
34,54,20993.337752
34,55,20513.787207
34,58,19969.365477
34,63,18803.818612
34,65,18638.240122
34,72,18236.219980
34,75,17586.755799
34,76,17182.087895
34,89,16699.870764
34,100,16019.726111
35,49,28960.661047
35,50,24892.418747
35,51,21779.380156
35,52,21681.986288
35,53,21405.473059
35,54,20993.337752
35,55,20513.787207
35,58,19739.432198
35,63,18592.482306
35,72,18120.071619
35,75,17488.529457
35,76,17081.341798
35,88,16557.687687
35,99,15984.240702
36,49,28960.661047
36,50,24892.418747
36,51,21546.403410
36,53,21042.301579
36,54,20993.337752
36,55,20513.787207
36,58,19739.432198
36,63,18592.482306
36,72,18120.071619
36,75,17488.529457
36,76,17081.341798
36,88,16557.687687
36,97,16051.984826
36,99,15984.240702
37,49,28960.661047
37,50,22943.521206
37,51,21546.403410
37,52,21489.497776
37,53,21042.301579
37,54,20993.337752
37,55,20513.787207
37,57,19981.503276
37,58,19739.432198
37,63,18592.482306
37,71,17989.354483
37,73,17361.493733
37,75,17018.413603
37,87,16432.762831
37,94,16014.820967
37,95,15995.430665
37,97,15901.857534
37,100,15766.024581
38,47,23950.456584
38,50,21959.035780
38,51,21546.403410
38,52,21489.497776
38,53,21042.301579
38,54,20993.337752
38,55,20513.787207
38,57,19981.503276
38,58,19739.432198
38,63,18592.482306
38,71,17989.354483
38,73,17361.493733
38,75,17018.413603
38,85,16877.801862
38,86,16817.791612
38,87,16432.762831
38,94,16014.820967
38,95,15995.430665
38,97,15901.857534
38,100,15766.024581
39,47,23950.456584
39,50,21959.035780
39,51,21546.403410
39,52,20946.566548
39,55,20513.787207
39,57,19981.503276
39,58,19739.432198
39,61,18989.752217
39,63,18592.482306
39,70,17342.624153
39,75,17009.866316
39,83,16798.963581
39,86,16642.765281
39,87,16386.138164
39,94,15972.866042
39,97,15901.575145
39,100,15700.155411
40,47,23950.456584
40,50,21959.035780
40,51,21546.403410
40,52,20946.566548
40,53,20218.671043
40,57,19981.503276
40,58,19739.432198
40,61,18989.752217
40,63,18592.482306
40,69,18470.497507
40,70,17342.624153
40,75,17009.866316
40,83,16798.963581
40,86,16642.765281
40,87,16386.138164
40,94,15972.866042
40,97,15901.575145
40,100,15700.155411
40,104,15655.693430
40,113,15577.998803
41,47,23950.456584
41,49,22830.720412
41,50,21959.035780
41,51,20985.554471
41,52,20946.566548
41,53,20218.671043
41,57,19981.503276
41,58,19739.432198
41,60,19588.803467
41,61,18989.752217
41,63,18592.482306
41,69,17283.933899
41,75,17009.866316
41,82,16635.694897
41,85,16588.846490
41,86,16285.390402
41,94,15943.767868
41,96,15819.120224
41,98,15591.091773
41,112,15503.231055
42,47,23950.456584
42,49,22830.720412
42,50,21747.130925
42,51,20985.554471
42,52,20946.566548
42,53,20218.671043
42,57,19981.503276
42,58,19739.432198
42,60,19588.803467
42,61,18989.752217
42,63,18592.482306
42,67,18364.463351
42,69,17283.933899
42,75,17009.866316
42,80,16734.207332
42,82,16635.694897
42,85,16588.846490
42,86,16285.390402
42,94,15943.767868
42,96,15819.120224
42,98,15591.091773
42,112,15503.231055
43,47,23950.456584
43,49,22830.720412
43,50,21747.130925
43,51,20985.554471
43,52,20625.873881
43,53,20218.671043
43,56,20189.128197
43,57,19981.503276
43,58,19739.432198
43,60,19588.803467
43,61,18989.752217
43,63,18592.482306
43,66,18525.355417
43,67,18364.463351
43,69,17283.933899
43,75,17009.866316
43,80,16724.612621
43,81,16566.096955
43,86,16269.435094
43,94,15931.247708
43,95,15774.162610
43,98,15562.950972
43,109,15482.755165
43,111,15402.063942
44,47,23950.456584
44,49,22830.720412
44,50,21747.130925
44,51,20556.842284
44,53,20218.671043
44,54,19809.684155
44,57,19704.154725
44,59,19692.744098
44,60,19212.294839
44,61,18989.752217
44,63,18592.482306
44,66,18525.355417
44,67,18364.463351
44,69,17283.933899
44,75,17009.866316
44,80,16724.612621
44,81,16566.096955
44,86,16269.435094
44,92,15812.067578
44,95,15774.162610
44,98,15562.950972
44,109,15482.755165
44,111,15402.063942
45,47,23950.456584
45,49,22830.720412
45,50,21747.130925
45,51,20556.842284
45,53,20218.671043
45,54,19809.684155
45,57,19704.154725
45,59,19692.744098
45,60,18939.069064
45,62,18698.096612
45,63,18592.482306
45,66,18525.355417
45,67,18364.463351
45,69,17283.933899
45,75,17009.866316
45,79,16778.890088
45,80,16434.355788
45,86,16269.435094
45,90,15757.561072
45,94,15623.604681
45,97,15496.693807
45,106,15404.431814
45,107,15219.471316
46,47,23950.456584
46,49,22830.720412
46,50,20929.848587
46,51,20556.842284
46,52,20424.800417
46,53,19987.531869
46,54,19809.684155
46,57,19704.154725
46,59,19692.744098
46,60,18939.069064
46,62,18698.096612
46,63,18592.482306
46,66,18525.355417
46,67,18364.463351
46,69,17283.933899
46,75,17009.866316
46,79,16778.890088
46,80,16434.355788
46,85,16419.882798
46,86,16269.435094
46,90,15757.561072
46,94,15623.604681
46,97,15496.693807
46,106,15404.431814
46,107,15219.471316
47,47,23950.456584
47,49,21308.876222
47,50,20929.848587
47,51,20556.842284
47,52,20424.800417
47,53,19987.531869
47,54,19809.684155
47,57,19704.154725
47,58,19658.522735
47,60,18939.069064
47,62,18698.096612
47,63,18592.482306
47,64,18531.637308
47,66,18525.355417
47,67,18311.854134
47,69,17283.933899
47,75,17009.866316
47,77,16608.011650
47,80,16384.901902
47,85,16295.944565
47,86,16269.435094
47,88,15655.518285
47,93,15511.235426
47,97,15473.407264
47,103,15288.430966
47,106,15183.620956
48,47,23950.456584
48,49,21308.876222
48,50,20929.848587
48,51,20214.427166
48,53,19987.531869
48,54,19809.684155
48,57,19704.154725
48,58,19658.522735
48,60,18939.055593
48,62,18698.096612
48,63,18592.482306
48,64,18531.637308
48,65,18496.299446
48,67,18311.854134
48,69,17283.933899
48,75,17009.866316
48,77,16608.011650
48,80,16384.901902
48,85,16295.944565
48,86,16269.435094
48,88,15655.518285
48,93,15511.235426
48,97,15473.407264
48,103,15288.430966
48,106,15183.620956
49,47,23950.456584
49,49,21268.481606
49,50,20929.848587
49,51,20214.427166
49,53,19987.531869
49,54,19809.684155
49,57,19672.608816
49,58,19658.522735
49,60,18939.055593
49,62,18698.096612
49,63,18592.482306
49,64,18531.637308
49,65,18496.299446
49,67,18311.854134
49,69,17283.933899
49,75,17009.866316
49,77,16558.948128
49,80,16238.804996
49,86,16230.074045
49,87,15622.496219
49,91,15340.681253
49,103,15288.430966
49,105,15109.092296
50,47,23950.456584
50,48,21884.374440
50,49,21268.481606
50,50,20929.848587
50,51,20214.427166
50,53,19987.531869
50,54,19809.684155
50,57,19360.010252
50,60,18939.055593
50,62,18698.096612
50,63,18592.482306
50,64,18531.637308
50,65,18496.299446
50,67,18311.854134
50,69,17283.933899
50,75,17009.866316
50,77,16558.948128
50,80,16238.804996
50,86,16230.074045
50,87,15622.496219
50,91,15340.681253
50,103,15288.430966
50,105,15109.092296
51,46,22261.698657
51,48,21769.065002
51,49,21268.481606
51,50,20929.848587
51,51,20214.427166
51,53,19987.531869
51,54,19809.684155
51,57,19360.010252
51,60,18939.055593
51,62,18698.096612
51,63,18592.482306
51,64,18531.637308
51,65,17939.652567
51,67,17405.230305
51,69,17215.716577
51,75,17009.866316
51,77,16546.564334
51,80,16218.517069
51,85,16154.295404
51,87,15622.496219
51,90,15288.217424
51,103,15264.245964
51,105,15094.528181
52,46,22261.698657
52,48,21769.065002
52,49,21268.481606
52,50,20929.848587
52,51,19966.878942
52,54,19809.684155
52,55,19576.863924
52,56,19514.741538
52,57,19360.010252
52,58,18786.107952
52,62,18698.096612
52,63,18592.482306
52,64,18531.637308
52,65,17939.652567
52,67,17405.230305
52,69,17215.716577
52,75,17009.866316
52,77,16546.564334
52,80,16218.517069
52,85,16154.295404
52,87,15622.496219
52,90,15288.217424
52,103,15264.245964
52,105,15094.528181
53,46,22261.698657
53,48,21769.065002
53,49,21268.481606
53,50,20929.848587
53,51,19966.878942
53,54,19809.684155
53,55,19576.863924
53,56,19514.741538
53,57,18911.407943
53,58,18786.107952
53,62,18438.896263
53,65,17364.610840
53,69,17215.716577
53,74,16969.260600
53,76,16503.339928
53,80,16203.251429
53,84,16107.365476
53,87,15550.801386
53,90,15288.217424
53,102,15218.429450
53,105,15034.709697
54,46,22261.698657
54,48,21769.065002
54,49,21268.481606
54,50,20929.848587
54,51,19966.878942
54,54,19809.684155
54,55,19576.863924
54,56,19514.741538
54,57,18911.407943
54,58,18786.107952
54,62,18438.896263
54,65,17364.610840
54,69,17215.716577
54,74,16969.260600
54,76,16503.339928
54,80,16203.251429
54,84,16107.365476
54,87,15550.801386
54,90,15288.217424
54,101,15230.015495
54,102,15218.429450
54,105,15034.709697
55,46,22261.698657
55,48,21769.065002
55,49,21244.938086
55,50,20526.647532
55,51,19959.805575
55,53,19663.851222
55,55,19576.863924
55,56,19273.922164
55,57,18911.407943
55,58,18786.107952
55,59,18512.460594
55,62,18438.896263
55,65,17364.610840
55,69,17215.716577
55,73,16914.421530
55,76,16503.339928
55,80,16162.119044
55,83,16046.279664
55,86,15509.134839
55,90,15288.217424
55,99,15120.905265
55,101,15106.228841
55,105,14979.834111
56,46,22261.698657
56,47,21325.107384
56,49,21244.938086
56,50,20526.647532
56,51,19959.805575
56,53,19663.851222
56,55,19108.401935
56,56,18933.040307
56,57,18911.407943
56,58,18786.107952
56,59,18512.460594
56,62,18004.191559
56,65,17364.610840
56,69,17215.716577
56,73,16914.421530
56,76,16503.339928
56,80,16162.119044
56,83,16046.279664
56,86,15509.134839
56,90,15288.217424
56,99,15120.905265
56,101,15106.228841
56,105,14979.834111
57,46,22261.698657
57,47,21325.107384
57,49,21090.818175
57,50,20526.647532
57,51,19959.805575
57,53,19663.851222
57,55,19108.401935
57,56,18933.040307
57,57,18911.407943
57,58,18786.107952
57,59,18512.460594
57,60,18468.423495
57,62,18004.191559
57,65,17364.610840
57,69,17138.961510
57,73,16880.495150
57,76,16351.743818
57,80,15938.532960
57,85,15459.082326
57,89,15282.958985
57,99,15015.381225
57,104,14925.695992
58,46,22261.698657
58,47,21325.107384
58,49,21090.818175
58,50,20526.647532
58,51,19768.834185
58,53,19663.851222
58,55,19103.749985
58,56,18933.040307
58,57,18911.407943
58,58,18478.746115
58,60,18039.573479
58,62,18004.191559
58,65,17364.610840
58,69,17138.961510
58,73,16880.495150
58,76,16351.743818
58,80,15938.532960
58,85,15459.082326
58,89,15282.958985
58,99,15015.381225
58,104,14925.695992
59,46,22261.698657
59,47,21325.107384
59,49,21090.818175
59,50,20367.840813
59,51,19768.834185
59,53,19663.851222
59,55,19103.749985
59,56,18259.835651
59,60,18039.573479
59,61,17958.796941
59,64,17255.946406
59,69,17107.163204
59,73,16833.893374
59,76,16348.957342
59,80,15855.378336
59,85,15444.724468
59,89,15218.710648
59,99,14986.563771
59,104,14925.695992
60,46,22261.698657
60,47,21325.107384
60,49,21090.818175
60,50,20367.840813
60,51,19768.834185
60,53,19663.851222
60,55,19103.749985
60,56,18259.835651
60,60,18039.573479
60,61,17958.796941
60,64,17255.946406
60,69,17107.163204
60,73,16833.893374
60,76,16348.957342
60,80,15855.378336
60,85,15444.724468
60,89,15218.710648
60,90,15165.555861
60,99,14986.563771
60,104,14925.695992
61,46,22261.698657
61,47,21325.107384
61,48,20912.693935
61,50,20367.840813
61,51,19768.834185
61,53,19663.851222
61,55,19103.749985
61,56,18259.835651
61,60,17491.868254
61,63,17159.021728
61,65,16344.872316
61,75,16332.600539
61,80,15839.334768
61,85,15391.557626
61,89,15153.202083
61,95,14750.272700
62,46,22261.698657
62,47,21325.107384
62,48,20912.693935
62,50,20338.863008
62,51,19768.834185
62,53,19663.851222
62,55,19103.749985
62,56,18259.835651
62,60,17491.868254
62,63,17159.021728
62,65,16344.872316
62,75,16332.600539
62,76,15609.354468
62,85,15391.557626
62,89,15153.202083
62,95,14750.272700
63,46,22261.698657
63,47,21325.107384
63,48,20912.693935
63,49,20858.879292
63,50,20202.214776
63,51,19768.834185
63,53,19663.851222
63,54,17907.206008
63,59,17365.446417
63,62,17124.663713
63,64,16265.541386
63,76,15602.914884
63,85,15345.927532
63,89,15153.202083
63,90,15101.978001
63,95,14723.607416
64,46,22261.698657
64,47,21325.107384
64,48,20912.693935
64,49,20858.879292
64,50,20202.214776
64,51,19768.834185
64,53,19663.851222
64,54,17907.206008
64,59,17365.446417
64,62,17124.663713
64,64,16265.541386
64,76,15602.914884
64,85,15345.927532
64,89,15153.202083
64,90,15101.978001
64,95,14723.607416
65,46,22261.698657
65,47,21325.107384
65,48,20912.693935
65,49,20858.879292
65,50,20202.214776
65,51,19768.834185
65,53,17856.821343
65,59,17365.446417
65,61,17028.990455
65,63,16192.288354
65,76,15601.399540
65,80,15467.813546
65,85,15342.751737
65,89,15144.126806
65,90,15061.874328
65,95,14666.276468
66,46,22261.698657
66,47,21325.107384
66,48,20912.693935
66,49,20858.879292
66,50,20202.214776
66,51,19768.834185
66,53,17856.821343
66,59,17365.446417
66,61,17028.990455
66,63,16192.288354
66,76,15601.399540
66,80,15467.813546
66,85,15342.751737
66,89,15144.126806
66,90,15061.874328
66,95,14666.276468
67,46,22261.698657
67,47,21325.107384
67,48,20912.693935
67,49,20858.879292
67,50,20202.214776
67,51,19768.834185
67,53,17810.525029
67,59,17242.735874
67,60,16972.174665
67,63,16133.140698
67,76,15517.229643
67,79,15429.686172
67,85,15342.751737
67,87,15020.334246
67,95,14545.553998
68,46,22261.698657
68,47,21325.107384
68,48,20912.693935
68,49,20858.879292
68,50,20202.214776
68,51,19768.834185
68,53,17810.525029
68,58,17019.771028
68,60,16972.174665
68,63,16133.140698
68,71,15961.772442
68,76,15517.229643
68,77,15402.127233
68,82,15136.299647
68,87,15020.334246
68,95,14545.553998
69,46,22261.698657
69,47,21325.107384
69,48,20912.693935
69,49,20858.879292
69,50,20202.214776
69,51,19768.834185
69,52,19748.133944
69,53,17810.525029
69,58,17019.771028
69,60,16914.606744
69,63,15966.574022
69,71,15868.151159
69,75,15484.529487
69,77,15336.544166
69,81,15035.592089
69,87,15003.860409
69,89,14883.842129
69,94,14521.468596
70,46,22261.698657
70,47,21325.107384
70,48,20912.693935
70,49,20858.879292
70,50,20202.214776
70,51,19768.834185
70,52,18901.228459
70,53,17810.525029
70,58,17019.771028
70,60,16914.606744
70,63,15966.574022
70,71,15868.151159
70,75,15484.529487
70,77,15336.544166
70,81,15035.592089
70,87,15003.860409
70,89,14883.842129
70,94,14521.468596
71,46,22261.698657
71,47,21325.107384
71,48,20912.693935
71,49,20858.879292
71,50,20202.214776
71,51,19222.686186
71,52,18760.791397
71,53,17810.525029
71,58,16987.409154
71,60,16841.425903
71,63,15966.574022
71,70,15861.526176
71,74,15392.788317
71,75,15287.216450
71,80,14951.647245
71,89,14851.146577
71,94,14514.733895
72,46,22261.698657
72,47,21325.107384
72,48,20912.693935
72,49,20858.879292
72,50,20202.214776
72,51,19222.686186
72,52,18760.791397
72,53,17810.525029
72,58,16987.409154
72,60,16841.425903
72,63,15966.574022
72,70,15861.526176
72,72,15844.020431
72,74,15392.788317
72,75,15287.216450
72,80,14951.647245
72,89,14851.146577
72,94,14514.733895
73,46,22261.698657
73,47,21325.107384
73,48,20912.693935
73,49,20858.879292
73,50,20202.214776
73,51,19222.686186
73,52,18760.791397
73,53,17810.525029
73,58,16975.969300
73,60,16740.102434
73,63,15935.570404
73,70,15861.526176
73,72,15766.533601
73,74,15366.012296
73,75,15228.594700
73,79,14916.294077
73,88,14839.803140
73,94,14466.531345
74,46,22261.698657
74,47,21325.107384
74,48,20912.693935
74,49,20858.879292
74,50,20202.214776
74,51,19222.686186
74,52,18760.791397
74,53,17810.525029
74,58,16975.969300
74,60,16740.102434
74,63,15935.570404
74,70,15861.526176
74,72,15766.533601
74,74,15366.012296
74,75,15228.594700
74,79,14916.294077
74,88,14839.803140
74,94,14448.508290
75,46,22261.698657
75,47,21325.107384
75,48,20912.693935
75,49,20858.879292
75,50,20202.214776
75,51,19222.686186
75,52,18760.791397
75,53,17810.525029
75,58,16943.186974
75,60,16617.515354
75,63,15912.306627
75,70,15676.447114
75,73,15322.388135
75,75,15142.160038
75,79,14898.101907
75,88,14825.164344
75,94,14387.603134
76,46,22261.698657
76,47,21325.107384
76,48,20912.693935
76,49,20858.879292
76,50,20202.214776
76,51,19222.686186
76,52,18760.791397
76,53,17810.525029
76,56,17260.426747
76,58,16943.186974
76,60,16617.515354
76,63,15912.306627
76,70,15676.447114
76,73,15322.388135
76,75,15142.160038
76,79,14898.101907
76,88,14825.164344
76,89,14676.784383
76,94,14387.603134
77,46,22261.698657
77,47,21325.107384
77,48,20912.693935
77,49,19997.402770
77,51,19222.686186
77,52,18760.791397
77,53,17810.525029
77,56,17260.426747
77,58,16871.917956
77,60,16559.984603
77,63,15888.401790
77,70,15645.278730
77,73,15255.054296
77,75,15142.160038
77,79,14898.101907
77,88,14823.509172
77,89,14650.997988
77,92,14323.864803
78,46,22261.698657
78,47,21325.107384
78,48,20912.693935
78,49,19971.609435
78,51,19222.686186
78,52,18514.783801
78,53,17810.525029
78,55,17466.255143
78,56,17260.426747
78,58,16871.917956
78,60,16559.984603
78,63,15888.401790
78,70,15645.278730
78,73,15255.054296
78,75,15142.160038
78,79,14898.101907
78,88,14823.509172
78,89,14650.997988
78,92,14323.864803
79,46,22261.698657
79,47,21325.107384
79,48,20912.693935
79,49,19971.609435
79,51,19222.686186
79,52,18514.783801
79,53,17810.525029
79,55,17466.255143
79,56,17260.426747
79,58,16643.110666
79,59,16517.007240
79,63,15855.203748
79,70,15592.546754
79,73,15142.562356
79,75,15130.158968
79,78,14798.907157
79,89,14649.869512
79,92,14323.864803
80,46,22261.698657
80,47,21325.107384
80,48,20912.693935
80,49,19971.609435
80,51,19087.779010
80,52,18514.783801
80,53,17810.525029
80,55,16894.007040
80,58,16643.110666
80,59,16517.007240
80,63,15855.203748
80,70,15592.546754
80,73,15142.562356
80,75,15130.158968
80,78,14798.907157
80,89,14649.869512
80,92,14323.864803
81,46,22261.698657
81,47,21325.107384
81,48,20912.693935
81,49,19826.709933
81,51,19087.779010
81,52,18514.783801
81,53,17810.525029
81,54,17725.857164
81,55,16485.255631
81,59,16463.267044
81,63,15855.203748
81,69,15508.783066
81,73,15142.562356
81,75,15130.158968
81,78,14798.907157
81,89,14649.869512
81,92,14323.864803
82,46,22261.698657
82,47,21325.107384
82,48,20348.683609
82,49,19826.709933
82,51,19087.779010
82,52,18127.532238
82,53,17810.525029
82,54,17725.857164
82,55,16485.255631
82,59,16463.267044
82,63,15855.203748
82,69,15508.783066
82,73,15142.562356
82,75,15130.158968
82,78,14798.907157
82,85,14752.466940
82,89,14649.869512
82,92,14323.864803
83,46,22261.698657
83,47,21325.107384
83,48,20348.683609
83,49,19826.709933
83,51,19087.779010
83,52,18127.532238
83,53,17810.525029
83,54,17725.857164
83,55,16436.674081
83,59,16360.052500
83,63,15822.715865
83,69,15497.038112
83,73,15142.562356
83,75,15110.031238
83,78,14798.907157
83,81,14698.706061
83,87,14587.611021
83,92,14304.655095
84,46,22114.466899
84,47,21325.107384
84,48,20348.683609
84,49,19826.709933
84,51,19087.779010
84,52,18127.532238
84,53,17810.525029
84,54,17725.857164
84,55,16436.674081
84,59,16360.052500
84,63,15822.715865
84,69,15497.038112
84,73,15142.562356
84,75,15110.031238
84,78,14798.907157
84,81,14698.706061
84,87,14587.611021
84,92,14304.655095
85,46,22114.466899
85,47,21325.107384
85,48,20348.683609
85,49,19826.709933
85,51,19087.779010
85,52,18127.532238
85,53,17810.525029
85,54,17725.857164
85,55,16175.941902
85,63,15822.715865
85,68,15436.616561
85,72,15101.427983
85,75,14996.633475
85,77,14758.705865
85,81,14643.461070
85,87,14587.611021
85,92,14293.139796
86,46,22114.466899
86,47,21325.107384
86,48,20348.683609
86,49,19724.419836
86,51,18036.496964
86,53,17810.525029
86,54,17725.857164
86,55,16175.941902
86,63,15822.715865
86,68,15436.616561
86,72,15101.427983
86,75,14996.633475
86,77,14758.705865
86,80,14732.167856
86,81,14643.461070
86,87,14587.611021
86,92,14293.139796
87,46,21686.026816
87,47,21325.107384
87,48,20348.683609
87,49,19724.419836
87,51,18036.496964
87,53,17810.525029
87,54,17725.857164
87,55,16135.040126
87,62,15702.959581
87,68,15436.616561
87,72,15062.099419
87,75,14968.040128
87,77,14758.705865
87,80,14714.676393
87,81,14610.634641
87,86,14558.531663
87,92,14290.914080
88,46,21686.026816
88,47,21211.046704
88,48,20276.703161
88,49,19563.726672
88,51,18036.496964
88,53,17810.525029
88,54,17725.857164
88,55,16135.040126
88,62,15702.959581
88,68,15436.616561
88,72,15062.099419
88,75,14968.040128
88,77,14758.705865
88,80,14714.676393
88,81,14610.634641
88,86,14558.531663
88,92,14266.718394
89,46,21686.026816
89,47,21211.046704
89,48,19680.388026
89,49,19563.726672
89,50,19535.908092
89,51,18036.496964
89,53,17810.525029
89,54,17725.857164
89,55,16135.040126
89,62,15638.201061
89,64,15114.775938
89,72,15043.611013
89,75,14924.835180
89,76,14663.790617
89,81,14592.626871
89,86,14488.808787
89,91,14254.940611
90,46,21686.026816
90,47,21211.046704
90,48,19680.388026
90,49,19563.726672
90,50,19535.908092
90,51,18036.496964
90,53,17810.525029
90,54,17465.199379
90,55,16135.040126
90,62,15638.201061
90,64,15114.775938
90,72,15043.611013
90,75,14924.835180
90,76,14663.790617
90,81,14592.626871
90,86,14488.808787
90,91,14254.940611
91,46,21686.026816
91,47,20382.237238
91,48,19680.388026
91,49,19563.726672
91,50,19535.908092
91,51,18036.496964
91,53,17810.525029
91,54,17465.199379
91,55,16135.040126
91,62,15007.747062
91,72,14989.703894
91,75,14688.912182
91,76,14624.075751
91,77,14596.824078
91,81,14592.626871
91,84,14403.477929
91,91,14246.373139
92,46,21686.026816
92,47,20382.237238
92,48,19680.388026
92,49,19563.726672
92,50,19535.908092
92,51,18036.496964
92,53,17810.525029
92,54,17465.199379
92,55,16135.040126
92,62,15007.747062
92,72,14989.703894
92,75,14688.912182
92,76,14624.075751
92,77,14596.824078
92,81,14592.626871
92,84,14403.477929
92,91,14246.373139
93,46,21686.026816
93,47,20382.237238
93,48,19680.388026
93,49,19563.726672
93,50,19535.908092
93,51,18036.496964
93,53,17810.525029
93,54,17352.306722
93,55,16135.040126
93,62,14974.620425
93,71,14947.810464
93,75,14688.912182
93,76,14617.177575
93,77,14571.499812
93,80,14547.394544
93,84,14403.477929
93,91,14224.777409
94,46,21686.026816
94,47,20382.237238
94,48,19680.388026
94,49,19520.009254
94,51,18036.496964
94,53,17810.525029
94,54,17352.306722
94,55,16135.040126
94,62,14974.620425
94,71,14947.810464
94,75,14688.912182
94,76,14617.177575
94,77,14571.499812
94,80,14547.394544
94,84,14403.477929
94,91,14224.777409
95,46,21686.026816
95,47,20382.237238
95,48,19680.388026
95,49,19520.009254
95,51,18036.496964
95,53,17810.525029
95,54,17352.306722
95,55,16135.040126
95,62,14885.787004
95,75,14651.660417
95,76,14600.226644
95,77,14567.757065
95,79,14531.977874
95,84,14390.323331
95,90,14149.826503
96,46,21686.026816
96,47,20382.237238
96,48,19680.388026
96,49,19520.009254
96,51,17338.763948
96,55,16135.040126
96,62,14885.787004
96,75,14651.660417
96,76,14600.226644
96,77,14567.757065
96,79,14531.977874
96,82,14518.181908
96,84,14390.323331
96,90,14149.826503
97,46,21686.026816
97,47,20382.237238
97,48,19680.388026
97,49,19520.009254
97,51,17338.763948
97,55,16135.040126
97,62,14832.492618
97,75,14651.660417
97,76,14585.739943
97,77,14556.022589
97,79,14503.954465
97,83,14358.949697
97,90,14127.511197
98,46,21686.026816
98,47,20382.237238
98,48,19680.388026
98,49,19520.009254
98,51,17338.763948
98,55,16135.040126
98,61,15714.781388
98,62,14832.492618
98,75,14651.660417
98,76,14585.739943
98,77,14556.022589
98,79,14340.153716
98,90,14127.511197
99,46,21686.026816
99,47,20382.237238
99,48,19680.388026
99,49,19520.009254
99,50,19009.154532
99,51,17338.763948
99,55,16102.066371
99,56,15820.815717
99,60,14805.331622
99,75,14651.660417
99,76,14579.101735
99,77,14505.387824
99,79,14306.273513
99,90,14106.094004
100,46,21686.026816
100,47,20382.237238
100,48,19680.388026
100,49,19520.009254
100,50,19009.154532
100,51,17338.763948
100,55,16102.066371
100,56,15820.815717
100,60,14805.331622
100,75,14651.660417
100,76,14579.101735
100,77,14411.461436
100,79,14306.273513
100,90,14106.094004
101,46,21686.026816
101,47,20382.237238
101,48,18742.378276
101,51,17284.236025
101,55,15596.265619
101,60,14682.683179
101,74,14315.558656
101,77,14216.172505
101,90,14092.525903
102,46,21686.026816
102,47,20382.237238
102,48,18742.378276
102,51,17284.236025
102,55,15596.265619
102,60,14682.683179
102,74,14315.558656
102,77,14216.172505
102,90,14092.525903
103,46,21686.026816
103,47,20175.159160
103,48,18742.378276
103,51,16992.555635
103,54,15506.275413
103,60,14682.683179
103,74,14299.182124
103,77,14216.172505
103,78,14099.324773
103,90,14086.518822
104,46,21686.026816
104,47,20175.159160
104,48,18742.378276
104,51,16992.555635
104,54,15506.275413
104,60,14682.683179
104,74,14299.182124
104,77,14216.172505
104,78,14099.324773
104,90,14086.518822
105,45,23411.262871
105,46,21686.026816
105,47,20175.159160
105,48,18742.378276
105,51,16992.555635
105,54,15506.275413
105,60,14682.683179
105,74,14299.182124
105,77,14216.172505
105,78,14099.324773
105,90,14086.518822
106,45,23411.262871
106,46,21686.026816
106,47,20175.159160
106,48,18742.378276
106,51,16992.555635
106,54,15506.275413
106,60,14682.683179
106,74,14299.182124
106,77,14216.172505
106,78,14099.324773
106,90,14086.518822
107,45,23411.262871
107,46,21138.509620
107,47,20095.622442
107,48,18742.378276
107,51,16845.125791
107,54,15506.275413
107,60,14679.807545
107,74,14294.335242
107,77,14216.172505
107,78,14098.929332
107,90,14086.518822
108,45,23411.262871
108,46,21138.509620
108,47,20095.622442
108,48,18742.378276
108,51,16845.125791
108,54,15506.275413
108,60,14679.807545
108,74,14294.335242
108,77,14216.172505
108,78,14098.929332
108,90,14086.518822
109,45,23411.262871
109,46,21046.775931
109,47,20061.313657
109,48,18522.331027
109,51,16845.125791
109,54,15506.275413
109,60,14583.080755
109,74,14264.213756
109,77,14214.056071
109,78,14069.377839
109,87,14014.026825
110,45,23411.262871
110,46,21046.775931
110,47,20061.313657
110,48,18522.331027
110,51,16845.125791
110,54,15506.275413
110,60,14583.080755
110,71,14429.001155
110,72,14294.954117
110,74,14264.213756
110,77,14214.056071
110,78,14069.377839
110,87,14014.026825
111,45,23411.262871
111,46,21046.775931
111,47,20061.313657
111,48,18308.125027
111,51,16662.307720
111,54,15478.528418
111,60,14583.080755
111,71,14367.368224
111,72,14289.861444
111,74,14260.237957
111,77,14211.319341
111,78,14069.377839
111,87,14014.026825
112,45,21820.739998
112,46,21046.775931
112,47,20061.313657
112,48,18308.125027
112,51,16662.307720
112,54,15478.528418
112,60,14583.080755
112,68,14307.567288
112,72,14289.861444
112,74,14260.237957
112,77,14180.170758
112,78,14069.377839
112,87,14014.026825
113,45,21820.739998
113,46,20466.541651
113,47,20061.313657
113,48,18160.836533
113,51,16609.181971
113,54,15478.528418
113,60,14580.064388
113,68,14269.399950
113,74,14260.237957
113,77,14180.170758
113,78,14035.397929
113,87,14011.332330
114,45,21820.739998
114,46,20466.541651
114,47,20061.313657
114,48,18160.836533
114,51,16609.181971
114,54,15478.528418
114,55,15299.753142
114,60,14580.064388
114,68,14269.399950
114,74,14260.237957
114,75,14178.028915
114,78,14035.397929
114,87,14011.332330
115,45,20940.626715
115,46,20466.541651
115,47,20061.313657
115,48,17982.309276
115,51,16609.181971
115,54,15468.264643
115,55,15299.753142
115,60,14538.528343
115,67,14233.474703
115,75,14066.439424
115,77,14005.626421
115,86,13984.698866
116,45,20940.626715
116,46,20466.541651
116,47,20061.313657
116,48,17982.309276
116,51,16609.181971
116,52,15942.519127
116,54,15468.264643
116,55,15299.753142
116,60,14538.528343
116,67,14233.474703
116,75,14066.439424
116,77,14005.626421
116,86,13984.698866
117,45,20940.626715
117,46,20466.541651
117,47,20061.313657
117,48,17982.309276
117,51,16609.181971
117,52,15813.176920
117,54,15465.385425
117,55,15299.753142
117,56,15222.374326
117,60,14536.522678
117,66,14205.879215
117,71,14073.562945
117,75,14066.439424
117,77,14004.415269
117,86,13984.698866
118,45,20940.626715
118,46,20466.541651
118,47,20061.313657
118,48,17982.309276
118,51,16609.181971
118,52,15813.176920
118,54,15465.385425
118,55,15299.753142
118,56,15222.374326
118,60,14536.522678
118,66,14205.879215
118,71,14073.562945
118,75,14066.439424
118,77,14004.415269
118,78,13981.159149
119,45,20940.626715
119,46,20466.541651
119,47,20061.313657
119,48,17982.309276
119,50,17565.936254
119,51,16509.718890
119,52,15771.441670
119,54,15465.385425
119,55,15299.753142
119,56,15219.024861
119,60,14536.522678
119,66,14192.692573
119,70,14053.830388
119,77,13962.489990
120,45,20940.626715
120,46,20466.541651
120,47,20061.313657
120,48,17982.309276
120,50,17565.936254
120,51,16509.718890
120,52,15771.441670
120,54,15465.385425
120,55,15299.753142
120,56,15219.024861
120,60,14536.522678
120,66,14192.692573
120,70,14053.830388
120,77,13962.489990
121,45,20796.355597
121,46,20466.541651
121,47,20061.313657
121,48,17982.309276
121,49,17718.500821
121,50,17565.936254
121,51,16509.718890
121,52,15711.910412
121,54,15429.171969
121,55,15299.753142
121,56,15191.730906
121,60,14387.888847
121,66,14165.056132
121,69,14038.867565
121,74,14012.123350
121,77,13937.472958
122,45,20796.355597
122,46,20466.541651
122,47,20061.313657
122,48,17982.309276
122,49,17718.500821
122,50,17565.936254
122,51,16509.718890
122,52,15711.910412
122,54,15429.171969
122,55,15299.753142
122,56,15191.730906
122,60,14387.888847
122,66,14165.056132
122,69,14038.867565
122,74,14012.123350
122,75,13992.715221
122,76,13957.774348
122,77,13937.472958
123,45,20796.355597
123,46,20466.541651
123,47,20061.313657
123,48,17982.309276
123,49,17718.500821
123,50,17565.936254
123,51,16509.718890
123,52,15711.910412
123,54,15429.171969
123,55,15299.753142
123,56,14996.382651
123,60,14387.888847
123,66,14161.575539
123,69,14030.399610
123,73,13985.567102
123,76,13957.774348
123,77,13827.770083
124,45,20796.355597
124,46,20466.541651
124,47,20061.313657
124,48,17982.309276
124,49,17718.500821
124,50,17565.936254
124,51,16509.718890
124,52,15711.910412
124,54,15429.171969
124,55,15299.753142
124,56,14996.382651
124,60,14387.888847
124,64,14335.909881
124,66,14161.575539
124,69,14030.399610
124,73,13985.567102
124,76,13957.774348
124,77,13827.770083
125,45,20796.355597
125,46,20466.541651
125,47,20061.313657
125,48,17982.309276
125,49,17570.234963
125,50,17330.874396
125,51,16509.718890
125,52,15711.910412
125,54,15429.171969
125,55,15299.753142
125,56,14978.195752
125,60,14387.888847
125,64,14333.137465
125,66,14157.013322
125,69,13989.102739
125,73,13982.153812
125,75,13936.982516
125,77,13827.087622
126,45,20796.355597
126,46,20466.541651
126,47,20061.313657
126,48,17982.309276
126,49,17570.234963
126,50,17330.874396
126,51,16509.718890
126,52,15711.910412
126,54,15429.171969
126,55,15299.753142
126,56,14978.195752
126,60,14387.888847
126,64,14333.137465
126,66,14157.013322
126,69,13989.102739
126,73,13982.153812
126,74,13965.250939
126,75,13936.982516
126,77,13827.087622
127,45,20796.355597
127,46,20466.541651
127,47,20061.313657
127,48,17982.309276
127,49,17570.234963
127,50,17330.874396
127,51,16509.718890
127,52,15711.910412
127,54,15429.171969
127,55,15131.162996
127,56,14978.195752
127,60,14387.888847
127,64,14333.137465
127,66,14157.013322
127,69,13957.094436
127,75,13936.470039
127,76,13811.994575
128,45,20796.355597
128,46,20466.541651
128,47,20061.313657
128,48,17982.309276
128,49,17570.234963
128,50,17330.874396
128,51,16509.718890
128,52,15711.910412
128,54,15429.171969
128,55,15131.162996
128,56,14978.195752
128,60,14387.888847
128,64,14333.137465
128,66,14157.013322
128,69,13957.094436
128,75,13936.470039
128,76,13811.994575
129,45,20796.355597
129,46,20466.541651
129,47,19595.795919
129,48,17982.309276
129,49,17150.051674
129,51,16509.718890
129,52,15711.910412
129,54,15429.171969
129,55,15131.162996
129,56,14977.114445
129,60,14387.888847
129,64,14333.137465
129,65,14132.743540
129,69,13957.094436
129,75,13932.690172
129,76,13811.721330
130,45,20796.355597
130,46,20466.541651
130,47,19595.795919
130,48,17459.775289
130,49,17150.051674
130,51,16509.718890
130,52,15711.910412
130,54,15429.171969
130,55,15131.162996
130,56,14977.114445
130,60,14387.888847
130,64,14333.137465
130,65,14132.743540
130,69,13957.094436
130,75,13932.690172
130,76,13811.721330
131,45,20796.355597
131,46,20265.672038
131,47,19595.795919
131,48,17459.775289
131,49,17150.051674
131,50,17032.264997
131,51,16509.718890
131,52,15627.931102
131,54,15041.580751
131,56,14970.066786
131,60,14379.331006
131,64,14333.137465
131,65,14132.743540
131,68,13938.947106
131,73,13917.576094
131,76,13811.721330
132,44,20100.831914
132,47,18615.390738
132,48,17459.775289
132,49,17150.051674
132,50,17032.264997
132,51,16509.718890
132,52,15627.931102
132,54,15041.580751
132,56,14970.066786
132,60,14379.331006
132,64,14272.690450
132,65,14132.743540
132,68,13938.947106
132,71,13892.031254
132,75,13783.970727
133,44,20100.831914
133,46,19392.623545
133,47,18615.390738
133,48,17459.775289
133,49,17150.051674
133,50,17032.264997
133,51,16509.718890
133,52,15519.506862
133,54,15041.580751
133,56,14970.066786
133,60,14376.797598
133,64,14246.457215
133,65,14131.791694
133,68,13938.947106
133,71,13892.031254
133,75,13769.528357
134,44,20100.831914
134,46,19392.623545
134,47,18615.390738
134,48,17395.805353
134,49,17076.078580
134,50,17032.264997
134,51,16509.718890
134,52,15519.506862
134,54,15041.580751
134,56,14970.066786
134,59,14456.602994
134,60,14376.797598
134,64,14246.457215
134,65,14131.791694
134,68,13938.947106
134,71,13892.031254
134,75,13769.528357
135,44,20100.831914
135,46,19392.623545
135,47,18615.390738
135,48,17395.805353
135,49,17076.078580
135,50,17032.264997
135,51,16509.718890
135,52,15463.988258
135,54,15041.580751
135,56,14747.951786
135,59,14404.150770
135,60,14360.058144
135,64,14246.457215
135,65,14126.174640
135,68,13937.626749
135,71,13891.199347
135,75,13769.528357
136,44,20100.831914
136,46,19392.623545
136,47,18615.390738
136,48,17395.805353
136,49,17076.078580
136,50,17032.264997
136,51,16509.718890
136,52,15463.988258
136,54,15041.580751
136,56,14747.951786
136,59,14404.150770
136,60,14360.058144
136,64,14246.457215
136,65,14126.174640
136,66,14047.777883
136,68,13937.626749
136,71,13891.199347
136,75,13769.528357
136,76,13742.636491
137,44,20100.831914
137,46,19392.623545
137,47,18615.390738
137,48,17395.805353
137,49,17076.078580
137,50,17032.264997
137,51,16509.718890
137,52,15463.988258
137,54,15041.580751
137,55,14811.950256
137,56,14747.951786
137,59,14338.835171
137,63,14282.566647
137,64,14246.457215
137,65,14098.821152
137,66,13971.636443
137,68,13896.014775
137,71,13866.910704
137,75,13697.401199
138,44,20100.831914
138,46,19392.623545
138,47,18615.390738
138,48,17395.805353
138,49,17076.078580
138,50,17032.264997
138,51,16509.718890
138,52,15463.988258
138,54,15041.580751
138,55,14811.950256
138,56,14747.951786
138,58,14554.531605
138,59,14338.835171
138,63,14282.566647
138,64,14246.457215
138,65,14098.821152
138,66,13971.636443
138,68,13896.014775
138,71,13866.910704
138,75,13697.401199
139,44,20100.831914
139,45,19938.048975
139,46,19392.623545
139,47,18615.390738
139,48,17395.805353
139,49,17076.078580
139,50,17032.264997
139,51,16509.718890
139,52,15463.988258
139,54,15041.580751
139,55,14811.950256
139,56,14747.951786
139,58,14464.070942
139,59,14332.995892
139,63,14269.703620
139,64,14209.860508
139,65,14085.040428
139,66,13958.086366
139,68,13896.014775
139,69,13831.364779
139,71,13806.010679
139,75,13688.422586
140,44,20100.831914
140,45,19938.048975
140,46,19003.932859
140,47,18615.390738
140,48,17395.805353
140,49,15785.168502
140,52,15463.988258
140,54,15041.580751
140,55,14811.950256
140,56,14747.951786
140,58,14464.070942
140,59,14332.995892
140,63,14269.703620
140,64,14209.860508
140,65,14050.170363
140,66,13958.086366
140,68,13896.014775
140,69,13831.364779
140,71,13806.010679
140,74,13785.831245
140,75,13688.422586
141,44,20100.831914
141,45,18718.368843
141,47,18615.390738
141,48,17395.805353
141,49,15785.168502
141,52,15463.988258
141,54,15041.580751
141,55,14811.950256
141,56,14747.951786
141,58,14464.070942
141,59,14298.688002
141,61,14213.873751
141,64,14163.462318
141,65,14036.847041
141,66,13958.086366
141,68,13894.467523
141,69,13831.364779
141,71,13765.714346
141,73,13742.348605
141,75,13688.422586
142,44,20100.831914
142,45,18718.368843
142,46,17965.940076
142,48,17395.805353
142,49,15785.168502
142,52,15463.988258
142,54,15041.580751
142,55,14811.950256
142,56,14615.462509
142,58,14464.070942
142,59,14298.688002
142,60,14275.667161
142,61,14213.873751
142,64,14163.462318
142,65,14036.847041
142,66,13958.086366
142,68,13894.467523
142,69,13831.364779
142,71,13765.714346
142,73,13742.348605
142,75,13688.422586
143,44,20100.831914
143,45,18718.368843
143,46,17965.940076
143,48,17395.805353
143,49,15785.168502
143,52,15463.988258
143,54,15041.580751
143,55,14811.950256
143,56,14615.462509
143,58,14464.070942
143,59,14258.306658
143,61,14211.788669
143,64,14157.543763
143,65,14033.868869
143,66,13958.086366
143,68,13889.684949
143,69,13814.549526
143,71,13762.930269
143,73,13742.348605
143,75,13671.988300
144,44,20100.831914
144,45,18233.751799
144,46,17965.940076
144,47,17237.215124
144,49,15785.168502
144,52,15463.988258
144,54,15041.580751
144,55,14811.950256
144,56,14615.462509
144,58,14464.070942
144,59,14258.306658
144,61,14211.788669
144,64,14157.543763
144,65,14033.868869
144,66,13958.086366
144,68,13889.684949
144,69,13814.549526
144,71,13762.930269
144,73,13742.348605
144,75,13671.988300
145,44,20074.494771
145,45,18233.751799
145,46,17965.940076
145,47,17237.215124
145,49,15785.168502
145,52,15463.988258
145,54,15041.580751
145,55,14811.950256
145,56,14615.462509
145,58,14464.070942
145,59,14202.584878
145,63,14134.967702
145,65,13942.023070
145,68,13889.684949
145,69,13792.999946
145,71,13757.523033
145,73,13742.348605
145,75,13671.988300
146,44,20074.494771
146,45,18233.751799
146,46,17568.253863
146,47,17173.504150
146,49,15785.168502
146,52,15463.988258
146,54,15041.580751
146,55,14811.950256
146,56,14615.462509
146,58,14464.070942
146,59,14202.584878
146,63,14134.967702
146,65,13942.023070
146,68,13889.684949
146,69,13792.999946
146,71,13757.523033
146,73,13742.348605
146,75,13671.988300
147,44,20074.494771
147,45,18233.751799
147,46,17556.116143
147,47,17173.504150
147,49,15785.168502
147,52,15463.988258
147,54,15041.580751
147,55,14811.950256
147,56,14572.906563
147,57,14457.695448
147,59,14202.584878
147,63,14134.967702
147,65,13879.640358
147,68,13835.807076
147,69,13792.829938
147,70,13715.798985
147,75,13671.988300
148,44,20074.494771
148,45,18233.751799
148,46,17556.116143
148,47,17173.504150
148,49,15785.168502
148,52,15463.988258
148,53,15387.524297
148,54,15041.580751
148,55,14811.950256
148,56,14572.906563
148,57,14457.695448
148,59,14202.584878
148,63,14134.967702
148,65,13879.640358
148,68,13835.807076
148,69,13792.829938
148,70,13715.798985
148,75,13671.988300
149,44,19966.381184
149,45,18233.751799
149,46,17556.116143
149,47,17173.504150
149,48,17006.663696
149,49,15785.168502
149,52,15463.988258
149,53,15387.524297
149,54,15041.580751
149,55,14738.195906
149,56,14572.906563
149,57,14457.695448
149,59,14184.695570
149,62,14065.722668
149,65,13879.640358
149,68,13835.807076
149,69,13753.622026
149,70,13715.798985
149,75,13671.988300
150,43,18720.898090
150,45,18233.751799
150,46,17556.116143
150,47,17173.504150
150,48,17006.663696
150,49,15785.168502
150,52,15463.988258
150,53,15387.524297
150,54,15041.580751
150,55,14738.195906
150,56,14568.511199
150,57,14457.695448
150,59,14184.695570
150,62,14065.722668
150,65,13879.640358
150,68,13835.807076
150,69,13753.622026
150,70,13715.798985
150,75,13671.988300
151,43,18720.898090
151,45,18196.639332
151,46,17556.116143
151,47,17173.504150
151,48,17006.663696
151,49,15785.168502
151,52,15463.988258
151,53,15387.524297
151,54,15041.580751
151,55,14738.195906
151,56,14525.166129
151,57,14419.830306
151,58,14379.581508
151,59,14184.695570
151,62,14032.561644
151,65,13876.920349
151,68,13835.637068
151,69,13749.283898
151,70,13715.798985
151,75,13670.648332
152,43,18720.898090
152,45,18196.639332
152,46,17556.116143
152,47,17173.504150
152,48,17006.663696
152,49,15785.168502
152,52,15463.988258
152,53,15387.524297
152,54,15041.580751
152,55,14738.195906
152,56,14525.166129
152,57,14419.830306
152,58,14379.581508
152,59,14184.695570
152,62,14032.561644
152,65,13876.920349
152,68,13835.637068
152,69,13749.283898
152,70,13715.798985
152,75,13670.648332
153,43,18720.898090
153,45,18196.639332
153,46,17556.116143
153,47,17173.504150
153,48,17006.663696
153,49,15785.168502
153,52,15463.988258
153,53,15387.524297
153,54,15041.580751
153,55,14710.746172
153,56,14525.166129
153,57,14407.965367
153,58,14354.608167
153,59,14179.602896
153,62,14025.354729
153,65,13868.882064
153,68,13835.637068
153,69,13743.168475
153,70,13715.798985
153,75,13670.648332
154,43,18720.898090
154,44,18173.547777
154,46,17556.116143
154,47,17173.504150
154,48,17006.663696
154,49,15785.168502
154,52,15463.988258
154,53,15387.524297
154,54,15041.580751
154,55,14710.746172
154,56,14525.166129
154,57,14407.965367
154,58,14354.608167
154,59,14179.602896
154,62,14025.354729
154,65,13868.882064
154,68,13835.637068
154,69,13743.168475
154,70,13715.798985
154,75,13670.648332
155,43,18720.898090
155,44,18173.547777
155,46,17556.116143
155,47,17173.504150
155,48,17006.663696
155,49,15785.168502
155,52,15463.988258
155,53,15387.524297
155,54,15041.580751
155,55,14710.746172
155,56,14519.684483
155,57,14380.823241
155,58,14354.608167
155,59,14179.602896
155,62,14009.487891
155,65,13866.379975
155,68,13809.847465
155,69,13738.741352
155,70,13674.893338
155,75,13668.918447
156,43,18136.792901
156,45,17910.431066
156,46,17556.116143
156,47,17173.504150
156,48,17006.663696
156,49,15785.168502
156,52,15463.988258
156,53,15387.524297
156,54,15041.580751
156,55,14710.746172
156,56,14519.684483
156,57,14380.823241
156,58,14354.608167
156,59,14179.602896
156,62,14009.487891
156,65,13866.379975
156,68,13809.847465
156,69,13738.741352
156,70,13674.893338
156,75,13668.918447
157,43,18136.792901
157,45,17910.431066
157,46,17556.116143
157,47,17173.504150
157,48,17006.663696
157,49,15785.168502
157,52,15463.988258
157,53,15387.524297
157,54,15041.580751
157,55,14710.746172
157,56,14519.684483
157,57,14356.372647
157,58,14151.362757
157,61,13989.828990
157,64,13795.274867
157,69,13714.657891
157,70,13674.893338
157,75,13668.918447
158,42,19944.798820
158,43,18136.792901
158,44,17885.320451
158,46,17556.116143
158,47,17173.504150
158,48,17006.663696
158,49,15785.168502
158,51,15779.477117
158,52,15463.988258
158,53,15387.524297
158,54,15041.580751
158,55,14710.746172
158,56,14519.684483
158,57,14356.372647
158,58,14151.362757
158,61,13989.828990
158,64,13795.274867
158,69,13714.657891
158,70,13674.893338
158,75,13668.918447
159,41,20644.441034
159,42,19944.798820
159,43,18136.792901
159,44,17885.320451
159,46,17556.116143
159,47,17173.504150
159,48,15870.160068
159,49,15785.168502
159,51,15779.477117
159,52,15162.469329
159,54,15041.580751
159,55,14704.888682
159,56,14519.684483
159,57,14356.372647
159,58,14043.518405
159,60,13928.959677
159,64,13783.748206
159,69,13658.807930
159,74,13654.853572
160,41,20644.441034
160,42,19944.798820
160,43,18136.792901
160,44,17885.320451
160,46,17556.116143
160,47,17173.504150
160,48,15870.160068
160,49,15785.168502
160,51,15779.477117
160,52,15162.469329
160,54,15041.580751
160,55,14704.888682
160,56,14519.684483
160,57,14356.372647
160,58,14008.347416
160,60,13928.959677
160,64,13783.748206
160,69,13658.807930
160,74,13654.853572
161,41,20644.441034
161,42,19621.316273
161,43,18136.792901
161,44,17885.320451
161,46,17556.116143
161,47,17173.504150
161,48,15870.160068
161,49,15785.168502
161,51,15779.477117
161,52,15162.469329
161,54,15036.610188
161,55,14704.888682
161,56,14519.684483
161,57,14356.372647
161,58,14006.723907
161,60,13902.358001
161,64,13781.954230
161,69,13658.807930
161,73,13631.314085
162,41,20644.441034
162,42,19621.316273
162,43,18136.792901
162,44,17885.320451
162,46,17556.116143
162,47,17173.504150
162,48,15870.160068
162,49,15785.168502
162,51,15779.477117
162,52,15162.469329
162,54,15036.610188
162,55,14704.888682
162,56,14519.684483
162,57,14356.372647
162,58,14006.723907
162,60,13902.358001
162,64,13781.954230
162,68,13660.930743
162,69,13658.807930
162,73,13631.314085
163,41,20644.441034
163,42,19621.316273
163,43,18136.792901
163,44,17885.320451
163,46,17556.116143
163,47,17173.504150
163,48,15870.160068
163,49,15785.168502
163,51,15274.437448
163,52,15162.469329
163,54,15036.610188
163,55,14663.269690
163,56,14514.900733
163,57,14335.322849
163,58,14006.723907
163,60,13883.811729
163,64,13751.725099
163,68,13660.930743
163,69,13646.610227
163,73,13626.883311
164,41,20644.441034
164,42,19621.316273
164,43,18136.792901
164,44,17885.320451
164,46,17556.116143
164,47,17173.504150
164,48,15870.160068
164,49,15785.168502
164,51,15274.437448
164,52,15162.469329
164,54,15036.610188
164,55,14663.269690
164,56,14514.900733
164,57,14335.322849
164,58,14006.723907
164,60,13883.811729
164,64,13751.725099
164,68,13660.930743
164,69,13646.610227
164,73,13626.883311
165,41,20644.441034
165,42,19621.316273
165,43,18136.792901
165,44,17885.320451
165,46,17556.116143
165,47,17173.504150
165,48,15870.160068
165,49,15785.168502
165,51,15274.437448
165,52,15162.469329
165,54,15036.610188
165,55,14658.563072
165,56,14514.900733
165,57,14334.898562
165,58,14006.723907
165,60,13883.811729
165,64,13751.725099
165,68,13652.831481
165,69,13590.315809
166,41,20644.441034
166,42,19621.316273
166,43,18136.792901
166,44,17847.367790
166,45,17633.052310
166,46,17556.116143
166,47,17173.504150
166,48,15870.160068
166,49,15785.168502
166,51,15274.437448
166,52,15162.469329
166,54,14948.548407
166,55,14658.563072
166,56,14514.900733
166,57,14334.898562
166,58,14006.723907
166,60,13883.811729
166,64,13751.725099
166,67,13670.804197
166,68,13652.831481
166,69,13590.315809
167,41,20644.441034
167,42,19621.316273
167,43,18136.792901
167,44,17636.992797
167,45,17448.471409
167,47,17143.347963
167,48,15870.160068
167,49,15785.168502
167,51,15274.437448
167,52,15162.469329
167,53,14906.684853
167,55,14658.563072
167,56,14495.220808
167,57,14334.898562
167,58,13984.257135
167,60,13867.549913
167,64,13751.725099
167,67,13670.804197
167,68,13652.831481
167,69,13565.799494
168,41,20644.441034
168,42,19621.316273
168,43,18136.792901
168,44,17636.992797
168,45,17422.677317
168,47,17143.347963
168,48,15870.160068
168,49,15785.168502
168,51,15274.437448
168,52,15162.469329
168,53,14906.684853
168,55,14658.563072
168,56,14495.220808
168,57,14334.898562
168,58,13984.257135
168,60,13867.549913
168,64,13751.725099
168,67,13670.804197
168,68,13652.831481
168,69,13565.799494
169,41,20644.441034
169,42,19621.316273
169,43,18136.792901
169,44,17491.159427
169,45,17422.677317
169,47,17143.347963
169,48,15870.160068
169,49,15785.168502
169,51,15274.437448
169,52,15162.469329
169,53,14906.684853
169,55,14653.403267
169,56,14442.972402
169,57,14320.073941
169,58,13975.508975
169,60,13867.549913
169,64,13722.173607
169,66,13567.696755
169,69,13565.091993
170,41,20644.441034
170,42,19621.316273
170,43,18136.792901
170,44,17491.159427
170,45,17422.677317
170,47,17143.347963
170,48,15870.160068
170,49,15785.168502
170,51,15274.437448
170,52,15162.469329
170,53,14906.684853
170,55,14653.403267
170,56,14442.972402
170,57,14320.073941
170,58,13975.508975
170,60,13867.549913
170,64,13722.173607
170,66,13567.696755
170,69,13565.091993
171,41,20041.700141
171,42,19621.316273
171,43,18136.792901
171,44,17491.159427
171,45,17422.677317
171,46,17180.859128
171,47,17143.347963
171,48,15870.160068
171,49,15785.168502
171,51,15274.437448
171,52,15118.909112
171,53,14906.684853
171,55,14653.403267
171,56,14442.972402
171,57,14320.073941
171,58,13945.957483
171,60,13850.953772
171,64,13721.749319
171,66,13567.696755
171,69,13565.091993
172,41,20041.700141
172,42,19621.316273
172,43,18136.792901
172,44,17491.159427
172,45,17422.677317
172,46,17180.859128
172,47,17023.802125
172,48,15870.160068
172,49,15785.168502
172,51,15274.437448
172,52,15118.909112
172,53,14906.684853
172,55,14653.403267
172,56,14442.972402
172,57,14320.073941
172,58,13945.957483
172,60,13850.953772
172,62,13785.712086
172,64,13721.749319
172,66,13567.696755
172,69,13565.091993
173,41,20041.700141
173,42,19621.316273
173,43,18136.792901
173,44,17491.159427
173,45,17422.677317
173,46,17180.859128
173,47,17023.802125
173,48,15870.160068
173,49,15785.168502
173,51,15274.437448
173,52,15118.909112
173,53,14766.272084
173,55,14616.584864
173,56,14436.696069
173,57,14298.632315
173,58,13936.220367
173,60,13850.953772
173,62,13778.822559
173,64,13720.159695
173,66,13567.696755
173,69,13565.056037
174,41,20041.700141
174,42,19621.316273
174,43,18136.792901
174,44,17491.159427
174,45,17422.677317
174,46,17180.859128
174,47,17023.802125
174,48,15870.160068
174,49,15785.168502
174,51,15274.437448
174,52,15118.909112
174,53,14766.272084
174,55,14616.584864
174,56,14436.696069
174,57,14298.632315
174,58,13936.220367
174,60,13850.953772
174,62,13778.822559
174,64,13720.159695
174,66,13567.696755
174,69,13565.056037
175,41,20041.700141
175,42,19621.316273
175,43,18136.792901
175,44,17491.159427
175,45,17422.677317
175,46,17089.939288
175,47,17023.802125
175,48,15870.160068
175,49,15785.168502
175,51,15274.437448
175,52,15118.909112
175,53,14762.014400
175,55,14616.584864
175,56,14436.696069
175,57,14276.147529
175,58,13932.926121
175,60,13847.218868
175,61,13728.248256
175,64,13720.159695
175,66,13544.274716
175,67,13526.609062
176,41,20041.700141
176,42,19621.316273
176,43,18136.792901
176,44,17491.159427
176,45,17422.677317
176,46,17089.939288
176,47,16983.819125
176,48,15870.160068
176,49,15785.168502
176,51,15274.437448
176,52,15118.909112
176,53,14762.014400
176,55,14616.584864
176,56,14436.696069
176,57,14276.147529
176,58,13932.926121
176,60,13847.218868
176,61,13728.248256
176,63,13649.947719
176,66,13544.274716
176,67,13526.609062
177,41,20041.700141
177,42,19621.316273
177,43,18136.792901
177,44,17491.159427
177,45,17422.677317
177,46,17089.939288
177,47,16983.819125
177,48,15870.160068
177,49,15785.168502
177,51,15274.437448
177,52,15118.909112
177,53,14762.014400
177,55,14611.147811
177,56,14436.696069
177,57,14276.147529
177,58,13927.765335
177,60,13847.218868
177,61,13722.212846
177,63,13649.906325
177,66,13521.506334
177,67,13512.381840
177,68,13496.704368
178,41,20041.700141
178,42,19621.316273
178,43,17575.159989
178,44,17491.159427
178,45,17422.677317
178,46,17089.939288
178,47,16983.819125
178,48,15870.160068
178,49,15785.168502
178,51,15274.437448
178,52,15118.909112
178,53,14762.014400
178,55,14611.147811
178,56,14436.696069
178,57,14276.147529
178,58,13927.765335
178,60,13847.218868
178,61,13722.212846
178,63,13649.906325
178,66,13521.506334
178,67,13512.381840
178,68,13496.704368
179,41,20041.700141
179,42,19621.316273
179,43,17575.159989
179,44,17491.159427
179,45,17422.677317
179,46,17089.939288
179,47,16983.819125
179,48,15870.160068
179,49,15785.168502
179,51,15274.437448
179,52,15118.909112
179,53,14762.014400
179,55,14608.815092
179,56,14436.696069
179,57,14276.147529
179,58,13894.682661
179,60,13837.162696
179,61,13717.822194
179,63,13649.906325
179,65,13480.557860
180,41,20041.700141
180,42,19621.316273
180,43,17575.159989
180,44,17491.159427
180,45,17422.677317
180,46,17089.939288
180,47,16982.695918
180,48,15870.160068
180,49,15785.168502
180,51,15274.437448
180,52,15118.909112
180,53,14762.014400
180,55,14608.815092
180,56,14436.696069
180,57,14276.147529
180,58,13894.682661
180,60,13837.162696
180,61,13717.822194
180,63,13649.906325
180,65,13480.557860
181,41,20041.700141
181,42,19621.316273
181,43,17575.159989
181,44,17491.159427
181,45,17422.677317
181,46,17074.722919
181,47,16982.695918
181,48,15870.160068
181,49,15785.168502
181,51,15274.437448
181,52,14898.106541
181,53,14750.185427
181,55,14602.617138
181,56,14409.968951
181,57,14276.147529
181,58,13851.629572
181,60,13828.945346
181,61,13709.978276
181,63,13648.548786
181,65,13480.557860
182,41,20041.700141
182,42,19621.316273
182,43,17575.159989
182,44,17491.159427
182,45,17422.677317
182,46,17074.722919
182,47,16982.695918
182,48,15870.160068
182,49,15785.168502
182,51,15274.437448
182,52,14898.106541
182,53,14750.185427
182,55,14602.617138
182,56,14409.968951
182,57,14276.147529
182,58,13851.629572
182,60,13828.945346
182,61,13709.978276
182,63,13648.548786
182,65,13480.557860
183,41,20041.700141
183,42,19621.316273
183,43,17575.159989
183,44,17491.159427
183,45,17422.677317
183,46,17074.722919
183,47,16982.695918
183,48,15870.160068
183,49,15785.168502
183,51,15274.437448
183,52,14896.661479
183,53,14750.185427
183,54,14554.281158
183,56,14408.529363
183,57,14272.920258
183,58,13851.629572
183,60,13810.213701
183,61,13709.978276
183,63,13475.020000
184,41,20041.700141
184,42,18855.884454
184,43,17575.159989
184,44,17491.159427
184,45,17422.677317
184,46,17074.722919
184,47,16982.695918
184,48,15870.160068
184,49,15785.168502
184,51,15274.437448
184,52,14896.661479
184,53,14750.185427
184,54,14554.281158
184,55,14396.102440
184,57,14272.920258
184,58,13851.629572
184,60,13810.213701
184,61,13709.978276
184,63,13475.020000
185,41,20041.700141
185,42,18855.884454
185,43,17575.159989
185,44,17491.159427
185,45,17422.677317
185,46,17074.722919
185,47,16982.695918
185,48,15870.160068
185,49,15785.168502
185,51,15248.096044
185,52,14896.290409
185,53,14748.861497
185,54,14554.281158
185,55,14396.102440
185,57,14272.920258
185,58,13851.629572
185,60,13781.699998
185,61,13704.665033
185,63,13475.020000
186,41,20041.700141
186,42,18855.884454
186,43,17539.174142
186,44,17491.159427
186,45,17066.682287
186,47,16982.695918
186,48,15870.160068
186,49,15785.168502
186,50,14969.653162
186,52,14896.290409
186,53,14748.861497
186,54,14554.281158
186,55,14396.102440
186,56,14368.022268
186,57,14272.920258
186,58,13851.629572
186,60,13781.699998
186,61,13704.665033
186,63,13475.020000
187,41,20041.700141
187,42,18774.934241
187,43,17539.174142
187,44,17491.159427
187,45,17066.682287
187,47,16982.695918
187,48,15870.160068
187,49,15785.168502
187,50,14969.653162
187,52,14723.407458
187,54,14554.281158
187,55,14396.102440
187,56,14368.022268
187,57,14195.340814
187,58,13844.802297
187,60,13781.699998
187,61,13701.006173
187,63,13471.754826
188,41,20041.700141
188,42,17372.603296
188,45,17066.682287
188,47,16982.695918
188,48,15870.160068
188,49,15785.168502
188,50,14969.653162
188,52,14723.407458
188,54,14554.281158
188,55,14396.102440
188,56,14368.022268
188,57,14195.340814
188,58,13844.802297
188,60,13781.699998
188,61,13701.006173
188,63,13471.754826
189,41,17171.187410
189,45,17066.682287
189,47,16978.338768
189,48,15870.160068
189,49,15785.168502
189,50,14969.653162
189,52,14723.407458
189,54,14554.281158
189,55,14377.340444
189,56,14368.022268
189,57,14181.528458
189,58,13844.775397
189,59,13812.485897
189,60,13773.593206
189,61,13701.006173
189,63,13471.754826
190,41,17171.187410
190,45,17066.682287
190,47,16978.338768
190,48,15870.160068
190,49,15785.168502
190,50,14969.653162
190,52,14723.407458
190,54,14554.281158
190,55,14377.340444
190,56,14368.022268
190,57,14181.528458
190,58,13844.775397
190,59,13812.485897
190,60,13773.593206
190,61,13701.006173
190,63,13471.754826
191,41,17171.187410
191,45,17066.682287
191,47,16978.338768
191,48,15870.160068
191,49,15785.168502
191,50,14969.653162
191,52,14723.407458
191,54,14551.173230
191,55,14358.096263
191,57,14166.804274
191,58,13844.775397
191,59,13812.485897
191,60,13773.593206
191,61,13625.380703
191,63,13456.099458
192,41,17171.187410
192,42,16892.724076
192,48,15870.160068
192,49,15785.168502
192,50,14969.653162
192,52,14723.407458
192,54,14551.173230
192,55,14358.096263
192,57,14166.804274
192,58,13844.775397
192,59,13812.485897
192,60,13773.593206
192,61,13625.380703
192,63,13456.099458
193,41,17171.187410
193,42,16892.724076
193,48,15734.346558
193,49,14889.788232
193,52,14723.407458
193,54,14149.471571
193,58,13844.775397
193,59,13805.976607
193,60,13753.917688
193,61,13625.380703
193,63,13456.099458
194,41,17171.187410
194,42,16892.724076
194,45,16815.515593
194,47,16068.475267
194,48,15734.346558
194,49,14889.788232
194,52,14723.407458
194,54,14149.471571
194,58,13844.775397
194,59,13805.976607
194,60,13753.917688
194,61,13625.380703
194,63,13456.099458
195,41,17171.187410
195,42,16892.724076
195,45,16815.515593
195,47,15931.805540
195,48,15669.116906
195,49,14882.271934
195,52,14723.407458
195,54,14149.471571
195,56,13816.726648
195,59,13805.864149
195,60,13753.917688
195,61,13576.739524
195,63,13443.637968
196,41,17171.187410
196,42,16892.724076
196,45,16815.515593
196,47,15931.805540
196,48,15669.116906
196,49,14882.271934
196,52,14627.298729
196,54,14149.471571
196,56,13816.726648
196,59,13805.864149
196,60,13753.917688
196,61,13576.739524
196,63,13443.637968
197,41,17171.187410
197,42,16892.724076
197,45,16815.515593
197,47,15788.781831
197,48,15639.500861
197,49,14776.064803
197,52,14627.298729
197,54,14149.471571
197,56,13802.945918
197,59,13684.506890
197,61,13574.221589
197,63,13430.156316
198,41,17171.187410
198,42,16892.724076
198,45,16815.515593
198,47,15788.781831
198,48,15639.500861
198,49,14776.064803
198,52,14627.298729
198,54,14149.471571
198,56,13802.945918
198,59,13684.506890
198,60,13663.271198
198,61,13574.221589
198,63,13430.156316
199,41,17171.187410
199,42,16892.724076
199,45,16815.515593
199,47,15728.938490
199,48,15607.325776
199,49,14776.064803
199,52,14613.884831
199,54,14061.299187
199,56,13801.609894
199,59,13658.859251
199,61,13569.565384
199,63,13425.287771
200,41,17115.472835
200,42,16892.724076
200,45,16815.515593
200,47,15728.938490
200,48,15607.325776
200,49,14776.064803
200,52,14613.884831
200,54,14061.299187
200,56,13801.609894
200,59,13658.859251
200,61,13539.601926
200,63,13425.287771
201,41,17115.472835
201,42,16892.724076
201,45,16815.515593
201,47,15035.665136
201,49,14734.102621
201,50,14576.465060
201,54,14060.089059
201,56,13783.893092
201,58,13723.471443
201,59,13658.859251
201,61,13538.596456
201,63,13425.287771
202,41,17071.273397
202,42,16892.724076
202,45,16815.515593
202,47,15035.665136
202,49,14606.873654
202,50,14576.465060
202,54,14060.089059
202,56,13783.893092
202,58,13723.471443
202,59,13658.859251
202,61,13538.596456
202,63,13425.287771
203,41,17071.273397
203,42,16892.724076
203,45,16815.515593
203,47,14975.844582
203,49,14586.344522
203,50,14464.250454
203,54,14060.089059
203,56,13783.893092
203,58,13723.471443
203,59,13658.859251
203,60,13527.159999
203,63,13425.287771
204,41,17071.273397
204,42,16892.724076
204,45,16815.515593
204,47,14975.844582
204,49,14586.344522
204,50,14464.250454
204,54,14060.089059
204,56,13783.893092
204,58,13723.471443
204,59,13658.859251
204,60,13527.159999
204,63,13425.287771
205,41,17071.273397
205,42,16892.724076
205,44,16874.584786
205,45,16802.866701
205,47,14885.385179
205,49,14524.610679
205,50,14445.091490
205,54,14060.089059
205,56,13783.893092
205,58,13723.471443
205,59,13650.532346
205,60,13524.656667
205,63,13423.823052
206,41,17071.273397
206,42,16892.724076
206,44,16874.584786
206,45,16802.866701
206,47,14885.385179
206,49,14524.610679
206,50,14445.091490
206,52,14397.828303
206,54,14060.089059
206,56,13783.893092
206,58,13723.471443
206,59,13650.532346
206,60,13524.656667
206,61,13517.591857
206,63,13423.823052
207,41,17071.273397
207,42,16892.724076
207,44,16874.584786
207,45,16802.866701
207,47,14885.385179
207,49,14509.686010
207,50,14437.519621
207,52,14397.828303
207,54,14002.338557
207,56,13783.829719
207,58,13694.760874
207,59,13650.532346
207,60,13524.656667
207,61,13514.537752
207,63,13423.823052
208,41,17071.273397
208,42,16892.724076
208,44,16874.584786
208,45,16802.866701
208,47,14885.385179
208,49,14509.686010
208,50,14437.519621
208,52,14397.828303
208,53,14151.860664
208,54,14002.338557
208,56,13783.829719
208,58,13694.760874
208,59,13650.532346
208,60,13524.656667
208,61,13514.537752
208,63,13423.823052
209,41,17071.273397
209,42,16892.724076
209,44,16874.584786
209,45,16802.866701
209,47,14885.385179
209,49,14509.686010
209,50,14433.588307
209,52,14361.614931
209,53,14104.540682
209,54,14002.338557
209,56,13766.883930
209,58,13694.760874
209,59,13650.532346
209,60,13514.709877
209,61,13514.382745
209,62,13380.880159
210,41,17071.273397
210,42,16892.724076
210,44,16874.584786
210,45,16802.866701
210,46,16534.804698
210,47,14885.385179
210,49,14509.686010
210,50,14433.588307
210,52,14361.614931
210,53,14104.540682
210,54,14002.338557
210,56,13766.883930
210,58,13694.760874
210,59,13650.532346
210,60,13514.709877
210,61,13514.382745
210,62,13380.880159
211,41,17071.273397
211,42,16892.724076
211,44,16874.584786
211,45,16802.866701
211,46,16534.804698
211,47,14885.385179
211,49,14509.686010
211,50,14417.879767
211,52,14267.139080
211,53,14104.540682
211,54,13987.101807
211,56,13766.883930
211,58,13694.760874
211,59,13479.474260
211,62,13371.247073
212,41,17071.273397
212,42,16892.724076
212,44,16874.584786
212,45,16802.866701
212,46,16534.804698
212,47,14885.385179
212,49,14509.686010
212,50,14417.879767
212,52,14267.139080
212,53,14104.540682
212,54,13987.101807
212,56,13766.883930
212,58,13694.760874
212,59,13479.474260
212,62,13371.247073
213,41,17071.273397
213,42,16892.724076
213,44,16874.584786
213,45,16802.866701
213,46,16534.804698
213,47,14885.385179
213,49,14509.686010
213,50,14388.328275
213,52,14205.576385
213,53,14098.745606
213,54,13987.101807
213,56,13766.883930
213,58,13694.760874
213,59,13479.474260
213,60,13465.376447
213,62,13371.247073
214,41,17071.273397
214,42,16892.724076
214,44,16874.584786
214,45,16802.866701
214,46,16534.804698
214,47,14885.385179
214,49,14509.686010
214,50,14388.328275
214,52,14205.576385
214,53,14098.745606
214,54,13987.101807
214,56,13766.883930
214,58,13694.760874
214,59,13479.474260
214,60,13465.376447
214,62,13371.247073
215,41,17071.273397
215,42,16892.724076
215,44,16874.584786
215,45,16802.866701
215,46,16534.804698
215,47,14885.385179
215,49,14474.862963
215,50,14388.328275
215,52,14202.788390
215,53,14093.044103
215,54,13985.478298
215,56,13766.883930
215,58,13688.448417
215,59,13479.474260
215,60,13427.040873
215,62,13361.718521
216,41,17071.273397
216,42,16892.724076
216,44,16874.584786
216,45,16802.866701
216,46,15189.601209
216,47,14885.385179
216,49,14474.862963
216,50,14388.328275
216,52,14202.788390
216,53,14093.044103
216,54,13985.478298
216,56,13680.210238
216,59,13479.474260
216,60,13427.040873
216,62,13361.718521
217,40,17314.031580
217,41,17071.273397
217,42,16856.957917
217,45,16802.866701
217,46,15189.601209
217,47,14871.019384
217,49,14411.854268
217,50,14386.069986
217,51,14377.386941
217,52,14016.596960
217,53,13981.347305
217,56,13680.210238
217,59,13435.752993
217,60,13427.027194
217,62,13361.718521
218,40,17314.031580
218,41,17071.273397
218,42,16856.957917
218,45,16802.866701
218,46,15189.601209
218,47,14871.019384
218,49,14411.854268
218,50,14381.000030
218,51,14377.386941
218,52,14016.596960
218,53,13981.347305
218,54,13970.978098
218,56,13680.210238
218,59,13435.752993
218,60,13427.027194
218,62,13361.718521
219,40,17314.031580
219,41,17071.273397
219,42,16856.957917
219,45,16802.866701
219,46,15189.601209
219,47,14871.019384
219,49,14410.354073
219,50,14343.734799
219,51,14333.666156
219,52,13979.807594
219,53,13949.080444
219,56,13680.210238
219,59,13425.911376
219,60,13412.678216
219,62,13352.048574
220,40,17314.031580
220,41,17071.273397
220,42,16856.957917
220,45,16802.866701
220,46,15189.601209
220,47,14871.019384
220,49,14410.354073
220,50,14343.734799
220,51,14333.666156
220,52,13979.807594
220,53,13949.080444
220,56,13680.210238
220,59,13425.911376
220,60,13412.678216
220,62,13352.048574
221,40,17157.060776
221,41,16860.348179
221,42,16856.957917
221,45,16802.866701
221,46,15189.601209
221,47,14852.438816
221,49,14375.553008
221,50,14343.734799
221,51,14333.666156
221,52,13909.741364
221,56,13676.335362
221,58,13423.234256
221,60,13412.678216
221,62,13344.296015
222,40,17157.060776
222,41,16860.348179
222,42,16856.957917
222,44,16693.563933
222,46,15189.601209
222,47,14852.438816
222,49,14375.553008
222,50,14343.734799
222,51,14333.666156
222,52,13909.741364
222,56,13676.335362
222,58,13423.234256
222,60,13412.678216
222,62,13344.296015
223,40,17157.060776
223,41,16860.348179
223,42,16856.957917
223,44,16633.117546
223,46,15189.601209
223,47,14775.289390
223,49,14370.656334
223,50,14311.433705
223,52,13905.342507
223,56,13676.335362
223,58,13396.796907
223,62,13344.296015
224,40,17157.060776
224,41,16860.348179
224,42,16856.957917
224,43,16821.663654
224,44,16633.117546
224,46,15189.601209
224,47,14775.289390
224,49,14370.656334
224,50,14311.433705
224,52,13905.342507
224,55,13903.337056
224,56,13676.335362
224,58,13396.796907
224,62,13344.296015
225,40,17157.060776
225,41,16860.348179
225,42,16646.032699
225,44,16633.117546
225,46,15110.865857
225,47,14775.289390
225,49,14368.804429
225,50,14289.148516
225,52,13905.342507
225,55,13778.383962
225,56,13666.095234
225,58,13394.248096
225,62,13344.296015
226,39,18520.520931
226,40,17157.060776
226,41,16860.348179
226,42,16646.032699
226,44,16633.117546
226,46,15110.865857
226,47,14775.289390
226,49,14368.804429
226,50,14289.148516
226,52,13905.342507
226,55,13778.383962
226,56,13666.095234
226,58,13394.248096
226,62,13344.296015
227,39,18520.520931
227,40,17157.060776
227,41,16860.348179
227,42,16646.032699
227,44,16633.117546
227,46,15105.678501
227,47,14773.617629
227,49,14368.804429
227,50,14289.148516
227,52,13905.230049
227,53,13836.941251
227,55,13621.219465
227,58,13394.248096
227,62,13330.321784
228,39,18520.520931
228,40,17157.060776
228,41,16860.348179
228,42,16646.032699
228,44,16633.117546
228,46,15105.678501
228,47,14773.617629
228,49,14368.804429
228,50,14289.148516
228,52,13905.230049
228,53,13836.941251
228,55,13621.219465
228,58,13394.248096
228,62,13330.321784
229,39,18520.520931
229,40,17157.060776
229,41,16860.348179
229,42,16646.032699
229,44,16633.117546
229,46,15065.927437
229,47,14772.488176
229,49,14368.804429
229,50,14233.419069
229,52,13716.580946
229,55,13605.212279
229,58,13394.248096
229,62,13330.321784
230,39,18520.520931
230,40,17157.060776
230,41,16860.348179
230,42,16646.032699
230,44,16633.117546
230,46,15065.927437
230,47,14772.488176
230,49,14368.804429
230,50,14233.419069
230,52,13716.580946
230,55,13605.212279
230,58,13394.248096
230,62,13330.321784
231,39,18520.520931
231,40,17157.060776
231,41,16860.348179
231,42,16646.032699
231,44,16354.041485
231,46,15065.210411
231,47,14743.757337
231,49,14330.674564
231,50,14233.419069
231,52,13716.580946
231,55,13605.212279
231,57,13388.350105
231,62,13330.321784
232,39,18439.197866
232,40,17157.060776
232,41,16860.348179
232,42,16646.032699
232,43,16551.766677
232,44,16354.041485
232,46,15065.210411
232,47,14743.757337
232,49,14330.674564
232,50,14233.419069
232,52,13716.580946
232,55,13605.212279
232,57,13388.350105
232,62,13330.321784
233,39,18439.197866
233,40,16768.792933
233,42,16646.032699
233,43,16551.766677
233,44,16292.637318
233,46,15058.624667
233,47,14713.684168
233,49,14330.674564
233,50,14174.500614
233,52,13716.580946
233,55,13604.251991
233,56,13578.345485
233,57,13388.350105
233,62,13325.790245
234,39,18439.197866
234,40,16768.792933
234,42,16646.032699
234,43,16551.766677
234,44,16292.637318
234,46,15058.624667
234,47,14713.684168
234,49,14330.674564
234,50,14174.500614
234,52,13716.580946
234,55,13604.251991
234,56,13578.345485
234,57,13388.350105
234,62,13325.790245
235,39,18439.197866
235,40,16768.792933
235,42,16646.032699
235,43,16551.766677
235,44,16292.637318
235,46,15058.624667
235,47,14694.104809
235,49,14244.542064
235,50,14129.157359
235,52,13710.841456
235,55,13570.968494
235,57,13388.329860
235,62,13325.790245
236,39,18439.197866
236,40,16768.792933
236,42,16646.032699
236,43,16539.683454
236,44,16292.637318
236,46,15058.624667
236,47,14694.104809
236,49,14244.542064
236,50,14129.157359
236,52,13710.841456
236,55,13570.968494
236,57,13388.329860
236,62,13325.790245
237,39,18439.197866
237,40,16768.792933
237,42,16646.032699
237,43,16539.683454
237,44,16124.945282
237,46,15025.778502
237,47,14689.166862
237,49,14244.506107
237,50,14085.666312
237,52,13710.841456
237,55,13564.959464
237,57,13388.329860
237,61,13369.578005
237,62,13321.283188
238,39,17831.423979
238,40,16768.792933
238,42,16646.032699
238,43,16539.683454
238,44,16124.945282
238,46,15025.778502
238,47,14689.166862
238,49,14244.506107
238,50,14085.666312
238,52,13710.841456
238,55,13564.959464
238,57,13388.329860
238,61,13369.578005
238,62,13321.283188
239,39,17831.423979
239,40,16768.792933
239,42,16602.966593
239,43,16539.683454
239,44,16049.062424
239,46,15025.778502
239,47,14677.342691
239,49,14244.506107
239,50,14085.666312
239,52,13710.841456
239,55,13564.959464
239,57,13388.329860
239,60,13334.824609
239,62,13321.283188
240,39,17831.423979
240,40,16768.792933
240,42,16602.966593
240,43,16393.467058
240,44,16049.062424
240,46,15025.778502
240,47,14677.342691
240,49,14244.506107
240,50,14085.666312
240,52,13710.841456
240,55,13564.959464
240,57,13388.329860
240,60,13324.561411
240,62,13321.283188
241,39,17831.423979
241,40,16768.792933
241,41,16539.640976
241,43,16393.467058
241,44,16001.780025
241,45,14912.783963
241,47,14539.491734
241,49,14241.896987
241,50,14064.513706
241,52,13710.841456
241,54,13538.057691
241,57,13388.329860
241,60,13324.561411
241,62,13320.322901
242,39,17831.423979
242,40,16768.792933
242,41,16539.640976
242,43,16393.467058
242,44,16001.780025
242,45,14912.783963
242,47,14539.491734
242,49,14241.896987
242,50,14064.513706
242,52,13710.841456
242,54,13538.057691
242,57,13388.329860
242,60,13324.561411
242,62,13320.322901
243,39,17831.423979
243,40,16768.792933
243,41,16539.640976
243,43,16393.467058
243,44,16001.780025
243,45,14858.232124
243,47,14539.491734
243,49,14241.896987
243,50,14043.155792
243,52,13710.841456
243,54,13538.057691
243,57,13376.556752
243,59,13316.773452
244,39,17831.423979
244,40,16768.792933
244,41,16539.640976
244,43,16393.467058
244,44,16001.780025
244,45,14858.232124
244,47,14539.491734
244,49,14241.896987
244,50,14043.155792
244,52,13710.841456
244,54,13538.057691
244,57,13376.556752
244,59,13316.773452
244,60,13288.143882
245,39,17831.423979
245,40,16768.792933
245,41,16539.640976
245,43,16393.467058
245,44,16001.780025
245,45,14796.536970
245,47,14499.861684
245,49,14241.896987
245,50,14043.155792
245,52,13621.026924
245,54,13538.057691
245,57,13376.421990
245,58,13272.144399
246,39,17831.423979
246,40,16768.792933
246,41,16539.640976
246,43,16393.467058
246,44,16001.780025
246,45,14796.536970
246,47,14499.861684
246,49,14241.896987
246,50,14043.155792
246,52,13621.026924
246,53,13611.069665
246,54,13538.057691
246,57,13376.421990
246,58,13272.144399
247,39,17831.423979
247,40,16768.792933
247,41,16539.640976
247,43,16386.533158
247,44,15985.061814
247,45,14796.536970
247,47,14105.683015
247,50,14043.155792
247,52,13579.574262
247,54,13538.057691
247,57,13376.421990
247,58,13272.144399
248,39,17831.423979
248,40,16768.792933
248,41,16539.640976
248,42,16468.283571
248,43,16386.533158
248,44,15985.061814
248,45,14796.536970
248,47,14105.683015
248,48,14102.840470
248,50,14043.155792
248,52,13579.574262
248,54,13538.057691
248,57,13376.421990
248,58,13272.144399
249,39,17831.423979
249,40,16768.792933
249,41,16539.640976
249,42,16468.283571
249,43,16289.380660
249,44,15972.846311
249,45,14779.351367
249,47,14105.683015
249,48,14059.091621
249,50,14043.155792
249,52,13575.203669
249,54,13538.057691
249,57,13376.421990
249,58,13272.144399
250,39,17831.423979
250,40,16768.792933
250,41,16539.640976
250,42,16468.283571
250,43,16231.654111
250,44,15972.846311
250,45,14779.351367
250,47,14105.683015
250,48,14059.091621
250,50,14043.155792
250,52,13575.203669
250,54,13538.057691
250,57,13376.421990
250,58,13272.144399
251,39,17831.423979
251,40,16768.792933
251,41,16539.640976
251,42,16468.283571
251,43,16167.088000
251,44,15971.744428
251,45,14744.547620
251,47,14041.908807
251,50,14018.737263
251,52,13574.250052
251,54,13518.521758
251,57,13376.421990
251,58,13272.144399
252,39,17831.423979
252,40,16768.792933
252,41,16539.640976
252,42,16266.473740
252,43,16167.088000
252,44,15971.744428
252,45,14744.547620
252,47,14041.908807
252,50,14018.737263
252,52,13574.250052
252,54,13518.521758
252,57,13376.421990
252,58,13272.144399
253,39,17831.423979
253,40,16768.792933
253,41,16539.640976
253,42,16161.116283
253,43,16092.233502
253,44,15965.046646
253,45,14744.547620
253,47,14000.105916
253,52,13568.230268
253,54,13518.521758
253,56,13356.956467
253,58,13272.144399
254,39,17831.423979
254,40,16768.792933
254,41,16539.640976
254,42,16161.116283
254,43,16092.233502
254,44,15118.052063
254,45,14744.547620
254,47,14000.105916
254,52,13568.230268
254,54,13518.521758
254,56,13356.956467
254,58,13272.144399
255,39,17831.423979
255,40,16768.792933
255,41,16539.640976
255,42,16127.299209
255,43,16056.314904
255,44,15118.052063
255,45,14744.547620
255,46,14129.093442
255,47,14000.105916
255,52,13568.230268
255,54,13508.318868
255,55,13307.454557
255,58,13272.144399
256,39,17831.423979
256,40,16768.792933
256,41,16539.640976
256,42,16127.299209
256,43,16056.314904
256,44,15118.052063
256,45,14744.547620
256,46,14129.093442
256,47,14000.105916
256,52,13568.230268
256,54,13508.318868
256,55,13307.454557
256,58,13272.144399
257,39,17831.423979
257,40,16683.626880
257,41,16539.640976
257,42,16127.299209
257,43,16056.314904
257,44,15118.052063
257,45,14609.517237
257,46,14115.939244
257,47,14000.105916
257,48,13918.757305
257,52,13568.230268
257,54,13485.181556
257,55,13306.266723
257,58,13272.095205
257,59,13248.731199
258,39,17831.423979
258,40,16683.626880
258,41,16539.640976
258,42,16127.299209
258,43,16056.314904
258,44,15118.052063
258,45,14609.517237
258,46,14115.939244
258,47,14000.105916
258,48,13918.757305
258,52,13568.230268
258,54,13485.181556
258,55,13306.266723
258,58,13272.095205
258,59,13248.731199
259,39,17831.423979
259,40,16683.626880
259,41,16539.640976
259,42,16127.299209
259,43,16056.314904
259,44,15118.052063
259,45,14607.563282
259,46,14085.879716
259,47,13960.584104
259,48,13883.901608
259,52,13568.230268
259,54,13463.592463
259,55,13306.266723
259,58,13272.095205
259,59,13248.731199
260,39,17831.423979
260,40,16683.626880
260,41,16539.640976
260,42,16127.299209
260,43,16056.314904
260,44,15118.052063
260,45,14607.563282
260,46,14085.879716
260,47,13960.584104
260,48,13883.901608
260,51,13725.057565
260,52,13568.230268
260,54,13463.592463
260,55,13306.266723
260,58,13272.095205
260,59,13248.731199
261,39,17831.423979
261,40,16683.626880
261,41,16539.640976
261,42,16127.299209
261,43,16056.314904
261,44,15118.052063
261,45,14607.563282
261,46,14076.865949
261,47,13960.584104
261,48,13877.643708
261,51,13725.057565
261,52,13568.230268
261,54,13463.592463
261,55,13306.266723
261,58,13272.095205
261,59,13246.174344
262,39,17831.423979
262,40,16578.102835
262,41,16539.640976
262,42,16127.299209
262,43,16056.314904
262,44,15118.052063
262,45,14607.563282
262,46,14044.717533
262,47,13960.584104
262,48,13877.643708
262,51,13725.057565
262,52,13568.230268
262,54,13463.592463
262,55,13306.266723
262,58,13272.095205
262,59,13246.174344
263,39,17831.423979
263,40,16578.102835
263,41,16539.640976
263,42,16127.299209
263,43,16056.314904
263,44,15086.877928
263,45,14602.175125
263,46,14016.303500
263,47,13955.762055
263,48,13846.278569
263,51,13564.831404
263,54,13463.592463
263,55,13295.292861
263,58,13272.095205
263,59,13246.174344
264,39,17831.423979
264,40,16578.102835
264,41,16539.640976
264,42,16127.299209
264,43,16056.314904
264,44,15086.877928
264,45,14602.175125
264,46,14016.303500
264,47,13955.762055
264,48,13846.278569
264,51,13564.831404
264,54,13463.592463
264,55,13295.292861
264,58,13272.095205
264,59,13246.174344
264,61,13245.322527
265,39,17831.423979
265,40,16578.102835
265,41,16539.640976
265,42,16127.299209
265,43,16056.314904
265,44,15086.877928
265,45,14598.646865
265,46,14015.986541
265,47,13955.762055
265,48,13834.503377
265,51,13564.831404
265,54,13327.367291
265,55,13295.292861
265,58,13245.524739
265,60,13210.886994
266,39,17736.118821
266,40,16578.102835
266,41,16539.640976
266,42,16127.299209
266,43,16056.314904
266,44,15086.877928
266,45,14598.646865
266,46,14015.986541
266,47,13955.762055
266,48,13834.503377
266,51,13564.831404
266,54,13327.367291
266,55,13295.292861
266,58,13245.524739
266,60,13210.886994
267,39,17736.118821
267,40,16578.102835
267,41,16539.640976
267,42,16127.299209
267,43,16056.314904
267,44,15055.324760
267,45,14590.757614
267,46,14011.193356
267,47,13955.762055
267,48,13834.503377
267,51,13526.596635
267,54,13322.865938
267,55,13290.237030
267,58,13197.930004
268,39,17736.118821
268,40,16578.102835
268,41,16539.640976
268,42,16127.299209
268,43,16056.314904
268,44,15055.324760
268,45,14327.669300
268,46,14011.193356
268,47,13955.762055
268,48,13834.503377
268,51,13526.596635
268,54,13322.865938
268,55,13290.237030
268,58,13197.930004
269,39,17736.118821
269,40,16578.102835
269,41,16489.895692
269,42,16127.299209
269,43,16056.314904
269,44,14881.680972
269,45,14298.238527
269,46,14011.193356
269,47,13920.113873
269,48,13824.427664
269,51,13526.596635
269,54,13306.642129
269,55,13290.237030
269,58,13197.930004
270,39,17736.118821
270,40,16578.102835
270,41,16489.895692
270,42,16127.299209
270,43,16056.314904
270,44,14881.680972
270,45,14298.238527
270,46,14011.193356
270,47,13920.113873
270,48,13824.427664
270,51,13526.596635
270,54,13306.642129
270,55,13290.237030
270,58,13197.930004
271,39,17736.118821
271,40,16578.102835
271,41,16489.895692
271,42,16127.299209
271,43,16030.691130
271,44,14881.680972
271,45,14280.889794
271,46,13992.807207
271,47,13911.985178
271,48,13824.427664
271,51,13518.784582
271,54,13289.668838
271,55,13279.437437
271,58,13197.930004
272,39,17736.118821
272,40,16578.102835
272,41,16489.895692
272,42,16127.299209
272,43,16030.691130
272,44,14881.680972
272,45,14280.889794
272,46,13992.807207
272,47,13901.727725
272,48,13824.427664
272,51,13518.784582
272,54,13289.668838
272,55,13279.437437
272,58,13197.930004
273,39,17736.118821
273,40,16578.102835
273,41,16489.895692
273,42,16127.299209
273,43,15871.031517
273,44,14876.171657
273,45,14234.860903
273,46,13966.762662
273,47,13901.398676
273,48,13812.647747
273,51,13518.784582
273,54,13289.668838
273,55,13279.437437
273,58,13197.930004
274,39,17736.118821
274,40,16578.102835
274,41,16489.895692
274,42,16127.299209
274,43,15871.031517
274,44,14876.171657
274,45,14234.860903
274,46,13966.762662
274,47,13901.398676
274,48,13812.647747
274,51,13518.784582
274,54,13289.668838
274,55,13279.437437
274,58,13197.930004
275,39,17736.118821
275,40,16578.102835
275,41,16489.895692
275,42,15824.551241
275,44,14813.031310
275,45,14234.860903
275,46,13876.911451
275,48,13776.860476
275,51,13518.784582
275,54,13263.358065
275,58,13184.099671
276,39,17736.118821
276,40,16578.102835
276,41,16489.895692
276,42,15824.551241
276,44,14813.031310
276,45,14234.860903
276,46,13876.911451
276,48,13776.860476
276,51,13518.784582
276,54,13263.358065
276,58,13184.099671
277,39,17708.031264
277,40,16550.119361
277,41,16399.197658
277,42,15732.812585
277,44,14812.128339
277,45,14234.860903
277,46,13847.530932
277,48,13771.062858
277,51,13518.784582
277,54,13258.678474
277,58,13163.610783
278,39,17708.031264
278,40,16550.119361
278,41,16399.197658
278,42,15732.812585
278,44,14812.128339
278,45,14234.860903
278,46,13847.530932
278,48,13771.062858
278,51,13518.784582
278,54,13258.678474
278,58,13163.610783
279,39,17708.031264
279,40,16524.464068
279,41,16399.197658
279,42,15638.222685
279,44,14812.128339
279,45,14201.597714
279,46,13847.530932
279,48,13771.062858
279,51,13518.784582
279,54,13258.678474
279,58,13145.662111
280,39,17708.031264
280,40,16524.464068
280,41,16399.197658
280,42,15638.222685
280,44,14812.128339
280,45,14142.906440
280,46,13847.530932
280,48,13771.062858
280,51,13518.784582
280,54,13258.678474
280,58,13145.662111
281,39,17708.031264
281,40,16511.145865
281,41,16360.886458
281,42,15638.222685
281,44,14812.128339
281,45,14142.906440
281,46,13796.642820
281,48,13739.913056
281,51,13518.784582
281,54,13258.678474
281,58,13145.662111
282,39,17708.031264
282,40,16511.145865
282,41,16360.886458
282,42,15638.222685
282,44,14812.128339
282,45,14142.906440
282,46,13796.642820
282,48,13739.913056
282,51,13518.784582
282,54,13258.678474
282,58,13145.662111
283,39,17708.031264
283,40,16511.145865
283,41,16317.079731
283,42,15636.792349
283,44,14812.128339
283,45,14134.684435
283,46,13796.642820
283,48,13735.407846
283,51,13518.784582
283,54,13258.678474
283,58,13145.662111
284,39,17708.031264
284,40,16511.145865
284,41,16317.079731
284,42,15636.792349
284,44,14812.128339
284,45,14134.684435
284,46,13796.642820
284,48,13735.407846
284,51,13518.784582
284,54,13258.678474
284,58,13145.662111
285,39,17708.031264
285,40,16511.145865
285,41,16317.079731
285,42,15616.316515
285,44,14766.688948
285,45,14119.558167
285,46,13796.642820
285,47,13770.617783
285,48,13705.454631
285,50,13501.635477
285,54,13258.678474
285,58,13133.081448
286,39,17708.031264
286,40,16511.145865
286,41,16317.079731
286,42,15616.316515
286,44,14766.688948
286,45,14119.558167
286,46,13796.642820
286,47,13770.617783
286,48,13705.454631
286,50,13501.635477
286,54,13258.678474
286,58,13133.081448
287,39,17708.031264
287,40,16511.145865
287,41,16317.079731
287,42,15574.786158
287,44,14748.283325
287,45,14119.558167
287,46,13792.950766
287,47,13770.617783
287,48,13704.990006
287,50,13498.546270
287,54,13244.993250
287,58,13133.081448
288,39,17708.031264
288,40,16511.145865
288,41,16317.079731
288,42,15574.786158
288,44,14748.283325
288,45,14119.558167
288,46,13792.950766
288,47,13770.617783
288,48,13704.990006
288,50,13498.546270
288,54,13244.993250
288,58,13133.081448
289,39,17708.031264
289,40,16511.145865
289,41,16256.306539
289,42,15527.269979
289,44,14743.362927
289,45,14118.024932
289,46,13786.183031
289,47,13768.342092
289,48,13704.990006
289,50,13497.490353
289,54,13244.993250
289,58,13133.081448
290,39,17708.031264
290,40,16511.145865
290,41,16256.306539
290,42,15527.269979
290,44,14743.362927
290,45,14118.024932
290,46,13786.183031
290,47,13768.342092
290,48,13704.990006
290,50,13497.490353
290,54,13244.993250
290,58,13133.081448
291,39,17708.031264
291,40,16511.145865
291,41,16229.759087
291,42,15527.269979
291,44,14548.267195
291,45,14118.024932
291,46,13786.183031
291,47,13768.342092
291,48,13697.092539
291,50,13497.490353
291,54,13244.993250
291,58,13133.081448
292,39,17200.718403
292,40,16511.145865
292,41,16229.759087
292,42,15527.269979
292,44,14548.267195
292,45,14118.024932
292,46,13786.183031
292,47,13768.342092
292,48,13697.092539
292,50,13497.490353
292,54,13244.993250
292,58,13133.081448
293,39,17200.718403
293,40,16511.145865
293,41,16182.985567
293,42,15402.844055
293,43,14523.513227
293,45,14118.024932
293,46,13781.192762
293,47,13757.156263
293,48,13695.069496
293,50,13497.490353
293,54,13244.993250
293,58,13132.977091
294,39,17200.718403
294,40,16511.145865
294,41,16182.985567
294,42,15402.844055
294,43,14523.513227
294,45,14118.024932
294,46,13781.192762
294,47,13757.156263
294,48,13695.069496
294,50,13497.490353
294,54,13244.993250
294,58,13132.977091
295,39,17200.718403
295,40,16511.145865
295,41,16182.985567
295,42,15402.844055
295,43,14490.411327
295,45,14118.024932
295,46,13781.191881
295,47,13757.156263
295,48,13685.496737
295,50,13497.490353
295,54,13244.993250
295,57,13114.906001
295,60,13074.754959
296,39,17200.718403
296,40,16511.145865
296,41,16182.985567
296,42,15402.844055
296,43,14490.411327
296,45,14118.024932
296,46,13781.191881
296,47,13757.156263
296,48,13685.496737
296,50,13497.490353
296,54,13244.993250
296,57,13114.906001
296,60,13074.754959
297,39,17200.718403
297,40,16511.145865
297,41,16182.985567
297,42,15264.281728
297,43,14490.411327
297,45,14118.024932
297,46,13781.191881
297,47,13757.156263
297,48,13685.496737
297,50,13497.490353
297,54,13244.993250
297,56,13076.728115
297,60,13074.754959
298,39,17200.718403
298,40,16511.145865
298,41,16182.985567
298,42,15264.281728
298,43,14490.411327
298,45,14118.024932
298,46,13781.191881
298,47,13757.156263
298,48,13685.496737
298,50,13497.490353
298,54,13244.993250
298,56,13076.728115
298,60,13074.754959
299,39,17200.718403
299,40,16511.145865
299,41,16182.985567
299,42,15264.281728
299,43,14490.165536
299,45,14097.769795
299,46,13780.101021
299,47,13752.262956
299,48,13685.496737
299,50,13497.490353
299,54,13238.532172
299,56,13076.202238
299,60,13074.754959
300,39,17200.718403
300,40,16511.145865
300,41,16182.985567
300,42,15264.281728
300,43,14490.165536
300,45,14097.769795
300,46,13780.101021
300,47,13752.262956
300,48,13685.496737
300,50,13497.490353
300,54,13238.532172
300,56,13076.202238
300,60,13074.754959
301,39,17200.718403
301,40,16507.623060
301,41,16182.985567
301,42,15201.097325
301,43,14476.938799
301,45,14080.369425
301,46,13777.409640
301,47,13725.795190
301,48,13663.118643
301,50,13461.245291
301,54,13238.532172
301,56,13076.202238
301,60,13071.337428
302,39,17200.718403
302,40,16507.623060
302,41,16182.985567
302,42,15201.097325
302,43,14476.938799
302,45,14080.369425
302,46,13777.409640
302,47,13725.795190
302,48,13663.118643
302,50,13461.245291
302,54,13238.532172
302,56,13076.202238
302,60,13071.337428
302,65,13048.714752
303,39,17200.718403
303,40,16507.623060
303,41,16182.985567
303,42,15201.097325
303,43,14476.938799
303,45,14073.089170
303,46,13777.409640
303,47,13725.396707
303,48,13662.950124
303,50,13461.245291
303,53,13420.505016
303,54,13238.532172
303,56,13074.640247
303,59,13064.300719
303,65,13048.714752
304,39,17200.718403
304,40,16493.977220
304,41,16182.985567
304,42,15201.097325
304,43,14476.938799
304,45,14073.089170
304,46,13777.409640
304,47,13725.396707
304,48,13662.950124
304,50,13461.245291
304,53,13420.505016
304,54,13238.532172
304,55,13215.812784
304,56,13074.640247
304,57,13063.633463
304,65,13048.714752
305,39,17200.718403
305,40,16493.977220
305,41,16182.985567
305,42,15201.097325
305,43,14476.938799
305,45,14073.089170
305,46,13777.409640
305,47,13724.288996
305,48,13662.950124
305,50,13461.245291
305,53,13417.597128
305,54,13238.532172
305,55,13213.857047
305,56,13074.640247
305,57,13063.633463
305,65,13039.194743
306,39,16734.952863
306,40,16493.977220
306,41,16182.985567
306,42,15201.097325
306,43,14476.938799
306,45,14073.089170
306,46,13751.926725
306,47,13724.288996
306,48,13662.950124
306,50,13461.245291
306,53,13417.597128
306,54,13238.532172
306,55,13213.857047
306,56,13074.640247
306,57,13063.633463
306,65,13039.194743
307,39,16734.952863
307,40,16493.977220
307,41,16182.985567
307,42,15201.097325
307,43,14476.938799
307,45,14073.089170
307,46,13751.926725
307,47,13716.554596
307,48,13662.950124
307,50,13461.245291
307,53,13417.597128
307,54,13217.915258
307,55,13213.857047
307,56,13074.640247
307,57,13063.633463
307,65,13039.194743
308,38,18166.665048
308,39,16734.952863
308,40,16493.977220
308,41,16182.985567
308,42,15201.097325
308,43,14476.938799
308,45,14073.089170
308,46,13751.926725
308,47,13690.893851
308,48,13662.950124
308,50,13461.245291
308,53,13417.597128
308,54,13217.915258
308,55,13213.857047
308,56,13074.640247
308,57,13063.633463
308,65,13039.194743
309,38,18166.665048
309,39,16734.952863
309,40,16493.977220
309,41,16182.985567
309,42,15201.097325
309,43,14476.938799
309,45,14073.089170
309,46,13751.926725
309,47,13690.893851
309,48,13662.002349
309,50,13442.444082
309,53,13417.597128
309,54,13191.910089
309,56,13063.645860
309,57,13060.446806
309,65,13039.194743
310,38,17542.145201
310,39,16734.952863
310,40,16493.977220
310,41,16182.985567
310,42,15201.097325
310,43,14476.938799
310,45,14073.089170
310,46,13751.926725
310,47,13690.893851
310,48,13662.002349
310,50,13442.444082
310,53,13417.597128
310,54,13191.910089
310,56,13063.645860
310,57,13060.446806
310,65,13039.194743
311,38,17542.145201
311,39,16734.952863
311,40,16315.419083
311,41,16182.985567
311,42,15201.097325
311,43,14476.938799
311,45,14032.184772
311,46,13732.270473
311,47,13690.893851
311,48,13662.002349
311,50,13442.444082
311,53,13416.864775
311,54,13187.439154
311,56,13058.403100
311,65,13039.194743
312,38,17225.529305
312,39,16734.952863
312,40,16315.419083
312,41,16182.985567
312,42,15201.097325
312,43,14476.938799
312,45,14032.184772
312,46,13732.270473
312,47,13690.893851
312,48,13662.002349
312,50,13442.444082
312,53,13416.864775
312,54,13187.439154
312,56,13058.403100
312,65,13039.194743
313,38,17225.529305
313,39,16734.952863
313,40,16315.419083
313,41,16182.985567
313,42,15201.097325
313,43,14476.938799
313,45,13698.997351
313,47,13686.486664
313,48,13662.002349
313,49,13403.043474
313,54,13176.371613
313,56,13058.403100
313,64,13019.987261
314,38,17225.529305
314,39,16648.984554
314,40,16315.419083
314,41,16182.985567
314,42,15201.097325
314,43,14476.938799
314,45,13698.997351
314,47,13686.486664
314,48,13662.002349
314,49,13403.043474
314,54,13176.371613
314,56,13058.403100
314,61,13015.242397
315,38,17225.529305
315,39,16648.984554
315,40,16315.419083
315,41,16182.985567
315,42,15170.944031
315,43,14476.938799
315,45,13698.997351
315,46,13697.487937
315,47,13675.609771
315,48,13661.632544
315,49,13400.374406
315,54,13131.683345
315,56,13058.348014
315,61,13015.242397
316,38,17225.529305
316,39,16469.660540
316,40,16315.419083
316,41,16182.985567
316,42,15170.944031
316,43,14476.938799
316,45,13698.997351
316,46,13697.487937
316,47,13675.609771
316,48,13661.632544
316,49,13400.374406
316,54,13131.683345
316,56,13058.348014
316,57,13057.428534
316,61,13015.242397
317,38,17148.012281
317,39,16469.660540
317,40,16315.419083
317,41,16182.985567
317,42,15170.944031
317,43,14473.544133
317,45,13698.997351
317,46,13695.273467
317,47,13666.908185
317,48,13661.632544
317,49,13398.856650
317,54,13131.683345
317,56,13058.348014
317,57,12998.074547
318,38,17148.012281
318,39,16469.660540
318,40,16315.419083
318,41,16182.985567
318,42,15170.944031
318,43,14473.544133
318,45,13698.997351
318,46,13695.273467
318,47,13666.908185
318,48,13661.632544
318,49,13398.856650
318,54,13131.683345
318,56,13058.348014
318,57,12998.074547
319,38,17065.643212
319,39,16449.294877
319,40,16315.419083
319,41,16182.985567
319,42,15170.944031
319,43,14473.544133
319,44,14278.613100
319,45,13678.760185
319,47,13666.908185
319,48,13661.632544
319,49,13398.856650
319,54,13131.082195
319,56,13058.348014
319,57,12985.717724
320,38,17065.643212
320,39,16449.294877
320,40,16234.979397
320,41,16182.985567
320,42,15170.944031
320,43,14473.544133
320,44,14278.613100
320,45,13678.760185
320,47,13666.908185
320,48,13661.632544
320,49,13398.856650
320,54,13131.082195
320,56,13058.348014
320,57,12969.191199
321,38,17065.643212
321,39,16449.294877
321,40,16234.979397
321,41,16144.860452
321,42,15170.944031
321,43,14473.544133
321,44,14278.613100
321,45,13666.642688
321,48,13661.632544
321,49,13387.522759
321,54,13131.082195
321,56,13053.858798
321,57,12969.191199
322,37,17010.166526
322,38,16902.524984
322,39,16449.294877
322,40,16234.979397
322,41,16144.860452
322,42,15170.944031
322,43,14473.544133
322,44,14278.613100
322,45,13666.642688
322,48,13661.632544
322,49,13387.522759
322,54,13131.082195
322,56,13053.858798
322,57,12969.191199
