Generation,NV,TOC
1,48,27126.723089
1,54,26660.503760
1,56,26631.373354
1,61,24438.445726
1,71,23524.476177
1,83,23501.640312
1,115,21356.259404
1,130,21149.456821
1,140,20712.143712
1,160,20667.072962
1,165,20331.377688
2,48,27126.723089
2,54,26660.503760
2,56,26631.373354
2,59,24641.320529
2,61,24438.445726
2,63,23939.015293
2,65,23109.523305
2,72,22634.415901
2,84,21675.228024
2,115,21127.822428
2,122,20768.108292
2,124,20664.739087
2,165,20331.377688
2,170,19874.858133
3,48,27126.723089
3,54,26437.392964
3,55,25699.213253
3,59,24641.320529
3,61,24438.445726
3,63,23939.015293
3,65,23109.523305
3,68,22772.401714
3,72,22634.415901
3,76,22444.858801
3,83,22143.672905
3,84,21675.228024
3,96,21182.094518
3,115,21127.822428
3,119,20694.905762
3,120,20535.628094
3,148,20463.679839
3,149,20418.257064
3,151,20399.762811
3,165,20331.377688
3,170,19874.858133
4,47,27263.711388
4,48,27126.723089
4,49,26915.402340
4,53,26067.082008
4,55,25699.213253
4,59,24546.922636
4,61,24438.445726
4,63,23939.015293
4,65,23109.523305
4,68,22772.401714
4,72,22634.415901
4,73,22572.483557
4,75,22041.192120
4,84,21675.228024
4,90,21378.240929
4,96,21182.094518
4,105,20711.123274
4,119,20694.905762
4,120,20535.628094
4,129,20530.431025
4,131,20298.544726
4,143,20294.405805
4,161,20286.031999
4,170,19874.858133
5,47,27263.711388
5,48,27126.723089
5,49,26915.402340
5,53,26067.082008
5,55,25699.213253
5,59,24546.922636
5,61,24316.103809
5,63,23939.015293
5,65,23109.523305
5,68,22772.401714
5,72,22634.415901
5,73,22572.483557
5,75,22041.192120
5,82,21834.880172
5,84,21675.228024
5,90,21378.240929
5,96,21182.094518
5,105,20711.123274
5,106,20703.081650
5,112,20553.886936
5,120,20535.628094
5,124,20494.113349
5,131,20298.544726
5,137,20254.704163
5,153,20146.954665
5,161,20105.266164
5,167,20105.179979
5,170,19874.858133
6,47,27263.711388
6,48,27126.723089
6,49,26915.402340
6,50,26431.236246
6,52,26246.747599
6,53,26067.082008
6,54,25225.615510
6,59,23859.867628
6,65,23109.523305
6,68,22772.401714
6,72,22436.904015
6,75,22041.192120
6,77,21931.253872
6,82,21834.880172
6,84,21675.197338
6,87,21313.938473
6,92,21124.356334
6,105,20711.123274
6,106,20703.081650
6,112,20553.886936
6,119,20259.965625
6,137,20254.704163
6,143,20129.956749
6,159,20039.031669
6,162,19822.709730
7,47,27263.711388
7,48,26980.477690
7,49,26915.402340
7,50,26431.236246
7,52,26246.747599
7,53,26067.082008
7,54,25225.615510
7,55,24975.469511
7,58,24576.780293
7,59,23859.867628
7,61,23480.825301
7,65,23109.523305
7,68,22772.401714
7,72,22436.904015
7,75,22041.192120
7,77,21616.722477
7,87,21313.938473
7,90,21286.860245
7,91,20983.082248
7,101,20527.792525
7,112,20482.551243
7,114,20359.273602
7,119,20259.965625
7,126,20069.847250
7,129,20025.889163
7,132,19890.051863
7,162,19822.709730
7,167,19703.028719
8,47,27263.711388
8,48,26980.477690
8,49,26915.402340
8,50,26163.961912
8,53,26067.082008
8,54,25225.615510
8,55,24975.469511
8,56,24705.477093
8,57,24143.406263
8,58,24062.718138
8,59,23859.867628
8,61,23225.240575
8,62,23111.548659
8,63,23093.008443
8,68,22772.401714
8,72,22436.904015
8,75,22041.192120
8,77,21616.722477
8,86,21380.241118
8,87,21313.938473
8,90,21108.611395
8,91,20983.082248
8,101,20527.792525
8,106,20389.234652
8,107,20153.428950
8,126,20069.847250
8,129,19950.563584
8,132,19890.051863
8,137,19717.788386
8,165,19639.750183
9,47,27263.711388
9,48,26980.477690
9,49,26915.402340
9,50,26163.961912
9,53,26067.082008
9,54,25225.615510
9,55,24975.469511
9,56,24705.477093
9,57,24143.406263
9,58,24062.718138
9,59,23859.867628
9,60,23679.620854
9,61,23096.303391
9,63,23093.008443
9,65,22583.738766
9,72,22436.904015
9,74,22120.281342
9,75,21868.543891
9,77,21616.722477
9,80,21491.285235
9,86,21380.241118
9,87,21204.718066
9,90,21108.611395
9,91,20983.082248
9,101,20527.792525
9,104,19995.130660
9,129,19950.563584
9,132,19890.051863
9,137,19717.788386
9,161,19608.550856
10,47,27263.711388
10,48,26980.477690
10,49,26879.312062
10,50,25417.059996
10,54,24768.804659
10,56,24705.477093
10,57,24143.406263
10,58,24062.718138
10,59,23859.867628
10,60,23366.661151
10,61,23096.303391
10,63,23093.008443
10,65,22583.738766
10,67,22400.354376
10,71,22266.555418
10,72,21912.384811
10,74,21745.143796
10,75,21467.931958
10,80,21261.207121
10,87,21204.718066
10,90,21108.611395
10,91,20983.082248
10,96,20737.519497
10,98,20701.930589
10,101,20527.792525
10,104,19995.130660
10,129,19950.563584
10,132,19844.871257
10,137,19717.788386
10,161,19608.550856
10,162,19576.084702
11,47,27263.711388
11,48,26980.477690
11,49,26879.312062
11,50,25417.059996
11,52,25045.042624
11,54,24768.804659
11,56,24705.477093
11,57,24143.406263
11,58,23841.137878
11,60,23366.661151
11,61,23096.303391
11,63,23093.008443
11,65,22367.053553
11,71,22012.751064
11,72,21912.384811
11,74,21745.143796
11,75,21467.931958
11,80,21261.207121
11,81,21178.031983
11,90,20926.285524
11,96,20737.519497
11,98,20701.930589
11,101,20527.792525
11,102,20063.332611
11,104,19995.130660
11,116,19608.878457
11,158,19399.327353
11,164,19398.516254
12,47,27263.711388
12,48,26980.477690
12,49,26879.312062
12,50,25417.059996
12,51,24644.075883
12,57,23731.894092
12,60,23366.661151
12,61,23096.303391
12,62,22769.396433
12,65,22367.053553
12,67,22227.480312
12,71,22012.751064
12,72,21912.384811
12,74,21745.143796
12,75,21467.931958
12,80,21261.207121
12,81,21178.031983
12,90,20926.285524
12,93,20685.424336
12,96,20551.407194
12,100,20038.316052
12,104,19995.130660
12,116,19608.878457
12,158,19399.327353
12,164,19398.516254
13,46,28476.264074
13,47,27263.711388
13,48,26742.471512
13,49,25996.333473
13,50,25300.200110
13,51,24644.075883
13,57,23731.894092
13,58,23599.276583
13,60,23366.661151
13,61,23096.303391
13,62,22769.396433
13,65,22367.053553
13,67,22227.480312
13,71,21911.035065
13,72,21888.105543
13,74,21689.212423
13,75,21467.931958
13,80,21261.207121
13,81,21178.031983
13,86,21172.846439
13,90,20926.285524
13,93,20685.424336
13,96,20551.407194
13,99,20503.583893
13,100,20038.316052
13,104,19995.130660
13,116,19608.878457
13,136,19590.792827
13,145,19219.538741
14,46,28476.264074
14,47,27263.711388
14,48,26742.471512
14,49,25966.014370
14,50,24872.168471
14,51,24644.075883
14,57,23572.665881
14,60,23366.661151
14,61,23096.303391
14,62,22769.396433
14,65,22367.053553
14,67,22227.480312
14,68,21662.020194
14,75,21467.931958
14,80,21261.207121
14,81,21178.031983
14,86,21172.846439
14,90,20926.285524
14,93,20685.424336
14,96,20551.407194
14,99,20503.583893
14,100,20038.316052
14,104,19737.651038
14,113,19408.323988
14,145,19219.538741
14,157,19152.366669
15,46,28476.264074
15,47,27263.711388
15,48,26742.471512
15,49,25274.130797
15,50,24872.168471
15,51,24644.075883
15,53,24487.266501
15,54,24077.987286
15,57,23572.665881
15,58,23531.824847
15,59,23011.383037
15,62,22769.396433
15,65,22367.053553
15,67,22227.480312
15,68,21662.020194
15,75,21467.931958
15,78,21160.045745
15,84,20810.268750
15,87,20389.528439
15,96,20075.167682
15,100,20038.316052
15,102,19920.286391
15,104,19737.651038
15,113,19408.323988
15,144,19380.931245
15,145,19219.538741
15,151,19132.924951
15,155,19078.242504
16,46,25958.938566
16,47,25919.611581
16,48,25373.363401
16,49,25274.130797
16,50,24872.168471
16,51,24644.075883
16,53,24487.266501
16,54,24077.987286
16,55,23981.350701
16,57,23572.665881
16,58,23332.154870
16,59,23011.383037
16,62,22769.396433
16,63,22340.026545
16,67,22032.315766
16,68,21662.020194
16,72,21534.990733
16,75,21397.561117
16,78,21009.640489
16,81,20826.288057
16,84,20810.268750
16,87,20389.528439
16,95,19918.891985
16,96,19816.613287
16,101,19381.138673
16,113,19372.410720
16,142,19241.872516
16,144,19162.487185
16,146,19109.628325
16,150,18895.200569
16,156,18623.323160
17,46,25958.938566
17,47,25752.591451
17,48,25373.363401
17,49,25274.130797
17,50,24872.168471
17,51,24644.075883
17,52,24530.491179
17,53,24291.590124
17,54,24077.987286
17,55,23981.350701
17,56,23669.283468
17,57,23572.665881
17,58,23332.154870
17,59,23011.383037
17,61,22890.026985
17,62,22769.396433
17,63,22340.026545
17,66,22276.798150
17,67,22032.315766
17,68,21662.020194
17,72,21534.990733
17,75,21397.561117
17,78,21009.640489
17,81,20826.288057
17,84,20810.268750
17,87,20389.528439
17,95,19918.891985
17,96,19816.613287
17,101,19381.138673
17,113,19372.410720
17,123,19048.553431
17,150,18895.200569
17,156,18623.323160
18,46,25924.701590
18,47,25752.591451
18,48,25373.363401
18,49,25112.959566
18,50,24872.168471
18,51,24260.145643
18,54,24077.987286
18,55,23981.350701
18,56,23669.283468
18,57,23572.665881
18,58,23332.154870
18,59,23011.383037
18,61,22890.026985
18,62,22769.396433
18,63,22340.026545
18,66,22276.798150
18,67,22032.315766
18,68,21662.020194
18,70,21481.306967
18,72,20932.280683
18,81,20826.288057
18,84,20810.268750
18,87,20049.588553
18,95,19728.040849
18,101,19381.138673
18,103,19130.310810
18,122,18958.803145
18,136,18725.067886
18,155,18581.893578
19,46,25924.701590
19,47,25478.625597
19,48,25174.586394
19,49,25112.959566
19,50,24872.168471
19,51,24235.443169
19,54,24058.645932
19,55,23981.350701
19,56,23669.283468
19,57,23572.665881
19,58,23332.154870
19,59,22862.002957
19,60,22833.928633
19,62,22769.396433
19,63,22340.026545
19,66,21892.171984
19,68,21662.020194
19,70,21481.306967
19,72,20932.280683
19,79,20342.294861
19,87,20049.588553
19,95,19728.040849
19,101,19381.138673
19,103,19130.310810
19,115,19093.165393
19,122,18958.803145
19,136,18725.067886
19,155,18581.893578
20,45,26518.653859
20,46,25924.701590
20,47,24771.620694
20,50,24339.097915
20,51,24235.443169
20,54,24052.580783
20,55,23047.179424
20,59,22862.002957
20,60,22833.928633
20,62,22769.396433
20,63,22027.284861
20,66,21671.921384
20,68,21662.020194
20,70,21366.110579
20,72,20932.280683
20,74,20586.931795
20,76,20025.658863
20,86,19922.759517
20,88,19777.193139
20,95,19728.040849
20,101,19381.138673
20,102,18905.032025
20,113,18883.999954
20,119,18711.304232
20,127,18133.835415
21,45,26328.435305
21,46,25924.701590
21,47,24771.620694
21,50,24143.410988
21,53,23776.702149
21,54,23137.403846
21,55,23047.179424
21,58,22776.383615
21,59,22311.658298
21,63,21909.385383
21,64,21580.777710
21,70,21366.110579
21,72,20932.280683
21,74,20586.931795
21,76,20025.658863
21,86,19922.759517
21,88,19777.193139
21,90,19756.676628
21,95,19728.040849
21,101,19381.138673
21,102,18905.032025
21,113,18883.999954
21,119,18711.304232
21,127,18133.835415
22,45,26328.435305
22,46,25250.946992
22,47,24771.620694
22,50,24143.410988
22,53,23776.702149
22,54,23137.403846
22,55,23047.179424
22,58,22776.383615
22,59,22251.561610
22,60,21812.143280
22,64,21580.777710
22,69,21532.099647
22,70,21366.110579
22,72,20932.280683
22,74,20586.931795
22,76,19828.582586
22,87,19591.854872
22,90,19474.149339
22,101,19294.045515
22,102,18737.615066
22,119,18661.128122
22,127,18133.835415
23,45,26328.435305
23,46,25250.946992
23,47,24771.620694
23,49,24692.784429
23,50,24143.410988
23,51,23881.705371
23,52,23692.092641
23,53,23309.969756
23,54,23137.403846
23,55,23047.179424
23,58,22255.802070
23,59,22251.561610
23,60,21760.854117
23,64,21184.147399
23,66,20875.820859
23,74,20586.931795
23,76,19828.582586
23,78,19783.139969
23,87,19591.854872
23,90,19474.149339
23,100,18798.370475
23,102,18737.615066
23,111,18469.656272
23,127,18133.835415
24,45,26328.435305
24,46,25250.946992
24,47,24771.620694
24,49,24692.784429
24,50,24143.410988
24,51,23794.699521
24,52,23692.092641
24,53,23309.969756
24,54,23137.403846
24,55,23047.179424
24,56,22282.597017
24,58,22255.802070
24,59,22251.561610
24,60,21760.854117
24,62,21688.150913
24,63,21496.831791
24,64,21184.147399
24,66,20875.820859
24,74,20586.931795
24,75,19683.831395
24,86,19451.485402
24,97,18654.258569
24,109,18335.385547
24,126,18081.013675
25,45,26328.435305
25,46,25250.946992
25,47,24771.620694
25,49,23853.998491
25,50,23777.339930
25,52,23692.092641
25,53,23309.969756
25,54,23137.403846
25,55,23047.179424
25,56,22282.597017
25,58,22255.802070
25,59,22251.561610
25,60,21760.854117
25,62,21688.150913
25,63,21496.831791
25,64,21184.147399
25,66,20875.820859
25,74,20586.931795
25,75,19683.831395
25,86,19451.485402
25,97,18654.258569
25,109,18335.385547
25,126,18081.013675
26,45,26328.435305
26,46,25250.946992
26,47,24771.620694
26,49,23853.998491
26,50,23777.339930
26,52,22993.887666
26,56,22282.597017
26,58,22255.802070
26,59,22251.561610
26,60,21400.016987
26,62,21379.717791
26,64,20987.133727
26,66,20647.356906
26,74,20388.772550
26,75,19493.939429
26,84,19302.527521
26,97,18520.902951
26,109,18294.020529
26,125,18014.873278
27,45,26328.435305
27,46,25250.946992
27,47,24771.620694
27,49,23853.998491
27,50,23777.339930
27,51,23649.116080
27,52,22993.887666
27,56,22282.597017
27,58,22255.802070
27,59,22251.561610
27,60,21400.016987
27,62,21379.717791
27,64,20987.133727
27,66,20647.356906
27,72,20637.655565
27,74,20388.772550
27,75,19493.939429
27,84,19302.527521
27,97,18520.902951
27,105,18365.871138
27,108,18314.210158
27,109,18294.020529
27,125,18014.873278
28,45,26328.435305
28,46,25250.946992
28,47,24771.620694
28,49,23853.998491
28,50,23777.339930
28,51,23380.143279
28,52,22993.887666
28,53,22226.573859
28,58,20977.231840
28,66,20647.356906
28,72,20637.655565
28,74,20388.772550
28,75,19493.939429
28,82,19256.040439
28,92,18847.434693
28,96,18455.515100
28,101,18260.929531
28,106,18116.748048
28,124,17889.502241
29,45,26328.435305
29,46,25250.946992
29,47,24771.620694
29,49,23853.998491
29,50,23777.339930
29,51,23380.143279
29,52,22993.887666
29,53,22226.573859
29,58,20977.231840
29,66,19869.431874
29,75,19493.939429
29,82,19256.040439
29,92,18700.834740
29,96,18455.515100
29,101,18260.929531
29,105,18257.616698
29,106,18116.748048
29,124,17889.502241
30,45,26328.435305
30,46,25250.946992
30,47,24771.620694
30,49,23853.998491
30,50,23777.339930
30,51,23380.143279
30,52,22993.887666
30,53,21948.810056
30,57,20704.613273
30,63,19749.465343
30,74,19413.944063
30,81,19109.492375
30,92,18246.377639
30,99,18186.759822
30,106,18025.623774
30,124,17883.543233
31,45,26328.435305
31,46,25250.946992
31,47,24771.620694
31,49,23853.998491
31,50,23777.339930
31,51,23380.143279
31,52,22340.835566
31,53,21948.810056
31,57,20704.613273
31,63,19749.465343
31,74,19413.944063
31,81,19109.492375
31,82,19075.876780
31,92,18246.377639
31,97,18152.559364
31,106,18025.623774
31,117,17843.166986
31,131,17681.913988
32,45,26328.435305
32,46,25250.946992
32,47,24771.620694
32,49,23853.998491
32,50,23777.339930
32,51,23380.143279
32,52,22340.835566
32,53,21948.810056
32,56,21407.638507
32,57,20704.613273
32,63,19605.510685
32,74,19267.093387
32,81,18994.291647
32,82,18982.738733
32,91,18164.047480
32,95,17979.203700
32,106,17964.670953
32,115,17776.121056
32,131,17628.947556
33,45,26328.435305
33,46,25250.946992
33,47,24771.620694
33,48,24550.999635
33,49,23853.998491
33,50,23777.339930
33,51,23209.932689
33,52,22340.835566
33,53,21948.810056
33,56,21407.638507
33,57,20704.613273
33,63,19605.510685
33,72,18817.484807
33,77,18656.942024
33,83,18357.688804
33,91,18164.047480
33,95,17979.203700
33,106,17964.670953
33,115,17776.121056
33,126,17771.984625
33,131,17628.947556
34,45,26328.435305
34,46,25250.946992
34,47,24771.620694
34,48,24550.999635
34,49,23853.998491
34,50,23300.292351
34,51,23209.932689
34,52,22340.835566
34,53,21948.810056
34,55,21739.798295
34,56,21407.638507
34,57,20704.613273
34,63,19605.510685
34,72,18817.484807
34,73,18764.560189
34,77,18656.942024
34,83,18357.688804
34,91,18164.047480
34,95,17979.203700
34,106,17964.670953
34,115,17776.121056
34,119,17633.271883
34,131,17628.947556
35,45,26328.435305
35,46,25250.946992
35,47,24771.620694
35,48,24550.999635
35,49,23471.617184
35,50,23233.496739
35,51,23209.932689
35,52,22340.835566
35,53,21948.810056
35,55,21739.798295
35,56,21407.638507
35,57,20704.613273
35,60,20525.332642
35,63,19605.510685
35,71,18672.037511
35,77,18492.715761
35,83,18208.169763
35,89,18056.085502
35,94,17766.074104
35,111,17435.961042
36,45,26328.435305
36,46,25250.946992
36,47,24440.864695
36,49,23471.617184
36,50,23233.496739
36,51,22483.378313
36,52,22340.835566
36,53,21948.810056
36,55,21739.798295
36,56,21407.638507
36,57,20704.613273
36,60,20525.332642
36,63,19605.510685
36,71,18672.037511
36,77,18492.715761
36,83,18208.169763
36,89,18056.085502
36,94,17766.074104
36,111,17435.961042
36,114,17313.392311
37,45,26328.435305
37,46,25250.946992
37,47,24440.864695
37,49,23471.617184
37,50,23233.496739
37,51,22483.378313
37,52,22340.835566
37,53,21948.810056
37,54,21799.064175
37,55,21418.290502
37,56,21407.638507
37,57,20704.613273
37,58,20515.414926
37,63,19605.510685
37,65,19046.950911
37,71,18672.037511
37,76,18365.334158
37,83,18208.169763
37,89,17966.904336
37,94,17672.923531
37,100,17599.952879
37,108,17399.214607
37,112,17260.415118
37,114,17246.237013
38,45,26328.435305
38,46,25250.946992
38,47,24440.864695
38,49,23425.382312
38,50,22644.525776
38,51,22483.378313
38,52,21962.830242
38,53,21866.313321
38,54,21799.064175
38,55,21418.290502
38,56,21065.360999
38,57,20704.613273
38,58,20515.414926
38,60,20424.234790
38,63,19605.510685
38,65,19046.950911
38,71,18672.037511
38,76,18365.334158
38,83,18208.169763
38,89,17966.904336
38,94,17672.923531
38,100,17599.952879
38,108,17399.214607
38,112,17260.415118
38,114,17246.237013
38,115,17180.760701
39,45,26328.435305
39,46,25250.946992
39,47,24440.864695
39,49,22947.488894
39,50,22644.525776
39,51,22483.378313
39,52,21962.830242
39,53,21866.313321
39,54,21799.064175
39,55,21418.290502
39,56,21065.360999
39,57,20704.613273
39,58,20515.414926
39,60,20424.234790
39,63,19605.510685
39,65,19046.950911
39,71,18672.037511
39,74,18307.888321
39,81,18150.153486
39,88,17894.815331
39,94,17478.544524
39,108,17399.214607
39,111,17271.398590
39,112,17238.213322
39,114,17035.870871
40,45,26328.435305
40,46,25250.946992
40,47,24440.864695
40,49,22947.488894
40,50,22640.196778
40,51,22004.283763
40,52,21943.890082
40,53,21866.313321
40,54,21799.064175
40,55,21418.290502
40,56,21065.360999
40,57,20704.613273
40,58,20515.414926
40,60,20128.907066
40,62,19736.157287
40,63,19605.510685
40,65,19046.950911
40,71,18672.037511
40,74,18307.888321
40,81,18150.153486
40,88,17894.815331
40,91,17832.000006
40,94,17478.544524
40,108,17399.214607
40,109,17347.588141
40,111,17271.398590
40,112,17238.213322
40,114,17035.870871
41,45,26328.435305
41,46,25250.946992
41,47,24440.864695
41,49,22947.488894
41,50,22640.196778
41,51,21906.710601
41,53,21866.313321
41,54,21758.482654
41,55,21418.290502
41,56,21065.360999
41,57,20704.613273
41,58,20515.414926
41,60,20128.907066
41,62,19736.157287
41,63,19605.510685
41,65,19046.950911
41,71,18672.037511
41,74,18307.888321
41,81,18150.153486
41,87,17873.732318
41,91,17774.783372
41,92,17623.142533
41,93,17403.324048
41,106,17271.601568
41,109,17199.682698
41,110,17159.492049
41,111,17151.608931
41,113,17015.867321
41,116,16919.289875
42,45,26328.435305
42,46,25250.946992
42,47,24440.864695
42,49,22947.488894
42,50,22640.196778
42,51,21412.927125
42,56,21065.360999
42,57,20704.613273
42,58,20515.414926
42,60,19994.835325
42,62,19736.157287
42,63,19605.510685
42,65,19046.950911
42,71,18672.037511
42,74,18307.888321
42,81,18150.153486
42,87,17873.732318
42,90,17659.485737
42,91,17643.931797
42,92,17623.142533
42,93,17403.324048
42,100,17371.894939
42,106,17271.601568
42,109,17199.682698
42,110,17159.492049
42,111,17151.608931
42,113,17015.867321
42,116,16919.289875
43,45,26013.305166
43,46,25250.946992
43,47,24440.864695
43,49,22947.488894
43,50,22640.196778
43,51,21412.927125
43,56,21065.360999
43,57,20704.613273
43,58,20515.414926
43,60,19994.835325
43,62,19736.157287
43,63,19605.510685
43,65,19046.950911
43,71,18672.037511
43,74,18307.888321
43,81,18150.153486
43,87,17873.732318
43,90,17659.485737
43,91,17456.036123
43,92,17372.171206
43,100,17290.020439
43,105,17176.392185
43,107,17084.654191
43,110,16990.899411
43,112,16936.775791
43,115,16829.609102
44,45,26013.305166
44,46,23829.062362
44,49,22947.488894
44,50,21964.572097
44,51,21412.927125
44,56,21065.360999
44,57,20704.613273
44,58,20515.414926
44,59,20272.150261
44,60,19994.835325
44,62,19580.203964
44,65,19046.950911
44,67,18723.474961
44,71,18672.037511
44,74,18307.888321
44,81,18150.153486
44,87,17873.732318
44,90,17659.485737
44,91,17456.036123
44,92,17372.171206
44,100,17290.020439
44,101,17193.732288
44,105,17176.392185
44,107,17084.654191
44,110,16990.899411
44,112,16936.775791
44,115,16829.609102
45,45,26013.305166
45,46,23619.884172
45,49,22947.488894
45,50,21964.572097
45,51,21412.927125
45,55,20890.406338
45,57,20704.613273
45,58,20515.414926
45,59,20272.150261
45,60,19994.835325
45,61,19802.504440
45,62,19580.203964
45,65,19046.950911
45,67,18723.474961
45,71,18672.037511
45,74,18307.888321
45,80,17396.993540
45,89,17311.297953
45,92,17306.720539
45,100,17112.087875
45,104,16935.319280
45,109,16909.363532
45,111,16885.799797
45,115,16829.609102
46,45,26013.305166
46,46,23619.884172
46,49,22947.488894
46,50,21964.572097
46,51,21412.927125
46,52,20986.586185
46,54,20720.064182
46,57,20704.613273
46,58,20515.414926
46,59,20272.150261
46,60,19994.835325
46,61,19802.504440
46,62,19580.203964
46,65,19046.950911
46,67,18723.474961
46,71,18672.037511
46,74,18307.888321
46,80,17396.993540
46,89,17311.297953
46,92,17306.720539
46,100,17112.087875
46,104,16935.319280
46,109,16909.363532
46,111,16885.799797
46,115,16829.609102
47,45,26013.305166
47,46,23619.884172
47,49,22947.488894
47,50,21964.572097
47,51,21412.927125
47,52,20440.502987
47,57,19978.291543
47,61,19802.504440
47,62,19580.203964
47,65,19046.950911
47,67,18723.474961
47,71,18557.982353
47,73,17875.975547
47,80,17396.993540
47,88,17205.609948
47,100,17112.087875
47,103,16851.008747
47,111,16765.605494
47,113,16752.400677
48,45,26013.305166
48,46,23619.884172
48,49,22947.488894
48,50,21964.572097
48,51,21412.927125
48,52,20440.502987
48,57,19978.291543
48,58,19851.725882
48,61,19802.504440
48,62,19580.203964
48,65,19046.950911
48,67,18723.474961
48,71,18557.982353
48,73,17875.975547
48,80,17396.993540
48,88,17205.609948
48,100,17112.087875
48,103,16851.008747
48,111,16765.605494
48,113,16752.400677
49,45,26013.305166
49,46,23619.884172
49,47,23537.526319
49,49,22947.488894
49,50,21964.572097
49,51,21412.927125
49,52,20440.502987
49,55,20173.354260
49,57,19978.291543
49,58,19851.725882
49,61,19629.367115
49,62,19580.203964
49,65,19046.950911
49,67,18592.386192
49,70,18484.201150
49,73,17732.048111
49,80,17361.035002
49,88,17121.075123
49,97,16854.225654
49,103,16851.008747
49,111,16738.434310
50,45,26013.305166
50,46,23619.884172
50,47,23244.651818
50,49,22463.204444
50,50,21964.572097
50,51,20673.530801
50,52,20440.502987
50,55,20173.354260
50,56,19943.013500
50,58,19827.368221
50,61,19629.367115
50,62,19580.203964
50,65,19046.950911
50,67,18592.386192
50,70,18484.201150
50,73,17732.048111
50,80,17361.035002
50,88,17121.075123
50,97,16854.225654
50,103,16851.008747
50,111,16738.434310
51,45,26013.305166
51,46,23619.884172
51,47,23244.651818
51,49,22463.204444
51,50,21964.572097
51,51,20673.530801
51,52,20440.502987
51,55,20149.939011
51,56,19943.013500
51,58,19761.795231
51,59,19642.192347
51,61,19629.367115
51,62,19166.449467
51,65,19046.950911
51,67,18465.219549
51,69,18458.138234
51,72,17511.677747
51,79,17243.033560
51,88,17100.968087
51,97,16854.225654
51,103,16851.008747
51,110,16684.496506
52,45,24724.400415
52,46,23619.884172
52,47,23244.651818
52,48,23189.891621
52,49,22463.204444
52,50,21964.572097
52,51,20673.530801
52,52,20440.502987
52,55,20149.939011
52,56,19943.013500
52,58,19761.795231
52,59,19642.192347
52,61,19629.367115
52,62,19166.449467
52,65,19046.950911
52,67,18465.219549
52,69,18458.138234
52,71,18399.361449
52,72,17511.677747
52,79,17243.033560
52,86,17156.157181
52,88,17100.968087
52,97,16854.225654
52,103,16851.008747
52,106,16745.333078
52,110,16684.496506
53,45,24724.400415
53,46,23619.884172
53,47,23244.651818
53,48,23189.891621
53,49,22463.204444
53,50,21964.572097
53,51,20673.530801
53,52,20440.502987
53,54,19843.975445
53,58,19761.795231
53,59,19642.192347
53,61,19629.367115
53,62,19166.449467
53,65,19046.950911
53,67,18465.219549
53,68,18234.134874
53,72,17511.677747
53,78,17175.992149
53,82,17105.237421
53,88,17073.566717
53,97,16852.033644
53,103,16608.965687
54,45,24044.506116
54,46,23619.884172
54,47,23244.651818
54,48,23189.891621
54,49,22463.204444
54,50,21964.572097
54,51,20673.530801
54,52,20440.502987
54,54,19843.975445
54,58,19761.795231
54,59,19347.170564
54,62,18671.211068
54,67,18465.219549
54,68,18234.134874
54,72,17511.677747
54,78,17175.992149
54,82,17105.237421
54,88,17073.566717
54,97,16852.033644
54,103,16608.965687
55,45,24044.506116
55,46,23619.884172
55,47,23194.006831
55,48,23115.245744
55,49,22463.204444
55,50,21964.572097
55,51,20673.530801
55,52,20440.502987
55,54,19843.975445
55,58,19761.795231
55,59,19347.170564
55,62,18671.211068
55,66,18417.540677
55,68,18101.293266
55,72,17497.569251
55,77,17127.403503
55,79,17062.109886
55,87,17056.683576
55,88,16808.016424
55,90,16768.906799
55,103,16532.234506
56,45,24044.506116
56,46,23619.884172
56,47,23194.006831
56,48,23115.245744
56,49,22463.204444
56,50,21964.572097
56,51,20673.530801
56,52,20440.502987
56,54,19843.975445
56,57,19415.915358
56,58,19398.487486
56,59,19347.170564
56,62,18671.211068
56,66,18417.540677
56,68,18101.293266
56,72,17497.569251
56,77,17127.403503
56,79,17062.109886
56,87,16837.607319
56,88,16808.016424
56,90,16768.906799
56,103,16532.234506
57,45,24044.506116
57,46,23619.884172
57,47,22925.556281
57,49,22463.204444
57,50,21964.572097
57,51,20673.530801
57,52,20440.502987
57,54,19843.975445
57,55,19612.444391
57,57,19415.915358
57,58,19398.487486
57,59,19347.170564
57,62,18523.134957
57,65,18176.431967
57,67,17978.082377
57,72,17497.569251
57,77,17101.800438
57,79,17032.840523
57,87,16821.645863
57,88,16743.174992
57,89,16660.022401
57,103,16532.234506
58,45,24044.506116
58,46,23370.762409
58,47,22925.556281
58,48,22846.979924
58,49,22463.204444
58,50,21413.909363
58,51,20673.530801
58,52,20440.502987
58,54,19843.975445
58,55,19612.444391
58,57,19415.915358
58,58,19398.487486
58,59,19041.233582
58,62,18523.134957
58,65,18176.431967
58,67,17978.082377
58,72,17497.569251
58,77,17101.800438
58,79,17032.840523
58,87,16821.645863
58,88,16743.174992
58,89,16660.022401
58,103,16532.234506
59,45,24044.506116
59,46,23370.762409
59,47,22925.556281
59,48,22846.979924
59,49,22463.204444
59,50,21413.909363
59,51,20673.530801
59,52,20440.502987
59,54,19843.975445
59,55,19612.444391
59,56,19580.613569
59,57,19415.915358
59,58,19398.487486
59,59,19041.233582
59,62,18523.134957
59,65,18176.431967
59,67,17909.077802
59,72,17497.569251
59,75,17096.953742
59,78,16979.060510
59,87,16688.367303
59,88,16680.441744
59,89,16535.470543
59,103,16504.880000
60,45,23708.173347
60,46,23370.762409
60,47,22925.556281
60,48,22846.979924
60,49,22406.237693
60,50,21413.909363
60,51,20673.530801
60,52,20440.502987
60,54,19843.975445
60,55,19585.593923
60,56,19537.308800
60,57,19415.915358
60,58,19398.487486
60,59,19041.233582
60,61,19015.449635
60,62,18523.134957
60,65,18176.431967
60,67,17909.077802
60,72,17497.569251
60,75,17096.953742
60,78,16979.060510
60,85,16845.806031
60,87,16688.367303
60,88,16680.441744
60,89,16535.470543
60,103,16504.880000
61,45,23708.173347
61,46,23370.762409
61,47,22709.852517
61,49,22406.237693
61,50,21413.909363
61,51,20673.530801
61,52,20440.502987
61,54,19495.590865
61,55,19354.347923
61,59,19041.233582
61,61,18976.033846
61,62,18523.134957
61,65,18176.431967
61,67,17852.224334
61,72,17395.181542
61,74,16998.136944
61,77,16956.557822
61,84,16780.151754
61,87,16542.648733
61,89,16368.618679
62,45,23708.173347
62,46,23370.762409
62,47,22709.852517
62,49,21900.915722
62,50,21131.965571
62,51,20673.530801
62,52,20079.885209
62,54,19495.590865
62,55,19354.347923
62,56,19278.693791
62,59,19041.233582
62,61,18976.033846
62,62,18523.134957
62,65,18176.431967
62,67,17852.224334
62,72,17395.181542
62,74,16998.136944
62,77,16956.557822
62,84,16780.151754
62,87,16542.648733
62,89,16368.618679
62,102,16213.555814
63,45,23708.173347
63,46,23370.762409
63,47,22564.616160
63,49,21900.915722
63,50,21131.965571
63,51,20673.530801
63,52,20079.885209
63,54,19495.590865
63,55,19354.347923
63,56,19278.693791
63,59,19041.233582
63,61,18976.033846
63,62,18476.980053
63,65,18176.431967
63,67,17852.224334
63,72,17395.181542
63,73,16938.333598
63,84,16780.151754
63,87,16462.567995
63,89,16231.165721
63,101,16172.439960
64,45,23708.173347
64,46,23370.762409
64,47,22564.616160
64,48,21946.963176
64,49,21441.166114
64,50,20496.036937
64,52,20079.885209
64,54,19495.590865
64,55,19354.347923
64,56,19260.642571
64,59,19041.233582
64,61,18647.276252
64,62,18476.980053
64,65,18176.431967
64,67,17852.224334
64,72,17395.181542
64,73,16938.333598
64,84,16780.151754
64,87,16462.567995
64,89,16231.165721
64,99,16133.364981
64,102,16085.249693
65,45,23708.173347
65,46,23370.762409
65,47,22564.616160
65,48,21946.963176
65,49,21441.166114
65,50,20496.036937
65,52,20079.885209
65,54,19495.590865
65,55,19354.347923
65,56,19246.518358
65,57,19208.383948
65,59,19041.233582
65,60,18971.093197
65,61,18647.276252
65,62,18358.455418
65,65,18124.421047
65,67,17757.252278
65,70,17370.740301
65,73,16837.950415
65,79,16722.442360
65,87,16388.718907
65,89,16207.966118
65,99,16122.211971
65,101,16050.600780
66,45,23708.173347
66,46,23370.762409
66,47,22564.616160
66,48,21946.963176
66,49,21441.166114
66,50,20496.036937
66,52,20079.885209
66,54,19495.590865
66,55,19354.347923
66,56,18841.131712
66,59,18776.965939
66,61,18647.276252
66,62,18358.455418
66,65,18124.421047
66,67,17757.252278
66,70,17370.740301
66,73,16837.950415
66,79,16722.442360
66,87,16388.718907
66,89,16207.966118
66,99,16122.211971
66,101,16050.600780
67,45,23708.173347
67,46,23370.762409
67,47,22564.616160
67,48,21946.963176
67,49,21441.166114
67,50,20496.036937
67,52,19975.079014
67,53,19677.306463
67,54,19278.835737
67,56,18841.131712
67,59,18776.965939
67,61,18647.276252
67,62,18358.455418
67,65,18124.421047
67,66,17954.392887
67,67,17737.889217
67,69,17247.522129
67,73,16681.386468
67,86,16111.874872
67,101,15938.230243
68,45,23708.173347
68,46,23370.762409
68,47,22564.616160
68,48,21946.963176
68,49,21441.166114
68,50,20496.036937
68,52,19975.079014
68,53,19677.306463
68,54,19278.835737
68,56,18841.131712
68,59,18727.487843
68,61,18647.276252
68,62,18358.455418
68,65,18124.421047
68,66,17954.392887
68,67,17619.169727
68,69,17247.522129
68,73,16681.386468
68,76,16613.855900
68,79,16493.921159
68,86,16111.874872
68,98,16067.746018
68,101,15938.230243
69,45,23708.173347
69,46,23370.762409
69,47,22546.215524
69,48,21946.963176
69,49,21441.166114
69,50,20496.036937
69,52,19975.079014
69,53,19677.306463
69,54,19278.835737
69,56,18841.131712
69,59,18727.487843
69,61,18592.031065
69,62,17876.231201
69,67,17391.807897
69,69,17247.522129
69,73,16666.289235
69,75,16563.135308
69,78,16390.753238
69,86,16008.439356
69,96,15966.310538
69,101,15927.825021
70,45,23708.173347
70,46,23370.762409
70,47,22546.215524
70,48,21946.963176
70,49,21441.166114
70,50,20496.036937
70,52,19975.079014
70,53,19677.306463
70,54,19278.835737
70,56,18841.131712
70,59,18727.487843
70,61,18592.031065
70,62,17876.231201
70,67,17391.807897
70,69,17247.522129
70,73,16666.289235
70,75,16563.135308
70,78,16390.753238
70,85,16231.723117
70,86,16008.439356
70,96,15966.310538
70,101,15927.825021
71,45,23708.173347
71,46,23370.762409
71,47,22216.563936
71,48,21946.963176
71,49,20968.668332
71,50,20496.036937
71,52,19975.079014
71,53,19677.306463
71,54,19278.835737
71,55,19171.006172
71,56,18748.458141
71,59,18727.487843
71,61,18592.031065
71,62,17816.563932
71,67,17391.807897
71,69,17219.027650
71,73,16661.542711
71,75,16563.135308
71,76,16279.736983
71,82,16162.349021
71,86,16005.905257
71,96,15966.310538
71,97,15894.643245
72,45,23708.173347
72,46,23370.762409
72,47,22216.563936
72,48,21946.963176
72,49,20968.668332
72,50,20496.036937
72,51,19791.727697
72,53,19677.306463
72,54,19278.835737
72,55,19171.006172
72,56,18748.458141
72,59,18727.487843
72,61,18409.981108
72,62,17816.563932
72,67,17391.807897
72,69,17219.027650
72,73,16661.542711
72,75,16563.135308
72,76,16279.736983
72,82,16162.349021
72,86,16005.905257
72,94,15973.007291
72,96,15966.310538
72,97,15894.643245
73,45,23520.672042
73,46,23370.762409
73,47,22216.563936
73,48,21946.963176
73,49,20968.668332
73,50,20496.036937
73,51,19791.727697
73,53,19677.306463
73,54,19044.724829
73,56,18748.458141
73,59,18727.487843
73,61,18409.981108
73,62,17816.563932
73,67,17277.507690
73,69,17193.419137
73,73,16661.542711
73,75,16211.362099
73,81,16114.465813
73,86,16003.822238
73,93,15883.846998
73,97,15870.099340
74,45,23520.672042
74,46,23370.762409
74,47,22216.563936
74,48,21946.963176
74,49,20968.668332
74,50,20087.466429
74,51,19791.727697
74,53,19677.306463
74,54,19044.724829
74,55,18969.716272
74,56,18748.458141
74,59,18685.735731
74,60,18593.269739
74,61,18409.981108
74,62,17816.563932
74,67,17277.507690
74,69,17193.419137
74,73,16661.542711
74,75,16211.362099
74,81,16114.465813
74,86,16003.822238
74,91,15967.484205
74,93,15883.846998
74,97,15870.099340
75,45,23520.672042
75,46,23311.128824
75,47,22216.563936
75,48,21946.963176
75,49,20968.668332
75,50,20087.466429
75,51,19791.727697
75,53,19257.908292
75,54,19044.724829
75,55,18866.649657
75,56,18748.458141
75,59,18685.735731
75,60,18593.269739
75,61,18409.981108
75,62,17816.563932
75,63,17448.698766
75,65,17229.224689
75,69,17166.362516
75,73,16661.542711
75,75,16185.802324
75,81,16079.227499
75,85,15945.079418
75,90,15912.846346
75,93,15883.846998
75,97,15870.099340
76,45,23520.672042
76,46,23023.187378
76,47,22216.563936
76,48,21946.963176
76,49,20968.668332
76,50,20087.466429
76,51,19791.727697
76,53,19257.908292
76,54,19044.724829
76,55,18415.094906
76,61,18409.981108
76,62,17816.563932
76,63,17448.698766
76,65,17229.224689
76,69,17166.362516
76,70,17097.629059
76,73,16661.542711
76,75,16185.802324
76,81,16079.227499
76,85,15945.079418
76,90,15912.846346
76,93,15883.846998
76,97,15870.099340
77,45,23520.672042
77,46,23023.187378
77,47,22216.563936
77,48,21946.963176
77,49,20968.668332
77,50,20087.466429
77,51,19791.727697
77,53,19257.908292
77,54,19044.724829
77,55,18415.094906
77,61,18409.981108
77,62,17816.563932
77,63,17448.698766
77,65,17200.340969
77,68,17127.167516
77,69,17085.409754
77,73,16652.857929
77,75,16155.253133
77,81,16067.151182
77,85,15945.079418
77,89,15891.361579
77,93,15729.178634
78,45,23043.155311
78,46,23023.187378
78,47,22216.563936
78,48,21946.963176
78,49,20968.668332
78,50,20087.466429
78,51,19791.727697
78,52,19771.139275
78,53,19257.908292
78,54,19044.724829
78,55,18415.094906
78,61,18409.981108
78,62,17816.563932
78,63,17448.698766
78,65,17200.340969
78,68,17127.167516
78,69,17085.409754
78,73,16652.857929
78,75,16155.253133
78,81,16067.151182
78,85,15945.079418
78,89,15891.361579
78,93,15729.178634
79,45,23043.155311
79,46,23023.187378
79,47,22216.563936
79,48,21946.963176
79,49,20968.668332
79,50,20087.466429
79,51,19791.727697
79,52,19771.139275
79,53,19257.908292
79,54,19044.724829
79,55,18415.094906
79,60,18293.475152
79,62,17816.563932
79,63,17420.006588
79,65,17194.236980
79,68,17127.167516
79,69,16992.356205
79,73,16640.773056
79,74,16072.755097
79,81,15965.404693
79,85,15945.079418
79,89,15891.361579
79,93,15729.178634
80,45,23043.155311
80,46,23023.187378
80,47,22216.563936
80,48,21823.615842
80,49,20603.303228
80,50,20087.466429
80,51,19791.727697
80,52,19771.139275
80,53,19257.908292
80,54,19044.724829
80,55,18415.094906
80,60,18293.475152
80,62,17816.563932
80,63,17420.006588
80,65,17194.236980
80,68,17127.167516
80,69,16992.356205
80,73,16640.773056
80,74,16072.755097
80,81,15965.404693
80,85,15945.079418
80,89,15891.361579
80,93,15729.178634
81,45,23043.155311
81,46,23023.187378
81,47,22216.563936
81,48,21823.615842
81,49,20603.303228
81,50,20087.466429
81,51,19791.727697
81,52,19771.139275
81,53,19257.908292
81,54,19044.724829
81,55,18415.094906
81,60,18293.475152
81,62,17816.563932
81,63,17420.006588
81,65,17145.317089
81,67,17032.993998
81,69,16992.356205
81,72,16620.613349
81,74,16066.560146
81,81,15965.404693
81,85,15934.261698
81,89,15858.624842
81,93,15729.178634
82,45,23043.155311
82,46,23023.187378
82,47,22216.563936
82,48,21823.615842
82,49,20603.303228
82,50,20087.466429
82,51,19791.727697
82,52,19479.197161
82,53,19257.908292
82,54,19044.724829
82,55,18415.094906
82,57,18405.463955
82,60,18293.475152
82,62,17816.563932
82,63,17420.006588
82,65,17145.317089
82,67,17032.993998
82,69,16992.356205
82,72,16620.613349
82,74,16066.560146
82,81,15965.404693
82,84,15840.194053
82,93,15729.178634
83,45,23043.155311
83,46,23023.187378
83,47,22216.563936
83,48,21823.615842
83,49,20603.303228
83,50,20087.466429
83,51,19791.727697
83,52,19479.197161
83,53,19257.908292
83,54,19044.724829
83,55,18415.094906
83,57,18405.463955
83,60,18293.475152
83,62,17816.563932
83,63,17222.973276
83,65,17145.317089
83,67,16833.830758
83,71,16569.936101
83,74,16066.560146
83,79,15943.836382
83,82,15770.369325
83,93,15729.178634
84,45,23043.155311
84,46,22141.778243
84,48,21823.615842
84,49,20242.725841
84,50,20087.466429
84,51,19791.727697
84,52,19479.197161
84,53,19257.908292
84,54,18226.502437
84,62,17816.563932
84,63,17222.973276
84,65,17145.317089
84,67,16833.830758
84,71,16569.936101
84,74,16066.560146
84,79,15943.836382
84,82,15770.369325
84,93,15729.178634
85,45,23043.155311
85,46,22141.778243
85,48,21823.615842
85,49,20242.725841
85,50,20087.466429
85,51,19791.727697
85,52,19479.197161
85,53,19257.908292
85,54,18226.502437
85,62,17107.740225
85,67,16760.107509
85,71,16493.445255
85,74,16040.046987
85,78,15933.012736
85,82,15770.369325
85,93,15671.933412
86,45,23043.155311
86,46,22141.778243
86,47,21668.989196
86,49,20242.725841
86,50,20087.466429
86,51,19791.727697
86,52,19377.875035
86,53,19257.908292
86,54,18226.502437
86,62,17107.740225
86,67,16760.107509
86,71,16493.445255
86,74,16040.046987
86,78,15933.012736
86,82,15770.369325
86,85,15748.177736
86,93,15671.933412
87,45,23043.155311
87,46,22141.778243
87,47,21668.989196
87,49,20242.725841
87,50,20087.466429
87,51,19060.837835
87,54,18226.502437
87,61,17054.233560
87,67,16729.663354
87,71,16463.188890
87,74,16035.367703
87,78,15933.012736
87,82,15753.046262
87,85,15726.072252
87,93,15655.404968
88,44,23201.493379
88,45,23043.155311
88,46,22141.778243
88,47,21668.989196
88,49,20242.725841
88,50,20087.466429
88,51,19060.837835
88,54,18226.502437
88,61,17054.233560
88,67,16729.663354
88,71,16463.188890
88,74,16035.367703
88,78,15933.012736
88,82,15753.046262
88,85,15726.072252
88,88,15725.886808
88,93,15655.404968
89,44,23201.493379
89,45,22976.789524
89,46,22141.778243
89,47,21668.989196
89,48,21207.424184
89,49,20242.725841
89,50,20087.466429
89,51,19060.837835
89,54,18226.502437
89,60,17599.644056
89,61,17054.233560
89,67,16726.587961
89,71,16435.690209
89,74,16035.367703
89,78,15933.012736
89,81,15704.901560
89,85,15670.634936
89,93,15590.770626
90,44,23201.493379
90,45,22382.650662
90,46,22141.778243
90,47,21668.989196
90,48,21207.424184
90,49,20242.725841
90,50,20087.466429
90,51,19060.837835
90,54,18226.502437
90,60,17599.644056
90,61,17054.233560
90,67,16726.587961
90,71,16435.690209
90,74,16035.367703
90,78,15933.012736
90,81,15704.901560
90,85,15670.634936
90,93,15590.770626
91,44,23201.493379
91,45,22382.650662
91,46,22141.778243
91,47,21668.989196
91,48,21207.424184
91,49,20242.725841
91,50,20087.466429
91,51,19060.837835
91,53,17977.595009
91,60,17020.888767
91,67,16726.587961
91,71,16343.601480
91,74,16035.367703
91,78,15883.420709
91,81,15704.901560
91,85,15670.634936
91,93,15579.272912
92,44,23201.493379
92,45,22382.650662
92,46,22141.778243
92,47,21668.989196
92,48,21132.690269
92,49,20242.725841
92,50,20087.466429
92,51,19060.837835
92,53,17977.595009
92,60,17020.888767
92,67,16726.587961
92,71,16343.601480
92,74,15979.628956
92,78,15883.420709
92,80,15857.125848
92,81,15704.901560
92,85,15670.634936
92,93,15579.272912
93,44,23201.493379
93,45,22382.650662
93,46,22141.778243
93,47,21668.989196
93,48,21132.690269
93,49,20242.725841
93,50,20087.466429
93,51,19060.837835
93,53,17977.595009
93,59,17829.033948
93,60,16933.572259
93,67,16726.587961
93,71,15891.196678
93,78,15840.427394
93,80,15652.137313
93,85,15649.166203
93,93,15555.507255
94,44,23201.493379
94,45,22382.650662
94,46,22141.778243
94,47,21633.131760
94,48,21132.690269
94,49,20242.725841
94,50,20087.466429
94,51,19060.837835
94,53,17977.595009
94,59,17829.033948
94,60,16933.572259
94,67,16726.587961
94,71,15891.196678
94,78,15840.427394
94,80,15652.137313
94,85,15649.166203
94,88,15577.196417
94,93,15555.507255
95,44,23201.493379
95,45,22205.106270
95,46,22141.778243
95,47,21633.131760
95,48,21132.690269
95,49,20242.725841
95,50,20077.619521
95,51,19060.837835
95,53,17977.595009
95,57,17783.501460
95,60,16933.572259
95,62,16620.625476
95,71,15891.196678
95,78,15840.427394
95,80,15652.137313
95,85,15649.166203
95,86,15538.973031
96,44,23201.493379
96,45,22205.106270
96,46,22109.792938
96,47,21633.131760
96,48,19932.770715
96,51,19060.837835
96,53,17977.595009
96,57,17783.501460
96,60,16933.572259
96,62,16620.625476
96,71,15891.196678
96,78,15571.635567
96,86,15538.973031
96,89,15528.121550
97,44,23201.493379
97,45,22205.106270
97,46,22109.792938
97,47,21633.131760
97,48,19932.770715
97,51,19060.837835
97,52,18855.809471
97,53,17977.595009
97,57,17393.763871
97,60,16933.572259
97,62,16620.625476
97,68,16519.107895
97,71,15857.385772
97,78,15526.654549
98,44,23201.493379
98,45,22205.106270
98,46,22109.792938
98,47,21441.166594
98,48,19882.908079
98,50,19598.498136
98,51,19060.837835
98,52,18814.502414
98,53,17977.595009
98,57,17393.763871
98,60,16933.572259
98,62,16620.625476
98,68,16519.107895
98,71,15857.385772
98,74,15854.517631
98,76,15718.301111
98,78,15526.654549
99,44,23201.493379
99,45,22205.106270
99,46,21957.321294
99,47,21441.166594
99,48,19882.908079
99,49,19632.456919
99,50,19598.498136
99,51,18748.888923
99,53,17977.595009
99,57,17339.565335
99,60,16905.292545
99,62,16620.625476
99,68,16519.107895
99,71,15834.474204
99,76,15718.301111
99,77,15517.140840
100,44,23201.493379
100,45,22205.106270
100,46,21957.321294
100,47,21441.166594
100,48,19882.908079
100,49,19632.456919
100,50,19598.498136
100,51,18748.888923
100,53,17977.595009
100,57,17339.565335
100,60,16905.292545
100,62,16620.625476
100,68,16519.107895
100,71,15834.474204
100,76,15718.301111
100,77,15517.140840
101,44,23201.493379
101,45,22205.106270
101,46,21957.321294
101,47,21441.166594
101,48,19882.908079
101,49,19632.456919
101,50,19410.167157
101,51,17931.680600
101,57,17339.565335
101,60,16905.292545
101,62,16582.877047
101,67,16463.816336
101,71,15834.474204
101,76,15718.301111
101,77,15517.140840
102,44,23201.493379
102,45,22205.106270
102,46,21957.321294
102,47,21441.166594
102,48,19882.908079
102,49,19632.456919
102,50,19410.167157
102,51,17931.680600
102,57,17339.565335
102,60,16905.292545
102,62,16582.877047
102,67,16463.816336
102,71,15834.474204
102,76,15718.301111
102,77,15517.140840
103,44,23201.493379
103,45,22205.106270
103,46,21957.321294
103,47,21441.166594
103,48,19882.908079
103,49,19632.456919
103,50,19410.167157
103,51,17931.680600
103,56,17309.190144
103,57,17208.797959
103,60,16874.791671
103,61,16536.996508
103,67,16463.816336
103,68,16303.182508
103,71,15834.474204
103,76,15705.175576
103,77,15517.140840
104,44,22818.071562
104,45,22205.106270
104,46,21957.321294
104,47,21441.166594
104,48,19882.908079
104,49,19632.456919
104,50,19410.167157
104,51,17931.680600
104,54,17172.609058
104,60,16874.791671
104,61,16536.996508
104,65,16432.640028
104,68,16303.182508
104,71,15834.474204
104,75,15710.451787
104,76,15705.175576
104,77,15517.140840
105,44,22818.071562
105,45,22205.106270
105,46,21957.321294
105,47,21441.166594
105,48,19882.908079
105,49,19632.456919
105,50,19410.167157
105,51,17925.936169
105,54,17119.612491
105,60,16801.669902
105,61,16506.027415
105,65,16398.322561
105,68,16281.354695
105,71,15834.474204
105,75,15696.837330
105,77,15496.652294
106,44,22818.071562
106,45,22205.106270
106,46,21957.321294
106,47,20307.918144
106,48,19882.908079
106,49,19632.456919
106,50,19164.556996
106,51,17925.936169
106,54,17119.612491
106,60,16801.669902
106,61,16506.027415
106,65,16398.322561
106,68,16281.354695
106,71,15834.474204
106,75,15696.837330
106,77,15496.652294
107,43,23177.214130
107,44,22818.071562
107,45,22205.106270
107,46,21957.321294
107,47,20307.918144
107,48,19882.908079
107,49,19632.456919
107,50,18933.685623
107,51,17852.237297
107,54,17119.612491
107,60,16781.524152
107,61,16506.027415
107,63,16302.771870
107,68,16281.354695
107,71,15834.474204
107,75,15696.837330
107,76,15436.714387
108,43,23177.214130
108,44,22818.071562
108,45,22205.106270
108,46,21957.321294
108,47,20307.918144
108,48,19882.908079
108,49,19632.456919
108,50,18933.685623
108,51,17852.237297
108,54,17119.612491
108,60,16781.524152
108,61,16506.027415
108,63,16302.771870
108,68,16281.354695
108,71,15834.474204
108,75,15696.837330
108,76,15436.714387
109,43,23177.214130
109,44,22818.071562
109,45,22205.106270
109,46,21018.000441
109,47,20307.918144
109,48,19882.908079
109,49,19632.456919
109,50,18824.928761
109,51,17795.343675
109,54,17119.612491
109,60,16412.017179
109,63,16302.771870
109,67,16231.757732
109,71,15796.260963
109,75,15687.533092
109,76,15436.714387
110,43,23177.214130
110,44,22818.071562
110,45,22205.106270
110,46,21018.000441
110,47,20307.918144
110,48,19882.908079
110,49,19375.997445
110,50,18824.928761
110,51,17795.343675
110,54,17119.612491
110,57,17020.508607
110,60,16412.017179
110,63,16302.771870
110,67,16231.757732
110,71,15796.260963
110,75,15687.533092
110,76,15436.714387
111,43,23177.214130
111,44,22818.071562
111,45,22205.106270
111,46,21018.000441
111,47,20307.918144
111,48,19882.908079
111,49,19375.997445
111,50,18824.928761
111,51,17722.909467
111,54,17119.612491
111,57,16942.038871
111,58,16923.295584
111,60,16384.251124
111,63,16302.771870
111,67,16215.029109
111,71,15772.042496
111,75,15660.924724
111,76,15436.714387
112,43,23177.214130
112,44,22818.071562
112,45,21781.899927
112,46,21018.000441
112,47,20307.918144
112,48,19882.908079
112,49,19375.997445
112,50,18824.928761
112,51,17722.909467
112,54,17119.612491
112,57,16942.038871
112,58,16923.295584
112,60,16384.251124
112,63,16195.629610
112,66,16106.115005
112,71,15772.042496
112,75,15660.924724
112,76,15436.714387
113,43,23177.214130
113,44,22638.970313
113,45,21781.899927
113,46,21018.000441
113,47,20307.918144
113,48,19882.908079
113,49,19375.997445
113,50,18824.928761
113,51,17722.909467
113,53,17097.544567
113,55,17035.160058
113,56,16870.053449
113,60,16326.269433
113,63,16051.190539
113,71,15749.270496
113,75,15653.789112
113,76,15426.301785
114,43,23177.214130
114,44,22638.970313
114,45,21781.899927
114,46,21018.000441
114,47,20307.918144
114,48,19882.908079
114,49,19375.997445
114,50,18824.928761
114,51,17722.909467
114,53,17097.544567
114,55,16897.892344
114,56,16870.053449
114,60,16326.269433
114,63,16051.190539
114,71,15749.270496
114,75,15653.789112
114,76,15426.301785
115,43,23177.214130
115,44,22465.199265
115,45,21781.899927
115,46,21018.000441
115,47,20307.918144
115,48,19269.100121
115,49,19251.686082
115,50,18711.321754
115,51,17722.909467
115,52,17043.775672
115,54,16882.033811
115,56,16650.116909
115,60,16317.850700
115,63,16024.597834
115,71,15707.305958
115,74,15534.257814
115,76,15425.706628
116,43,23177.214130
116,44,22465.199265
116,45,21781.899927
116,46,21018.000441
116,47,20307.918144
116,48,19269.100121
116,49,19251.686082
116,50,18711.321754
116,51,17722.909467
116,52,17043.775672
116,54,16882.033811
116,56,16650.116909
116,60,16317.850700
116,63,16024.597834
116,71,15707.305958
116,74,15534.257814
116,76,15425.706628
117,43,23177.214130
117,44,22465.199265
117,45,21781.899927
117,46,21018.000441
117,47,20307.918144
117,48,19269.100121
117,49,19251.686082
117,50,18397.625060
117,51,17705.110077
117,52,17043.775672
117,54,16841.271023
117,55,16593.771382
117,60,16284.889771
117,63,16024.597834
117,71,15597.548258
117,73,15491.089414
117,76,15425.706628
118,43,23177.214130
118,44,22465.199265
118,45,21781.899927
118,46,21018.000441
118,47,20036.263531
118,48,19269.100121
118,49,19251.686082
118,50,18397.625060
118,51,17705.110077
118,52,17043.775672
118,54,16841.271023
118,55,16593.771382
118,56,16560.073524
118,60,16284.889771
118,63,16024.597834
118,71,15597.548258
118,73,15491.089414
118,76,15425.706628
119,43,22615.893238
119,44,22465.199265
119,45,21781.899927
119,46,21018.000441
119,47,20036.263531
119,48,19269.100121
119,49,19251.686082
119,50,18397.625060
119,51,17705.110077
119,52,17043.775672
119,54,16841.271023
119,55,16590.714905
119,56,16526.940786
119,57,16504.177956
119,59,16273.680878
119,63,16024.597834
119,71,15597.548258
119,73,15491.089414
119,76,15402.758037
120,43,22615.893238
120,44,22465.199265
120,45,21781.899927
120,46,21018.000441
120,47,20036.263531
120,48,19268.841965
120,49,19251.686082
120,50,18397.625060
120,51,17705.110077
120,52,17043.775672
120,54,16841.271023
120,55,16590.714905
120,56,16526.940786
120,57,16504.177956
120,59,16273.680878
120,63,16024.597834
120,71,15597.548258
120,73,15491.089414
120,76,15402.758037
121,43,22615.893238
121,44,22465.199265
121,45,21781.899927
121,46,21018.000441
121,47,20036.263531
121,48,19131.559699
121,50,18397.625060
121,51,17705.110077
121,52,17023.383989
121,54,16702.051360
121,55,16590.714905
121,56,16517.620258
121,57,16445.924463
121,58,16251.938484
121,63,15936.849552
121,71,15547.976580
121,73,15483.829915
121,76,15398.242932
122,43,22615.893238
122,44,22465.199265
122,45,21781.899927
122,46,21018.000441
122,47,19164.217825
122,48,19131.559699
122,50,18397.625060
122,51,17705.110077
122,52,17023.383989
122,54,16702.051360
122,55,16590.714905
122,56,16517.620258
122,57,16445.924463
122,58,16251.938484
122,63,15936.849552
122,71,15547.976580
122,73,15483.829915
122,76,15398.242932
123,43,22615.893238
123,44,22465.199265
123,45,21781.899927
123,46,21018.000441
123,47,19164.217825
123,48,19131.559699
123,50,18397.625060
123,51,16984.162334
123,54,16606.740576
123,55,16510.489615
123,56,16428.466677
123,58,16194.076060
123,63,15936.849552
123,71,15547.976580
123,73,15483.829915
123,76,15391.860698
124,43,22615.893238
124,44,22465.199265
124,45,21781.899927
124,46,21018.000441
124,47,19164.217825
124,48,19131.559699
124,50,18397.625060
124,51,16984.162334
124,54,16606.740576
124,55,16510.489615
124,56,16428.466677
124,58,16194.076060
124,63,15936.849552
124,71,15547.976580
124,73,15483.829915
124,76,15391.860698
124,78,15291.265006
125,43,22615.893238
125,44,22465.199265
125,45,21781.899927
125,46,21018.000441
125,47,19164.217825
125,48,19131.559699
125,50,18397.625060
125,51,16865.986639
125,54,16574.928761
125,55,16510.489615
125,56,16401.684695
125,58,16193.271499
125,63,15936.849552
125,70,15490.818428
125,73,15453.973089
125,75,15367.617238
125,78,15291.265006
126,43,22615.893238
126,44,22465.199265
126,45,21781.899927
126,46,21018.000441
126,47,19164.217825
126,48,19131.559699
126,50,18397.625060
126,51,16865.986639
126,54,16574.928761
126,55,16510.489615
126,56,16401.684695
126,58,16193.271499
126,63,15936.849552
126,70,15490.818428
126,73,15453.973089
126,75,15367.617238
126,78,15291.265006
127,43,22615.893238
127,44,22157.196252
127,45,21781.899927
127,46,21018.000441
127,47,19164.217825
127,48,19131.559699
127,50,18397.625060
127,51,16865.986639
127,54,16470.823354
127,56,16328.988884
127,58,16165.914031
127,63,15936.849552
127,67,15748.678550
127,70,15490.818428
127,73,15447.718104
127,75,15367.617238
127,76,15247.482927
128,43,22615.893238
128,44,22157.196252
128,45,21781.899927
128,46,21018.000441
128,47,19164.217825
128,48,19131.559699
128,50,18397.625060
128,51,16865.986639
128,54,16470.823354
128,56,16328.988884
128,58,16165.914031
128,63,15936.849552
128,67,15748.678550
128,70,15490.818428
128,73,15447.718104
128,75,15367.617238
128,76,15247.482927
129,43,22615.893238
129,44,22157.196252
129,45,21781.899927
129,46,21018.000441
129,47,19164.217825
129,48,19131.559699
129,49,18701.946954
129,50,18397.625060
129,51,16831.669172
129,54,16409.985374
129,56,16236.846425
129,58,16137.624222
129,63,15846.251164
129,67,15748.678550
129,70,15490.818428
129,72,15405.933156
129,75,15203.227711
130,43,22615.893238
130,44,22157.196252
130,45,21781.899927
130,46,21018.000441
130,47,19164.217825
130,48,19131.559699
130,49,18701.946954
130,50,18397.625060
130,51,16831.669172
130,54,16409.985374
130,56,16236.846425
130,58,16137.624222
130,60,15856.396616
130,63,15846.251164
130,64,15812.648372
130,66,15743.541263
130,70,15490.818428
130,72,15405.933156
130,75,15203.227711
131,43,22615.893238
131,44,22157.196252
131,45,21781.899927
131,46,21018.000441
131,47,19164.217825
131,48,19131.559699
131,49,18701.946954
131,50,18397.625060
131,51,16831.669172
131,54,16409.985374
131,56,16236.846425
131,58,16082.049397
131,60,15840.131145
131,63,15839.249350
131,64,15812.648372
131,66,15743.541263
131,70,15490.818428
131,72,15404.691706
131,75,15185.800006
132,43,22615.893238
132,44,22157.196252
132,45,21781.899927
132,46,20468.841589
132,47,19164.217825
132,48,19131.559699
132,49,18701.946954
132,50,18397.625060
132,51,16831.669172
132,54,16409.985374
132,56,16236.846425
132,58,16082.049397
132,60,15840.131145
132,63,15839.249350
132,64,15812.648372
132,66,15743.541263
132,70,15490.818428
132,72,15404.691706
132,75,15185.800006
133,43,22615.893238
133,44,22157.196252
133,45,21781.899927
133,46,20468.841589
133,47,19164.217825
133,48,19131.559699
133,49,18701.946954
133,50,18397.625060
133,51,16831.669172
133,54,16409.985374
133,56,16164.728774
133,58,16082.049397
133,60,15791.640124
133,64,15762.014994
133,66,15743.541263
133,70,15434.665839
133,72,15404.691706
133,75,15185.800006
134,43,22615.893238
134,44,21793.016575
134,45,21781.899927
134,46,20468.841589
134,47,19164.217825
134,48,19131.559699
134,49,18523.267803
134,50,18397.625060
134,51,16831.669172
134,53,16617.762869
134,54,16409.985374
134,55,16294.528539
134,56,16164.728774
134,58,16082.049397
134,60,15791.640124
134,64,15762.014994
134,66,15743.541263
134,69,15699.639334
134,70,15434.665839
134,72,15404.691706
134,74,15396.317903
134,75,15185.800006
135,43,22615.893238
135,44,21504.951451
135,46,20468.841589
135,47,19164.217825
135,48,19131.559699
135,49,18523.267803
135,50,18397.625060
135,51,16831.669172
135,53,16617.762869
135,54,16409.985374
135,55,16294.528539
135,56,16132.389204
135,58,16082.049397
135,59,15777.053726
135,64,15762.014994
135,66,15648.357409
135,70,15434.665839
135,72,15401.716024
135,74,15394.927475
135,75,15185.800006
136,43,22319.312149
136,44,21504.951451
136,46,20468.841589
136,47,19164.217825
136,48,19076.853333
136,49,18523.267803
136,50,18397.625060
136,51,16831.669172
136,53,16617.762869
136,54,16409.985374
136,55,16294.528539
136,56,16132.389204
136,58,16082.049397
136,59,15777.053726
136,64,15762.014994
136,66,15648.357409
136,70,15434.665839
136,72,15401.716024
136,74,15394.927475
136,75,15185.800006
137,43,22319.312149
137,44,21504.951451
137,46,20468.841589
137,47,19164.217825
137,48,19076.853333
137,49,17653.045442
137,51,16831.669172
137,53,16515.837060
137,54,16409.985374
137,55,16275.891644
137,56,16132.389204
137,58,16082.049397
137,59,15777.053726
137,64,15729.048649
137,66,15643.117969
137,70,15422.593472
137,72,15401.716024
137,74,15389.868354
137,75,15168.907614
138,43,22319.312149
138,44,21504.951451
138,46,20468.841589
138,47,19164.217825
138,48,19076.853333
138,49,17653.045442
138,51,16831.669172
138,53,16430.049165
138,54,16409.985374
138,55,16275.891644
138,56,16132.389204
138,58,16082.049397
138,59,15777.053726
138,64,15729.048649
138,66,15643.117969
138,70,15422.593472
138,72,15401.716024
138,74,15389.868354
138,75,15168.907614
139,43,22319.312149
139,44,21504.951451
139,46,20248.497886
139,47,19164.217825
139,48,18791.185094
139,49,17653.045442
139,50,16515.320568
139,51,16426.334999
139,53,16381.968435
139,55,16096.440910
139,58,16035.323363
139,59,15766.925955
139,64,15707.000172
139,66,15569.322431
139,68,15390.911430
139,71,15372.025657
139,73,15351.799001
139,74,15161.725190
140,43,22319.312149
140,44,21504.951451
140,46,19592.550639
140,47,19164.217825
140,48,18791.185094
140,49,17653.045442
140,50,16515.320568
140,51,16426.334999
140,53,16381.968435
140,55,16096.440910
140,58,16035.323363
140,59,15766.925955
140,64,15707.000172
140,66,15569.322431
140,68,15390.911430
140,71,15372.025657
140,73,15351.799001
140,74,15161.725190
141,43,22319.312149
141,44,21504.951451
141,46,19592.550639
141,47,19147.928053
141,48,18791.185094
141,49,17653.045442
141,50,16515.320568
141,51,16426.334999
141,53,16263.430092
141,55,16096.440910
141,58,15766.219587
141,64,15707.000172
141,66,15555.553093
141,68,15390.911430
141,71,15363.249250
141,73,15351.799001
141,74,15147.036401
142,43,22319.312149
142,44,21504.951451
142,46,19592.550639
142,47,19147.928053
142,48,18791.185094
142,49,17589.135899
142,50,16515.320568
142,51,16426.334999
142,52,16392.624811
142,53,16263.430092
142,55,16096.440910
142,58,15766.219587
142,64,15707.000172
142,66,15555.553093
142,68,15390.911430
142,71,15363.249250
142,73,15159.925913
142,74,15147.036401
143,43,22319.312149
143,44,21504.951451
143,46,19591.778972
143,47,19147.928053
143,48,18791.185094
143,49,17589.135899
143,50,16515.320568
143,51,16426.334999
143,52,16392.624811
143,53,16263.430092
143,55,16064.920057
143,58,15750.725661
143,64,15707.000172
143,66,15555.553093
143,68,15390.911430
143,71,15251.275947
143,73,15146.711724
143,74,15126.023621
144,43,22099.442538
144,44,21208.994900
144,45,20070.315432
144,46,19591.778972
144,47,19147.928053
144,48,18791.185094
144,49,17589.135899
144,50,16515.320568
144,51,16426.334999
144,52,16392.624811
144,53,16263.430092
144,55,16064.920057
144,58,15750.725661
144,64,15707.000172
144,66,15555.553093
144,68,15390.911430
144,71,15251.275947
144,73,15146.711724
144,74,15126.023621
145,43,22099.442538
145,44,20528.973812
145,45,20070.315432
145,46,19591.778972
145,47,19147.928053
145,48,17310.405947
145,50,16515.320568
145,51,16426.334999
145,52,16392.624811
145,53,16223.632606
145,54,16211.623786
145,55,16057.897665
145,58,15702.291371
145,64,15670.765719
145,66,15519.802414
145,68,15363.016833
145,70,15175.390002
145,72,15106.665650
145,73,15099.855742
146,43,22099.442538
146,44,20528.973812
146,45,20070.315432
146,46,19591.778972
146,47,19147.928053
146,48,16636.565358
146,50,16515.320568
146,51,16302.424260
146,53,16223.632606
146,54,16211.623786
146,55,16057.897665
146,58,15702.291371
146,64,15670.765719
146,66,15519.802414
146,68,15363.016833
146,70,15175.390002
146,72,15106.665650
146,73,15099.855742
147,43,22099.442538
147,44,20528.973812
147,45,20070.315432
147,46,19591.778972
147,47,19147.928053
147,48,16636.565358
147,49,16335.299943
147,50,16244.866384
147,52,16174.268865
147,55,16041.222211
147,58,15699.932471
147,63,15650.516537
147,66,15470.357282
147,68,15363.016833
147,70,15175.390002
147,72,15091.428743
147,73,15087.526304
148,43,20899.333597
148,44,20528.973812
148,45,20070.315432
148,46,19591.778972
148,47,18813.057590
148,48,16636.565358
148,49,16335.299943
148,50,16244.866384
148,52,16174.268865
148,55,16041.222211
148,58,15699.932471
148,63,15650.516537
148,66,15470.357282
148,68,15363.016833
148,70,15175.390002
148,72,15091.428743
148,73,15087.526304
149,43,20899.333597
149,44,20528.973812
149,45,20070.315432
149,46,19591.778972
149,47,18813.057590
149,48,16636.565358
149,49,16335.299943
149,50,16232.484956
149,52,16174.268865
149,55,16041.222211
149,58,15699.932471
149,63,15626.997288
149,66,15470.357282
149,68,15363.016833
149,70,15175.390002
149,72,15058.227497
150,42,21492.718911
150,43,20899.333597
150,44,20528.973812
150,45,20070.315432
150,46,19591.778972
150,47,16447.796066
150,49,16202.754311
150,52,16174.268865
150,55,16041.222211
150,58,15699.932471
150,63,15626.997288
150,66,15470.357282
150,68,15363.016833
150,70,15175.390002
150,72,15058.227497
151,42,21492.718911
151,43,20899.333597
151,44,20528.973812
151,45,20070.315432
151,46,19591.778972
151,47,16447.796066
151,49,16202.754311
151,52,16161.531129
151,55,15986.812390
151,58,15693.349612
151,63,15605.794616
151,66,15424.890286
151,68,15362.960821
151,69,15174.559215
151,70,14915.663014
152,42,21492.718911
152,43,20899.333597
152,44,20528.973812
152,45,20070.315432
152,46,19591.778972
152,47,16447.796066
152,48,16388.799993
152,49,16202.754311
152,52,16161.531129
152,54,16053.819824
152,55,15986.812390
152,58,15693.349612
152,63,15605.794616
152,66,15424.890286
152,68,15362.960821
152,69,15174.559215
152,70,14915.663014
153,42,21492.718911
153,43,20833.554950
153,44,20528.973812
153,45,20070.315432
153,46,19591.778972
153,47,16447.796066
153,48,16388.799993
153,49,16146.426250
153,51,16138.109270
153,54,16053.819824
153,55,15962.784335
153,58,15693.349612
153,63,15584.431606
153,66,15399.905573
153,68,15337.790676
153,69,15150.124468
153,70,14892.939737
154,42,21180.729157
154,43,20833.554950
154,44,20342.854282
154,45,20070.315432
154,46,19591.778972
154,47,16447.796066
154,48,16388.799993
154,49,16146.426250
154,51,16138.109270
154,54,16053.819824
154,55,15962.784335
154,58,15693.349612
154,63,15584.431606
154,66,15399.905573
154,68,15337.790676
154,69,15150.124468
154,70,14892.939737
155,42,21180.729157
155,43,20833.554950
155,44,20342.854282
155,45,20070.315432
155,46,19479.567692
155,47,16447.796066
155,48,16338.724021
155,49,16131.538763
155,50,16095.948120
155,54,16053.819824
155,55,15939.251534
155,58,15680.614059
155,63,15584.431606
155,66,15393.826164
155,68,15337.790676
155,69,15150.124468
155,70,14872.786570
156,42,21180.729157
156,43,20833.554950
156,44,20342.854282
156,45,20006.408431
156,46,19479.567692
156,47,16424.564588
156,48,16315.492544
156,49,16131.538763
156,50,16095.948120
156,54,16053.819824
156,55,15939.251534
156,58,15680.614059
156,63,15584.431606
156,66,15393.826164
156,68,15337.790676
156,69,15150.124468
156,70,14872.786570
157,42,21180.729157
157,43,20833.554950
157,44,20342.854282
157,45,20006.408431
157,46,19479.567692
157,47,16424.564588
157,48,16314.819113
157,49,16090.378012
157,50,16088.559169
157,54,16037.065717
157,55,15939.251534
157,58,15680.614059
157,63,15513.326034
157,65,15373.994803
157,68,15337.790676
157,69,15150.124468
157,70,14845.821084
158,42,21180.729157
158,43,20403.235463
158,44,20342.854282
158,45,20006.408431
158,46,16914.058626
158,47,16423.891157
158,48,16314.819113
158,49,16090.378012
158,50,16088.559169
158,54,16037.065717
158,55,15939.251534
158,58,15680.614059
158,62,15641.474082
158,63,15513.326034
158,65,15373.994803
158,68,15337.790676
158,69,15150.124468
158,70,14845.821084
159,42,21180.729157
159,43,20403.235463
159,44,20342.854282
159,45,20006.408431
159,46,16914.058626
159,47,16423.891157
159,48,16279.468884
159,49,16090.378012
159,50,16024.864605
159,54,15895.261424
159,57,15664.813689
159,62,15588.655686
159,63,15513.326034
159,65,15345.183483
159,68,15337.790676
159,69,15150.124468
159,70,14845.821084
160,42,21180.729157
160,43,20403.235463
160,44,20342.854282
160,45,17901.394568
160,46,16914.058626
160,47,16386.698653
160,48,16277.626608
160,49,16090.378012
160,50,16024.864605
160,54,15895.261424
160,57,15664.813689
160,62,15588.655686
160,63,15513.326034
160,65,15345.183483
160,68,15337.790676
160,69,15150.124468
160,70,14845.821084
161,42,21180.729157
161,43,20403.235463
161,44,20342.854282
161,45,17901.394568
161,46,16914.058626
161,47,16386.698653
161,48,16277.626608
161,49,16036.640591
161,50,15969.845380
161,54,15877.274701
161,56,15651.021181
161,62,15588.655686
161,63,15421.926510
161,65,15306.633118
161,69,15110.964149
161,70,14832.207219
162,42,21180.729157
162,43,20403.235463
162,44,20342.854282
162,45,17901.394568
162,46,16914.058626
162,47,16386.698653
162,48,16277.626608
162,49,16036.640591
162,50,15969.845380
162,54,15877.274701
162,56,15651.021181
162,62,15588.655686
162,63,15421.926510
162,65,15306.633118
162,69,15110.964149
162,70,14832.207219
163,42,21180.729157
163,43,20403.235463
163,44,20342.854282
163,45,17901.394568
163,46,16864.362500
163,47,16386.698653
163,48,16245.171170
163,49,15990.948144
163,50,15943.211758
163,54,15877.274701
163,56,15586.823639
163,63,15402.953268
163,65,15306.633118
163,69,15110.964149
163,70,14822.013852
164,42,21169.095717
164,43,20403.235463
164,44,20342.854282
164,45,17901.394568
164,46,16864.362500
164,47,16386.698653
164,48,16245.171170
164,49,15990.948144
164,50,15943.211758
164,54,15877.274701
164,56,15586.823639
164,63,15402.953268
164,65,15306.633118
164,69,15110.964149
164,70,14822.013852
165,42,21169.095717
165,43,20403.235463
165,44,20342.854282
165,45,17901.394568
165,46,16864.362500
165,47,16386.698653
165,48,16245.171170
165,49,15989.430765
165,50,15943.211758
165,54,15862.133597
165,56,15578.087821
165,61,15510.947560
165,63,15391.933896
165,65,15299.260249
165,69,14761.777292
166,42,21169.095717
166,43,20403.235463
166,44,20028.448291
166,45,17901.394568
166,46,16864.362500
166,47,16386.698653
166,48,16245.171170
166,49,15989.430765
166,50,15943.211758
166,54,15862.133597
166,56,15578.087821
166,61,15510.947560
166,63,15391.933896
166,65,15299.260249
166,69,14761.777292
167,42,20979.519882
167,43,20403.235463
167,44,20028.448291
167,45,17901.394568
167,46,16864.362500
167,47,16346.156055
167,48,16151.541221
167,49,15989.430765
167,50,15943.211758
167,54,15862.133597
167,56,15572.350667
167,60,15494.709498
167,63,15362.841093
167,65,15299.260249
167,68,14757.961815
168,42,20979.519882
168,43,20403.235463
168,44,20028.448291
168,45,17403.464684
168,46,16864.362500
168,47,16346.156055
168,48,16151.541221
168,49,15989.430765
168,50,15943.211758
168,54,15862.133597
168,56,15572.350667
168,60,15494.709498
168,63,15362.841093
168,65,15299.260249
168,68,14757.961815
169,42,20979.519882
169,43,20403.235463
169,44,20028.448291
169,45,17403.464684
169,46,16864.362500
169,47,16346.156055
169,48,16059.410198
169,49,15976.781123
169,50,15904.132843
169,54,15851.840660
169,56,15560.246399
169,60,15489.180749
169,62,15245.182992
169,65,15218.751365
169,68,14757.961815
170,42,20557.784780
170,43,20403.235463
170,44,20028.448291
170,45,17403.464684
170,46,16864.362500
170,47,16346.156055
170,48,16059.410198
170,49,15976.781123
170,50,15904.132843
170,54,15851.840660
170,56,15560.246399
170,60,15489.180749
170,62,15245.182992
170,65,15218.751365
170,68,14757.961815
171,42,20557.784780
171,43,20403.235463
171,44,18714.802515
171,45,17403.464684
171,46,16278.304216
171,48,15974.737264
171,50,15868.800410
171,54,15851.840660
171,56,15548.127793
171,60,15489.180749
171,62,15217.507271
171,68,14754.840638
172,42,20557.784780
172,43,20403.235463
172,44,18714.802515
172,45,17403.464684
172,46,16278.304216
172,48,15974.737264
172,50,15868.800410
172,54,15851.840660
172,56,15548.127793
172,60,15489.180749
172,62,15217.507271
172,68,14754.840638
173,42,20557.784780
173,43,20403.235463
173,44,18484.664351
173,45,17351.625451
173,46,16202.406825
173,48,15974.737264
173,50,15790.346392
173,54,15725.986957
173,56,15533.474902
173,60,15462.816184
173,62,15217.507271
173,68,14752.085486
174,42,20040.411012
174,44,18484.664351
174,45,17351.625451
174,46,16202.406825
174,48,15974.737264
174,50,15790.346392
174,54,15725.986957
174,56,15468.888849
174,60,15462.816184
174,62,15217.507271
174,68,14752.085486
175,42,20040.411012
175,44,18286.963051
175,45,17213.677257
175,46,16202.406825
175,48,15928.871302
175,50,15790.346392
175,54,15714.627919
175,56,15468.888849
175,60,15418.484538
175,62,15217.507271
175,68,14734.755959
176,41,21594.066018
176,42,20040.411012
176,44,18286.963051
176,45,17213.677257
176,46,16202.406825
176,48,15928.871302
176,50,15790.346392
176,54,15714.627919
176,56,15468.888849
176,60,15418.484538
176,62,15217.507271
176,68,14734.755959
177,41,21594.066018
177,42,20040.411012
177,43,19535.139449
177,44,18040.441727
177,45,17213.677257
177,46,16183.199033
177,48,15920.297278
177,50,15790.346392
177,54,15659.202790
177,56,15440.123856
177,60,15418.484538
177,62,15217.507271
177,68,14734.755959
178,41,21594.066018
178,42,20040.411012
178,43,19535.139449
178,44,18040.441727
178,45,17213.677257
178,46,16183.199033
178,47,16093.334780
178,48,15920.297278
178,50,15790.346392
178,54,15659.202790
178,56,15440.123856
178,60,15418.484538
178,62,15217.507271
178,68,14734.755959
179,41,20827.970332
179,42,20040.411012
179,43,19535.139449
179,44,17826.879658
179,45,17186.093036
179,46,16183.199033
179,47,16047.031794
179,48,15920.297278
179,50,15790.346392
179,54,15653.907772
179,56,15403.329711
179,62,15217.507271
179,68,14725.481251
180,41,20827.970332
180,42,20040.411012
180,43,19535.139449
180,44,17826.879658
180,45,17186.093036
180,46,16183.199033
180,47,16047.031794
180,48,15920.297278
180,50,15790.346392
180,54,15653.907772
180,55,15593.922410
180,56,15403.329711
180,61,15305.443736
180,62,15217.507271
180,68,14725.481251
181,41,20827.970332
181,42,20040.411012
181,43,19006.769947
181,44,17826.879658
181,45,17186.093036
181,46,16139.994713
181,47,16000.303243
181,48,15920.297278
181,50,15688.979885
181,54,15532.369791
181,56,15379.804383
181,61,15296.696348
181,62,15215.514405
181,68,14716.849823
182,41,20827.970332
182,42,20040.411012
182,43,19006.769947
182,44,17826.879658
182,45,17186.093036
182,46,16139.994713
182,47,15973.233642
182,48,15920.297278
182,50,15688.979885
182,54,15532.369791
182,56,15379.804383
182,60,15257.109562
182,62,15215.514405
182,68,14716.849823
183,41,20827.970332
183,42,20040.411012
183,43,19006.769947
183,44,17826.879658
183,45,17098.428783
183,46,16139.994713
183,47,15952.231534
183,48,15886.511513
183,50,15688.979885
183,54,15532.369791
183,56,15379.804383
183,57,15254.811998
183,60,15181.593668
183,68,14712.829686
184,41,20827.970332
184,42,20040.411012
184,43,19006.769947
184,44,17826.879658
184,45,16580.993467
184,46,16139.994713
184,47,15952.231534
184,48,15886.511513
184,50,15688.979885
184,54,15532.369791
184,56,15379.804383
184,57,15254.811998
184,60,15181.593668
184,63,15151.422844
184,68,14712.829686
185,41,20827.970332
185,42,20040.411012
185,43,19006.769947
185,44,17826.879658
185,45,16580.993467
185,46,15801.201349
185,50,15682.763658
185,54,15532.369791
185,56,15367.346380
185,57,15254.811998
185,60,15181.593668
185,63,15151.422844
185,68,14701.559856
186,41,20827.970332
186,42,20040.411012
186,43,19006.769947
186,44,17826.879658
186,45,16580.993467
186,46,15801.201349
186,50,15682.763658
186,54,15532.369791
186,56,15367.346380
186,57,15254.811998
186,60,15181.593668
186,62,15117.600884
186,68,14701.559856
187,41,20827.970332
187,42,20040.411012
187,43,19006.769947
187,44,17603.562324
187,45,16576.851186
187,46,15783.561752
187,50,15643.148522
187,54,15520.168464
187,56,15346.889763
187,57,15249.762801
187,59,15163.956782
187,61,15092.807524
187,68,14691.874168
188,41,20827.970332
188,42,19294.081605
188,43,18600.439100
188,44,17603.562324
188,45,16576.851186
188,46,15783.561752
188,50,15643.148522
188,54,15520.168464
188,56,15346.889763
188,57,15249.762801
188,58,15186.807194
188,59,15163.956782
188,61,15092.807524
188,68,14691.874168
189,41,20827.970332
189,42,19294.081605
189,43,18600.439100
189,44,17523.172275
189,45,16569.197160
189,46,15771.186620
189,50,15643.148522
189,52,15429.576668
189,56,15346.889763
189,57,15249.762801
189,58,15111.243312
189,61,15092.807524
189,68,14691.874168
190,41,20827.970332
190,42,19294.081605
190,43,17674.921418
190,44,17523.172275
190,45,16569.197160
190,46,15771.186620
190,50,15643.148522
190,51,15625.146670
190,52,15429.576668
190,56,15346.889763
190,57,15249.762801
190,58,15111.243312
190,61,15092.807524
190,65,15072.273447
190,66,15015.790326
190,68,14691.874168
191,41,20827.970332
191,42,19294.081605
191,43,17674.921418
191,44,17523.172275
191,45,16569.197160
191,46,15771.186620
191,50,15643.148522
191,51,15615.594671
191,52,15419.326400
191,56,15346.889763
191,57,15249.762801
191,58,15111.243312
191,61,15092.807524
191,64,15079.787030
191,65,15069.879678
191,66,15015.790326
191,68,14641.725633
192,41,20827.970332
192,42,19146.075942
192,43,17674.921418
192,44,17523.172275
192,45,16569.197160
192,46,15771.186620
192,50,15643.148522
192,51,15615.594671
192,52,15419.326400
192,56,15346.889763
192,57,15249.762801
192,58,15111.243312
192,61,15092.807524
192,64,15079.787030
192,65,15069.879678
192,66,15015.790326
192,68,14641.725633
193,41,20827.970332
193,42,19146.075942
193,43,17674.921418
193,44,17523.172275
193,45,16569.197160
193,46,15771.186620
193,50,15643.148522
193,51,15615.594671
193,52,15419.326400
193,56,15346.889763
193,57,15080.146549
193,61,15062.631602
193,66,14999.265951
193,68,14641.725633
194,41,20827.970332
194,42,18822.619969
194,43,17674.921418
194,44,17523.172275
194,45,16569.197160
194,46,15771.186620
194,50,15643.148522
194,51,15615.594671
194,52,15419.326400
194,56,15346.889763
194,57,15080.146549
194,61,15062.631602
194,63,15005.727975
194,66,14999.265951
194,68,14641.725633
195,41,20827.970332
195,42,18822.619969
195,43,17674.921418
195,44,17523.172275
195,45,16569.197160
195,46,15771.186620
195,50,15642.842266
195,51,15615.594671
195,52,15411.625385
195,56,15267.275463
195,57,15080.146549
195,61,15062.631602
195,63,14993.175389
195,66,14990.090084
195,68,14622.524123
196,41,20827.970332
196,42,18822.619969
196,43,17674.921418
196,44,17523.172275
196,45,16569.197160
196,46,15771.186620
196,50,15642.842266
196,51,15615.594671
196,52,15411.625385
196,56,15267.275463
196,57,15080.146549
196,61,15062.631602
196,63,14993.175389
196,66,14990.090084
196,68,14622.524123
197,41,20827.970332
197,42,18822.619969
197,43,17674.921418
197,44,16535.592807
197,45,16029.638203
197,46,15770.924050
197,50,15629.398519
197,51,15523.934785
197,52,15411.625385
197,56,15267.275463
197,57,15080.146549
197,60,15024.452224
197,63,14992.778136
197,66,14985.493525
197,68,14622.524123
198,41,20827.970332
198,42,18385.412848
198,43,17674.921418
198,44,16535.592807
198,45,16029.638203
198,46,15770.924050
198,50,15629.398519
198,51,15523.934785
198,52,15411.625385
198,56,15267.275463
198,57,15080.146549
198,60,15024.452224
198,63,14992.778136
198,66,14985.493525
198,68,14622.524123
199,41,19460.743613
199,42,18385.412848
199,43,17674.921418
199,44,16535.592807
199,45,16029.638203
199,46,15770.924050
199,50,15629.398519
199,51,15523.934785
199,52,15411.459984
199,56,15192.210107
199,57,15080.146549
199,60,15024.452224
199,63,14992.778136
199,66,14985.493525
199,68,14621.741336
200,41,19460.743613
200,42,17597.622049
200,44,16535.592807
200,45,16029.638203
200,46,15770.924050
200,50,15629.398519
200,51,15523.934785
200,52,15411.459984
200,53,15243.259158
200,56,15118.303812
200,57,15080.146549
200,60,15024.452224
200,63,14992.778136
200,66,14985.493525
200,68,14621.741336
201,41,19460.743613
201,42,17597.622049
201,44,16535.592807
201,45,16029.638203
201,46,15770.924050
201,48,15755.757064
201,50,15629.398519
201,51,15523.934785
201,52,15411.459984
201,53,15243.243532
201,56,15118.116992
201,57,14999.964135
201,59,14967.616393
201,62,14936.523081
201,68,14621.741336
201,72,14615.890673
202,41,19460.743613
202,42,17597.622049
202,44,16535.592807
202,45,16029.638203
202,46,15770.924050
202,48,15755.757064
202,50,15629.398519
202,51,15523.934785
202,52,15411.459984
202,53,15243.243532
202,56,15118.116992
202,57,14999.964135
202,59,14967.616393
202,62,14936.523081
202,68,14621.741336
202,72,14615.890673
203,41,19460.743613
203,42,17597.622049
203,43,16246.602733
203,45,16029.638203
203,46,15770.924050
203,48,15755.757064
203,50,15629.398519
203,51,15523.934785
203,52,15411.459984
203,53,15243.243532
203,56,15118.116992
203,57,14999.964135
203,59,14967.616393
203,62,14936.523081
203,68,14621.741336
203,72,14615.890673
204,41,19460.743613
204,42,17597.622049
204,43,16246.602733
204,45,16029.638203
204,46,15712.734690
204,48,15640.840914
204,50,15629.398519
204,51,15523.934785
204,52,15411.459984
204,53,15243.243532
204,56,15118.116992
204,57,14999.964135
204,59,14967.616393
204,62,14936.523081
204,68,14621.741336
204,72,14615.890673
205,41,19460.743613
205,42,17597.622049
205,43,16246.602733
205,45,16029.638203
205,46,15712.734690
205,48,15640.840914
205,50,15574.897218
205,51,15523.934785
205,52,15411.459984
205,53,15243.243532
205,56,15118.116992
205,57,14999.964135
205,59,14960.966986
205,61,14897.786640
205,67,14609.770176
206,41,19460.743613
206,42,16863.789748
206,43,16246.602733
206,45,16029.638203
206,46,15712.734690
206,48,15640.840914
206,50,15574.897218
206,51,15523.934785
206,52,15411.459984
206,53,15243.243532
206,56,15118.116992
206,57,14999.964135
206,59,14960.966986
206,61,14897.786640
206,67,14609.770176
207,41,19460.743613
207,42,16863.789748
207,43,16246.602733
207,45,16029.638203
207,46,15703.112532
207,48,15640.840914
207,50,15419.894350
207,52,15397.467853
207,53,15170.564278
207,56,15022.931073
207,57,14999.964135
207,59,14846.610332
207,67,14608.125549
208,41,19460.743613
208,42,16583.049071
208,43,16246.602733
208,45,16029.638203
208,46,15703.112532
208,48,15640.840914
208,50,15419.894350
208,52,15397.467853
208,53,15170.564278
208,56,15022.931073
208,57,14999.964135
208,59,14846.610332
208,67,14608.125549
209,41,19460.743613
209,42,16583.049071
209,43,16246.602733
209,45,15956.014029
209,46,15703.112532
209,48,15633.130646
209,50,15417.950778
209,52,15397.467853
209,53,15170.564278
209,54,15069.890812
209,56,15022.931073
209,57,14999.964135
209,59,14846.610332
209,63,14817.077801
209,67,14608.125549
210,40,21099.603128
210,41,19460.743613
210,42,16583.049071
210,43,16218.320529
210,45,15956.014029
210,46,15703.112532
210,48,15596.647724
210,50,15417.950778
210,52,15397.467853
210,53,15170.564278
210,54,15069.890812
210,56,15022.931073
210,57,14999.964135
210,59,14846.610332
210,63,14817.077801
210,67,14608.125549
211,40,21099.603128
211,41,19460.743613
211,42,16583.049071
211,43,16218.320529
211,45,15956.014029
211,46,15703.112532
211,48,15596.647724
211,50,15417.950778
211,52,15397.467853
211,53,15170.564278
211,54,15069.890812
211,56,15022.931073
211,57,14999.964135
211,59,14846.610332
211,63,14817.077801
211,67,14608.125549
212,40,21099.603128
212,41,19460.743613
212,42,16583.049071
212,43,16218.320529
212,45,15956.014029
212,46,15703.112532
212,48,15572.884255
212,50,15417.950778
212,52,15397.467853
212,53,15170.509125
212,54,15069.890812
212,56,14994.506544
212,59,14846.610332
212,62,14776.850645
212,67,14608.125549
213,40,21099.603128
213,41,19026.745503
213,42,16583.049071
213,43,16218.320529
213,45,15956.014029
213,46,15703.112532
213,48,15572.884255
213,50,15417.950778
213,52,15397.467853
213,53,15170.509125
213,54,15069.890812
213,56,14994.506544
213,59,14846.610332
213,62,14776.850645
213,67,14608.125549
214,40,21099.603128
214,41,19026.745503
214,42,16583.049071
214,43,16218.320529
214,44,16140.709656
214,45,15956.014029
214,46,15703.112532
214,48,15491.445204
214,50,15417.950778
214,52,15397.467853
214,53,15170.509125
214,54,15069.890812
214,56,14994.506544
214,59,14846.610332
214,62,14776.850645
214,67,14608.125549
215,40,21099.603128
215,41,19026.745503
215,42,16466.000965
215,43,16218.320529
215,44,16140.709656
215,45,15956.014029
215,46,15703.112532
215,48,15491.445204
215,50,15417.950778
215,52,15397.467853
215,53,15170.509125
215,54,15069.890812
215,56,14994.506544
215,59,14846.610332
215,62,14776.850645
215,67,14608.125549
216,40,21099.603128
216,41,19026.745503
216,42,16466.000965
216,43,16218.320529
216,44,16140.709656
216,45,15956.014029
216,46,15627.731718
216,48,15491.445204
216,50,15417.950778
216,52,15397.467853
216,53,15166.166562
216,54,15069.890812
216,56,14994.506544
216,59,14845.788520
216,62,14776.850645
216,67,14596.311855
217,40,21099.603128
217,41,17149.596137
217,42,16466.000965
217,43,16218.320529
217,44,16140.709656
217,45,15956.014029
217,46,15627.731718
217,48,15491.445204
217,50,15417.950778
217,52,15397.467853
217,53,15166.166562
217,54,14903.274870
217,59,14845.788520
217,62,14776.850645
217,67,14596.311855
218,40,21099.603128
218,41,17149.596137
218,42,16466.000965
218,43,16137.946486
218,44,16105.301121
218,45,15956.014029
218,46,15627.731718
218,48,15491.445204
218,50,15417.950778
218,51,15389.464283
218,53,15166.166562
218,54,14903.274870
218,59,14845.788520
218,60,14783.211593
218,62,14776.850645
218,64,14699.245684
218,67,14596.311855
219,40,21099.603128
219,41,17149.596137
219,42,16466.000965
219,43,16137.946486
219,44,16105.301121
219,45,15865.612354
219,46,15627.731718
219,47,15584.888658
219,48,15491.445204
219,50,15386.828105
219,53,15166.166562
219,54,14903.274870
219,59,14666.754713
219,67,14587.588978
220,40,21099.603128
220,41,17149.596137
220,42,16466.000965
220,43,16049.145872
220,45,15865.612354
220,46,15627.731718
220,47,15584.888658
220,48,15491.445204
220,50,15386.828105
220,52,15368.171961
220,53,15166.166562
220,54,14903.274870
220,59,14666.754713
220,67,14587.588978
221,40,21099.603128
221,41,17149.596137
221,42,16466.000965
221,43,16049.145872
221,45,15865.612354
221,46,15627.731718
221,47,15584.888658
221,48,15491.445204
221,49,15482.964140
221,50,15386.828105
221,52,15368.171961
221,53,15166.166562
221,54,14903.274870
221,59,14666.754713
221,67,14587.588978
222,40,19564.065440
222,41,17149.596137
222,42,16466.000965
222,43,16049.145872
222,45,15865.612354
222,46,15602.840047
222,47,15574.686825
222,48,15491.445204
222,49,15482.964140
222,50,15328.693089
222,53,15148.286658
222,54,14903.274870
222,59,14600.553190
222,67,14567.700382
223,40,19564.065440
223,41,17149.596137
223,42,16109.975968
223,43,16049.145872
223,45,15865.612354
223,46,15602.840047
223,47,15574.686825
223,48,15491.445204
223,49,15482.964140
223,50,15328.693089
223,53,15148.286658
223,54,14903.274870
223,59,14600.553190
223,67,14567.700382
224,40,19564.065440
224,41,17043.449999
224,42,16109.975968
224,43,16049.145872
224,45,15865.612354
224,46,15601.847368
224,47,15570.660136
224,48,15491.445204
224,49,15482.964140
224,50,15328.693089
224,53,15123.176964
224,54,14901.330620
224,58,14836.353157
224,59,14600.553190
224,60,14518.585349
225,40,19564.065440
225,41,17043.449999
225,42,16109.975968
225,43,16049.145872
225,45,15865.612354
225,46,15601.847368
225,47,15570.660136
225,48,15491.445204
225,49,15438.543083
225,50,15255.819753
225,53,15123.176964
225,54,14901.330620
225,58,14836.353157
225,59,14600.553190
225,60,14518.585349
226,40,19564.065440
226,41,17043.449999
226,42,16109.975968
226,43,16049.145872
226,45,15865.612354
226,46,15544.986832
226,48,15487.276346
226,49,15438.543083
226,50,15255.819753
226,53,15101.986549
226,54,14901.330620
226,58,14823.559118
226,59,14600.553190
226,60,14518.585349
227,40,19564.065440
227,41,17043.449999
227,42,16109.975968
227,43,16049.145872
227,45,15865.612354
227,46,15544.986832
227,48,15487.276346
227,49,15438.543083
227,50,15255.819753
227,53,15101.986549
227,54,14901.330620
227,58,14823.559118
227,59,14600.553190
227,60,14518.585349
228,40,19564.065440
228,41,17000.281423
228,42,16109.975968
228,43,16049.145872
228,44,15937.006864
228,45,15824.163519
228,46,15544.986832
228,48,15487.276346
228,49,15436.097212
228,50,15237.926013
228,53,15101.351681
228,54,14880.694060
228,58,14823.559118
228,59,14600.553190
228,60,14517.763536
229,40,19564.065440
229,41,17000.281423
229,42,16109.975968
229,43,16049.145872
229,44,15937.006864
229,45,15824.163519
229,46,15544.986832
229,48,15487.276346
229,49,15436.097212
229,50,15237.926013
229,53,15101.351681
229,54,14880.694060
229,58,14823.559118
229,59,14600.553190
229,60,14517.763536
230,40,19564.065440
230,41,16540.899832
230,42,16109.975968
230,43,16049.145872
230,44,15937.006864
230,45,15824.163519
230,46,15421.305334
230,50,15237.926013
230,53,15099.550461
230,54,14876.868356
230,58,14795.750319
230,59,14596.887019
230,60,14517.763536
230,63,14514.970184
231,40,19564.065440
231,41,16507.881864
231,42,16109.975968
231,43,16049.145872
231,44,15937.006864
231,45,15824.163519
231,46,15421.305334
231,50,15237.926013
231,53,15099.550461
231,54,14876.868356
231,58,14795.750319
231,59,14596.887019
231,60,14517.763536
231,62,14450.379562
232,40,19564.065440
232,41,16507.881864
232,42,16109.975968
232,43,16049.145872
232,44,15913.669110
232,45,15824.163519
232,46,15421.305334
232,50,15237.926013
232,53,15062.066252
232,54,14876.868356
232,58,14795.750319
232,59,14596.887019
232,60,14516.340801
232,62,14450.379562
233,40,19564.065440
233,41,16507.881864
233,42,16015.576132
233,44,15913.669110
233,45,15824.163519
233,46,15421.305334
233,50,15237.926013
233,53,15062.066252
233,54,14876.868356
233,58,14795.750319
233,59,14596.887019
233,60,14516.340801
233,62,14450.379562
234,40,19564.065440
234,41,16507.881864
234,42,16015.576132
234,44,15913.669110
234,45,15824.163519
234,46,15395.053084
234,50,15219.520574
234,53,15062.066252
234,54,14875.405744
234,55,14719.207514
234,59,14596.887019
234,60,14516.340801
234,62,14402.905999
235,40,17334.553277
235,41,16507.881864
235,42,16015.576132
235,44,15816.834655
235,46,15395.053084
235,50,15219.520574
235,53,15062.066252
235,54,14875.405744
235,55,14719.207514
235,59,14596.887019
235,60,14516.340801
235,62,14402.905999
236,40,17334.553277
236,41,16507.881864
236,42,15995.133351
236,44,15816.005549
236,46,15357.060225
236,50,15184.011502
236,52,15061.542047
236,54,14817.997563
236,55,14719.207514
236,59,14596.887019
236,60,14503.944159
236,62,14402.905999
237,40,17334.553277
237,41,16507.881864
237,42,15995.133351
237,44,15816.005549
237,46,15357.060225
237,50,15184.011502
237,52,15061.542047
237,53,14696.900496
237,59,14596.887019
237,60,14503.944159
237,62,14402.905999
238,40,17334.553277
238,41,16410.822020
238,42,15993.852094
238,44,15811.161811
238,46,15357.060225
238,50,15184.011502
238,52,15061.542047
238,53,14696.900496
238,59,14510.099173
238,60,14495.303779
238,62,14365.082091
239,40,17334.553277
239,41,16201.799908
239,42,15993.852094
239,44,15811.161811
239,46,15357.060225
239,50,15184.011502
239,52,15061.542047
239,53,14696.900496
239,59,14510.099173
239,60,14495.303779
239,62,14365.082091
240,40,17334.553277
240,41,16201.799908
240,42,15992.606664
240,44,15805.316137
240,46,15357.060225
240,50,15184.011502
240,52,15038.245078
240,53,14696.900496
240,55,14643.438150
240,58,14463.441839
240,62,14365.082091
241,40,17334.553277
241,41,16201.799908
241,42,15992.606664
241,44,15805.316137
241,46,15357.060225
241,50,15184.011502
241,52,15038.245078
241,53,14696.900496
241,55,14643.438150
241,58,14463.441839
241,61,14397.987375
241,62,14365.082091
242,40,17334.553277
242,41,16201.799908
242,42,15992.606664
242,44,15805.316137
242,45,15350.187611
242,50,15184.011502
242,52,15022.362045
242,53,14696.900496
242,54,14640.688052
242,58,14463.441839
242,60,14375.704166
242,62,14365.082091
243,40,17135.368791
243,41,16096.070786
243,42,15992.606664
243,43,15615.933234
243,45,15350.187611
243,47,15272.405793
243,50,15184.011502
243,52,15022.362045
243,53,14696.900496
243,54,14640.688052
243,58,14463.441839
243,60,14375.704166
243,62,14353.663403
244,40,17135.368791
244,41,16096.070786
244,42,15992.606664
244,43,15615.933234
244,45,15350.187611
244,47,15263.068032
244,50,15161.218001
244,52,15000.292344
244,53,14682.622221
244,54,14631.126699
244,58,14463.441839
244,59,14415.470684
244,60,14375.704166
244,62,14352.047315
245,40,17135.368791
245,41,16096.070786
245,42,15992.606664
245,43,15615.933234
245,45,15350.187611
245,47,15263.068032
245,50,15161.218001
245,52,15000.292344
245,53,14682.622221
245,54,14631.126699
245,58,14463.441839
245,59,14415.470684
245,60,14375.704166
245,62,14321.779910
246,40,17135.368791
246,41,16015.716647
246,42,15992.606664
246,43,15615.933234
246,45,15256.983811
246,50,15161.218001
246,52,15000.292344
246,53,14650.954835
246,54,14631.126699
246,58,14458.861950
246,59,14415.470684
246,60,14375.704166
246,62,14314.058979
247,40,17135.368791
247,41,16015.716647
247,42,15992.606664
247,43,15615.933234
247,45,15256.983811
247,49,15138.565436
247,52,15000.292344
247,53,14650.954835
247,54,14631.126699
247,58,14458.861950
247,59,14415.470684
247,60,14375.704166
247,62,14314.058979
248,40,16053.733685
248,41,16015.716647
248,42,15980.213497
248,43,15510.484423
248,45,15250.694002
248,49,15138.565436
248,52,14970.864411
248,53,14650.954835
248,54,14631.126699
248,58,14458.861950
248,59,14415.470684
248,60,14375.704166
248,62,14307.979942
249,40,16053.733685
249,41,15971.448331
249,43,15510.484423
249,45,15250.694002
249,49,15138.565436
249,52,14970.864411
249,53,14650.954835
249,54,14631.126699
249,58,14458.861950
249,59,14415.470684
249,60,14375.704166
249,62,14307.979942
250,40,15988.006128
250,41,15923.102978
250,43,15444.398374
250,45,15250.694002
250,48,15086.951032
250,52,14616.271632
250,57,14414.486758
250,60,14354.686861
250,62,14307.979942
251,40,15988.006128
251,41,15923.102978
251,43,15444.398374
251,45,15250.694002
251,48,15086.951032
251,52,14616.271632
251,57,14414.486758
251,58,14397.012426
251,60,14354.686861
251,62,14307.979942
252,40,15988.006128
252,41,15912.737001
252,43,15424.479599
252,44,15253.525745
252,45,15250.694002
252,48,15086.951032
252,51,14655.097369
252,52,14571.399266
252,57,14414.486758
252,58,14388.832187
252,60,14354.686861
252,62,14307.979942
253,40,15981.256614
253,41,15912.737001
253,43,15424.479599
253,44,15253.525745
253,45,15250.694002
253,48,15086.951032
253,51,14655.097369
253,52,14571.399266
253,57,14414.486758
253,58,14388.832187
253,60,14354.686861
253,62,14307.979942
254,40,15981.256614
254,41,15863.047764
254,43,15397.252614
254,44,15237.656815
254,48,15086.951032
254,51,14655.097369
254,52,14571.399266
254,57,14414.486758
254,58,14384.297140
254,60,14354.686861
254,62,14307.438740
255,40,15981.256614
255,41,15863.047764
255,43,15397.252614
255,44,15237.656815
255,48,15086.951032
255,51,14655.097369
255,52,14571.399266
255,57,14414.486758
255,58,14384.297140
255,60,14354.686861
255,62,14307.438740
256,40,15981.256614
256,41,15863.047764
256,43,15397.252614
256,44,15237.624606
256,48,15086.951032
256,51,14651.739062
256,52,14545.081049
256,57,14393.977804
256,58,14384.297140
256,60,14354.686861
256,62,14307.438740
257,40,15981.256614
257,41,15863.047764
257,42,15794.668331
257,43,15397.252614
257,44,15237.624606
257,48,15086.951032
257,51,14651.739062
257,52,14545.081049
257,57,14393.977804
257,58,14358.966625
257,59,14348.058051
257,62,14307.438740
258,40,15981.256614
258,41,15863.047764
258,42,15794.668331
258,43,15397.252614
258,44,15208.444558
258,48,15086.951032
258,51,14651.739062
258,52,14542.797213
258,57,14393.469453
258,58,14358.966625
258,59,14346.935613
258,62,14306.316302
259,40,15981.256614
259,41,15863.047764
259,42,15794.668331
259,43,15397.252614
259,44,15208.444558
259,48,15086.951032
259,51,14651.739062
259,52,14542.797213
259,57,14393.469453
259,58,14358.966625
259,59,14346.935613
259,62,14306.316302
260,40,15981.256614
260,41,15844.041670
260,42,15760.817639
260,43,15373.601098
260,44,15176.328986
260,48,14883.902200
260,51,14650.616624
260,52,14542.797213
260,57,14389.431979
260,58,14313.070593
260,59,14304.216087
261,40,15981.256614
261,41,15812.522524
261,42,15760.817639
261,43,15373.601098
261,44,15176.328986
261,48,14883.902200
261,51,14650.616624
261,52,14542.797213
261,53,14502.328256
261,57,14389.184927
261,58,14313.070593
261,59,14269.798489
262,40,15981.256614
262,41,15794.359709
262,42,15747.802994
262,43,15362.956703
262,44,15176.328986
262,48,14852.234814
262,51,14649.086048
262,52,14466.870043
262,57,14367.571828
262,58,14313.070593
262,59,14269.798489
263,40,15981.256614
263,41,15794.359709
263,42,15747.802994
263,43,15362.956703
263,44,15176.328986
263,48,14852.234814
263,51,14649.086048
263,52,14466.870043
263,54,14342.495308
263,58,14313.070593
263,59,14269.798489
264,40,15856.704271
264,41,15794.359709
264,42,15639.064810
264,43,15362.956703
264,44,15176.328986
264,48,14852.234814
264,50,14618.721331
264,51,14458.086818
264,53,14456.878352
264,54,14342.495308
264,58,14313.070593
264,59,14244.676894
265,40,15856.704271
265,41,15794.359709
265,42,15639.064810
265,43,15362.956703
265,44,15103.815324
265,46,15002.940134
265,48,14852.234814
265,50,14618.721331
265,51,14458.086818
265,53,14456.878352
265,54,14342.495308
265,58,14313.070593
265,59,14244.676894
266,40,15829.382157
266,41,15770.531433
266,42,15639.064810
266,43,15320.913319
266,44,15103.815324
266,46,14995.817034
266,48,14852.234814
266,50,14618.721331
266,51,14458.086818
266,52,14233.266791
267,40,15829.382157
267,41,15770.531433
267,42,15639.064810
267,43,15320.913319
267,44,15103.815324
267,46,14995.817034
267,48,14852.234814
267,50,14618.721331
267,51,14458.086818
267,52,14233.266791
268,40,15802.273372
268,41,15744.611736
268,42,15594.316814
268,43,15306.827952
268,44,15080.437621
268,46,14995.817034
268,47,14761.644674
268,50,14548.235911
268,51,14458.086818
268,52,14216.868514
269,40,15802.273372
269,41,15744.611736
269,42,15594.316814
269,43,15306.827952
269,44,15080.437621
269,46,14995.817034
269,47,14761.644674
269,50,14548.235911
269,51,14458.086818
269,52,14216.868514
269,53,14201.749404
270,40,15764.806765
270,41,15721.334158
270,42,15594.316814
270,43,15306.827952
270,44,15080.437621
270,46,14995.817034
270,47,14761.644674
270,49,14637.283513
270,50,14548.235911
270,51,14458.086818
270,52,14205.545818
270,53,14201.749404
271,39,17140.131605
271,40,15764.806765
271,41,15721.334158
271,42,15594.316814
271,43,15306.827952
271,44,15080.437621
271,46,14995.817034
271,47,14761.644674
271,49,14637.283513
271,50,14548.235911
271,51,14458.086818
271,52,14205.545818
271,53,14201.749404
272,39,17140.131605
272,40,15764.806765
272,41,15721.334158
272,42,15594.316814
272,43,15306.827952
272,44,15061.916756
272,46,14984.955085
272,47,14746.222778
272,49,14587.404643
272,50,14548.235911
272,51,14458.086818
272,52,14205.545818
272,53,14201.749404
273,39,17140.131605
273,40,15764.806765
273,41,15717.948836
273,42,15594.316814
273,43,15306.827952
273,44,15061.916756
273,46,14984.955085
273,47,14746.222778
273,48,14689.408139
273,49,14577.708661
273,50,14548.235911
273,51,14258.675307
273,52,14205.545818
273,53,14201.749404
274,39,17140.131605
274,40,15764.806765
274,41,15717.948836
274,42,15587.360478
274,43,15306.827952
274,44,15061.916756
274,46,14954.312808
274,47,14699.818117
274,48,14665.819189
274,49,14466.440502
274,51,14258.675307
274,52,14205.545818
274,53,14201.749404
275,39,17140.131605
275,40,15764.806765
275,41,15717.948836
275,42,15587.360478
275,43,15306.827952
275,44,15061.916756
275,46,14954.312808
275,47,14699.818117
275,48,14665.819189
275,49,14466.440502
275,51,14258.675307
275,52,14205.545818
275,53,14201.749404
276,39,17140.131605
276,40,15764.806765
276,41,15717.948836
276,42,15563.026271
276,43,15272.117254
276,44,15058.699941
276,46,14945.430146
276,47,14699.818117
276,48,14658.970287
276,49,14466.440502
276,51,14258.675307
276,52,14205.545818
276,53,14201.749404
277,39,17140.131605
277,40,15764.806765
277,41,15717.948836
277,42,15563.026271
277,43,15272.117254
277,44,15058.699941
277,46,14945.430146
277,47,14699.818117
277,48,14658.970287
277,49,14414.611110
277,50,14293.745381
277,51,14258.675307
277,52,14205.545818
277,53,14201.749404
278,39,17140.131605
278,40,15737.615548
278,41,15717.948836
278,42,15560.117304
278,43,15242.750387
278,44,15003.247295
278,46,14903.314167
278,47,14699.818117
278,48,14658.970287
278,49,14414.611110
278,50,14144.796891
279,39,17140.131605
279,40,15737.615548
279,41,15717.948836
279,42,15560.117304
279,43,15242.750387
279,44,15003.247295
279,46,14903.314167
279,47,14699.818117
279,48,14427.660043
279,49,14414.611110
279,50,14144.796891
280,39,16495.392070
280,40,15725.659633
280,41,15696.708446
280,42,15544.418200
280,43,15242.750387
280,44,14945.780226
280,46,14844.480602
280,47,14679.997371
280,48,14427.660043
280,49,14414.611110
280,50,14144.796891
281,39,16495.392070
281,40,15725.659633
281,41,15696.708446
281,42,15544.418200
281,43,15242.750387
281,44,14945.780226
281,46,14844.480602
281,47,14679.997371
281,48,14427.660043
281,49,14414.611110
281,50,14144.796891
282,39,16495.392070
282,40,15725.659633
282,41,15627.441798
282,42,15544.418200
282,43,15242.750387
282,44,14935.428044
282,46,14844.480602
282,47,14679.997371
282,48,14427.660043
282,49,14394.847095
282,50,14144.640600
282,55,14086.143779
283,39,16495.392070
283,40,15725.659633
283,41,15627.441798
283,42,15544.418200
283,43,15242.750387
283,44,14935.428044
283,46,14844.480602
283,47,14679.997371
283,48,14427.660043
283,49,14394.847095
283,50,14144.640600
283,55,14086.143779
284,39,16495.392070
284,40,15725.659633
284,41,15572.212247
284,42,15544.418200
284,43,15242.750387
284,44,14935.428044
284,46,14800.571774
284,47,14679.997371
284,48,14427.660043
284,49,14389.291457
284,50,14144.640600
284,55,14081.886116
285,39,16495.392070
285,40,15725.659633
285,41,15572.212247
285,42,15544.418200
285,43,15242.750387
285,44,14935.428044
285,46,14800.571774
285,47,14679.997371
285,48,14427.660043
285,49,14389.291457
285,50,14144.640600
285,55,14081.886116
286,39,16495.392070
286,40,15725.659633
286,41,15511.799987
286,43,15242.750387
286,44,14935.428044
286,46,14800.571774
286,47,14679.997371
286,48,14427.660043
286,49,14389.291457
286,50,14138.399183
286,55,14081.886116
287,39,16495.392070
287,40,15725.659633
287,41,15511.799987
287,43,15242.750387
287,44,14869.893841
287,46,14800.571774
287,47,14679.997371
287,48,14427.660043
287,49,14389.291457
287,50,14138.399183
287,55,14081.886116
288,39,16387.351457
288,40,15725.659633
288,41,15511.799987
288,43,15124.329348
288,44,14869.893841
288,46,14800.571774
288,47,14549.841227
288,48,14407.700322
288,49,14372.392213
288,50,14136.269430
288,52,14102.789466
288,54,14070.556359
289,39,16387.351457
289,40,15725.659633
289,41,15511.799987
289,43,15124.329348
289,44,14869.893841
289,46,14800.571774
289,47,14470.407729
289,48,14407.700322
289,49,14372.392213
289,50,14136.269430
289,52,14102.789466
289,54,14070.556359
289,59,14063.119174
290,39,16387.351457
290,40,15709.495391
290,41,15473.190195
290,43,15047.719033
290,44,14869.893841
290,46,14800.571774
290,47,14470.407729
290,48,14406.096078
290,49,14369.915486
290,50,14136.269430
290,52,14066.347069
290,59,14063.119174
291,39,16387.351457
291,40,15709.495391
291,41,15473.190195
291,43,15047.719033
291,44,14869.893841
291,46,14800.571774
291,47,14470.407729
291,48,14406.096078
291,49,14369.915486
291,50,14136.269430
291,52,14066.347069
291,59,14063.119174
292,39,16387.351457
292,40,15674.105671
292,41,15453.835330
292,43,14980.311909
292,44,14869.893841
292,46,14780.896678
292,47,14466.206837
292,48,14393.054235
292,49,14369.915486
292,50,14118.188501
292,52,14063.172809
292,59,14060.643941
293,39,16387.351457
293,40,15674.105671
293,41,15453.835330
293,43,14980.311909
293,44,14869.893841
293,46,14780.896678
293,47,14466.206837
293,48,14393.054235
293,49,14369.915486
293,50,14118.188501
293,52,14063.172809
293,54,14055.421484
294,39,16387.351457
294,40,15644.335726
294,41,15428.967031
294,43,14959.906929
294,44,14848.997148
294,46,14780.896678
294,47,14466.206837
294,48,14393.054235
294,49,14357.802607
294,50,14118.188501
294,52,14063.172809
294,54,14055.421484
295,39,16387.351457
295,40,15644.335726
295,41,15428.967031
295,43,14959.906929
295,44,14848.997148
295,46,14780.896678
295,47,14466.206837
295,48,14393.054235
295,49,14357.802607
295,50,14118.188501
295,52,14063.172809
295,54,14055.421484
296,38,16752.102263
296,39,16387.351457
296,40,15639.150576
296,41,15428.967031
296,43,14948.005542
296,44,14844.210983
296,46,14780.896678
296,47,14462.207557
296,48,14393.054235
296,49,14357.802607
296,50,14118.188501
296,51,14031.390813
297,38,16752.102263
297,39,16387.351457
297,40,15639.150576
297,41,15428.967031
297,43,14948.005542
297,44,14844.210983
297,46,14780.896678
297,47,14462.207557
297,48,14393.054235
297,49,14357.802607
297,50,14118.188501
297,51,14031.390813
297,56,13996.873727
298,38,16752.102263
298,39,16387.351457
298,40,15639.150576
298,41,15428.967031
298,43,14948.005542
298,44,14844.210983
298,46,14780.896678
298,47,14462.207557
298,48,14393.054235
298,49,14357.802607
298,50,14118.188501
298,51,14031.390813
298,56,13996.873727
299,38,16752.102263
299,39,16387.351457
299,40,15587.734556
299,41,15428.967031
299,43,14948.005542
299,44,14844.210983
299,46,14780.896678
299,47,14462.207557
299,48,14393.054235
299,49,14357.802607
299,50,14091.178886
299,51,14031.390813
299,55,13945.312209
300,38,16410.982737
300,39,16387.351457
300,40,15587.734556
300,41,15428.967031
300,43,14948.005542
300,44,14810.230544
300,46,14780.896678
300,47,14462.207557
300,48,14380.849919
300,49,14357.730762
300,50,14091.178886
300,51,14031.390813
300,55,13935.235228
301,38,16410.982737
301,39,16387.351457
301,40,15587.734556
301,41,15428.967031
301,43,14948.005542
301,44,14810.230544
301,46,14780.896678
301,47,14462.207557
301,48,14380.849919
301,49,14357.730762
301,50,14091.178886
301,51,14031.390813
301,54,14004.606584
301,55,13935.235228
302,38,16410.982737
302,39,16387.351457
302,40,15587.734556
302,41,15428.967031
302,43,14948.005542
302,44,14810.230544
302,46,14658.292567
302,47,14452.811619
302,48,14370.101237
302,49,14337.911776
302,50,14091.178886
302,51,14019.375243
302,54,14004.606584
302,55,13935.235228
303,38,16410.982737
303,39,16387.351457
303,40,15587.734556
303,41,15428.967031
303,43,14948.005542
303,44,14806.930326
303,46,14658.292567
303,47,14452.811619
303,48,14370.101237
303,49,14337.911776
303,50,14091.178886
303,51,14019.375243
303,54,14004.606584
303,55,13935.235228
304,38,16410.982737
304,39,15795.624149
304,40,15587.734556
304,41,15428.967031
304,43,14788.021998
304,46,14646.707399
304,47,14331.018237
304,50,14091.178886
304,51,13974.127291
304,55,13935.235228
305,38,16410.982737
305,39,15795.624149
305,40,15587.734556
305,41,15428.967031
305,43,14788.021998
305,44,14771.359456
305,46,14646.707399
305,47,14331.018237
305,50,14091.178886
305,51,13974.127291
305,55,13935.235228
306,38,16410.982737
306,39,15793.482781
306,40,15587.734556
306,41,15419.362341
306,43,14788.021998
306,44,14771.359456
306,46,14518.836286
306,47,14331.018237
306,50,14091.178886
306,51,13974.127291
306,55,13922.407046
307,38,16410.982737
307,39,15793.482781
307,40,15587.734556
307,41,15419.362341
307,43,14788.021998
307,44,14771.359456
307,46,14518.836286
307,47,14331.018237
307,50,14091.178886
307,51,13974.127291
307,55,13922.407046
308,38,16410.982737
308,39,15785.038108
308,40,15521.428633
308,41,15419.362341
308,43,14774.702607
308,44,14758.040064
308,46,14467.796170
308,47,14331.018237
308,50,14091.178886
308,51,13956.566592
308,55,13922.407046
309,38,16410.982737
309,39,15785.038108
309,40,15521.428633
309,41,15419.362341
309,43,14774.702607
309,44,14758.040064
309,46,14467.796170
309,47,14331.018237
309,50,14091.178886
309,51,13956.566592
309,55,13922.407046
310,37,17527.285998
310,38,16410.982737
310,39,15785.038108
310,40,15521.428633
310,41,15419.362341
310,43,14752.988207
310,44,14752.796402
310,46,14464.388546
310,47,14331.018237
310,50,14091.178886
310,51,13944.156157
310,55,13922.407046
311,37,17527.285998
311,38,16410.982737
311,39,15785.038108
311,40,15521.428633
311,41,15419.362341
311,43,14752.988207
311,44,14752.796402
311,46,14464.388546
311,47,14331.018237
311,50,14091.178886
311,51,13944.156157
311,55,13922.407046
312,37,17527.285998
312,38,16410.982737
312,39,15727.237433
312,40,15478.750356
312,41,15408.837848
312,43,14752.988207
312,44,14752.796402
312,46,14464.388546
312,47,14331.018237
312,50,14091.178886
312,51,13944.156157
312,55,13922.407046
313,37,17527.285998
313,38,16410.982737
313,39,15727.237433
313,40,15478.750356
313,41,15408.837848
313,43,14752.988207
313,44,14752.796402
313,46,14464.388546
313,47,14331.018237
313,50,14091.178886
313,51,13944.156157
313,55,13922.407046
314,37,17527.285998
314,38,16410.982737
314,39,15727.237433
314,40,15478.750356
314,41,15408.837848
314,42,15163.512529
314,43,14751.500176
314,44,14746.160439
314,46,14407.328372
314,47,14324.631984
314,50,14091.178886
314,51,13944.156157
314,55,13922.407046
315,37,17527.285998
315,38,16410.982737
315,39,15727.237433
315,40,15478.750356
315,41,15408.837848
315,42,15163.512529
315,43,14751.500176
315,44,14746.160439
315,46,14407.328372
315,47,14324.631984
315,50,14091.178886
315,51,13944.156157
315,55,13922.407046
316,37,17527.285998
316,38,16410.982737
316,39,15727.237433
316,40,15478.750356
316,41,15397.399041
316,42,15132.463723
316,43,14751.500176
316,44,14737.982191
316,46,14407.328372
316,47,14324.631984
316,50,14091.178886
316,51,13930.583128
316,55,13922.407046
317,37,17527.285998
317,38,16410.982737
317,39,15727.237433
317,40,15478.750356
317,41,15397.399041
317,42,15132.463723
317,43,14751.500176
317,44,14737.982191
317,46,14407.328372
317,47,14324.631984
317,50,14091.178886
317,51,13930.583128
317,55,13922.407046
318,37,17527.285998
318,38,16410.982737
318,39,15727.237433
318,40,15356.157506
318,42,15132.463723
318,43,14751.500176
318,44,14723.340037
318,46,14407.328372
318,47,14324.631984
318,48,14304.653464
318,50,14091.178886
318,51,13930.583128
318,55,13922.407046
319,37,17527.285998
319,38,16410.982737
319,39,15727.237433
319,40,15356.157506
319,42,15132.463723
319,43,14751.500176
319,44,14723.340037
319,46,14407.328372
319,47,14324.631984
319,48,14280.139515
319,50,14091.178886
319,51,13930.583128
319,55,13922.407046
320,37,17527.285998
320,38,16410.982737
320,39,15727.237433
320,40,15306.644448
320,42,15132.463723
320,43,14751.500176
320,44,14709.220503
320,46,14407.328372
320,47,14318.946514
320,48,14243.508497
320,50,14091.178886
320,51,13925.308138
320,55,13908.815508
321,37,17527.285998
321,38,16410.982737
321,39,15727.237433
321,40,15306.644448
321,42,15132.463723
321,43,14751.500176
321,44,14709.220503
321,46,14407.328372
321,47,14318.946514
321,48,14243.508497
321,50,14091.178886
321,51,13925.308138
321,55,13908.815508
322,37,17527.285998
322,38,16410.982737
322,39,15656.463405
322,40,15271.384130
322,42,15114.854782
322,43,14751.500176
322,44,14687.990127
322,46,14407.328372
322,47,14318.946514
322,48,14243.508497
322,50,14091.178886
322,51,13925.195694
322,55,13908.815508
