Generation,NV,TOC
1,52,23910.216310
1,55,23304.922512
1,56,22304.646679
1,59,21860.612543
1,62,21686.318747
1,64,21373.216806
1,71,20683.499839
1,73,20291.118680
1,74,19685.321197
1,78,19359.774953
1,82,18840.426486
1,88,18476.685468
1,103,17623.243192
1,108,17512.079342
1,114,17360.238311
1,125,17308.184586
1,133,17073.533303
1,142,16846.118242
2,51,24288.013491
2,52,22514.245780
2,55,21956.595686
2,57,21736.884876
2,60,21343.628321
2,69,20292.515017
2,73,20291.118680
2,74,19685.321197
2,78,19359.774953
2,82,18840.426486
2,88,18476.685468
2,97,18370.444410
2,103,17623.243192
2,108,17512.079342
2,114,17360.238311
2,122,17122.357400
2,133,17073.533303
2,140,17066.962500
2,142,16846.118242
3,47,23729.313694
3,48,23194.422891
3,52,22514.245780
3,55,21956.595686
3,56,21853.374456
3,57,21736.884876
3,58,21545.982716
3,60,21343.628321
3,64,20806.145500
3,67,20641.399162
3,69,19965.744501
3,72,19800.815603
3,74,19685.321197
3,76,19324.938782
3,81,18907.642102
3,82,18840.426486
3,87,18818.426438
3,88,18476.685468
3,89,18462.128127
3,90,17987.708431
3,103,17623.243192
3,108,17512.079342
3,114,17360.238311
3,122,17122.357400
3,133,17073.533303
3,137,17066.200620
3,141,17006.304886
3,142,16846.118242
3,150,16593.992539
3,154,16470.287715
4,47,23503.699822
4,48,23194.422891
4,49,22834.961244
4,52,22258.246301
4,55,21956.595686
4,56,21336.827452
4,59,21129.356417
4,62,21054.853558
4,64,20806.145500
4,67,20641.399162
4,68,20463.858090
4,69,19965.744501
4,72,19800.815603
4,74,19685.321197
4,76,19324.938782
4,77,19225.808564
4,79,19058.825732
4,81,18907.642102
4,82,18840.426486
4,86,17990.137695
4,90,17987.708431
4,93,17903.082389
4,98,17581.318246
4,99,17340.403272
4,122,17122.357400
4,133,17073.533303
4,137,16918.002874
4,142,16846.118242
4,143,16808.637200
4,150,16593.992539
4,154,16470.287715
5,47,23503.699822
5,48,23194.422891
5,49,22834.961244
5,52,22258.246301
5,55,21956.595686
5,56,21336.827452
5,59,21129.356417
5,61,20895.170460
5,64,20806.145500
5,67,20191.188331
5,69,19751.003586
5,71,19437.449515
5,76,19324.938782
5,77,19225.808564
5,79,19058.825732
5,81,18907.642102
5,82,18840.426486
5,86,17990.137695
5,90,17987.708431
5,93,17903.082389
5,96,17681.751160
5,98,17581.318246
5,99,17340.403272
5,122,17122.357400
5,132,16993.743395
5,137,16918.002874
5,142,16846.118242
5,143,16808.637200
5,149,16799.474011
5,150,16593.992539
5,154,16470.287715
6,47,23503.699822
6,48,23019.593829
6,49,22834.961244
6,50,22689.550471
6,51,22242.280402
6,53,21456.548505
6,56,21336.827452
6,59,20993.326081
6,61,20895.170460
6,64,20769.337915
6,67,20191.188331
6,69,19493.279902
6,71,19437.449515
6,76,19111.983901
6,79,19058.825732
6,80,18609.482797
6,82,18152.435761
6,86,17990.137695
6,90,17987.708431
6,93,17903.082389
6,96,17681.751160
6,97,17420.404618
6,99,17340.403272
6,101,17204.093541
6,118,16978.154656
6,137,16884.262147
6,142,16846.118242
6,143,16808.637200
6,148,16610.363893
6,150,16593.992539
6,154,16470.287715
7,47,23503.699822
7,48,23019.593829
7,49,22598.449123
7,51,22242.280402
7,52,21759.062404
7,53,21456.548505
7,56,21336.827452
7,59,20993.326081
7,60,20731.822420
7,63,20230.119325
7,64,20122.590635
7,65,19907.989904
7,68,19700.831896
7,69,19101.242212
7,70,18993.404354
7,77,18624.934861
7,80,18609.482797
7,81,18463.898410
7,82,18152.435761
7,86,17990.137695
7,90,17987.708431
7,93,17903.082389
7,95,17863.065831
7,96,17437.428838
7,97,17318.756525
7,101,17204.093541
7,110,16973.120107
7,122,16780.550906
7,129,16718.540503
7,140,16636.024787
7,148,16610.363893
7,150,16593.992539
7,154,16470.287715
8,47,21927.639036
8,52,21759.062404
8,53,21456.548505
8,55,21305.676840
8,57,21297.306779
8,59,20993.326081
8,60,20731.822420
8,61,20366.692177
8,63,20033.905339
8,65,19320.297997
8,69,19101.242212
8,70,18993.404354
8,76,18923.990077
8,77,18624.934861
8,79,18404.614205
8,81,18327.853726
8,82,18152.435761
8,85,17994.842465
8,86,17990.137695
8,88,17906.744314
8,93,17903.082389
8,95,17863.065831
8,96,17437.428838
8,97,17318.756525
8,101,17204.093541
8,110,16973.120107
8,122,16780.550906
8,129,16718.540503
8,138,16706.544681
8,139,16556.801151
8,152,16492.638664
8,154,16470.287715
9,45,22161.855497
9,47,21927.639036
9,48,21670.602811
9,49,21322.196456
9,55,21250.496886
9,56,21243.348749
9,57,20818.506091
9,60,20731.822420
9,61,19782.870267
9,65,19320.297997
9,69,19101.242212
9,70,18993.404354
9,76,18923.990077
9,77,18624.934861
9,79,18404.614205
9,81,18327.853726
9,82,18152.435761
9,83,18120.325269
9,85,17994.842465
9,86,17990.137695
9,88,17906.744314
9,93,17903.082389
9,95,17649.984427
9,96,17437.428838
9,97,17318.756525
9,101,17204.093541
9,102,17187.151270
9,103,17044.543157
9,110,16973.120107
9,111,16961.094895
9,114,16843.662366
9,118,16784.736059
9,122,16780.550906
9,126,16743.351925
9,129,16718.540503
9,134,16688.654213
9,136,16668.735083
9,139,16556.801151
9,152,16492.638664
9,154,16470.287715
10,45,22161.855497
10,47,21821.086303
10,48,21670.602811
10,49,21322.196456
10,55,21205.948758
10,57,20604.747562
10,61,19544.473062
10,65,19320.297997
10,69,19101.242212
10,70,18993.404354
10,72,18551.257394
10,74,18517.299430
10,75,18249.490790
10,82,18152.435761
10,83,18120.325269
10,85,17919.854719
10,88,17906.744314
10,93,17586.609516
10,94,17537.154348
10,96,17437.428838
10,97,17318.756525
10,100,17202.768960
10,102,17187.151270
10,103,17044.543157
10,107,16966.609550
10,111,16961.094895
10,114,16843.662366
10,118,16784.736059
10,119,16719.623541
10,124,16643.141717
10,139,16556.801151
10,150,16468.796774
11,45,22161.855497
11,47,21821.086303
11,48,21460.698376
11,49,21322.196456
11,52,20464.705501
11,55,20442.539909
11,57,20194.814469
11,59,19755.373504
11,61,19544.473062
11,63,19438.350943
11,64,19241.641142
11,68,18809.657874
11,70,18668.754291
11,72,18551.257394
11,73,18467.885266
11,75,18249.490790
11,81,18176.763556
11,82,18152.435761
11,83,17924.456624
11,85,17919.854719
11,88,17906.744314
11,92,17650.762285
11,93,17586.609516
11,94,17537.154348
11,95,17468.648923
11,96,17379.586016
11,97,17318.756525
11,100,17202.768960
11,102,17187.151270
11,103,17044.543157
11,107,16966.609550
11,111,16961.094895
11,114,16843.662366
11,118,16784.736059
11,119,16719.623541
11,124,16643.141717
11,128,16640.266044
11,134,16538.104004
11,148,16505.562465
11,150,16468.796774
12,45,22161.855497
12,47,21531.371428
12,48,21335.220737
12,49,21322.196456
12,51,21320.621679
12,52,20464.705501
12,55,20442.539909
12,57,20194.814469
12,59,19731.649886
12,61,19544.473062
12,62,19374.790215
12,64,19241.641142
12,68,18694.996655
12,70,18668.754291
12,71,18468.815829
12,73,18467.885266
12,75,18249.490790
12,81,18176.763556
12,82,18152.435761
12,83,17924.456624
12,84,17675.130983
12,92,17650.762285
12,93,17365.964104
12,96,17280.088680
12,97,17238.660461
12,100,16965.591671
12,106,16917.968993
12,114,16739.984253
12,117,16175.556089
13,45,22161.855497
13,47,21531.371428
13,48,21335.220737
13,49,21322.196456
13,51,21320.621679
13,52,20464.705501
13,54,20417.510892
13,57,20194.814469
13,59,19588.515658
13,61,19516.084631
13,62,19374.790215
13,64,19241.641142
13,67,19034.890452
13,68,18694.996655
13,70,18668.754291
13,71,18468.815829
13,73,18467.885266
13,75,18249.490790
13,77,18133.623425
13,79,18014.782728
13,83,17924.456624
13,84,17391.365923
13,93,17181.345584
13,97,17135.517743
13,100,16965.591671
13,106,16917.968993
13,110,16861.107367
13,111,16826.404537
13,114,16739.984253
13,117,16175.556089
14,45,22161.855497
14,47,21015.739421
14,51,19819.178966
14,59,19588.515658
14,61,19516.084631
14,62,19374.790215
14,63,19231.424602
14,64,19182.653831
14,65,19055.259910
14,67,19034.890452
14,68,18694.996655
14,70,18668.754291
14,71,18468.815829
14,72,18010.206953
14,83,17804.270103
14,84,17391.365923
14,93,17181.345584
14,97,16982.721348
14,100,16965.591671
14,105,16424.741017
14,117,16175.556089
15,45,22161.855497
15,47,21015.739421
15,50,20911.285565
15,51,19718.969819
15,59,18916.012012
15,61,18647.836535
15,62,18607.462439
15,65,18519.562873
15,66,18012.913948
15,72,17623.778710
15,84,17391.365923
15,93,17181.345584
15,95,16865.527081
15,98,16856.880560
15,100,16660.343559
15,105,16424.741017
15,108,16416.492076
15,111,16407.375349
15,117,16175.556089
16,45,22161.855497
16,47,21015.739421
16,49,20242.440578
16,51,19718.969819
16,58,19063.412750
16,59,18916.012012
16,61,18647.836535
16,62,18607.462439
16,63,18602.816338
16,64,18535.415979
16,65,18427.121151
16,66,18012.913948
16,69,17799.773126
16,72,17623.778710
16,76,17455.921721
16,82,17220.570906
16,89,17139.552170
16,94,17044.234865
16,95,16865.527081
16,96,16656.095384
16,100,16652.427017
16,104,16188.236470
16,106,16062.538531
16,130,16041.671187
17,45,22161.855497
17,47,21015.739421
17,49,20242.440578
17,51,19718.969819
17,52,19355.952177
17,58,19063.412750
17,59,18482.799007
17,62,18319.929649
17,63,18251.592550
17,65,18033.233026
17,66,17823.956194
17,69,17799.773126
17,70,17630.133014
17,71,17334.876304
17,82,17220.570906
17,89,17139.552170
17,94,17044.234865
17,95,16865.527081
17,96,16642.659272
17,101,16570.664180
17,104,16188.236470
17,106,16062.538531
17,130,16041.671187
17,132,16024.425559
18,45,22161.855497
18,47,21015.739421
18,49,20242.440578
18,50,19779.641204
18,51,19718.969819
18,52,19355.952177
18,53,19239.391698
18,56,19101.253335
18,58,19063.412750
18,59,18482.799007
18,62,18111.915108
18,64,17848.703655
18,66,17823.956194
18,69,17799.773126
18,70,17630.133014
18,71,17334.876304
18,82,17220.570906
18,84,16914.580280
18,95,16865.527081
18,96,16642.659272
18,100,16635.627919
18,101,16570.664180
18,102,16403.522487
18,104,16188.236470
18,106,16062.538531
18,113,15804.863706
18,114,15794.910545
18,115,15603.141141
19,45,22161.855497
19,47,21015.739421
19,49,19999.953875
19,50,19779.641204
19,51,19718.969819
19,52,19355.952177
19,53,19235.870558
19,56,19101.253335
19,57,18602.390569
19,59,18482.799007
19,62,18074.555981
19,64,17848.703655
19,66,17823.956194
19,69,17754.053453
19,70,17630.133014
19,71,17334.876304
19,77,17046.665669
19,84,16914.580280
19,94,16720.342818
19,96,16642.659272
19,100,16605.555565
19,101,16570.664180
19,102,16403.522487
19,103,16331.634281
19,104,16188.236470
19,106,16062.538531
19,110,15899.316237
19,113,15804.863706
19,114,15794.910545
19,115,15603.141141
19,119,15320.382060
20,45,22161.855497
20,47,21015.739421
20,49,19999.953875
20,50,19779.641204
20,51,19718.969819
20,52,19355.952177
20,53,19235.870558
20,54,19005.096917
20,56,18946.286048
20,57,18602.390569
20,59,18482.799007
20,62,18074.555981
20,64,17848.703655
20,65,17389.192791
20,71,17334.876304
20,74,17132.363724
20,77,17046.665669
20,84,16914.580280
20,85,16811.814074
20,93,16619.561285
20,100,16605.555565
20,101,16570.664180
20,102,16403.522487
20,103,16331.634281
20,104,16188.236470
20,106,16062.538531
20,107,16035.463140
20,110,15862.770019
20,113,15804.863706
20,114,15794.910545
20,115,15603.141141
20,119,15298.647057
21,45,22161.855497
21,47,21015.739421
21,48,20303.021695
21,49,19999.953875
21,50,19779.641204
21,51,19625.512152
21,52,19355.952177
21,53,19235.870558
21,54,19005.096917
21,56,18946.286048
21,57,18602.390569
21,59,18392.246546
21,62,18074.555981
21,64,17848.703655
21,65,17389.192791
21,67,17322.241254
21,74,17132.363724
21,77,17046.665669
21,84,16668.084522
21,92,16500.933823
21,99,16483.153579
21,102,16311.237670
21,104,16188.236470
21,106,16062.538531
21,107,16035.463140
21,110,15862.770019
21,113,15804.863706
21,114,15794.910545
21,115,15603.141141
21,116,15520.801312
21,118,15323.319790
21,119,15298.647057
22,45,22161.855497
22,47,20799.421665
22,48,20303.021695
22,49,19999.953875
22,50,19779.641204
22,51,19625.512152
22,52,19355.952177
22,53,19235.870558
22,54,19005.096917
22,55,18993.761134
22,56,18760.453916
22,57,18555.319826
22,59,18392.246546
22,61,18196.885954
22,62,18074.555981
22,64,17848.703655
22,65,17389.192791
22,67,17322.241254
22,73,17229.199750
22,74,17132.363724
22,75,17021.635358
22,81,16891.734751
22,84,16668.084522
22,88,16601.948782
22,92,16500.933823
22,99,16483.153579
22,102,16311.237670
22,104,16188.236470
22,105,16059.761844
22,107,15655.346851
22,115,15546.545414
22,116,15374.396124
22,118,15282.012172
22,119,15239.936868
22,122,15193.784144
23,45,22161.855497
23,46,20708.069241
23,48,20303.021695
23,49,19999.953875
23,50,19779.641204
23,51,19625.512152
23,52,19355.952177
23,53,19090.342657
23,54,18732.104898
23,56,18710.141917
23,57,18555.319826
23,59,18392.246546
23,61,17865.217803
23,62,17712.453460
23,65,17389.192791
23,67,17322.241254
23,73,17229.199750
23,74,17132.363724
23,75,17021.635358
23,81,16891.734751
23,84,16668.084522
23,88,16601.948782
23,92,16500.933823
23,95,16316.871383
23,96,15997.731549
23,107,15655.346851
23,112,15413.637713
23,116,15374.396124
23,118,15136.212553
23,120,15112.080214
24,45,22161.855497
24,46,20169.612822
24,49,19842.807975
24,50,19613.159450
24,52,19355.952177
24,53,19090.342657
24,54,18732.104898
24,56,18710.141917
24,57,18414.603852
24,59,18276.491245
24,61,17865.217803
24,62,17712.453460
24,65,17389.192791
24,67,17322.241254
24,72,17193.727025
24,74,17132.363724
24,75,17021.635358
24,80,16757.676299
24,83,16586.162528
24,89,16575.428340
24,92,16500.933823
24,93,16486.247708
24,95,16316.871383
24,96,15997.731549
24,107,15655.346851
24,112,15413.637713
24,116,15374.396124
24,118,15136.212553
24,120,15112.080214
25,45,22161.855497
25,46,20169.612822
25,48,19993.902916
25,49,19841.102955
25,50,19613.159450
25,52,19014.003687
25,54,18732.104898
25,56,18710.141917
25,57,18414.603852
25,59,18088.739698
25,61,17865.217803
25,62,17712.453460
25,65,17389.192791
25,67,17322.241254
25,72,17193.727025
25,74,17132.363724
25,75,17021.635358
25,80,16757.676299
25,83,16586.162528
25,89,16575.428340
25,92,16375.615948
25,94,16332.294773
25,95,16316.871383
25,96,15997.731549
25,102,15543.660732
25,112,15413.637713
25,116,15187.092869
25,118,15136.212553
25,120,14947.910724
25,121,14874.139803
26,45,22161.855497
26,46,20169.612822
26,48,19993.902916
26,49,19841.102955
26,50,19613.159450
26,51,19388.035861
26,52,19014.003687
26,54,18732.104898
26,56,18710.141917
26,57,18414.603852
26,59,18088.739698
26,60,18005.932946
26,61,17865.217803
26,62,17511.152217
26,65,17389.192791
26,67,17322.241254
26,72,17193.727025
26,74,17132.363724
26,75,17021.635358
26,79,16908.666785
26,80,16757.676299
26,83,16586.162528
26,89,16575.428340
26,91,16285.027477
26,96,15997.731549
26,102,15543.660732
26,112,15413.637713
26,114,15084.316327
26,117,14979.021704
26,120,14947.910724
26,121,14874.139803
27,45,20696.658947
27,46,20169.612822
27,48,19728.796894
27,50,19451.355751
27,51,19388.035861
27,52,19014.003687
27,54,18732.104898
27,56,18710.141917
27,57,18414.603852
27,59,18088.739698
27,60,18005.932946
27,61,17865.217803
27,62,17511.152217
27,65,17389.192791
27,67,17322.241254
27,72,17193.727025
27,74,17132.363724
27,75,17021.635358
27,78,16856.272075
27,80,16757.676299
27,82,16729.034202
27,83,16586.162528
27,85,16519.042190
27,90,15872.141578
27,96,15828.787558
27,102,15543.660732
27,112,15020.545717
27,117,14977.640186
27,120,14947.910724
27,121,14851.692646
28,45,20696.658947
28,46,20169.612822
28,47,20131.845944
28,48,19728.796894
28,49,19352.344640
28,52,19014.003687
28,54,18732.104898
28,56,18710.141917
28,57,18414.603852
28,58,18094.398986
28,59,17605.846222
28,62,17511.152217
28,63,17405.745039
28,65,17389.192791
28,67,17322.241254
28,70,17176.865134
28,74,17132.363724
28,75,17021.635358
28,78,16856.272075
28,80,16757.676299
28,82,16729.034202
28,83,16586.162528
28,84,16106.834333
28,90,15872.141578
28,94,15572.480439
28,102,15543.660732
28,110,15146.706389
28,112,14941.407482
28,121,14851.692646
29,45,20696.658947
29,46,20169.612822
29,47,20131.845944
29,48,19728.796894
29,49,19202.715969
29,51,19176.947789
29,52,19014.003687
29,53,18982.109286
29,54,18732.104898
29,55,18445.936994
29,57,18106.309012
29,58,18094.398986
29,59,17605.846222
29,61,17330.352044
29,65,17327.562002
29,67,17322.241254
29,69,17094.102812
29,72,17048.086700
29,74,16866.092340
29,78,16776.608632
29,80,16434.630286
29,84,16106.834333
29,90,15872.141578
29,94,15572.480439
29,102,15543.660732
29,110,15146.706389
29,112,14941.407482
29,121,14851.692646
30,45,20696.658947
30,46,20169.612822
30,47,20131.845944
30,48,19301.598861
30,49,19202.715969
30,51,18727.151039
30,55,18445.936994
30,57,18106.309012
30,58,17954.844171
30,59,17605.846222
30,61,17330.352044
30,65,17171.011786
30,67,17018.025942
30,69,16681.877449
30,77,16568.925028
30,80,16434.630286
30,82,16240.406683
30,84,16106.834333
30,88,16074.540533
30,90,15872.141578
30,94,15572.480439
30,102,15543.660732
30,110,15146.706389
30,112,14941.407482
30,121,14851.692646
30,123,14851.256481
31,45,20696.658947
31,46,20169.612822
31,47,20131.845944
31,48,19301.598861
31,49,19202.715969
31,51,18727.151039
31,55,18445.936994
31,57,18106.309012
31,58,17954.844171
31,59,17605.846222
31,61,17330.352044
31,65,17171.011786
31,67,17018.025942
31,69,16681.877449
31,77,16568.925028
31,79,16300.946696
31,82,16240.406683
31,84,16106.834333
31,88,16074.540533
31,90,15872.141578
31,94,15572.480439
31,102,15543.660732
31,110,15146.706389
31,112,14941.407482
31,121,14851.692646
31,123,14851.256481
32,44,20749.507663
32,45,20242.950226
32,46,20169.612822
32,47,20131.845944
32,48,19301.598861
32,49,19202.715969
32,51,18722.809043
32,55,18445.936994
32,57,18106.309012
32,58,17954.844171
32,59,17605.846222
32,61,17330.352044
32,65,17171.011786
32,67,17018.025942
32,68,16950.643194
32,69,16681.877449
32,70,16607.368445
32,74,16351.930799
32,79,16300.946696
32,82,15970.749156
32,88,15937.254877
32,89,15727.412175
32,94,15572.480439
32,102,15460.518884
32,110,15105.845825
32,112,14888.178478
32,118,14754.124730
33,44,20749.507663
33,45,20242.950226
33,46,20169.612822
33,47,19566.358312
33,48,19301.598861
33,49,19202.715969
33,50,18931.675741
33,51,18722.809043
33,52,18049.453120
33,54,17964.538541
33,58,17652.656906
33,59,17605.846222
33,61,17330.352044
33,65,17171.011786
33,67,17018.025942
33,68,16947.115769
33,69,16681.877449
33,70,16607.368445
33,74,16351.930799
33,79,16300.946696
33,80,16132.219010
33,82,15970.749156
33,88,15937.254877
33,89,15727.412175
33,94,15572.480439
33,102,15460.518884
33,108,15220.544473
33,110,15105.845825
33,112,14888.178478
33,118,14754.124730
34,44,20749.507663
34,45,20242.950226
34,46,20169.612822
34,47,19566.358312
34,48,19301.598861
34,49,19109.251139
34,50,18931.675741
34,51,18722.809043
34,52,18049.453120
34,54,17964.538541
34,58,17652.656906
34,59,17605.846222
34,61,17189.050386
34,65,17171.011786
34,67,16921.263458
34,69,16681.877449
34,70,16607.368445
34,74,16351.930799
34,79,16300.946696
34,80,16132.219010
34,82,15970.749156
34,88,15937.254877
34,89,15727.412175
34,94,15572.480439
34,102,15460.518884
34,108,15220.544473
34,110,15105.845825
34,112,14888.178478
34,116,14887.923588
34,118,14754.124730
35,44,20749.507663
35,45,20242.950226
35,46,19922.523300
35,47,19566.358312
35,48,19301.598861
35,49,19109.251139
35,50,18591.959570
35,51,18191.287112
35,52,18049.453120
35,54,17964.538541
35,55,17508.529066
35,61,17189.050386
35,65,17171.011786
35,67,16921.263458
35,69,16681.877449
35,70,16607.368445
35,74,16351.930799
35,79,16300.946696
35,80,16132.219010
35,82,15970.749156
35,88,15937.254877
35,89,15727.412175
35,90,15635.112018
35,94,15572.480439
35,102,15460.518884
35,108,15220.544473
35,110,15105.845825
35,112,14888.178478
35,116,14887.923588
35,118,14754.124730
36,44,20749.507663
36,45,20242.950226
36,46,19922.523300
36,47,19566.358312
36,48,19106.018868
36,49,18987.853994
36,50,18591.959570
36,51,18191.287112
36,52,18049.453120
36,54,17964.538541
36,55,17508.529066
36,61,17189.050386
36,64,16868.724920
36,69,16681.877449
36,70,16607.368445
36,74,16351.930799
36,79,16300.946696
36,80,16132.219010
36,82,15970.749156
36,88,15937.254877
36,89,15727.412175
36,90,15635.112018
36,94,15572.480439
36,97,15548.142727
36,102,15460.518884
36,108,14993.608552
36,112,14888.178478
36,116,14887.923588
36,118,14754.124730
37,44,20749.507663
37,45,20242.950226
37,46,19922.523300
37,47,19566.358312
37,48,19106.018868
37,49,18856.983906
37,50,18559.452069
37,51,18191.287112
37,52,18049.453120
37,54,17964.538541
37,55,17508.529066
37,58,17140.602915
37,61,17140.243815
37,63,17131.748529
37,64,16868.724920
37,69,16681.877449
37,70,16607.368445
37,72,16575.087698
37,74,16351.930799
37,79,16300.946696
37,80,16132.219010
37,82,15970.749156
37,88,15937.254877
37,89,15727.412175
37,90,15570.172159
37,92,15405.730678
37,101,15325.538090
37,106,15179.759815
37,108,14936.491275
37,109,14826.072677
37,117,14669.431114
38,44,20749.507663
38,45,20242.950226
38,46,19922.523300
38,47,19566.358312
38,48,19106.018868
38,49,18856.983906
38,50,18559.452069
38,51,18191.287112
38,52,18049.453120
38,54,17885.147949
38,55,17508.529066
38,58,17140.602915
38,61,17140.243815
38,63,17131.748529
38,64,16868.724920
38,66,16833.490300
38,69,16681.877449
38,70,16607.368445
38,72,16575.087698
38,74,16351.930799
38,79,16300.946696
38,80,16132.219010
38,82,15970.749156
38,88,15937.254877
38,89,15727.412175
38,90,15570.172159
38,92,15405.730678
38,101,15325.538090
38,106,15179.759815
38,108,14936.491275
38,109,14826.072677
38,117,14669.431114
39,44,20749.507663
39,45,20242.950226
39,46,19922.523300
39,47,19566.358312
39,48,19105.720925
39,49,18856.983906
39,50,18559.452069
39,51,18191.287112
39,52,18049.453120
39,54,17885.147949
39,55,17508.529066
39,56,17267.046352
39,58,17140.602915
39,61,17140.243815
39,63,17131.748529
39,64,16868.724920
39,66,16833.490300
39,69,16681.877449
39,70,16607.368445
39,72,16575.087698
39,74,16351.930799
39,79,16300.946696
39,80,16132.219010
39,82,15970.749156
39,88,15937.254877
39,89,15727.412175
39,90,15570.172159
39,92,15405.730678
39,101,15325.538090
39,106,15179.759815
39,108,14936.491275
39,109,14826.072677
39,117,14669.431114
40,44,20749.507663
40,45,20242.950226
40,46,19922.523300
40,47,19454.460409
40,48,19105.720925
40,49,18621.892790
40,50,18287.184356
40,51,18191.287112
40,52,18049.453120
40,54,17885.147949
40,55,17508.529066
40,56,17267.046352
40,58,17140.602915
40,60,17097.070550
40,62,17078.703857
40,64,16868.724920
40,65,16747.730491
40,69,16681.877449
40,70,16607.368445
40,72,16575.087698
40,74,16351.930799
40,79,16300.946696
40,80,16132.219010
40,82,15970.749156
40,88,15901.971300
40,89,15727.412175
40,90,15570.172159
40,92,15405.730678
40,101,15325.538090
40,106,15179.759815
40,108,14936.491275
40,109,14826.072677
40,117,14669.431114
41,44,20749.507663
41,45,19904.747412
41,47,19454.460409
41,48,18861.221558
41,49,18621.892790
41,50,18287.184356
41,51,18191.287112
41,52,18049.453120
41,54,17885.147949
41,55,17508.529066
41,56,17267.046352
41,58,17074.835075
41,64,16868.724920
41,65,16645.347194
41,70,16607.368445
41,72,16302.973334
41,79,16219.669109
41,80,16132.219010
41,82,15970.749156
41,88,15901.971300
41,89,15727.412175
41,90,15570.172159
41,92,15405.730678
41,101,15325.538090
41,106,15179.759815
41,108,14936.491275
41,109,14826.072677
41,117,14669.431114
42,44,20749.507663
42,45,19904.747412
42,47,19454.460409
42,48,18861.221558
42,49,18621.892790
42,50,18287.184356
42,51,18191.287112
42,52,18049.453120
42,53,17750.830336
42,54,17647.412642
42,55,17508.529066
42,56,17267.046352
42,58,17074.835075
42,61,16820.608644
42,65,16527.362910
42,72,16302.973334
42,79,16219.669109
42,80,16132.219010
42,82,15963.915602
42,87,15657.511401
42,90,15570.172159
42,92,15344.625663
42,100,15181.024031
42,106,15040.520222
42,108,14750.076657
42,117,14640.025543
43,44,20749.507663
43,45,19904.747412
43,47,19454.460409
43,48,18861.221558
43,49,18621.892790
43,50,18173.539469
43,52,18049.453120
43,53,17750.830336
43,54,17647.412642
43,55,17508.529066
43,56,17267.046352
43,57,17263.420367
43,58,17074.835075
43,61,16820.608644
43,65,16432.714367
43,72,16302.973334
43,74,16076.617824
43,82,15963.915602
43,85,15939.604464
43,87,15657.511401
43,90,15570.172159
43,92,15344.625663
43,100,15181.024031
43,106,15040.520222
43,108,14750.076657
43,117,14640.025543
44,44,20749.507663
44,45,19904.747412
44,47,19372.639732
44,48,18861.221558
44,49,18621.892790
44,50,17936.069228
44,53,17750.830336
44,54,17647.412642
44,55,17508.529066
44,56,17267.046352
44,57,16896.584446
44,59,16890.292771
44,61,16612.584275
44,65,16432.714367
44,72,16302.973334
44,74,16065.200247
44,79,15976.570986
44,80,15952.206640
44,82,15843.008610
44,87,15657.511401
44,90,15570.172159
44,92,15344.625663
44,100,15181.024031
44,106,15040.520222
44,108,14750.076657
44,117,14640.025543
45,44,20427.183861
45,45,19904.747412
45,47,19372.639732
45,48,18861.221558
45,49,18512.501173
45,50,17779.101803
45,53,17750.830336
45,54,17647.412642
45,55,17508.529066
45,56,17267.046352
45,57,16896.584446
45,59,16890.292771
45,61,16612.584275
45,65,16432.714367
45,70,16305.529342
45,72,16302.973334
45,73,16224.708251
45,74,16065.200247
45,77,16052.385450
45,79,15976.570986
45,80,15952.206640
45,82,15843.008610
45,87,15657.511401
45,88,15444.996665
45,92,15344.625663
45,100,15181.024031
45,106,15040.520222
45,108,14750.076657
45,114,14627.611837
46,44,20427.183861
46,45,19904.747412
46,47,18968.744721
46,48,18861.221558
46,49,18396.582331
46,50,17779.101803
46,53,17750.830336
46,54,17647.412642
46,55,17486.483838
46,56,17267.046352
46,57,16896.584446
46,58,16895.744944
46,59,16890.292771
46,61,16612.584275
46,64,16605.140919
46,65,16432.714367
46,67,16360.608670
46,70,16277.740244
46,73,16224.708251
46,74,16065.200247
46,75,15927.540590
46,80,15819.578470
46,87,15163.517809
46,100,14959.108302
46,108,14750.076657
46,114,14627.611837
47,44,20427.183861
47,45,19904.747412
47,47,18968.744721
47,48,18604.420382
47,49,18153.410620
47,50,17779.101803
47,53,17750.830336
47,54,17647.412642
47,55,17486.483838
47,56,17267.046352
47,57,16896.584446
47,58,16895.744944
47,59,16890.292771
47,61,16612.584275
47,64,16605.140919
47,65,16432.714367
47,67,16360.608670
47,70,16277.740244
47,73,16224.708251
47,74,15954.484026
47,75,15927.540590
47,79,15856.535583
47,80,15767.161984
47,82,15760.266485
47,85,15474.592960
47,86,15089.904203
47,100,14939.468404
47,105,14845.254928
47,107,14672.969433
47,113,14576.511096
47,116,14558.881890
48,44,20427.183861
48,45,19904.747412
48,47,18968.744721
48,48,18604.420382
48,49,18153.410620
48,50,17779.101803
48,53,17750.830336
48,54,17647.412642
48,55,17486.483838
48,56,17267.046352
48,57,16896.584446
48,58,16895.744944
48,59,16782.733623
48,61,16612.584275
48,64,16600.189889
48,65,16432.714367
48,67,16360.608670
48,68,16220.734945
48,74,15954.484026
48,75,15927.540590
48,79,15856.535583
48,80,15767.161984
48,81,15652.349564
48,85,15474.592960
48,86,15089.904203
48,100,14913.222728
48,105,14845.254928
48,107,14672.969433
48,113,14576.511096
48,116,14558.881890
49,44,20427.183861
49,45,19904.747412
49,47,18842.863623
49,48,18604.420382
49,49,18153.410620
49,50,17779.101803
49,53,17750.830336
49,54,17647.412642
49,55,17486.483838
49,56,17267.046352
49,57,16896.584446
49,58,16895.744944
49,59,16782.733623
49,61,16612.584275
49,64,16600.189889
49,65,16432.714367
49,67,16360.608670
49,68,16220.734945
49,74,15954.484026
49,75,15861.075010
49,76,15802.605351
49,80,15767.161984
49,81,15652.349564
49,85,15474.592960
49,86,15089.904203
49,98,14974.634262
49,100,14913.222728
49,105,14845.254928
49,107,14672.969433
49,113,14576.511096
49,116,14558.881890
50,44,20427.183861
50,45,19904.747412
50,46,19348.073827
50,47,18775.237337
50,48,18604.420382
50,49,18153.410620
50,50,17779.101803
50,51,17653.099202
50,54,17647.412642
50,55,17486.483838
50,56,17267.046352
50,57,16896.584446
50,58,16895.744944
50,59,16722.307269
50,60,16671.756697
50,61,16612.584275
50,64,16600.189889
50,65,16432.714367
50,67,16360.608670
50,68,16220.734945
50,70,16112.925973
50,74,15954.484026
50,75,15861.075010
50,76,15802.605351
50,80,15767.161984
50,81,15652.349564
50,85,15474.592960
50,86,15089.904203
50,98,14974.634262
50,100,14913.222728
50,105,14845.254928
50,107,14672.969433
50,113,14576.511096
50,116,14558.881890
51,44,20427.183861
51,45,19904.747412
51,46,19348.073827
51,47,18775.237337
51,48,18604.420382
51,49,18088.037774
51,50,17779.101803
51,51,17653.099202
51,54,17647.412642
51,55,17486.483838
51,56,17267.046352
51,57,16896.584446
51,58,16895.744944
51,59,16722.307269
51,60,16671.756697
51,61,16612.584275
51,64,16600.189889
51,65,16432.714367
51,66,16431.684710
51,67,16360.608670
51,68,16220.734945
51,70,16112.925973
51,74,15954.484026
51,75,15861.075010
51,76,15802.605351
51,80,15767.161984
51,81,15652.349564
51,85,15474.592960
51,86,15089.904203
51,92,14843.159766
51,107,14672.969433
51,113,14576.511096
51,116,14558.881890
52,44,20411.419285
52,45,19904.747412
52,46,19348.073827
52,47,18775.237337
52,48,18604.420382
52,49,18088.037774
52,50,17779.101803
52,51,17653.099202
52,54,17647.412642
52,55,17486.483838
52,56,17267.046352
52,57,16896.584446
52,58,16592.169654
52,60,16518.791791
52,63,16318.571802
52,68,16220.734945
52,69,16032.145532
52,74,15954.484026
52,75,15752.120284
52,80,15671.565329
52,81,15443.036117
52,85,15322.481998
52,86,15089.904203
52,92,14743.714204
52,106,14626.560235
52,110,14525.658905
52,111,14477.025981
53,44,20411.419285
53,45,19904.747412
53,46,18810.000317
53,47,18775.237337
53,48,18604.420382
53,49,18088.037774
53,50,17779.101803
53,51,17653.099202
53,53,17524.783962
53,55,17341.795813
53,56,17267.046352
53,57,16896.584446
53,58,16592.169654
53,60,16518.791791
53,62,16490.799153
53,63,16318.571802
53,66,15993.179813
53,74,15954.484026
53,75,15752.120284
53,80,15671.565329
53,81,15443.036117
53,85,15322.481998
53,86,15089.904203
53,92,14743.714204
53,106,14626.560235
53,110,14525.658905
53,111,14477.025981
54,44,20411.419285
54,45,19904.747412
54,46,18810.000317
54,47,18775.237337
54,48,18325.918418
54,49,18088.037774
54,50,17779.101803
54,51,17653.099202
54,53,17524.783962
54,55,17341.795813
54,56,17267.046352
54,57,16896.584446
54,58,16592.169654
54,60,16518.791791
54,62,16490.799153
54,63,16318.571802
54,66,15993.179813
54,70,15881.417078
54,75,15752.120284
54,77,15729.943253
54,80,15671.565329
54,81,15443.036117
54,85,15322.481998
54,86,15089.904203
54,92,14743.714204
54,106,14626.560235
54,110,14525.658905
54,111,14477.025981
55,44,20411.419285
55,45,19904.747412
55,46,18810.000317
55,47,18351.840753
55,48,18325.918418
55,49,17751.247752
55,50,17711.879359
55,51,17653.099202
55,53,17524.783962
55,54,17417.683099
55,55,17341.795813
55,56,17267.046352
55,57,16896.584446
55,58,16592.169654
55,60,16518.791791
55,62,16490.799153
55,63,16318.571802
55,66,15993.179813
55,70,15881.417078
55,71,15853.763153
55,75,15752.120284
55,77,15729.943253
55,80,15671.565329
55,81,15443.036117
55,85,15322.481998
55,86,15089.904203
55,92,14743.714204
55,106,14626.560235
55,110,14525.658905
55,111,14477.025981
56,44,20307.816435
56,45,19904.747412
56,46,18810.000317
56,47,18351.840753
56,48,18325.918418
56,49,17751.247752
56,50,17711.879359
56,51,17532.067915
56,53,17524.783962
56,54,17417.683099
56,55,17341.795813
56,56,16964.074444
56,57,16896.584446
56,58,16592.169654
56,60,16518.791791
56,62,16490.799153
56,63,16318.571802
56,66,15993.179813
56,70,15823.337568
56,75,15752.120284
56,77,15729.943253
56,80,15671.565329
56,81,15443.036117
56,85,15322.481998
56,86,15089.904203
56,92,14743.714204
56,106,14626.560235
56,110,14525.658905
56,111,14477.025981
57,44,20307.816435
57,45,19904.747412
57,46,18810.000317
57,47,18351.840753
57,48,18325.918418
57,49,17751.247752
57,50,17711.879359
57,51,17532.067915
57,52,17446.427161
57,53,17420.579912
57,54,16943.995685
57,57,16896.584446
57,58,16592.169654
57,60,16518.791791
57,62,16490.799153
57,63,16318.571802
57,66,15993.179813
57,67,15836.909287
57,70,15823.337568
57,75,15752.120284
57,76,15610.263562
57,80,15366.538068
57,81,15360.377102
57,85,15322.481998
57,86,15089.904203
57,92,14731.841557
57,106,14626.560235
57,109,14457.274215
58,44,20307.816435
58,45,19904.747412
58,46,18810.000317
58,47,18351.840753
58,48,18325.918418
58,49,17751.247752
58,50,17711.879359
58,51,17532.067915
58,52,17446.427161
58,53,17420.579912
58,54,16943.995685
58,57,16896.584446
58,58,16592.169654
58,60,16518.791791
58,62,16490.799153
58,63,16318.571802
58,66,15942.458347
58,67,15836.909287
58,70,15632.972981
58,76,15610.263562
58,77,15542.248886
58,80,15366.538068
58,81,15360.377102
58,85,15322.481998
58,86,15089.904203
58,92,14731.841557
58,106,14626.560235
58,109,14457.274215
59,44,20258.931377
59,45,19904.747412
59,46,18810.000317
59,47,18212.712632
59,49,17751.247752
59,50,17711.879359
59,51,17532.067915
59,52,17446.427161
59,53,17420.579912
59,54,16943.995685
59,56,16666.653552
59,58,16592.169654
59,60,16518.791791
59,62,16490.799153
59,63,16318.571802
59,64,16128.224224
59,66,15942.458347
59,67,15836.909287
59,70,15632.972981
59,76,15610.263562
59,77,15542.248886
59,80,15366.538068
59,81,15360.377102
59,82,15295.830492
59,86,15089.904203
59,92,14731.841557
59,100,14708.820297
59,106,14626.560235
59,107,14456.443870
59,110,14454.118373
60,44,19748.491688
60,46,18810.000317
60,47,18212.712632
60,48,18058.082241
60,49,17751.247752
60,50,17711.879359
60,51,17279.401075
60,54,16943.995685
60,56,16666.653552
60,58,16592.169654
60,60,16518.791791
60,62,16490.799153
60,63,16302.499116
60,64,16128.224224
60,66,15942.458347
60,67,15836.909287
60,70,15632.972981
60,76,15610.263562
60,77,15389.344447
60,80,15366.538068
60,81,15360.377102
60,82,15295.830492
60,86,15089.904203
60,92,14731.841557
60,100,14708.820297
60,106,14626.560235
60,107,14456.443870
60,110,14454.118373
60,111,14426.251575
61,44,19748.491688
61,46,18810.000317
61,47,17934.848073
61,48,17906.195136
61,49,17751.247752
61,50,17711.879359
61,51,17279.401075
61,54,16943.995685
61,56,16666.653552
61,58,16592.169654
61,60,16518.791791
61,62,16490.799153
61,63,16302.499116
61,64,16128.224224
61,66,15942.458347
61,67,15785.598185
61,70,15632.972981
61,76,15610.263562
61,77,15364.903349
61,81,15360.377102
61,82,15295.830492
61,86,15089.904203
61,90,14875.440618
61,92,14731.841557
61,100,14708.820297
61,106,14626.560235
61,107,14456.443870
61,110,14454.118373
61,111,14426.251575
62,44,19748.491688
62,46,18810.000317
62,47,17756.293765
62,48,17598.202586
62,49,17502.701227
62,51,17279.401075
62,53,17271.359771
62,54,16812.692813
62,56,16666.653552
62,58,16592.169654
62,60,16518.791791
62,62,16448.280221
62,63,16302.499116
62,64,16128.224224
62,66,15910.871456
62,67,15785.598185
62,70,15632.972981
62,76,15248.476852
62,78,15075.423744
62,79,15072.332337
62,84,14985.300163
62,88,14869.862767
62,92,14662.008532
62,99,14608.295223
62,105,14526.813235
62,106,14387.557226
62,111,14366.494795
63,44,19748.491688
63,46,17885.296913
63,47,17756.293765
63,48,17598.202586
63,49,17502.701227
63,51,17279.401075
63,53,17168.872980
63,54,16812.692813
63,56,16666.653552
63,58,16592.169654
63,60,16518.791791
63,61,16459.917696
63,62,16448.280221
63,63,16302.499116
63,64,16128.224224
63,66,15910.871456
63,67,15785.598185
63,70,15632.972981
63,76,15248.476852
63,78,15075.423744
63,79,15072.332337
63,82,14850.294664
63,90,14677.758519
63,92,14662.008532
63,99,14608.295223
63,105,14526.813235
63,106,14387.557226
63,111,14366.494795
64,44,19748.491688
64,46,17885.296913
64,47,17705.225063
64,48,17598.202586
64,49,17502.701227
64,50,17346.311825
64,51,17279.401075
64,53,17168.872980
64,54,16812.692813
64,56,16666.653552
64,58,16592.169654
64,60,16518.791791
64,61,16459.917696
64,62,16448.280221
64,63,16282.918755
64,64,16128.224224
64,66,15910.871456
64,67,15785.598185
64,70,15632.972981
64,71,15300.506257
64,76,15248.476852
64,78,15075.423744
64,79,15072.332337
64,82,14850.294664
64,90,14677.758519
64,91,14619.749397
64,99,14608.295223
64,105,14526.813235
64,106,14387.557226
64,111,14366.494795
65,44,19748.491688
65,46,17709.288035
65,47,17705.225063
65,48,17598.202586
65,49,17451.264984
65,50,17346.311825
65,51,17279.401075
65,52,17120.279428
65,53,17011.296477
65,54,16812.692813
65,56,16666.653552
65,58,16592.169654
65,60,16518.791791
65,61,16459.917696
65,62,16355.211819
65,63,16282.918755
65,64,16128.224224
65,66,15749.286537
65,69,15656.486053
65,70,15632.972981
65,71,15300.506257
65,76,15248.476852
65,78,15075.423744
65,79,15072.332337
65,82,14850.294664
65,90,14677.758519
65,91,14619.749397
65,99,14608.295223
65,105,14526.813235
65,106,14387.557226
65,111,14366.494795
66,44,19748.491688
66,46,17709.288035
66,47,17705.225063
66,48,17598.202586
66,49,17451.264984
66,50,17346.311825
66,51,17279.401075
66,52,17120.279428
66,53,17011.296477
66,54,16812.692813
66,56,16666.653552
66,58,16592.169654
66,59,16591.179156
66,60,16518.791791
66,61,16459.917696
66,62,16355.211819
66,63,16170.587464
66,64,16128.224224
66,66,15749.286537
66,69,15656.486053
66,70,15632.972981
66,71,15300.506257
66,76,15248.476852
66,78,15075.423744
66,79,15072.332337
66,82,14850.294664
66,90,14677.758519
66,91,14567.455617
66,105,14526.813235
66,106,14387.557226
66,111,14366.494795
67,44,19717.458139
67,46,17709.288035
67,47,17705.225063
67,48,17569.958378
67,49,17451.264984
67,50,17346.311825
67,51,17279.401075
67,52,17120.279428
67,53,17011.296477
67,54,16812.692813
67,56,16666.653552
67,58,16472.369143
67,61,16378.533195
67,62,16343.383214
67,63,16170.587464
67,64,16128.224224
67,65,16097.318685
67,66,15749.286537
67,68,15681.893853
67,69,15656.486053
67,70,15632.972981
67,71,15208.262016
67,75,15181.974278
67,77,15004.410754
67,82,14850.294664
67,90,14647.658141
67,91,14516.449259
67,105,14477.998256
67,106,14387.557226
67,109,14319.912994
68,44,19717.458139
68,46,17340.571740
68,51,17279.401075
68,52,17120.279428
68,53,17011.296477
68,54,16812.692813
68,56,16666.653552
68,58,16472.369143
68,59,16465.659389
68,61,16378.533195
68,62,16343.383214
68,63,16170.587464
68,64,16128.224224
68,65,16097.318685
68,66,15749.286537
68,68,15681.893853
68,69,15656.486053
68,70,15632.972981
68,71,15208.262016
68,75,15181.974278
68,77,15004.410754
68,82,14850.294664
68,90,14647.658141
68,91,14516.449259
68,105,14477.998256
68,106,14387.557226
68,109,14319.912994
69,44,19717.458139
69,46,17340.571740
69,51,17279.401075
69,52,17120.279428
69,53,17011.296477
69,54,16662.478683
69,58,16472.369143
69,59,16465.659389
69,61,16378.533195
69,62,16143.332073
69,64,15928.036438
69,66,15486.696573
69,71,15208.262016
69,75,15181.974278
69,77,15004.410754
69,82,14850.294664
69,89,14830.635095
69,90,14647.658141
69,91,14516.449259
69,105,14477.998256
69,106,14387.557226
69,109,14319.912994
70,44,19717.458139
70,46,17340.571740
70,51,17279.401075
70,52,17120.279428
70,53,16827.622749
70,54,16662.478683
70,56,16605.058756
70,58,16472.369143
70,59,16453.753916
70,61,16378.533195
70,62,16143.332073
70,63,16030.083848
70,64,15928.036438
70,66,15486.696573
70,71,15208.262016
70,75,15181.974278
70,77,15004.410754
70,82,14850.294664
70,83,14683.682329
70,90,14647.658141
70,91,14516.449259
70,102,14285.233923
71,44,19717.458139
71,45,18436.343263
71,46,17340.571740
71,51,17150.392794
71,52,17053.804868
71,53,16827.622749
71,54,16662.478683
71,55,16592.377420
71,58,16286.058026
71,62,16143.332073
71,63,15991.510574
71,64,15928.036438
71,66,15486.696573
71,67,15469.904636
71,71,15208.262016
71,75,15181.974278
71,77,15004.410754
71,82,14850.294664
71,83,14683.682329
71,90,14647.658141
71,91,14516.449259
71,93,14484.766370
71,102,14285.233923
72,44,19717.458139
72,45,17895.640707
72,46,17340.571740
72,51,17150.392794
72,52,17053.804868
72,53,16827.622749
72,54,16662.478683
72,55,16592.377420
72,56,16487.163932
72,58,16286.058026
72,62,15935.553532
72,64,15928.036438
72,66,15486.696573
72,67,15469.904636
72,69,15307.779363
72,71,15096.492982
72,75,15062.239769
72,77,15004.410754
72,81,14779.027649
72,83,14623.487503
72,89,14389.211444
72,91,14384.049322
72,100,14375.077921
72,101,14246.462396
73,43,19831.848173
73,44,19717.458139
73,45,17895.640707
73,46,17326.699208
73,51,17150.392794
73,52,16824.875999
73,54,16662.478683
73,55,16592.377420
73,56,16487.163932
73,58,16286.058026
73,61,16132.522820
73,62,15935.553532
73,64,15831.156226
73,66,15486.696573
73,67,15469.904636
73,69,15307.779363
73,71,15093.762016
73,75,15062.239769
73,77,15004.410754
73,81,14779.027649
73,83,14623.487503
73,89,14389.211444
73,91,14384.049322
73,100,14375.077921
73,101,14246.462396
74,43,19831.848173
74,44,19717.458139
74,45,17895.640707
74,46,17326.699208
74,51,17150.392794
74,52,16824.875999
74,53,16666.847906
74,54,16662.478683
74,55,16592.377420
74,56,16487.163932
74,58,16286.058026
74,61,16132.522820
74,62,15935.553532
74,64,15831.156226
74,66,15486.696573
74,67,15469.904636
74,69,15307.779363
74,71,15093.762016
74,75,15062.239769
74,77,15004.410754
74,81,14779.027649
74,83,14623.487503
74,89,14389.211444
74,91,14384.049322
74,100,14375.077921
74,101,14246.462396
75,43,19831.848173
75,44,19717.458139
75,45,17895.640707
75,46,17287.541854
75,51,16713.371078
75,53,16666.847906
75,54,16662.478683
75,55,16592.377420
75,56,16487.163932
75,58,16286.058026
75,61,16132.522820
75,62,15935.553532
75,64,15831.156226
75,66,15486.696573
75,67,15469.904636
75,69,15307.779363
75,71,15093.762016
75,75,15062.239769
75,77,15004.410754
75,81,14779.027649
75,83,14623.487503
75,89,14389.211444
75,91,14384.049322
75,100,14375.077921
75,101,14246.462396
76,43,19831.848173
76,44,19717.458139
76,45,17895.640707
76,46,17287.541854
76,47,17195.103603
76,51,16713.371078
76,53,16362.048984
76,58,16286.058026
76,59,16284.846447
76,61,16132.522820
76,62,15935.553532
76,64,15831.156226
76,66,15460.807170
76,69,15307.779363
76,71,15093.762016
76,75,15062.239769
76,77,15004.410754
76,81,14779.027649
76,83,14623.487503
76,89,14389.211444
76,91,14384.049322
76,100,14375.077921
76,101,14246.462396
76,103,14244.952342
77,43,19831.848173
77,44,18179.606442
77,45,17895.640707
77,46,17287.541854
77,47,17195.103603
77,51,16713.371078
77,52,16626.540192
77,53,16362.048984
77,58,16286.058026
77,59,16284.846447
77,61,16132.522820
77,62,15935.553532
77,64,15831.156226
77,65,15652.637152
77,66,15460.807170
77,69,15307.779363
77,71,15093.762016
77,75,14631.444432
77,80,14544.264361
77,84,14496.638857
77,89,14389.211444
77,91,14384.049322
77,94,14289.610936
77,101,14136.692906
78,43,19831.848173
78,44,18179.606442
78,45,17895.640707
78,46,17287.541854
78,47,17195.103603
78,50,17019.150804
78,51,16713.371078
78,52,16626.540192
78,53,16362.048984
78,57,16198.391135
78,61,16110.240483
78,62,15935.553532
78,63,15921.902019
78,64,15831.156226
78,65,15652.637152
78,66,15284.502742
78,71,15093.762016
78,75,14631.444432
78,80,14544.264361
78,83,14442.613734
78,89,14389.211444
78,91,14384.049322
78,93,14209.186220
78,101,14136.692906
79,43,19831.848173
79,44,17806.155620
79,45,17740.383601
79,46,17287.541854
79,47,17195.103603
79,50,17019.150804
79,51,16713.371078
79,52,16626.540192
79,53,16362.048984
79,55,16141.735055
79,61,15772.647347
79,65,15652.637152
79,66,15284.502742
79,70,15148.671494
79,71,15093.762016
79,75,14631.444432
79,80,14544.264361
79,83,14442.613734
79,88,14441.880203
79,89,14389.211444
79,91,14384.049322
79,93,14209.186220
79,101,14136.692906
80,43,19831.848173
80,44,17806.155620
80,45,17740.383601
80,46,17287.541854
80,47,17195.103603
80,50,17019.150804
80,51,16713.371078
80,52,16626.540192
80,53,16362.048984
80,55,16141.735055
80,61,15772.647347
80,63,15766.719882
80,65,15652.637152
80,66,15284.502742
80,70,15148.671494
80,71,15093.762016
80,75,14631.444432
80,80,14544.264361
80,83,14442.613734
80,88,14441.880203
80,89,14389.211444
80,91,14384.049322
80,93,14209.186220
80,101,14136.692906
81,43,19831.848173
81,44,17806.155620
81,45,17740.383601
81,46,17287.541854
81,47,17195.103603
81,48,17190.412455
81,50,16852.719090
81,51,16713.371078
81,52,16590.575915
81,53,16362.048984
81,55,16141.735055
81,61,15772.647347
81,63,15766.719882
81,65,15652.637152
81,66,15284.502742
81,70,15148.671494
81,71,15093.762016
81,75,14631.444432
81,80,14544.264361
81,83,14442.613734
81,88,14441.880203
81,89,14389.211444
81,91,14384.049322
81,92,14203.741853
81,101,14136.692906
82,43,19831.848173
82,44,17806.155620
82,45,17740.383601
82,46,17287.541854
82,47,17150.401052
82,50,16778.685957
82,51,16713.371078
82,52,16590.575915
82,53,16362.048984
82,55,16141.735055
82,60,16041.863144
82,61,15772.647347
82,63,15766.719882
82,65,15652.637152
82,66,15284.502742
82,69,15168.105891
82,70,15148.671494
82,71,15093.762016
82,73,14846.126333
82,74,14620.334509
82,78,14460.672387
82,82,14333.037251
82,88,14261.819105
82,92,14180.250655
82,100,14096.067726
83,43,19831.848173
83,44,17806.155620
83,45,17740.383601
83,46,17287.541854
83,47,17150.401052
83,50,16778.685957
83,51,16605.348643
83,52,16590.575915
83,53,16362.048984
83,55,16141.735055
83,60,16041.863144
83,61,15772.647347
83,63,15766.719882
83,65,15652.637152
83,66,15284.502742
83,69,15168.105891
83,70,15148.671494
83,71,15093.762016
83,73,14846.126333
83,74,14620.334509
83,78,14460.672387
83,82,14333.037251
83,88,14261.819105
83,92,14180.250655
83,100,14096.067726
84,43,19831.848173
84,44,17806.155620
84,45,17740.383601
84,46,17278.488716
84,47,16932.390190
84,50,16778.685957
84,51,16605.348643
84,52,16590.575915
84,53,16362.048984
84,55,16141.735055
84,60,16041.863144
84,61,15772.647347
84,63,15766.719882
84,64,15743.129920
84,65,15504.345345
84,66,15284.502742
84,69,15168.105891
84,70,15148.671494
84,71,15093.762016
84,73,14846.126333
84,74,14620.334509
84,78,14460.672387
84,82,14333.037251
84,88,14261.819105
84,92,14180.250655
84,100,14096.067726
85,43,19831.848173
85,44,17806.155620
85,45,17740.383601
85,46,17035.264808
85,47,16932.390190
85,50,16603.855115
85,52,16590.575915
85,53,16362.048984
85,55,16141.735055
85,60,15894.173547
85,61,15772.647347
85,63,15766.719882
85,64,15743.129920
85,65,15504.345345
85,66,15284.502742
85,69,15168.105891
85,70,15148.671494
85,71,15093.762016
85,73,14846.126333
85,74,14620.334509
85,78,14460.672387
85,82,14333.037251
85,88,14261.819105
85,89,14199.608006
85,92,14180.250655
85,97,14156.290537
85,98,14154.586551
85,100,14096.067726
86,43,19831.848173
86,44,17806.155620
86,45,17740.383601
86,46,17035.264808
86,47,16932.390190
86,50,16603.855115
86,52,16561.425851
86,53,16120.775813
86,60,15894.173547
86,61,15772.647347
86,63,15766.719882
86,64,15743.129920
86,65,15504.345345
86,66,15284.502742
86,69,15168.105891
86,70,15148.671494
86,71,15093.762016
86,73,14846.126333
86,74,14620.334509
86,78,14460.672387
86,82,14333.037251
86,88,14261.819105
86,89,14199.608006
86,92,14180.250655
86,97,14156.290537
86,98,14154.586551
86,100,14096.067726
87,43,19831.848173
87,44,17806.155620
87,45,17740.383601
87,46,17035.264808
87,47,16701.394999
87,50,16603.855115
87,52,16536.847036
87,53,16120.775813
87,55,15978.052722
87,59,15844.185083
87,61,15772.647347
87,63,15766.719882
87,64,15743.129920
87,65,15504.345345
87,66,15284.502742
87,69,15168.105891
87,70,15071.174486
87,73,14846.126333
87,74,14620.334509
87,78,14460.672387
87,82,14333.037251
87,86,14267.811068
87,88,14261.819105
87,89,14199.608006
87,92,14180.250655
87,97,14156.290537
87,98,14154.586551
87,100,14096.067726
88,43,19831.848173
88,44,17806.155620
88,45,17740.383601
88,46,17035.264808
88,47,16701.394999
88,50,16603.855115
88,52,16536.847036
88,53,16099.171637
88,55,15978.052722
88,59,15844.185083
88,61,15772.647347
88,63,15766.719882
88,64,15743.129920
88,65,15504.345345
88,66,15284.502742
88,67,15178.216418
88,69,15168.105891
88,70,15071.174486
88,73,14846.126333
88,74,14620.334509
88,78,14460.672387
88,82,14333.037251
88,86,14267.811068
88,88,14261.819105
88,89,14199.608006
88,92,14180.250655
88,97,14156.290537
88,98,14154.586551
88,100,14096.067726
89,43,19831.848173
89,44,17806.155620
89,45,17740.383601
89,46,17035.264808
89,47,16701.394999
89,50,16603.855115
89,52,16510.976124
89,53,16099.171637
89,54,15799.179324
89,58,15786.433860
89,60,15754.419110
89,64,15743.129920
89,65,15504.345345
89,66,15284.502742
89,67,15178.216418
89,69,15168.105891
89,70,15071.174486
89,73,14846.126333
89,74,14620.334509
89,78,14460.672387
89,82,14333.037251
89,86,14267.811068
89,88,14173.773298
89,97,14156.290537
89,98,14154.586551
89,100,14096.067726
90,43,19831.848173
90,44,17806.155620
90,45,17740.383601
90,46,17035.264808
90,47,16701.394999
90,48,16574.357728
90,50,16516.167270
90,51,16449.073200
90,52,16363.276758
90,53,16099.171637
90,54,15799.179324
90,57,15720.461406
90,64,15568.042433
90,65,15504.345345
90,66,15284.502742
90,67,15178.216418
90,69,15168.105891
90,70,15071.174486
90,73,14846.126333
90,74,14620.334509
90,78,14460.672387
90,82,14333.037251
90,86,14267.811068
90,88,14173.773298
90,96,14118.542072
90,100,14096.067726
91,43,19831.848173
91,44,17806.155620
91,45,17740.383601
91,46,16721.985205
91,47,16443.853761
91,52,16206.769302
91,53,16099.171637
91,54,15708.253348
91,58,15653.077643
91,62,15545.145535
91,65,15504.345345
91,66,15284.502742
91,67,15178.216418
91,69,15168.105891
91,70,15071.174486
91,73,14846.126333
91,74,14620.334509
91,78,14460.672387
91,82,14333.037251
91,86,14267.811068
91,88,14173.773298
91,96,14118.542072
91,100,14096.067726
92,43,19831.848173
92,44,17806.155620
92,45,17302.572815
92,46,16721.985205
92,47,16443.853761
92,50,16200.506544
92,51,16179.480048
92,53,16099.171637
92,54,15708.253348
92,58,15653.077643
92,61,15638.053863
92,62,15545.145535
92,65,15454.794910
92,66,15284.502742
92,67,15178.216418
92,69,15168.105891
92,70,15071.174486
92,73,14846.126333
92,74,14620.334509
92,78,14460.672387
92,82,14333.037251
92,86,14267.811068
92,88,14173.773298
92,89,14158.106123
92,96,14118.542072
92,100,14096.067726
93,43,19831.848173
93,44,17806.155620
93,45,17302.572815
93,46,16721.985205
93,47,16443.853761
93,50,16200.506544
93,51,16179.480048
93,52,15941.467328
93,54,15708.253348
93,58,15653.077643
93,61,15638.053863
93,62,15478.806977
93,64,15448.437691
93,66,15284.502742
93,67,15178.216418
93,69,15168.105891
93,70,15071.174486
93,73,14846.126333
93,74,14620.334509
93,78,14460.672387
93,82,14333.037251
93,86,14267.811068
93,88,14173.773298
93,89,14158.106123
93,96,14118.542072
93,100,14096.067726
94,43,19831.848173
94,44,17806.155620
94,45,16982.531801
94,46,16721.985205
94,47,16443.853761
94,50,16091.427195
94,52,15941.467328
94,54,15708.253348
94,56,15478.018942
94,64,15448.437691
94,66,15284.502742
94,67,15178.216418
94,69,15168.105891
94,70,15071.174486
94,73,14846.126333
94,74,14620.334509
94,78,14460.672387
94,82,14333.037251
94,85,14316.399812
94,86,14267.811068
94,88,14118.379901
94,100,14096.067726
95,43,19831.848173
95,44,17296.507887
95,45,16982.531801
95,46,16721.985205
95,47,16443.853761
95,48,16393.948034
95,50,16091.427195
95,52,15941.467328
95,53,15836.253840
95,54,15708.253348
95,56,15478.018942
95,60,15451.372538
95,63,15349.449067
95,66,15284.502742
95,67,15178.216418
95,69,15168.105891
95,70,15071.174486
95,73,14846.126333
95,74,14620.334509
95,78,14460.672387
95,82,14333.037251
95,85,14316.399812
95,86,14267.811068
95,88,14118.379901
95,100,14096.067726
96,43,19831.848173
96,44,17296.507887
96,45,16982.531801
96,46,16721.985205
96,47,16355.648238
96,48,16044.450172
96,50,15902.661465
96,51,15797.447977
96,54,15708.253348
96,56,15478.018942
96,60,15451.372538
96,63,15349.449067
96,64,15297.964728
96,66,15284.502742
96,67,15178.216418
96,69,15168.105891
96,70,15071.174486
96,73,14846.126333
96,74,14620.334509
96,78,14460.672387
96,82,14333.037251
96,85,14316.399812
96,86,14267.811068
96,88,14118.379901
96,100,14096.067726
97,43,19831.848173
97,44,17296.507887
97,45,16982.531801
97,46,16721.985205
97,47,16355.648238
97,48,16044.450172
97,50,15902.661465
97,51,15797.447977
97,54,15708.253348
97,56,15478.018942
97,60,15451.372538
97,62,15409.045393
97,63,15349.449067
97,64,15297.964728
97,66,15284.502742
97,67,15175.204507
97,69,15168.105891
97,70,15071.174486
97,73,14846.126333
97,74,14620.334509
97,78,14460.672387
97,82,14333.037251
97,85,14316.399812
97,86,14267.811068
97,88,14118.379901
97,100,14096.067726
98,43,18490.415567
98,44,17296.507887
98,45,16982.531801
98,46,16519.254382
98,47,16355.648238
98,48,16044.450172
98,50,15902.661465
98,51,15797.447977
98,53,15765.156078
98,54,15708.253348
98,56,15478.018942
98,60,15451.372538
98,62,15409.045393
98,63,15228.934571
98,67,15175.204507
98,69,15168.105891
98,70,15071.174486
98,73,14846.126333
98,74,14620.334509
98,78,14460.672387
98,82,14333.037251
98,85,14316.399812
98,86,14267.811068
98,88,14118.379901
98,100,14096.067726
99,43,18490.415567
99,44,17296.507887
99,45,16982.531801
99,46,16519.254382
99,47,16355.648238
99,48,16044.450172
99,50,15902.661465
99,51,15797.447977
99,52,15772.129729
99,53,15765.156078
99,54,15708.253348
99,55,15647.858045
99,56,15478.018942
99,60,15451.372538
99,62,15371.682105
99,63,15220.147722
99,67,15175.204507
99,68,15174.852516
99,69,15168.105891
99,70,15071.174486
99,73,14846.126333
99,74,14620.334509
99,78,14460.672387
99,82,14333.037251
99,85,14316.399812
99,86,14267.811068
99,88,14118.379901
99,100,14096.067726
100,43,18475.814830
100,44,17296.507887
100,45,16808.503304
100,46,16519.254382
100,47,16180.577587
100,48,16044.450172
100,49,16040.634372
100,50,15902.661465
100,51,15797.447977
100,52,15772.129729
100,53,15672.394061
100,55,15647.858045
100,56,15478.018942
100,60,15451.372538
100,61,15252.300554
100,63,15220.147722
100,67,15175.204507
100,68,15174.852516
100,69,15001.997036
100,73,14777.255954
100,74,14620.334509
100,78,14460.672387
100,82,14333.037251
100,85,14316.399812
100,86,14267.811068
100,88,14118.379901
100,100,14096.067726
101,43,18170.881264
101,44,17296.507887
101,45,16808.503304
101,46,16452.917281
101,47,16180.577587
101,48,16044.450172
101,49,15871.301281
101,51,15797.447977
101,52,15772.129729
101,53,15672.394061
101,55,15647.858045
101,56,15475.996166
101,60,15451.372538
101,61,15252.300554
101,63,15216.116995
101,67,15052.728222
101,68,14870.832050
101,70,14798.257174
101,72,14599.964676
101,73,14583.514344
101,78,14452.978084
101,82,14333.037251
101,84,14241.561544
101,85,14062.625497
101,98,14035.938211
102,43,18170.881264
102,44,16957.764863
102,45,16789.322029
102,46,16452.476054
102,47,16180.577587
102,48,16044.450172
102,49,15871.301281
102,51,15704.121863
102,53,15672.394061
102,55,15647.858045
102,56,15475.996166
102,57,15368.883057
102,61,15252.300554
102,63,15216.116995
102,67,15052.728222
102,68,14870.832050
102,70,14798.257174
102,72,14599.964676
102,73,14583.514344
102,78,14452.978084
102,82,14333.037251
102,84,14241.561544
102,85,14062.625497
102,98,14035.938211
103,43,18170.881264
103,44,16957.764863
103,45,16789.322029
103,46,16337.848837
103,47,16180.577587
103,48,16044.450172
103,49,15538.600183
103,53,15302.585050
103,56,15233.115622
103,63,15216.116995
103,67,15052.728222
103,68,14870.832050
103,70,14798.257174
103,72,14599.964676
103,73,14583.514344
103,78,14452.978084
103,82,14333.037251
103,84,14241.561544
103,85,14062.625497
103,98,14035.938211
104,43,18170.881264
104,44,16957.764863
104,45,16700.546669
104,46,16337.848837
104,47,16180.577587
104,48,15766.147731
104,49,15538.600183
104,53,15302.585050
104,56,15233.115622
104,63,15216.116995
104,67,15052.728222
104,68,14870.832050
104,70,14798.257174
104,72,14599.964676
104,73,14583.514344
104,78,14452.978084
104,82,14333.037251
104,84,14241.561544
104,85,14062.625497
104,98,14035.938211
105,43,18170.881264
105,44,16957.764863
105,45,16700.546669
105,46,16335.274899
105,47,16180.577587
105,48,15766.147731
105,49,15538.600183
105,52,15445.907128
105,53,15205.022909
105,57,15044.955222
105,68,14762.729407
105,72,14599.964676
105,73,14583.514344
105,78,14452.978084
105,82,14333.037251
105,84,14241.561544
105,85,14062.625497
105,98,14035.938211
106,43,18170.881264
106,44,16957.764863
106,45,16700.546669
106,46,15963.298228
106,48,15766.147731
106,49,15538.600183
106,50,15475.395837
106,52,15414.375173
106,53,15205.022909
106,57,15044.955222
106,66,14708.896826
106,71,14524.373315
106,72,14484.290017
106,78,14428.086298
106,81,14246.999538
106,82,13955.061830
107,43,18170.881264
107,44,16957.764863
107,45,16613.819502
107,46,15963.298228
107,48,15766.147731
107,49,15538.600183
107,50,15475.395837
107,51,15464.553633
107,52,15391.636823
107,53,15205.022909
107,57,15044.955222
107,66,14708.896826
107,71,14524.373315
107,72,14484.290017
107,78,14428.086298
107,81,14246.999538
107,82,13955.061830
108,43,17263.185138
108,44,16957.764863
108,45,16613.819502
108,46,15963.298228
108,48,15766.147731
108,49,15538.600183
108,50,15475.395837
108,51,15315.243346
108,53,15205.022909
108,57,15044.955222
108,60,14951.746568
108,66,14708.896826
108,71,14524.373315
108,72,14484.290017
108,78,14428.086298
108,81,14246.999538
108,82,13955.061830
109,43,17263.185138
109,44,16955.712954
109,45,16613.819502
109,46,15963.298228
109,48,15766.147731
109,49,15538.600183
109,50,15475.395837
109,51,15315.243346
109,53,15205.022909
109,57,15044.955222
109,58,14813.713398
109,66,14708.896826
109,71,14524.373315
109,72,14484.290017
109,76,14477.615349
109,78,14428.086298
109,81,14246.999538
109,82,13955.061830
110,43,17263.185138
110,44,16955.712954
110,45,16613.819502
110,46,15963.298228
110,48,15766.147731
110,49,15538.600183
110,50,15475.395837
110,51,15315.243346
110,53,15205.022909
110,55,15175.696869
110,57,15044.955222
110,58,14813.713398
110,66,14708.896826
110,71,14524.373315
110,72,14484.290017
110,76,14477.615349
110,78,14428.086298
110,81,14246.999538
110,82,13955.061830
111,43,17263.185138
111,44,16955.712954
111,45,16562.273771
111,46,15963.298228
111,48,15577.589118
111,49,15538.600183
111,50,15414.333065
111,51,15315.243346
111,53,15205.022909
111,55,15175.696869
111,57,15044.955222
111,58,14813.713398
111,66,14681.806933
111,67,14634.598973
111,71,14425.755239
111,78,14401.064191
111,80,14210.367803
111,82,13930.362588
112,43,16823.910558
112,45,16452.947180
112,46,15963.298228
112,48,15577.589118
112,49,15536.416492
112,50,15414.333065
112,51,15315.243346
112,53,15205.022909
112,55,15175.696869
112,56,15139.144888
112,57,15044.955222
112,58,14813.713398
112,61,14796.569624
112,64,14771.444248
112,66,14681.806933
112,67,14634.598973
112,71,14425.755239
112,78,14401.064191
112,80,14210.367803
112,82,13930.362588
113,43,16823.910558
113,44,16720.558060
113,45,16369.567292
113,46,15963.298228
113,48,15577.589118
113,49,15536.416492
113,50,15259.683315
113,53,15205.022909
113,55,15115.654360
113,57,15044.955222
113,58,14813.713398
113,61,14796.569624
113,64,14690.909858
113,66,14681.806933
113,67,14597.037787
113,71,14425.755239
113,78,14401.064191
113,80,14210.367803
113,82,13930.362588
114,42,16992.772095
114,43,16823.910558
114,44,16693.074232
114,45,16369.567292
114,46,15963.298228
114,48,15577.589118
114,49,15536.416492
114,50,15259.683315
114,53,15205.022909
114,55,15115.654360
114,57,15044.955222
114,58,14813.713398
114,61,14796.569624
114,64,14690.909858
114,66,14681.806933
114,67,14597.037787
114,71,14425.755239
114,78,14401.064191
114,80,14210.367803
114,82,13930.362588
115,42,16992.772095
115,43,16823.910558
115,44,16693.074232
115,45,16369.567292
115,46,15963.298228
115,48,15577.589118
115,49,15536.416492
115,50,15259.683315
115,53,15205.022909
115,55,15115.654360
115,57,14964.667125
115,58,14813.713398
115,61,14796.569624
115,62,14774.558606
115,64,14690.909858
115,66,14681.806933
115,67,14597.037787
115,68,14582.792200
115,71,14425.755239
115,78,14401.064191
115,80,14210.367803
115,82,13930.362588
116,42,16992.772095
116,43,16779.392343
116,44,16693.074232
116,45,16127.192631
116,46,15963.298228
116,48,15577.589118
116,49,15536.416492
116,50,15259.683315
116,53,15205.022909
116,55,15115.654360
116,57,14964.667125
116,58,14813.713398
116,61,14796.569624
116,62,14774.558606
116,64,14671.647731
116,66,14635.208696
116,67,14464.281688
116,70,14214.686757
116,80,14210.367803
116,82,13930.362588
117,42,16992.772095
117,43,16779.392343
117,44,16614.208469
117,45,16127.192631
117,46,15963.298228
117,48,15577.589118
117,49,15536.416492
117,50,15259.683315
117,53,15205.022909
117,55,15115.654360
117,56,14879.168043
117,58,14813.713398
117,61,14796.569624
117,62,14774.558606
117,64,14671.647731
117,66,14635.208696
117,67,14464.281688
117,70,14214.686757
117,80,14210.367803
117,82,13930.362588
118,42,16969.938402
118,43,16779.392343
118,44,16614.208469
118,45,16097.088743
118,46,15963.298228
118,48,15577.589118
118,49,15536.416492
118,50,15259.683315
118,53,15205.022909
118,55,15115.654360
118,56,14879.168043
118,58,14813.713398
118,61,14796.569624
118,62,14774.558606
118,64,14671.647731
118,66,14635.208696
118,67,14464.281688
118,70,14214.686757
118,80,14210.367803
118,82,13930.362588
119,41,17746.946123
119,42,16969.938402
119,43,16779.392343
119,44,16614.208469
119,45,16041.321675
119,46,15963.298228
119,48,15577.589118
119,49,15536.416492
119,50,15259.683315
119,53,15205.022909
119,55,15115.654360
119,56,14879.168043
119,58,14813.713398
119,59,14801.425228
119,61,14796.569624
119,62,14774.558606
119,64,14671.647731
119,66,14635.208696
119,67,14464.281688
119,70,14214.686757
119,80,14210.367803
119,82,13930.362588
120,41,17467.041219
120,42,16969.938402
120,43,16779.392343
120,44,16311.711776
120,45,16041.321675
120,46,15963.298228
120,47,15916.132647
120,48,15577.589118
120,49,15536.416492
120,50,15259.683315
120,53,15205.022909
120,55,15115.654360
120,56,14879.168043
120,58,14813.713398
120,59,14801.425228
120,61,14796.569624
120,62,14774.558606
120,64,14671.647731
120,66,14635.208696
120,67,14464.281688
120,70,14214.686757
120,80,14210.367803
120,82,13930.362588
121,41,17467.041219
121,42,16969.938402
121,43,16779.392343
121,44,16311.711776
121,45,16041.321675
121,46,15963.298228
121,47,15916.132647
121,48,15577.589118
121,49,15536.416492
121,50,15259.683315
121,53,15205.022909
121,55,15115.654360
121,56,14879.168043
121,57,14744.054802
121,61,14632.151336
121,65,14612.319566
121,67,14439.830827
121,70,14202.001930
121,81,13921.673961
122,41,17467.041219
122,42,16969.938402
122,43,16627.154426
122,44,16295.752671
122,45,16041.321675
122,46,15934.547901
122,47,15916.132647
122,48,15577.589118
122,49,15536.416492
122,50,15192.758374
122,55,15115.654360
122,56,14879.168043
122,57,14744.054802
122,61,14632.151336
122,65,14612.319566
122,67,14439.830827
122,70,14202.001930
122,81,13921.673961
123,41,17467.041219
123,42,16969.938402
123,43,16540.214887
123,44,16295.752671
123,45,16041.321675
123,46,15934.547901
123,47,15916.132647
123,48,15577.589118
123,49,15436.894294
123,50,15192.758374
123,55,15115.654360
123,56,14879.168043
123,57,14744.054802
123,61,14632.151336
123,63,14627.523675
123,65,14612.319566
123,67,14439.830827
123,70,14202.001930
123,81,13921.673961
123,82,13898.868583
124,41,17467.041219
124,42,16969.938402
124,43,16540.214887
124,44,16295.752671
124,45,16041.321675
124,46,15934.547901
124,47,15916.132647
124,48,15577.589118
124,49,15436.894294
124,50,15192.758374
124,52,15158.944158
124,55,15115.654360
124,56,14848.152417
124,57,14744.054802
124,61,14632.151336
124,63,14627.523675
124,65,14612.319566
124,67,14439.830827
124,70,14202.001930
124,79,14132.582387
124,81,13921.673961
124,82,13898.868583
125,41,17467.041219
125,42,16969.938402
125,43,16540.214887
125,44,16295.752671
125,45,16041.321675
125,46,15934.547901
125,47,15916.132647
125,48,15577.589118
125,49,15436.894294
125,50,15192.758374
125,51,15125.374616
125,55,15115.654360
125,56,14848.152417
125,57,14744.054802
125,61,14632.151336
125,63,14627.523675
125,65,14612.319566
125,67,14439.830827
125,70,14202.001930
125,79,14132.582387
125,81,13921.673961
125,82,13898.868583
125,84,13886.191373
126,41,17467.041219
126,42,16969.938402
126,43,16540.214887
126,44,16295.752671
126,45,16041.321675
126,46,15716.766044
126,47,15609.992270
126,48,15577.589118
126,49,15436.894294
126,50,15192.758374
126,51,15125.374616
126,52,15102.292922
126,55,14878.787486
126,56,14848.152417
126,57,14744.054802
126,61,14632.151336
126,63,14569.509220
126,67,14431.028263
126,70,14154.771174
126,78,14061.019423
126,81,13833.073615
127,41,17467.041219
127,42,16853.045708
127,43,15998.860796
127,46,15716.766044
127,47,15486.578054
127,49,15436.894294
127,50,15192.758374
127,51,15125.374616
127,52,15102.292922
127,55,14878.787486
127,56,14848.152417
127,57,14744.054802
127,61,14632.151336
127,63,14569.509220
127,67,14431.028263
127,70,14154.771174
127,78,14061.019423
127,81,13833.073615
128,41,17467.041219
128,42,16853.045708
128,43,15998.860796
128,46,15618.115407
128,47,15486.578054
128,48,15352.838805
128,50,15192.758374
128,51,15125.374616
128,52,15102.292922
128,54,15064.619307
128,55,14878.787486
128,56,14848.152417
128,57,14744.054802
128,61,14632.151336
128,63,14569.509220
128,67,14431.028263
128,70,14154.771174
128,78,14061.019423
128,81,13833.073615
129,41,17467.041219
129,42,15917.375097
129,46,15618.115407
129,47,15382.404904
129,48,15352.838805
129,50,15192.758374
129,51,15125.374616
129,52,15102.292922
129,53,15089.885580
129,54,15064.619307
129,55,14878.787486
129,56,14848.152417
129,57,14744.054802
129,61,14632.151336
129,63,14569.509220
129,65,14549.333203
129,67,14431.028263
129,69,14379.314267
129,70,14154.771174
129,78,14061.019423
129,79,13996.733275
129,81,13833.073615
130,41,17467.041219
130,42,15917.375097
130,46,15618.115407
130,47,15382.404904
130,48,15352.838805
130,50,15175.434400
130,51,15125.374616
130,52,15102.292922
130,53,15089.885580
130,54,15064.619307
130,55,14878.787486
130,56,14763.662304
130,57,14744.054802
130,61,14632.151336
130,63,14569.509220
130,65,14549.333203
130,67,14431.028263
130,69,14379.314267
130,70,14154.771174
130,78,14061.019423
130,79,13996.733275
130,81,13833.073615
131,41,17467.041219
131,42,15917.375097
131,46,15618.115407
131,47,15382.404904
131,48,15352.838805
131,49,15260.089184
131,50,15175.434400
131,51,15125.374616
131,52,15102.292922
131,53,15089.885580
131,54,15064.619307
131,55,14878.787486
131,56,14763.662304
131,57,14714.481897
131,61,14632.151336
131,63,14569.509220
131,65,14549.333203
131,67,14418.393016
131,69,14379.314267
131,70,14084.300052
131,76,14013.240206
131,79,13996.733275
131,80,13789.805440
132,41,17467.041219
132,42,15917.375097
132,46,15618.115407
132,47,15382.404904
132,48,15352.838805
132,49,15241.130888
132,50,15175.434400
132,51,15125.374616
132,52,15102.292922
132,53,15089.885580
132,54,15064.619307
132,55,14878.787486
132,56,14763.662304
132,57,14714.481897
132,61,14632.151336
132,63,14569.509220
132,65,14549.333203
132,67,14418.393016
132,69,14379.314267
132,70,14084.300052
132,76,14013.240206
132,79,13996.733275
132,80,13789.805440
133,41,17467.041219
133,42,15813.054681
133,46,15618.115407
133,47,15382.404904
133,48,15308.338860
133,49,15241.130888
133,50,15175.434400
133,51,15125.374616
133,52,15095.728971
133,53,15089.885580
133,54,15064.619307
133,55,14878.787486
133,56,14763.662304
133,57,14714.481897
133,61,14632.151336
133,63,14569.509220
133,65,14549.333203
133,67,14418.393016
133,69,14379.314267
133,70,14084.300052
133,76,14013.240206
133,79,13996.733275
133,80,13789.805440
134,41,17467.041219
134,42,15813.054681
134,46,15618.115407
134,47,15382.404904
134,48,15308.338860
134,49,15151.143417
134,50,15132.583704
134,51,15125.374616
134,52,15095.728971
134,53,15089.885580
134,54,15064.619307
134,55,14782.660294
134,56,14763.662304
134,57,14714.481897
134,61,14632.151336
134,63,14569.509220
134,65,14549.333203
134,66,14535.209263
134,67,14418.393016
134,69,14379.314267
134,70,14084.300052
134,76,14013.240206
134,79,13996.733275
134,80,13789.805440
135,41,17467.041219
135,42,15813.054681
135,45,15416.004630
135,47,15382.404904
135,48,15308.338860
135,49,15151.143417
135,50,15132.583704
135,51,15125.374616
135,52,15069.987956
135,54,15064.619307
135,55,14782.660294
135,56,14763.662304
135,57,14714.481897
135,61,14632.151336
135,63,14569.509220
135,65,14549.333203
135,66,14535.209263
135,67,14418.393016
135,69,14379.314267
135,70,14084.300052
135,76,14013.240206
135,79,13996.733275
135,80,13789.805440
136,41,17467.041219
136,42,15792.251290
136,45,15379.073570
136,48,15308.338860
136,49,15151.143417
136,50,15065.339654
136,54,15064.619307
136,55,14782.660294
136,56,14763.662304
136,57,14714.481897
136,60,14593.540284
136,63,14525.722486
136,65,14520.575207
136,67,14333.500216
136,68,14297.470338
136,70,14065.577648
136,75,13978.060309
136,79,13740.397157
137,41,17467.041219
137,42,15688.191159
137,45,15379.073570
137,48,15308.338860
137,49,15151.143417
137,50,15065.339654
137,53,15021.985524
137,55,14782.660294
137,56,14763.662304
137,57,14714.481897
137,59,14709.865493
137,60,14593.540284
137,63,14525.722486
137,65,14520.575207
137,67,14333.500216
137,68,14297.470338
137,70,14065.577648
137,75,13978.060309
137,79,13740.397157
138,41,17467.041219
138,42,15688.191159
138,45,15379.073570
138,47,15359.909209
138,48,15308.338860
138,49,15151.143417
138,50,15065.339654
138,53,15021.985524
138,55,14737.444191
138,57,14714.481897
138,59,14709.865493
138,60,14593.540284
138,62,14589.802804
138,63,14525.722486
138,65,14520.575207
138,67,14333.500216
138,68,14297.470338
138,70,14065.577648
138,75,13978.060309
138,79,13740.397157
139,41,17467.041219
139,42,15688.191159
139,45,15379.073570
139,46,15252.005236
139,49,15140.250687
139,50,15065.339654
139,53,15021.985524
139,55,14737.444191
139,57,14714.481897
139,59,14709.865493
139,60,14593.540284
139,62,14589.802804
139,63,14525.722486
139,65,14520.575207
139,67,14333.500216
139,68,14297.470338
139,70,14065.577648
139,75,13967.675845
139,76,13920.891258
139,79,13740.397157
140,41,16767.448135
140,42,15688.191159
140,45,15379.073570
140,46,15252.005236
140,49,15140.250687
140,50,15065.339654
140,51,15020.709441
140,55,14737.444191
140,57,14714.481897
140,59,14709.865493
140,60,14593.540284
140,62,14589.802804
140,63,14525.722486
140,65,14520.575207
140,67,14333.500216
140,68,14297.470338
140,70,14065.577648
140,75,13967.675845
140,76,13920.891258
140,79,13740.397157
141,41,16767.448135
141,42,15688.191159
141,43,15533.120784
141,45,15379.073570
141,46,15252.005236
141,49,15140.250687
141,50,15065.339654
141,51,15020.709441
141,53,14929.685692
141,54,14919.254004
141,55,14737.444191
141,57,14714.481897
141,59,14593.268022
141,62,14549.599923
141,63,14505.673890
141,67,14327.447489
141,68,14297.470338
141,70,14065.577648
141,75,13967.675845
141,76,13920.891258
141,79,13740.397157
142,41,16767.448135
142,42,15688.191159
142,43,15533.120784
142,45,15379.073570
142,46,15252.005236
142,49,15112.002453
142,50,15065.339654
142,51,15020.709441
142,53,14929.685692
142,54,14919.254004
142,55,14737.444191
142,57,14714.481897
142,59,14593.268022
142,62,14549.599923
142,63,14505.673890
142,67,14327.447489
142,68,14297.470338
142,70,14065.577648
142,75,13967.675845
142,76,13920.891258
142,79,13740.397157
143,41,16302.096525
143,42,15688.191159
143,43,15533.120784
143,45,15379.073570
143,46,15252.005236
143,47,15192.008877
143,49,15112.002453
143,50,15065.339654
143,51,15012.501651
143,53,14929.685692
143,54,14919.254004
143,55,14737.444191
143,57,14714.481897
143,59,14593.268022
143,62,14549.599923
143,63,14505.673890
143,67,14327.447489
143,68,14297.470338
143,70,14065.577648
143,75,13967.675845
143,76,13920.891258
143,79,13740.397157
144,41,15958.244340
144,42,15688.191159
144,43,15533.120784
144,45,15379.073570
144,46,15252.005236
144,47,15082.533385
144,50,15065.339654
144,51,15012.501651
144,53,14929.685692
144,54,14715.225742
144,57,14714.481897
144,59,14593.268022
144,62,14549.599923
144,63,14505.673890
144,67,14327.447489
144,68,14297.470338
144,70,14065.577648
144,75,13967.675845
144,76,13920.891258
144,78,13796.731663
144,79,13740.397157
145,41,15958.244340
145,42,15688.191159
145,43,15533.120784
145,45,15379.073570
145,46,15252.005236
145,47,15082.533385
145,50,15065.339654
145,51,15012.501651
145,52,14855.873999
145,54,14715.225742
145,57,14714.481897
145,59,14593.268022
145,62,14549.599923
145,63,14505.673890
145,67,14327.447489
145,68,14297.470338
145,70,14065.577648
145,75,13967.675845
145,76,13920.891258
145,78,13796.731663
145,79,13740.397157
145,90,13737.762872
146,41,15958.244340
146,42,15688.191159
146,43,15533.120784
146,45,15379.073570
146,46,15184.691642
146,47,15082.533385
146,50,15036.484578
146,51,15012.501651
146,52,14855.873999
146,54,14715.225742
146,57,14714.481897
146,59,14593.268022
146,62,14543.608079
146,63,14505.673890
146,64,14421.970872
146,67,14262.759428
146,69,14059.554524
146,74,13832.910922
146,76,13679.904875
147,41,15882.855563
147,42,15688.191159
147,43,15533.120784
147,45,15310.737843
147,46,15184.691642
147,47,15082.533385
147,50,15036.484578
147,51,15012.501651
147,52,14855.873999
147,54,14638.453043
147,59,14593.268022
147,62,14543.608079
147,63,14505.673890
147,64,14421.970872
147,67,14262.759428
147,69,14059.554524
147,74,13832.910922
147,76,13679.904875
148,40,16344.684182
148,41,15882.855563
148,42,15688.191159
148,43,15533.120784
148,44,15341.912461
148,45,15310.737843
148,46,15184.691642
148,47,15082.533385
148,50,15036.484578
148,51,15012.501651
148,52,14855.873999
148,54,14638.453043
148,59,14593.268022
148,61,14582.699577
148,62,14543.608079
148,63,14505.673890
148,64,14421.970872
148,67,14262.759428
148,69,14059.554524
148,74,13832.910922
148,76,13679.904875
149,40,16344.684182
149,41,15882.855563
149,42,15644.320440
149,43,15533.120784
149,44,15341.912461
149,45,15310.737843
149,46,15184.691642
149,47,15082.533385
149,48,15063.886185
149,50,15002.761328
149,52,14855.873999
149,54,14638.453043
149,59,14593.268022
149,61,14582.699577
149,62,14543.608079
149,63,14505.673890
149,64,14421.970872
149,67,14262.759428
149,69,14059.554524
149,74,13832.910922
149,76,13679.904875
150,40,16344.684182
150,41,15882.855563
150,42,15549.795174
150,43,15533.120784
150,44,15341.912461
150,45,15310.737843
150,46,15184.691642
150,47,15082.533385
150,48,15063.886185
150,49,14905.905883
150,52,14774.935610
150,54,14638.453043
150,59,14593.268022
150,61,14582.699577
150,62,14543.608079
150,63,14505.673890
150,64,14421.970872
150,67,14262.759428
150,69,14059.554524
150,74,13832.910922
150,76,13679.904875
151,40,16344.684182
151,41,15882.855563
151,42,15549.795174
151,43,15533.120784
151,44,15341.912461
151,45,15307.496338
151,46,15184.691642
151,47,15082.533385
151,48,15063.886185
151,49,14905.905883
151,52,14774.935610
151,53,14675.210684
151,54,14638.453043
151,59,14593.268022
151,61,14582.699577
151,62,14452.803916
151,63,14370.573388
151,66,14241.121066
151,68,14011.853349
151,72,13921.086644
151,74,13832.481194
151,75,13633.746253
152,40,16344.684182
152,41,15882.855563
152,42,15549.795174
152,43,15533.120784
152,44,15341.912461
152,45,15307.496338
152,46,15184.691642
152,47,15082.533385
152,48,15063.886185
152,49,14905.905883
152,50,14893.491449
152,52,14774.935610
152,53,14675.210684
152,54,14638.453043
152,59,14593.268022
152,61,14561.277486
152,62,14452.803916
152,63,14370.573388
152,66,14241.121066
152,68,14011.853349
152,72,13921.086644
152,74,13832.481194
152,75,13633.746253
153,40,16344.684182
153,41,15864.762908
153,42,15549.795174
153,43,15533.120784
153,44,15341.912461
153,45,15307.496338
153,46,15184.691642
153,47,15082.533385
153,48,15063.886185
153,49,14905.905883
153,50,14893.491449
153,52,14774.935610
153,53,14675.210684
153,54,14638.453043
153,59,14593.268022
153,61,14561.277486
153,62,14452.803916
153,63,14370.573388
153,66,14241.121066
153,68,14011.853349
153,72,13921.086644
153,74,13832.481194
153,75,13633.746253
154,40,16344.684182
154,41,15864.762908
154,42,15549.795174
154,43,15533.120784
154,44,15341.912461
154,45,15307.496338
154,46,15184.691642
154,47,15082.533385
154,48,14927.434704
154,49,14905.905883
154,50,14893.491449
154,52,14774.935610
154,53,14675.210684
154,54,14638.453043
154,59,14593.268022
154,61,14561.277486
154,62,14452.803916
154,63,14370.573388
154,66,14241.121066
154,68,14011.853349
154,72,13921.086644
154,74,13832.481194
154,75,13633.746253
155,40,16344.684182
155,41,15763.968573
155,42,15549.795174
155,43,15527.062934
155,44,15341.912461
155,45,15305.146663
155,46,15184.691642
155,47,15000.132747
155,48,14927.434704
155,49,14905.905883
155,50,14836.600240
155,52,14710.152280
155,53,14675.210684
155,54,14592.114654
155,58,14577.614648
155,61,14561.277486
155,62,14452.803916
155,63,14370.573388
155,66,14241.121066
155,68,14011.853349
155,72,13921.086644
155,74,13832.481194
155,75,13633.746253
156,40,16344.684182
156,41,15763.968573
156,42,15549.795174
156,43,15527.062934
156,44,15341.912461
156,45,15305.146663
156,46,15184.691642
156,47,15000.132747
156,48,14927.434704
156,49,14905.905883
156,50,14836.600240
156,52,14710.152280
156,53,14675.210684
156,54,14523.842343
156,62,14410.413565
156,63,14363.122138
156,66,14090.111425
156,68,13985.723845
156,72,13910.807971
156,74,13593.883932
157,40,16344.684182
157,41,15763.968573
157,42,15549.795174
157,43,15483.580240
157,44,15341.912461
157,45,15305.146663
157,46,15184.691642
157,47,15000.132747
157,48,14927.434704
157,49,14905.905883
157,50,14836.600240
157,52,14710.152280
157,53,14655.708692
157,54,14523.842343
157,58,14490.948479
157,62,14410.413565
157,63,14363.122138
157,66,14090.111425
157,68,13985.723845
157,72,13910.807971
157,74,13593.883932
158,40,16344.684182
158,41,15763.968573
158,42,15546.594235
158,43,15371.983408
158,44,15341.912461
158,45,15305.146663
158,46,15184.691642
158,47,15000.132747
158,48,14927.434704
158,49,14905.905883
158,50,14836.600240
158,51,14707.866754
158,53,14635.535609
158,54,14523.842343
158,58,14490.948479
158,60,14419.366936
158,62,14410.413565
158,63,14363.122138
158,64,14325.769297
158,66,14090.111425
158,68,13985.723845
158,72,13910.807971
158,74,13593.883932
159,40,16344.684182
159,41,15763.968573
159,42,15546.594235
159,43,15371.983408
159,44,15341.912461
159,45,15305.146663
159,46,15184.691642
159,47,15000.132747
159,48,14927.434704
159,49,14905.905883
159,50,14836.600240
159,51,14707.866754
159,53,14635.535609
159,54,14523.842343
159,58,14490.948479
159,60,14419.366936
159,62,14362.432426
159,64,14325.769297
159,66,14090.111425
159,68,13985.723845
159,72,13910.807971
159,74,13593.883932
160,40,15945.400260
160,41,15763.968573
160,42,15546.594235
160,43,15371.983408
160,44,15341.912461
160,45,15305.146663
160,46,15184.691642
160,47,15000.132747
160,48,14927.434704
160,49,14824.041668
160,50,14773.855543
160,51,14707.866754
160,53,14635.535609
160,54,14523.842343
160,58,14490.948479
160,60,14419.366936
160,62,14362.432426
160,64,14325.769297
160,66,14090.111425
160,68,13985.723845
160,72,13910.807971
160,74,13593.883932
161,40,15945.400260
161,41,15763.968573
161,42,15546.594235
161,43,15371.983408
161,44,15341.912461
161,45,15305.146663
161,46,15184.691642
161,47,15000.132747
161,48,14927.434704
161,49,14824.041668
161,50,14744.004775
161,51,14707.866754
161,52,14641.407925
161,53,14635.535609
161,54,14523.842343
161,57,14424.702196
161,60,14403.461782
161,61,14346.440634
161,64,14325.769297
161,65,14019.490439
161,68,13950.462684
161,72,13910.614530
161,74,13593.883932
162,39,17434.662416
162,40,15945.400260
162,41,15763.968573
162,42,15546.594235
162,43,15371.983408
162,44,15341.912461
162,45,15305.146663
162,46,15184.691642
162,47,15000.132747
162,48,14927.434704
162,49,14824.041668
162,50,14744.004775
162,51,14707.866754
162,52,14641.407925
162,53,14635.535609
162,54,14523.842343
162,57,14424.702196
162,60,14399.528522
162,61,14346.440634
162,64,14325.769297
162,65,14019.490439
162,68,13950.462684
162,72,13838.377376
162,74,13593.883932
163,39,17434.662416
163,40,15945.400260
163,41,15763.968573
163,42,15546.594235
163,43,15371.983408
163,44,15341.912461
163,45,15305.146663
163,46,15184.691642
163,47,15000.132747
163,48,14927.434704
163,49,14824.041668
163,50,14744.004775
163,51,14707.665300
163,52,14641.407925
163,53,14635.535609
163,54,14523.842343
163,57,14424.702196
163,60,14399.528522
163,61,14346.440634
163,64,14325.769297
163,65,14019.490439
163,68,13950.462684
163,72,13838.377376
163,74,13593.883932
164,39,16181.719257
164,40,15945.400260
164,41,15763.968573
164,42,15546.594235
164,43,15371.983408
164,44,15341.912461
164,45,15292.363367
164,46,15184.691642
164,47,15000.132747
164,48,14927.434704
164,49,14824.041668
164,50,14744.004775
164,51,14707.665300
164,52,14641.407925
164,53,14635.535609
164,54,14523.842343
164,55,14512.260232
164,57,14424.702196
164,60,14399.528522
164,61,14346.440634
164,63,14343.835008
164,64,14325.769297
164,65,14019.490439
164,68,13950.462684
164,72,13838.377376
164,74,13593.883932
165,39,16181.719257
165,40,15945.400260
165,41,15763.968573
165,42,15546.594235
165,43,15371.983408
165,44,15341.912461
165,45,15216.613685
165,46,15184.691642
165,47,15000.132747
165,48,14927.434704
165,49,14824.041668
165,50,14744.004775
165,51,14707.665300
165,52,14641.407925
165,53,14635.535609
165,54,14523.842343
165,55,14512.260232
165,57,14424.702196
165,60,14399.528522
165,61,14346.440634
165,63,14343.835008
165,64,14325.769297
165,65,14019.490439
165,68,13950.462684
165,72,13838.377376
165,74,13593.883932
166,39,16181.719257
166,40,15945.400260
166,41,15763.968573
166,42,15546.594235
166,43,15142.908949
166,47,15000.132747
166,48,14927.434704
166,49,14824.041668
166,50,14744.004775
166,51,14615.998561
166,54,14523.842343
166,55,14509.820178
166,57,14295.495209
166,64,13978.644831
166,68,13950.462684
166,72,13803.948610
166,73,13556.201070
167,39,16181.719257
167,40,15785.773810
167,41,15763.968573
167,42,15546.594235
167,43,15142.908949
167,47,15000.132747
167,48,14927.434704
167,49,14824.041668
167,50,14744.004775
167,51,14615.998561
167,54,14523.842343
167,55,14509.820178
167,57,14295.495209
167,64,13978.644831
167,68,13950.462684
167,72,13803.948610
167,73,13556.201070
168,39,16181.719257
168,40,15785.773810
168,41,15763.968573
168,42,15546.594235
168,43,15142.908949
168,47,15000.132747
168,48,14912.840026
168,49,14824.041668
168,50,14744.004775
168,51,14615.998561
168,54,14523.842343
168,55,14509.820178
168,57,14295.495209
168,64,13978.644831
168,68,13950.462684
168,72,13803.948610
168,73,13556.201070
169,39,16181.719257
169,40,15785.773810
169,41,15763.968573
169,42,15546.594235
169,43,15142.908949
169,47,15000.132747
169,48,14912.840026
169,49,14824.041668
169,50,14744.004775
169,51,14615.998561
169,54,14523.842343
169,55,14509.820178
169,56,14501.702175
169,57,14295.495209
169,64,13978.644831
169,68,13950.462684
169,72,13803.948610
169,73,13556.201070
170,39,16181.719257
170,40,15785.773810
170,41,15727.856349
170,42,15546.594235
170,43,15142.908949
170,47,15000.132747
170,48,14912.840026
170,49,14824.041668
170,50,14744.004775
170,51,14615.998561
170,54,14523.842343
170,55,14509.820178
170,56,14501.702175
170,57,14295.495209
170,64,13978.644831
170,68,13950.462684
170,72,13803.948610
170,73,13556.201070
171,39,16181.719257
171,40,15785.773810
171,41,15727.856349
171,42,15546.594235
171,43,15009.455063
171,47,14980.997776
171,48,14912.840026
171,49,14824.041668
171,50,14560.618910
171,54,14523.842343
171,55,14509.820178
171,56,14442.380082
171,57,14283.749983
171,64,13959.254392
171,68,13935.083688
171,70,13801.123577
171,73,13522.665466
172,39,15835.231639
172,40,15785.773810
172,41,15727.856349
172,42,15546.594235
172,43,15009.455063
172,47,14887.913807
172,49,14791.116476
172,50,14560.618910
172,54,14523.842343
172,55,14509.820178
172,56,14442.380082
172,57,14283.749983
172,64,13959.254392
172,68,13935.083688
172,70,13801.123577
172,73,13522.665466
173,39,15835.231639
173,40,15785.773810
173,41,15727.856349
173,42,15546.594235
173,43,15009.455063
173,47,14887.913807
173,49,14665.832101
173,50,14560.618910
173,54,14523.842343
173,55,14509.820178
173,56,14442.380082
173,57,14283.749983
173,64,13959.254392
173,68,13935.083688
173,70,13801.123577
173,73,13522.665466
174,39,15835.231639
174,40,15785.773810
174,41,15727.856349
174,42,15546.594235
174,43,15009.455063
174,47,14887.913807
174,49,14665.832101
174,50,14560.618910
174,54,14523.842343
174,55,14509.820178
174,56,14442.380082
174,57,14283.749983
174,64,13959.254392
174,68,13935.083688
174,70,13801.123577
174,73,13522.665466
175,39,15835.231639
175,40,15785.773810
175,41,15680.466160
175,42,15546.594235
175,43,15009.455063
175,47,14887.913807
175,49,14665.832101
175,50,14560.618910
175,52,14541.272946
175,54,14523.842343
175,55,14509.820178
175,56,14442.380082
175,57,14283.749983
175,64,13959.254392
175,68,13935.083688
175,70,13801.123577
175,71,13684.789545
175,73,13522.665466
176,39,15835.231639
176,40,15785.773810
176,41,15680.466160
176,42,15546.594235
176,43,15009.455063
176,47,14887.913807
176,49,14665.832101
176,50,14526.041382
176,51,14522.791998
176,54,14482.525370
176,55,14441.927674
176,57,14249.556380
176,64,13930.159111
176,68,13919.781585
176,70,13801.123577
176,71,13676.173710
176,73,13506.240513
177,39,15797.321735
177,40,15761.896535
177,41,15680.466160
177,42,15546.594235
177,43,15009.455063
177,45,14978.121688
177,47,14887.913807
177,49,14665.832101
177,50,14526.041382
177,51,14522.791998
177,52,14457.527665
177,55,14424.402569
177,57,14249.556380
177,64,13930.159111
177,68,13919.781585
177,70,13801.123577
177,71,13676.173710
177,73,13506.240513
178,39,15797.321735
178,40,15638.203981
178,42,15546.594235
178,43,14994.952090
178,44,14963.495859
178,47,14887.913807
178,49,14665.832101
178,50,14526.041382
178,51,14522.791998
178,52,14457.527665
178,55,14424.402569
178,57,14249.556380
178,64,13930.159111
178,68,13919.781585
178,70,13801.123577
178,71,13676.173710
178,73,13506.240513
179,39,15797.321735
179,40,15638.203981
179,42,15546.594235
179,43,14970.880510
179,44,14963.495859
179,47,14887.913807
179,48,14741.614652
179,49,14665.832101
179,50,14526.041382
179,51,14522.791998
179,52,14457.527665
179,55,14424.402569
179,56,14390.054380
179,57,14249.556380
179,64,13930.159111
179,68,13919.781585
179,70,13801.123577
179,71,13676.173710
179,73,13506.240513
180,39,15797.321735
180,40,15638.203981
180,42,15092.929669
180,43,14970.880510
180,44,14963.495859
180,47,14887.913807
180,48,14741.614652
180,49,14665.832101
180,50,14515.978654
180,52,14457.527665
180,55,14424.402569
180,56,14390.054380
180,57,14249.556380
180,64,13930.159111
180,68,13919.781585
180,69,13797.189823
180,71,13676.173710
180,73,13506.240513
181,39,15797.321735
181,40,15638.203981
181,42,15092.929669
181,43,14970.880510
181,44,14963.495859
181,47,14887.913807
181,48,14741.614652
181,49,14665.832101
181,50,14515.978654
181,52,14457.527665
181,54,14387.797726
181,55,14364.994997
181,57,14243.210387
181,64,13907.557368
181,69,13751.118579
181,71,13676.173710
181,73,13489.813343
182,39,15797.321735
182,40,15638.203981
182,41,15292.697262
182,42,15092.929669
182,43,14824.515047
182,48,14721.520140
182,49,14591.127551
182,50,14515.978654
182,52,14457.527665
182,54,14387.797726
182,55,14364.994997
182,57,14243.210387
182,64,13907.557368
182,69,13751.118579
182,71,13676.173710
182,73,13489.813343
183,39,15797.321735
183,40,15638.203981
183,41,15292.697262
183,42,15092.929669
183,43,14824.515047
183,48,14721.520140
183,49,14591.127551
183,50,14515.978654
183,52,14457.527665
183,54,14387.797726
183,55,14364.994997
183,57,14243.210387
183,64,13907.557368
183,69,13751.118579
183,71,13676.173710
183,73,13489.813343
184,39,15797.321735
184,40,15638.203981
184,41,15292.697262
184,42,15092.929669
184,43,14824.515047
184,47,14811.803300
184,48,14721.520140
184,49,14591.127551
184,50,14515.978654
184,52,14457.527665
184,54,14387.797726
184,55,14364.994997
184,57,14243.210387
184,64,13907.557368
184,69,13751.118579
184,71,13676.173710
184,73,13489.813343
185,39,15797.321735
185,40,15638.203981
185,41,15292.697262
185,42,14971.358975
185,43,14824.515047
185,47,14811.803300
185,48,14721.520140
185,49,14591.127551
185,50,14515.978654
185,51,14431.463429
185,54,14387.797726
185,55,14364.994997
185,57,14243.210387
185,64,13907.557368
185,69,13751.118579
185,71,13676.173710
185,73,13489.813343
186,39,15797.321735
186,40,15638.203981
186,41,15292.697262
186,42,14971.358975
186,43,14824.515047
186,47,14811.803300
186,48,14721.520140
186,49,14554.397535
186,50,14515.978654
186,51,14333.239157
186,56,14122.519302
186,64,13775.845919
186,69,13751.118579
186,70,13570.518959
186,73,13449.810590
187,38,16729.987231
187,39,15797.321735
187,40,15638.203981
187,41,15292.697262
187,42,14904.196719
187,43,14824.515047
187,47,14811.803300
187,48,14721.520140
187,49,14554.397535
187,50,14515.978654
187,51,14333.239157
187,56,14122.519302
187,64,13775.845919
187,69,13751.118579
187,70,13570.518959
187,73,13449.810590
188,38,16729.987231
188,39,15797.321735
188,40,15638.203981
188,41,15292.697262
188,42,14904.196719
188,43,14824.515047
188,47,14811.803300
188,48,14584.103086
188,49,14554.397535
188,50,14515.978654
188,51,14333.239157
188,56,14122.519302
188,64,13775.845919
188,69,13751.118579
188,70,13570.518959
188,73,13449.810590
189,38,15805.460742
189,39,15797.321735
189,40,15638.203981
189,41,15292.697262
189,42,14826.323729
189,43,14824.515047
189,47,14811.803300
189,48,14584.103086
189,49,14554.397535
189,50,14515.978654
189,51,14333.239157
189,56,14122.519302
189,64,13775.845919
189,69,13751.118579
189,70,13570.518959
189,73,13449.810590
190,38,15805.460742
190,39,15797.321735
190,40,15576.186118
190,41,15292.697262
190,42,14826.323729
190,43,14721.996590
190,48,14584.103086
190,49,14554.397535
190,50,14515.978654
190,51,14333.239157
190,56,14122.519302
190,58,14080.309584
190,64,13775.845919
190,69,13751.118579
190,70,13570.518959
190,73,13449.810590
191,38,15805.460742
191,39,15797.321735
191,40,15576.186118
191,41,15292.697262
191,42,14826.323729
191,43,14670.764748
191,48,14556.048044
191,49,14554.397535
191,50,14496.680093
191,51,14333.239157
191,56,14122.519302
191,57,14052.188941
191,64,13775.845919
191,68,13684.191487
191,70,13570.518959
191,73,13420.103458
192,37,15971.524123
192,38,15805.460742
192,39,15797.321735
192,40,15576.186118
192,41,15292.697262
192,42,14770.219908
192,43,14670.764748
192,48,14556.048044
192,49,14554.397535
192,50,14496.680093
192,51,14333.239157
192,56,14122.519302
192,57,14052.188941
192,64,13775.845919
192,68,13684.191487
192,70,13570.518959
192,73,13420.103458
193,37,15971.524123
193,38,15805.460742
193,39,15797.321735
193,40,15576.186118
193,41,15292.697262
193,42,14770.219908
193,43,14670.764748
193,45,14546.267414
193,50,14496.680093
193,51,14333.239157
193,56,14122.519302
193,57,14052.188941
193,64,13775.845919
193,68,13684.191487
193,70,13570.518959
193,73,13420.103458
194,37,15971.524123
194,38,15805.460742
194,39,15797.321735
194,40,15576.186118
194,41,15292.697262
194,42,14770.219908
194,43,14661.357591
194,44,14557.512092
194,45,14546.267414
194,49,14505.512862
194,50,14496.680093
194,51,14333.239157
194,55,14324.847870
194,56,14122.519302
194,57,14052.188941
194,64,13775.845919
194,68,13684.191487
194,70,13570.518959
194,73,13420.103458
195,37,15971.524123
195,38,15805.460742
195,39,15797.321735
195,40,15576.186118
195,41,15292.697262
195,42,14770.219908
195,43,14614.922439
195,44,14557.512092
195,45,14546.267414
195,49,14505.512862
195,50,14496.680093
195,51,14333.239157
195,55,14324.847870
195,56,14122.519302
195,57,14052.188941
195,64,13775.845919
195,68,13684.191487
195,70,13570.518959
195,73,13420.103458
196,37,15971.524123
196,38,15652.584221
196,40,15576.186118
196,41,15292.697262
196,42,14770.219908
196,43,14614.922439
196,44,14557.512092
196,45,14546.267414
196,47,14402.333541
196,51,14333.239157
196,55,14314.119610
196,56,14122.519302
196,57,14052.188941
196,64,13775.845919
196,68,13667.750859
196,70,13558.961139
196,73,13381.244890
197,37,15971.524123
197,38,15652.584221
197,40,15461.337909
197,41,15031.803771
197,42,14770.219908
197,43,14614.922439
197,44,14557.512092
197,45,14546.267414
197,47,14402.333541
197,51,14333.239157
197,55,14314.119610
197,56,14122.519302
197,57,14052.188941
197,64,13775.845919
197,68,13667.750859
197,70,13558.961139
197,73,13381.244890
198,37,15971.524123
198,38,15652.584221
198,40,15461.337909
198,41,15031.803771
198,42,14770.219908
198,43,14566.286907
198,44,14557.512092
198,45,14546.267414
198,46,14533.083744
198,47,14402.333541
198,51,14318.127532
198,54,14227.751395
198,56,14122.519302
198,57,14052.188941
198,64,13775.845919
198,68,13667.750859
198,70,13558.961139
198,73,13381.244890
199,37,15971.524123
199,38,15652.584221
199,40,15433.403747
199,41,15031.803771
199,42,14770.219908
199,43,14566.286907
199,44,14557.512092
199,45,14546.267414
199,46,14533.083744
199,47,14402.333541
199,51,14318.127532
199,54,14227.751395
199,56,14122.519302
199,57,14052.188941
199,64,13775.845919
199,68,13667.750859
199,70,13558.961139
199,73,13381.244890
200,37,15971.524123
200,38,15652.584221
200,40,15433.403747
200,41,15031.803771
200,42,14770.219908
200,43,14566.286907
200,44,14557.512092
200,45,14546.267414
200,46,14533.083744
200,47,14301.461333
200,54,14227.751395
200,56,14122.519302
200,57,14052.188941
200,64,13775.845919
200,68,13667.750859
200,70,13558.961139
200,73,13381.244890
201,37,15971.524123
201,38,15652.584221
201,40,15433.403747
201,41,15031.803771
201,42,14652.878022
201,43,14566.286907
201,44,14557.512092
201,45,14546.267414
201,46,14251.751928
201,54,14217.001948
201,55,14113.631274
201,56,14092.130146
201,57,14052.188941
201,64,13768.733467
201,67,13609.551503
201,69,13483.549616
201,71,13363.257551
202,37,15971.524123
202,38,15652.584221
202,40,15433.403747
202,41,15031.803771
202,42,14652.878022
202,43,14566.286907
202,44,14557.512092
202,45,14536.239799
202,46,14251.751928
202,54,14217.001948
202,55,14113.631274
202,56,14092.130146
202,57,14052.188941
202,64,13768.733467
202,67,13609.551503
202,69,13483.549616
202,71,13363.257551
203,37,15971.524123
203,38,15652.584221
203,40,15433.403747
203,41,15031.803771
203,42,14652.878022
203,43,14566.286907
203,44,14552.202271
203,45,14536.239799
203,46,14251.751928
203,54,14217.001948
203,55,14113.631274
203,56,14092.130146
203,57,14052.188941
203,64,13768.733467
203,67,13609.551503
203,69,13483.549616
203,71,13363.257551
204,37,15971.524123
204,38,15652.584221
204,40,15433.403747
204,41,14961.913893
204,42,14652.878022
204,43,14566.286907
204,44,14552.202271
204,45,14536.239799
204,46,14251.751928
204,54,14217.001948
204,55,14113.631274
204,56,14092.130146
204,57,14052.188941
204,64,13768.733467
204,67,13609.551503
204,69,13483.549616
204,71,13363.257551
205,37,15953.281695
205,38,15652.584221
205,40,15306.431019
205,41,14961.913893
205,42,14652.878022
205,43,14390.621478
205,46,14251.751928
205,54,14217.001948
205,55,14113.631274
205,56,14092.130146
205,57,14052.188941
205,64,13768.733467
205,67,13609.551503
205,69,13483.549616
205,71,13363.257551
206,37,15953.281695
206,38,15652.584221
206,40,15306.431019
206,41,14961.913893
206,42,14652.878022
206,43,14368.476336
206,45,14169.389373
206,55,14113.631274
206,56,14092.130146
206,57,14034.405779
206,64,13727.256240
206,67,13609.551503
206,69,13442.861347
206,71,13363.257551
207,37,15953.281695
207,38,15652.584221
207,40,15306.431019
207,41,14961.913893
207,42,14470.822000
207,43,14368.476336
207,45,14169.389373
207,55,14113.631274
207,56,14092.130146
207,57,14034.405779
207,64,13727.256240
207,67,13609.551503
207,69,13442.861347
207,71,13363.257551
208,37,15953.281695
208,38,15652.584221
208,40,15306.431019
208,41,14900.945785
208,42,14470.822000
208,43,14368.476336
208,45,14169.389373
208,53,14126.178605
208,55,14113.631274
208,56,14092.130146
208,57,14034.405779
208,64,13727.256240
208,67,13609.551503
208,69,13442.861347
208,71,13363.257551
209,37,15953.281695
209,38,15652.584221
209,40,15306.431019
209,41,14900.945785
209,42,14470.822000
209,43,14368.476336
209,45,14169.389373
209,50,14134.559033
209,53,14126.178605
209,55,14113.631274
209,56,14092.130146
209,57,14034.405779
209,64,13727.256240
209,67,13609.551503
209,69,13442.861347
209,71,13363.257551
210,37,15953.281695
210,38,15652.584221
210,40,15306.431019
210,41,14900.945785
210,42,14470.822000
210,43,14368.476336
210,45,14169.389373
210,50,14134.559033
210,53,14126.178605
210,55,14113.631274
210,56,14092.130146
210,57,14034.405779
210,63,13942.913940
210,64,13727.256240
210,67,13609.551503
210,69,13442.861347
210,71,13363.257551
211,37,15953.281695
211,38,15652.584221
211,40,15306.431019
211,41,14900.945785
211,42,14470.822000
211,43,14355.430830
211,45,14169.389373
211,46,14149.607213
211,49,14093.218315
211,56,14025.858218
211,62,13898.699412
211,63,13701.521496
211,67,13607.130909
211,69,13442.861347
211,71,13363.257551
212,37,15953.281695
212,38,15652.584221
212,40,15306.431019
212,41,14900.945785
212,42,14470.822000
212,43,14355.430830
212,45,14169.389373
212,46,14149.607213
212,49,14093.218315
212,54,14016.083279
212,62,13898.699412
212,63,13701.521496
212,67,13607.130909
212,69,13442.861347
212,71,13363.257551
213,37,15953.281695
213,38,15652.584221
213,40,15281.277115
213,41,14846.819617
213,42,14411.914468
213,43,14355.430830
213,45,14169.389373
213,46,14149.607213
213,49,14093.218315
213,53,14045.379460
213,54,14016.083279
213,55,13969.223038
213,62,13898.699412
213,63,13701.521496
213,67,13607.130909
213,69,13442.861347
213,71,13363.257551
214,37,15953.281695
214,38,15652.584221
214,40,15281.277115
214,41,14846.819617
214,42,14411.914468
214,43,14355.430830
214,44,14339.001955
214,45,14169.389373
214,46,14149.607213
214,49,14093.218315
214,53,14045.379460
214,54,14016.083279
214,55,13969.223038
214,62,13898.699412
214,63,13701.521496
214,67,13607.130909
214,69,13442.861347
214,71,13363.257551
215,37,15953.281695
215,38,15652.584221
215,40,15281.277115
215,41,14609.443095
215,42,14394.164354
215,43,14355.430830
215,44,14339.001955
215,45,14169.389373
215,46,14149.607213
215,49,14093.218315
215,52,13999.897426
215,55,13969.223038
215,62,13898.699412
215,63,13701.521496
215,67,13607.130909
215,69,13442.861347
215,71,13363.257551
216,37,15650.782926
216,40,15281.277115
216,41,14609.443095
216,42,14394.164354
216,43,14355.430830
216,44,14147.081620
216,49,14093.218315
216,52,13998.929399
216,55,13957.225764
216,62,13898.699412
216,63,13701.521496
216,67,13607.130909
216,69,13442.861347
216,71,13363.257551
217,37,15650.782926
217,40,14584.898421
217,42,14394.164354
217,43,14275.375149
217,44,14147.081620
217,49,14093.218315
217,52,13998.929399
217,55,13957.225764
217,62,13898.699412
217,63,13701.521496
217,67,13607.130909
217,69,13442.861347
217,71,13363.257551
218,37,15650.782926
218,40,14584.898421
218,42,14394.164354
218,43,14275.375149
218,44,14147.081620
218,49,14093.218315
218,52,13998.929399
218,55,13957.225764
218,60,13870.749835
218,63,13701.521496
218,67,13607.130909
218,69,13442.861347
218,71,13363.257551
219,37,15650.782926
219,40,14584.898421
219,42,14394.164354
219,43,14275.375149
219,44,14147.081620
219,49,14093.218315
219,52,13998.929399
219,55,13957.225764
219,60,13870.749835
219,63,13701.521496
219,67,13607.130909
219,69,13442.861347
219,71,13363.257551
220,37,15650.782926
220,40,14584.898421
220,41,14580.103849
220,42,14394.164354
220,43,14275.375149
220,44,14147.081620
220,49,14093.218315
220,51,14025.753170
220,52,13998.929399
220,55,13957.225764
220,60,13870.749835
220,63,13701.521496
220,67,13607.130909
220,69,13442.861347
220,71,13363.257551
220,72,13266.571246
221,37,15650.782926
221,40,14584.898421
221,41,14565.600739
221,42,14363.450332
221,43,14275.375149
221,44,14147.081620
221,49,14093.218315
221,51,14025.753170
221,52,13998.929399
221,55,13957.225764
221,59,13865.171917
221,62,13832.484983
221,63,13685.046650
221,67,13580.184378
221,69,13434.162887
221,70,13341.279224
221,72,13266.571246
222,37,15650.782926
222,38,15585.629706
222,40,14584.898421
222,41,14565.600739
222,42,14363.450332
222,43,14275.375149
222,44,14147.081620
222,49,14093.218315
222,51,14025.753170
222,52,13998.929399
222,54,13996.139929
222,55,13957.225764
222,59,13865.171917
222,62,13832.484983
222,63,13685.046650
222,67,13580.184378
222,69,13434.162887
222,70,13341.279224
222,72,13266.571246
223,37,15650.782926
223,38,15585.629706
223,39,15482.483082
223,40,14584.898421
223,41,14565.600739
223,42,14363.450332
223,43,14275.375149
223,44,14080.733609
223,51,14025.753170
223,52,13998.929399
223,54,13996.139929
223,55,13957.225764
223,59,13865.171917
223,62,13832.484983
223,63,13685.046650
223,67,13580.184378
223,69,13434.162887
223,70,13341.279224
223,72,13266.571246
224,37,15650.782926
224,38,15585.629706
224,39,15482.483082
224,40,14584.898421
224,41,14558.507433
224,42,14338.331831
224,43,14275.375149
224,44,14080.733609
224,51,14025.753170
224,52,13998.929399
224,54,13996.139929
224,55,13957.225764
224,59,13865.171917
224,62,13832.484983
224,63,13685.046650
224,67,13580.184378
224,69,13434.162887
224,70,13341.279224
224,72,13266.571246
225,37,15650.782926
225,38,15585.629706
225,39,15482.483082
225,40,14380.148815
225,42,14338.331831
225,43,14275.375149
225,44,14080.733609
225,51,14025.753170
225,52,13998.929399
225,54,13996.139929
225,55,13957.225764
225,59,13865.171917
225,62,13832.484983
225,63,13685.046650
225,67,13580.184378
225,69,13434.162887
225,70,13341.279224
225,72,13266.571246
226,37,15650.782926
226,38,15585.629706
226,39,14486.434539
226,40,14380.148815
226,42,14338.331831
226,43,14275.375149
226,44,14080.733609
226,48,14070.010464
226,51,14025.753170
226,52,13998.929399
226,54,13996.139929
226,55,13957.225764
226,56,13918.397858
226,59,13864.624347
226,62,13812.679393
226,63,13684.195110
226,67,13574.338342
226,69,13434.162887
226,70,13300.116328
226,71,13199.940000
227,36,16859.982101
227,37,15650.782926
227,38,15585.629706
227,39,14486.434539
227,40,14380.148815
227,42,14338.331831
227,43,14207.877172
227,44,14080.733609
227,48,14070.010464
227,49,14067.039938
227,51,14025.753170
227,52,13998.929399
227,53,13990.731258
227,55,13957.225764
227,56,13918.397858
227,59,13774.019440
227,63,13684.195110
227,67,13574.338342
227,69,13434.162887
227,70,13300.116328
227,71,13199.940000
228,36,16859.982101
228,37,15650.782926
228,38,15575.454163
228,39,14486.434539
228,40,14380.148815
228,42,14312.052881
228,43,14207.877172
228,44,14080.733609
228,48,14070.010464
228,49,14067.039938
228,51,14025.753170
228,52,13998.929399
228,53,13990.731258
228,55,13957.225764
228,56,13918.397858
228,59,13774.019440
228,63,13684.195110
228,67,13574.338342
228,69,13434.162887
228,70,13300.116328
228,71,13199.940000
229,36,16859.982101
229,37,15650.782926
229,38,15575.454163
229,39,14486.434539
229,40,14380.148815
229,41,14379.312202
229,42,14312.052881
229,43,14207.877172
229,44,14080.733609
229,45,13913.760358
229,59,13774.019440
229,63,13684.195110
229,67,13574.338342
229,69,13434.162887
229,70,13300.116328
229,71,13199.940000
230,36,16859.982101
230,37,15650.782926
230,38,15575.454163
230,39,14368.365722
230,42,14312.052881
230,43,14207.877172
230,44,14080.733609
230,45,13913.760358
230,59,13774.019440
230,63,13684.195110
230,67,13574.338342
230,69,13434.162887
230,70,13300.116328
230,71,13199.940000
231,36,16859.982101
231,37,15650.782926
231,38,15575.454163
231,39,14368.365722
231,42,14255.777515
231,43,14207.877172
231,44,14066.268415
231,45,13902.155722
231,59,13774.019440
231,63,13614.078848
231,66,13502.041739
231,69,13434.162887
231,70,13285.087171
231,71,13189.793891
232,36,16859.982101
232,37,15650.782926
232,38,15575.454163
232,39,14368.365722
232,42,14255.777515
232,43,14207.877172
232,44,14066.268415
232,45,13902.155722
232,51,13816.731563
232,59,13774.019440
232,63,13614.078848
232,66,13502.041739
232,69,13434.162887
232,70,13285.087171
232,71,13189.793891
233,36,16859.982101
233,37,15650.782926
233,38,15575.454163
233,39,14368.365722
233,40,14286.773808
233,42,14255.777515
233,43,14207.877172
233,44,14066.268415
233,45,13902.155722
233,51,13816.731563
233,59,13774.019440
233,63,13614.078848
233,66,13502.041739
233,69,13434.162887
233,70,13285.087171
233,71,13189.793891
234,36,16859.982101
234,37,15650.782926
234,38,15575.454163
234,39,14362.920735
234,40,14286.773808
234,42,14255.777515
234,43,14207.877172
234,44,14066.268415
234,45,13902.155722
234,49,13876.080004
234,51,13816.731563
234,59,13774.019440
234,60,13715.717564
234,63,13614.078848
234,66,13502.041739
234,69,13434.162887
234,70,13285.087171
234,71,13189.793891
235,36,16310.964940
235,37,15650.782926
235,38,15555.012089
235,39,14362.920735
235,40,14286.773808
235,42,14204.669101
235,44,14066.268415
235,45,13902.155722
235,49,13876.080004
235,51,13816.731563
235,59,13774.019440
235,60,13715.717564
235,63,13614.078848
235,66,13502.041739
235,69,13434.162887
235,70,13285.087171
235,71,13189.793891
236,36,16310.964940
236,37,15650.782926
236,38,15555.012089
236,39,14362.920735
236,40,14286.773808
236,42,14204.669101
236,44,14066.268415
236,45,13847.481386
236,51,13805.797721
236,59,13774.019440
236,60,13695.618380
236,63,13614.078848
236,66,13452.011804
236,69,13362.825395
236,70,13236.270554
236,71,13189.793891
237,36,16310.964940
237,37,15650.782926
237,38,15520.933711
237,39,14281.596960
237,42,14204.669101
237,44,14066.268415
237,45,13847.481386
237,51,13805.797721
237,55,13795.220590
237,59,13774.019440
237,60,13695.618380
237,63,13614.078848
237,66,13452.011804
237,69,13362.825395
237,70,13236.270554
237,71,13189.793891
238,36,16310.964940
238,37,15650.782926
238,38,15520.933711
238,39,14281.596960
238,42,14204.669101
238,44,14066.268415
238,45,13847.481386
238,51,13805.797721
238,55,13795.220590
238,59,13774.019440
238,60,13695.618380
238,63,13614.078848
238,66,13452.011804
238,69,13362.825395
238,70,13236.270554
238,71,13189.793891
239,36,16203.754899
239,37,15624.566933
239,38,15520.933711
239,39,14267.229032
239,42,14204.669101
239,43,14203.692914
239,44,13984.541232
239,45,13847.481386
239,51,13805.797721
239,55,13795.220590
239,59,13774.019440
239,60,13695.618380
239,63,13614.078848
239,66,13452.011804
239,67,13447.867236
239,69,13362.825395
239,70,13236.270554
239,71,13189.793891
240,36,16203.754899
240,37,15624.566933
240,38,15520.933711
240,39,14267.229032
240,42,14204.669101
240,43,14126.273008
240,44,13984.541232
240,45,13847.481386
240,51,13805.797721
240,55,13795.220590
240,59,13774.019440
240,60,13695.618380
240,63,13614.078848
240,66,13452.011804
240,67,13447.867236
240,69,13362.825395
240,70,13236.270554
240,71,13189.793891
241,36,16203.754899
241,37,15624.566933
241,38,15520.933711
241,39,14267.229032
241,41,14246.987058
241,42,14204.669101
241,43,14126.273008
241,44,13984.541232
241,45,13842.906094
241,50,13741.524178
241,54,13632.659404
241,63,13614.078848
241,66,13438.211607
241,67,13414.485339
241,68,13303.442888
241,70,13236.270554
241,71,13189.793891
242,36,16203.754899
242,37,15624.566933
242,38,14266.960861
242,41,14246.987058
242,42,14136.642852
242,43,14126.273008
242,44,13984.541232
242,45,13842.906094
242,50,13741.524178
242,54,13632.659404
242,63,13614.078848
242,66,13438.211607
242,67,13414.485339
242,68,13303.442888
242,70,13236.270554
242,71,13189.793891
243,36,16203.754899
243,37,15600.946560
243,38,14266.960861
243,41,14246.987058
243,42,14136.642852
243,43,14126.273008
243,44,13984.541232
243,45,13842.906094
243,50,13741.524178
243,54,13632.659404
243,63,13614.078848
243,66,13438.211607
243,67,13414.485339
243,68,13303.442888
243,70,13236.270554
243,71,13189.793891
244,36,16203.754899
244,37,15600.946560
244,38,14266.960861
244,41,14246.987058
244,42,14136.642852
244,43,14126.273008
244,44,13984.541232
244,45,13842.906094
244,50,13741.524178
244,54,13632.659404
244,63,13614.078848
244,66,13438.211607
244,67,13414.485339
244,68,13303.442888
244,70,13236.270554
244,71,13189.793891
245,36,16203.754899
245,37,15600.946560
245,38,14224.321304
245,42,14136.642852
245,43,14084.335111
245,44,13984.541232
245,45,13842.906094
245,50,13741.524178
245,54,13632.659404
245,63,13614.078848
245,66,13438.211607
245,67,13414.485339
245,68,13303.442888
245,70,13236.270554
245,71,13189.793891
246,36,16033.223627
246,37,15600.946560
246,38,14224.321304
246,42,14136.642852
246,43,14005.924215
246,44,13984.541232
246,45,13842.906094
246,50,13727.411969
246,54,13632.659404
246,55,13596.928233
246,62,13593.947471
246,66,13438.211607
246,67,13398.722825
246,68,13285.420675
246,70,13220.494145
246,71,13167.218756
247,36,16033.223627
247,37,15600.946560
247,38,14224.321304
247,42,14136.642852
247,43,14005.924215
247,44,13984.541232
247,45,13842.906094
247,50,13727.411969
247,54,13632.659404
247,55,13596.928233
247,62,13593.947471
247,66,13438.211607
247,67,13398.722825
247,68,13285.420675
247,70,13220.494145
247,71,13156.721443
248,36,16033.223627
248,37,15216.589127
248,38,14224.321304
248,42,14136.642852
248,43,14005.924215
248,44,13980.720994
248,45,13842.906094
248,50,13727.411969
248,54,13632.659404
248,55,13596.928233
248,61,13337.081307
248,68,13285.420675
248,69,13162.242936
248,71,13156.721443
249,36,16033.223627
249,37,15216.589127
249,38,14224.321304
249,42,14136.642852
249,43,14005.924215
249,44,13980.720994
249,45,13842.906094
249,49,13776.057602
249,50,13727.411969
249,54,13632.659404
249,55,13596.928233
249,61,13337.081307
249,68,13285.420675
249,69,13162.242936
249,71,13156.721443
250,36,15609.851189
250,37,15216.589127
250,38,14224.321304
250,42,14136.642852
250,43,14005.924215
250,44,13980.720994
250,45,13842.906094
250,49,13776.057602
250,50,13727.411969
250,54,13632.659404
250,55,13596.928233
250,61,13337.081307
250,68,13285.420675
250,69,13162.242936
250,71,13156.721443
251,36,15609.851189
251,37,15216.589127
251,38,14224.321304
251,42,14136.642852
251,43,14005.924215
251,44,13940.538500
251,45,13812.090056
251,49,13752.663286
251,50,13727.411969
251,54,13632.659404
251,55,13545.670669
251,61,13337.081307
251,68,13285.420675
251,69,13127.834272
252,36,15609.851189
252,37,15216.589127
252,38,14224.321304
252,42,14136.642852
252,43,14005.924215
252,44,13940.538500
252,45,13812.090056
252,49,13752.663286
252,50,13660.248091
252,54,13632.659404
252,55,13545.670669
252,61,13337.081307
252,68,13285.420675
252,69,13127.834272
253,36,15609.851189
253,37,14988.713680
253,38,14224.321304
253,39,14191.367627
253,42,13989.372528
253,44,13940.538500
253,45,13725.853327
253,49,13694.245473
253,50,13660.248091
253,53,13609.748532
253,55,13545.670669
253,61,13337.081307
253,68,13285.420675
253,69,13127.834272
254,36,15609.851189
254,37,14988.713680
254,38,14224.321304
254,39,14191.367627
254,42,13989.372528
254,44,13940.538500
254,45,13725.853327
254,49,13694.245473
254,50,13660.248091
254,53,13609.748532
254,55,13545.670669
254,61,13337.081307
254,67,13294.587692
254,68,13285.420675
254,69,13127.834272
255,36,15609.851189
255,37,14988.713680
255,38,14224.321304
255,39,14191.367627
255,42,13989.372528
255,44,13940.538500
255,45,13725.853327
255,49,13694.245473
255,50,13660.248091
255,51,13616.963453
255,53,13609.748532
255,55,13545.670669
255,61,13337.081307
255,67,13294.587692
255,68,13285.420675
255,69,13127.834272
256,36,15609.851189
256,37,14988.713680
256,38,14224.321304
256,39,14191.367627
256,42,13989.372528
256,44,13940.538500
256,45,13725.853327
256,49,13664.023156
256,50,13581.129145
256,53,13581.055281
256,55,13545.670669
256,60,13316.705768
256,67,13243.014780
256,68,13118.088619
257,36,15609.851189
257,37,14988.713680
257,38,14224.321304
257,39,14191.367627
257,42,13989.372528
257,44,13940.538500
257,45,13725.853327
257,47,13678.395399
257,49,13664.023156
257,50,13581.129145
257,53,13581.055281
257,55,13545.670669
257,60,13316.705768
257,67,13243.014780
257,68,13118.088619
257,69,13108.748719
258,36,15609.851189
258,37,14988.713680
258,38,14224.321304
258,39,14191.367627
258,42,13989.372528
258,44,13940.538500
258,45,13725.853327
258,47,13678.395399
258,49,13664.023156
258,50,13581.129145
258,53,13581.055281
258,55,13545.670669
258,60,13316.705768
258,67,13243.014780
258,68,13076.303703
259,36,15609.851189
259,37,14988.713680
259,38,14224.321304
259,39,14191.367627
259,42,13989.372528
259,44,13940.538500
259,45,13725.853327
259,47,13669.183808
259,49,13664.023156
259,50,13581.129145
259,53,13581.055281
259,55,13545.670669
259,60,13316.705768
259,67,13243.014780
259,68,13076.303703
260,36,15609.851189
260,37,14988.713680
260,38,14224.321304
260,39,14191.367627
260,42,13989.372528
260,44,13940.538500
260,45,13725.853327
260,47,13669.183808
260,49,13664.023156
260,50,13581.129145
260,53,13581.055281
260,55,13545.670669
260,60,13316.705768
260,67,13243.014780
260,68,13076.303703
261,36,15609.851189
261,37,14784.490471
261,38,14202.759175
261,39,14191.367627
261,42,13932.524361
261,44,13924.780465
261,45,13716.616067
261,47,13669.183808
261,49,13560.924591
261,50,13515.038321
261,60,13284.259154
261,67,13223.447011
261,68,13051.129902
262,36,15609.851189
262,37,14784.490471
262,38,14202.759175
262,39,14188.187253
262,41,14110.245230
262,42,13932.524361
262,44,13924.780465
262,45,13716.616067
262,47,13669.183808
262,49,13560.924591
262,50,13515.038321
262,60,13284.259154
262,65,13212.810056
262,68,13051.129902
263,36,15609.851189
263,37,14784.490471
263,38,14202.759175
263,39,14175.009070
263,40,14059.071629
263,41,14046.782875
263,42,13932.524361
263,44,13924.780465
263,45,13667.634320
263,49,13560.924591
263,50,13515.038321
263,60,13284.259154
263,65,13212.810056
263,67,13209.028983
263,68,13051.129902
264,36,15609.851189
264,37,14784.490471
264,38,14202.759175
264,39,14175.009070
264,40,14059.071629
264,41,14046.782875
264,42,13918.032056
264,45,13667.634320
264,49,13560.924591
264,50,13515.038321
264,60,13284.259154
264,65,13212.810056
264,67,13207.424795
264,68,13051.129902
265,35,16407.064273
265,36,15609.851189
265,37,14784.490471
265,38,14202.759175
265,39,14175.009070
265,40,14059.071629
265,41,14046.782875
265,42,13918.032056
265,44,13909.309336
265,45,13667.634320
265,49,13560.924591
265,50,13515.038321
265,60,13284.259154
265,65,13212.810056
265,67,13200.361225
265,68,13051.129902
266,35,16407.064273
266,36,15609.851189
266,37,14784.490471
266,38,14202.759175
266,39,14175.009070
266,40,14059.071629
266,41,14046.782875
266,42,13918.032056
266,44,13884.559927
266,45,13645.444719
266,48,13636.213703
266,49,13560.924591
266,50,13503.073230
266,54,13408.257379
266,60,13284.259154
266,65,13212.810056
266,66,13174.400259
266,68,13044.003794
267,35,16407.064273
267,36,15609.851189
267,37,14784.490471
267,38,14202.759175
267,39,14175.009070
267,40,14059.071629
267,41,13990.273390
267,42,13918.032056
267,44,13884.559927
267,45,13645.444719
267,48,13636.213703
267,49,13560.924591
267,50,13503.073230
267,54,13408.257379
267,60,13284.259154
267,65,13212.810056
267,66,13174.400259
267,68,13044.003794
268,35,16407.064273
268,36,15609.851189
268,37,14659.875846
268,38,14202.759175
268,39,14175.009070
268,40,14059.071629
268,41,13990.273390
268,42,13918.032056
268,44,13884.559927
268,45,13645.444719
268,48,13636.213703
268,49,13560.924591
268,50,13503.073230
268,54,13408.257379
268,60,13284.259154
268,65,13212.810056
268,66,13174.400259
268,68,13044.003794
269,35,16407.064273
269,36,15609.851189
269,37,14659.875846
269,38,14202.759175
269,39,14140.237411
269,40,14059.071629
269,41,13990.273390
269,42,13918.032056
269,44,13884.559927
269,45,13645.444719
269,48,13636.213703
269,49,13560.924591
269,50,13503.073230
269,54,13408.257379
269,60,13284.259154
269,65,13212.810056
269,66,13174.400259
269,68,13044.003794
270,35,16407.064273
270,36,14917.213563
270,37,14553.856192
270,38,14202.759175
270,39,14140.237411
270,40,14059.071629
270,41,13990.273390
270,42,13918.032056
270,44,13884.559927
270,45,13645.444719
270,47,13636.178601
270,49,13560.924591
270,50,13503.073230
270,54,13408.257379
270,60,13284.259154
270,65,13212.810056
270,66,13174.400259
270,68,13044.003794
271,35,16407.064273
271,36,14917.213563
271,37,14553.856192
271,38,14202.759175
271,39,14140.237411
271,40,14059.071629
271,41,13990.273390
271,42,13918.032056
271,44,13884.559927
271,45,13642.862832
271,47,13636.178601
271,49,13555.420643
271,50,13503.073230
271,54,13408.257379
271,60,13267.234748
271,64,13177.955544
271,66,13164.154330
271,68,13044.003794
272,35,16407.064273
272,36,14917.213563
272,37,14446.183150
272,38,14202.759175
272,39,14140.237411
272,40,14059.071629
272,41,13990.273390
272,42,13910.902705
272,44,13884.559927
272,45,13642.862832
272,47,13636.178601
272,49,13555.420643
272,50,13503.073230
272,54,13408.257379
272,60,13267.234748
272,64,13177.955544
272,66,13164.154330
272,68,13044.003794
273,35,16407.064273
273,36,14917.213563
273,37,14446.183150
273,38,14189.115593
273,39,14140.237411
273,40,14026.109966
273,41,13990.273390
273,42,13910.902705
273,44,13884.559927
273,45,13642.862832
273,47,13636.178601
273,49,13555.420643
273,50,13503.073230
273,54,13408.257379
273,60,13267.234748
273,64,13177.955544
273,65,13172.335348
273,66,13164.154330
273,68,13044.003794
274,35,16407.064273
274,36,14917.213563
274,37,14446.183150
274,38,14189.115593
274,39,14140.237411
274,40,14026.109966
274,41,13893.501392
274,43,13886.817673
274,44,13884.559927
274,45,13642.862832
274,47,13636.178601
274,49,13555.420643
274,50,13503.073230
274,54,13408.257379
274,60,13267.234748
274,64,13177.955544
274,65,13172.335348
274,66,13124.237911
274,68,13044.003794
275,35,16407.064273
275,36,14917.213563
275,37,14351.387480
275,38,14189.115593
275,39,14140.237411
275,40,14026.109966
275,41,13893.501392
275,43,13886.817673
275,44,13884.559927
275,45,13642.862832
275,46,13599.195735
275,49,13555.420643
275,50,13503.073230
275,54,13408.257379
275,60,13267.234748
275,64,13177.955544
275,65,13159.992638
275,66,13124.237911
275,68,13044.003794
276,35,16407.064273
276,36,14917.213563
276,37,14351.387480
276,38,14189.115593
276,39,14130.517455
276,40,14026.109966
276,41,13893.501392
276,43,13835.537108
276,45,13642.862832
276,46,13596.052229
276,49,13526.810223
276,50,13487.091625
276,54,13408.257379
276,60,13256.993721
276,64,13132.472301
276,66,13124.237911
276,67,13018.823234
277,35,16407.064273
277,36,14917.213563
277,37,14156.377001
277,39,14130.517455
277,40,14026.109966
277,41,13893.501392
277,43,13835.537108
277,45,13642.862832
277,46,13596.052229
277,49,13526.810223
277,50,13487.091625
277,54,13408.257379
277,59,13382.394464
277,60,13256.993721
277,64,13132.472301
277,66,13124.237911
277,67,13018.823234
278,35,16407.064273
278,36,14917.213563
278,37,14156.377001
278,38,14129.628128
278,40,13991.233933
278,41,13893.501392
278,43,13804.611669
278,45,13642.862832
278,46,13596.052229
278,49,13526.810223
278,50,13487.091625
278,54,13408.257379
278,57,13361.781484
278,60,13256.993721
278,62,13088.838568
278,67,13018.823234
279,35,16407.064273
279,36,14321.487449
279,37,14156.377001
279,38,14129.628128
279,40,13991.233933
279,41,13879.989437
279,43,13804.611669
279,45,13642.862832
279,46,13596.052229
279,49,13526.810223
279,50,13487.091625
279,54,13408.257379
279,57,13361.781484
279,60,13256.993721
279,62,13088.838568
279,67,13018.823234
280,35,16407.064273
280,36,14321.487449
280,37,14156.377001
280,38,14129.628128
280,40,13991.233933
280,41,13879.989437
280,42,13849.600819
280,43,13804.611669
280,45,13642.862832
280,46,13596.052229
280,47,13571.523912
280,49,13526.810223
280,50,13487.091625
280,54,13408.257379
280,57,13361.781484
280,60,13256.993721
280,62,13088.838568
280,67,13018.823234
281,35,15928.119146
281,36,14268.897282
281,37,14156.377001
281,38,14129.628128
281,40,13991.233933
281,41,13879.989437
281,42,13849.600819
281,43,13804.611669
281,45,13642.862832
281,46,13596.052229
281,47,13571.523912
281,49,13526.810223
281,50,13487.091625
281,54,13361.828807
281,57,13317.537521
281,60,13256.993721
281,61,13052.064667
281,67,12996.028711
282,35,15928.119146
282,36,14268.897282
282,37,14156.377001
282,38,14129.628128
282,40,13991.233933
282,41,13879.989437
282,42,13849.600819
282,43,13804.611669
282,44,13681.214489
282,45,13642.862832
282,46,13596.052229
282,47,13571.523912
282,49,13526.810223
282,50,13487.091625
282,54,13361.828807
282,57,13317.537521
282,60,13256.993721
282,61,13052.064667
282,67,12996.028711
283,35,15928.119146
283,36,14268.897282
283,37,14156.377001
283,38,14129.628128
283,40,13937.399783
283,41,13879.989437
283,42,13847.288277
283,43,13804.611669
283,44,13681.214489
283,45,13642.862832
283,46,13596.052229
283,47,13557.245902
283,48,13552.944471
283,49,13526.810223
283,50,13487.091625
283,54,13361.828807
283,57,13317.537521
283,60,13256.993721
283,61,13052.064667
283,67,12996.028711
284,35,15928.119146
284,36,14268.897282
284,37,14156.377001
284,38,14129.628128
284,39,14094.806715
284,40,13937.399783
284,41,13879.989437
284,42,13847.288277
284,43,13804.611669
284,44,13681.214489
284,45,13642.862832
284,46,13596.052229
284,47,13557.245902
284,48,13552.944471
284,49,13526.810223
284,50,13487.091625
284,54,13361.828807
284,57,13317.537521
284,60,13256.993721
284,61,13052.064667
284,67,12996.028711
285,35,15928.119146
285,36,14268.897282
285,37,14156.377001
285,38,14085.848670
285,40,13937.399783
285,41,13879.989437
285,42,13710.325905
285,44,13681.214489
285,45,13642.862832
285,46,13596.052229
285,47,13519.082957
285,50,13487.091625
285,54,13361.828807
285,57,13317.537521
285,60,13256.993721
285,61,13052.064667
285,67,12996.028711
286,35,15928.119146
286,36,14210.248303
286,37,14156.377001
286,38,14085.848670
286,40,13937.399783
286,41,13879.989437
286,42,13710.325905
286,43,13672.090582
286,45,13642.862832
286,46,13592.377215
286,47,13487.699489
286,50,13487.091625
286,54,13324.406196
286,56,13279.616118
286,60,13256.993721
286,61,13052.064667
286,67,12996.028711
287,35,15928.119146
287,36,14210.248303
287,37,14156.377001
287,38,14085.848670
287,39,14079.530293
287,40,13937.399783
287,41,13879.989437
287,42,13710.325905
287,43,13672.090582
287,45,13642.862832
287,46,13592.377215
287,47,13487.699489
287,50,13487.091625
287,54,13324.406196
287,56,13279.616118
287,60,13256.993721
287,61,13052.064667
287,67,12996.028711
288,35,15928.119146
288,36,14210.248303
288,37,14156.377001
288,38,14085.848670
288,39,14079.530293
288,40,13920.002393
288,41,13879.989437
288,42,13710.325905
288,43,13672.090582
288,45,13642.862832
288,46,13592.377215
288,47,13487.699489
288,50,13487.091625
288,54,13324.406196
288,56,13279.616118
288,60,13256.993721
288,61,13052.064667
288,67,12996.028711
289,35,14741.017062
289,36,14198.755389
289,37,14156.377001
289,38,14085.848670
289,39,14064.015935
289,40,13920.002393
289,41,13738.111519
289,42,13710.325905
289,43,13672.090582
289,45,13642.862832
289,46,13592.377215
289,47,13487.699489
289,50,13487.091625
289,54,13324.406196
289,56,13279.616118
289,60,13256.993721
289,61,13052.064667
289,67,12996.028711
290,35,14158.579286
290,37,14156.377001
290,38,14085.848670
290,39,14029.129092
290,40,13920.002393
290,41,13738.111519
290,42,13710.325905
290,43,13672.090582
290,44,13650.673335
290,45,13642.862832
290,46,13592.377215
290,47,13487.699489
290,50,13487.091625
290,54,13324.406196
290,56,13279.616118
290,60,13256.993721
290,61,13052.064667
290,67,12996.028711
291,35,14158.579286
291,37,14140.963859
291,38,14085.848670
291,39,14029.129092
291,40,13920.002393
291,41,13738.111519
291,42,13710.325905
291,43,13672.090582
291,44,13650.673335
291,45,13628.373327
291,46,13577.227910
291,47,13474.461754
291,50,13436.894858
291,54,13324.406196
291,56,13279.616118
291,59,13211.501900
291,61,13049.239774
291,67,12996.028711
292,35,14144.265920
292,37,14140.963859
292,38,14085.848670
292,39,13943.658897
292,40,13920.002393
292,41,13738.111519
292,42,13710.325905
292,43,13672.090582
292,44,13650.673335
292,45,13628.373327
292,46,13577.227910
292,47,13474.461754
292,50,13436.894858
292,54,13324.406196
292,56,13279.616118
292,59,13211.501900
292,61,13049.239774
292,67,12996.028711
293,35,14144.265920
293,36,14104.771845
293,37,14074.771093
293,39,13943.658897
293,40,13920.002393
293,41,13738.111519
293,42,13710.325905
293,43,13672.090582
293,44,13650.673335
293,45,13628.373327
293,46,13577.227910
293,47,13474.461754
293,50,13436.894858
293,54,13324.406196
293,56,13279.616118
293,59,13211.501900
293,61,13049.239774
293,67,12996.028711
294,35,14110.815275
294,36,14104.771845
294,37,14074.771093
294,39,13943.658897
294,40,13794.863675
294,41,13686.089180
294,43,13672.090582
294,44,13650.673335
294,45,13628.373327
294,46,13577.227910
294,47,13474.461754
294,50,13436.894858
294,54,13324.406196
294,56,13279.616118
294,59,13211.501900
294,61,13049.239774
294,67,12996.028711
295,35,14104.618826
295,37,14074.771093
295,39,13943.658897
295,40,13753.287691
295,41,13684.347667
295,43,13672.090582
295,44,13650.673335
295,45,13628.373327
295,46,13577.227910
295,47,13474.461754
295,50,13436.894858
295,54,13324.406196
295,56,13279.616118
295,59,13211.501900
295,61,13049.239774
295,67,12996.028711
296,35,14000.527265
296,39,13943.658897
296,40,13753.287691
296,41,13684.347667
296,43,13650.757669
296,44,13650.673335
296,45,13628.373327
296,46,13577.227910
296,47,13462.365160
296,50,13424.247648
296,54,13324.406196
296,55,13251.224272
296,59,13211.501900
296,61,13023.485575
296,67,12960.078775
297,35,13983.849072
297,39,13943.658897
297,40,13753.287691
297,41,13684.347667
297,43,13650.757669
297,44,13650.673335
297,45,13628.373327
297,46,13577.227910
297,47,13462.365160
297,50,13424.247648
297,54,13324.406196
297,55,13251.224272
297,59,13211.501900
297,61,13023.485575
297,67,12960.078775
298,35,13983.849072
298,37,13970.988654
298,39,13943.658897
298,40,13753.287691
298,41,13684.347667
298,43,13650.757669
298,44,13637.188685
298,45,13628.373327
298,46,13577.227910
298,47,13462.365160
298,50,13424.247648
298,54,13324.406196
298,55,13251.224272
298,59,13211.501900
298,61,13023.485575
298,67,12960.078775
299,35,13983.849072
299,37,13970.988654
299,38,13811.744296
299,40,13753.287691
299,41,13684.347667
299,43,13650.757669
299,44,13601.634344
299,46,13544.593005
299,47,13462.365160
299,50,13424.247648
299,54,13324.406196
299,55,13251.224272
299,59,13211.501900
299,61,13023.485575
299,67,12960.078775
300,35,13983.849072
300,37,13970.988654
300,38,13811.744296
300,40,13753.287691
300,41,13684.347667
300,43,13645.125132
300,44,13601.634344
300,46,13544.593005
300,47,13462.365160
300,50,13424.247648
300,54,13324.406196
300,55,13251.224272
300,59,13211.501900
300,61,13023.485575
300,67,12960.078775
301,35,13983.849072
301,37,13970.988654
301,38,13811.744296
301,40,13753.287691
301,41,13684.347667
301,42,13648.876913
301,43,13645.125132
301,44,13583.719536
301,46,13544.593005
301,47,13451.901559
301,49,13422.356754
301,54,13245.613597
301,59,13210.093945
301,61,13017.180364
301,67,12955.737975
302,35,13975.568390
302,37,13970.988654
302,38,13811.744296
302,40,13642.673665
302,44,13583.719536
302,46,13544.593005
302,47,13451.901559
302,49,13422.356754
302,54,13245.613597
302,55,13225.473466
302,59,13210.093945
302,60,13171.961511
302,61,13017.180364
302,67,12955.737975
303,35,13975.568390
303,37,13970.988654
303,38,13811.744296
303,40,13642.673665
303,44,13583.719536
303,46,13544.593005
303,47,13451.901559
303,49,13422.356754
303,54,13245.613597
303,55,13225.473466
303,59,13210.093945
303,60,13171.961511
303,61,13017.180364
303,67,12955.737975
304,35,13975.568390
304,37,13970.988654
304,38,13811.744296
304,40,13642.673665
304,44,13583.719536
304,46,13544.593005
304,47,13451.901559
304,49,13422.356754
304,54,13245.613597
304,55,13225.473466
304,59,13210.093945
304,60,13171.961511
304,61,13017.180364
304,67,12955.737975
305,35,13975.568390
305,37,13970.988654
305,38,13798.063974
305,40,13642.673665
305,44,13583.719536
305,46,13544.593005
305,47,13451.901559
305,49,13422.356754
305,54,13245.613597
305,55,13225.473466
305,59,13210.093945
305,60,13171.961511
305,61,13017.180364
305,67,12955.737975
306,34,14070.792951
306,35,13975.568390
306,37,13970.988654
306,38,13798.063974
306,40,13642.673665
306,44,13570.703129
306,46,13531.914982
306,47,13413.388080
306,54,13245.195424
306,55,13200.194184
306,59,13143.762881
306,61,13017.180364
306,67,12921.034617
307,34,14070.792951
307,35,13975.568390
307,37,13970.988654
307,38,13798.063974
307,40,13642.673665
307,44,13570.703129
307,46,13531.914982
307,47,13413.388080
307,54,13245.195424
307,55,13200.194184
307,59,13143.762881
307,61,13017.180364
307,67,12921.034617
308,34,14070.792951
308,35,13975.568390
308,37,13970.988654
308,38,13798.063974
308,40,13642.673665
308,44,13570.703129
308,46,13531.914982
308,47,13413.388080
308,54,13245.195424
308,55,13200.194184
308,59,13143.762881
308,61,13017.180364
308,67,12921.034617
309,34,14070.792951
309,35,13975.568390
309,37,13970.988654
309,38,13798.063974
309,40,13642.673665
309,41,13613.283832
309,44,13570.703129
309,46,13531.914982
309,47,13413.388080
309,54,13245.195424
309,55,13200.194184
309,59,13143.762881
309,61,13017.180364
309,67,12921.034617
310,34,14070.792951
310,35,13975.568390
310,37,13970.988654
310,38,13798.063974
310,40,13642.673665
310,41,13613.283832
310,44,13570.703129
310,46,13531.914982
310,47,13413.388080
310,54,13245.195424
310,55,13151.724990
310,59,13143.762881
310,61,13017.180364
310,67,12921.034617
311,34,14070.792951
311,35,13975.568390
311,37,13970.988654
311,38,13798.063974
311,40,13642.673665
311,41,13588.056524
311,43,13564.004062
311,46,13531.914982
311,47,13411.790444
311,54,13245.195424
311,55,13151.724990
311,58,13125.728112
311,61,13008.693373
311,67,12920.350129
312,34,14070.792951
312,35,13944.473148
312,38,13746.656402
312,40,13642.673665
312,41,13588.056524
312,43,13555.044643
312,46,13531.914982
312,47,13411.790444
312,50,13394.680191
312,54,13245.195424
312,55,13151.724990
312,58,13125.728112
312,61,13008.693373
312,67,12920.350129
313,34,14039.908058
313,35,13944.473148
313,38,13746.656402
313,40,13642.673665
313,41,13588.056524
313,43,13555.044643
313,46,13531.914982
313,47,13411.790444
313,50,13394.680191
313,54,13245.195424
313,55,13151.724990
313,58,13125.728112
313,61,13008.693373
313,67,12920.350129
314,34,14039.908058
314,35,13944.473148
314,38,13746.656402
314,40,13642.673665
314,41,13588.056524
314,43,13555.044643
314,46,13531.914982
314,47,13411.790444
314,50,13394.680191
314,54,13245.195424
314,55,13151.724990
314,58,13125.728112
314,61,13008.693373
314,67,12920.350129
315,34,14039.908058
315,35,13944.473148
315,38,13746.656402
315,40,13642.673665
315,41,13588.056524
315,43,13555.044643
315,44,13543.283407
315,46,13531.914982
315,47,13411.790444
315,50,13394.680191
315,54,13245.195424
315,55,13151.724990
315,58,13125.728112
315,61,13008.693373
315,67,12920.350129
316,34,14039.908058
316,35,13944.473148
316,36,13937.888055
316,38,13746.656402
316,40,13642.673665
316,41,13588.056524
316,43,13555.044643
316,44,13543.283407
316,46,13531.914982
316,47,13411.790444
316,50,13394.680191
316,54,13245.195424
316,55,13124.929324
316,61,12967.614511
316,66,12909.603257
317,34,14039.908058
317,35,13944.473148
317,36,13937.888055
317,38,13746.656402
317,40,13642.673665
317,41,13588.056524
317,43,13555.044643
317,44,13543.283407
317,45,13530.468697
317,47,13411.790444
317,50,13394.680191
317,54,13245.195424
317,55,13124.929324
317,61,12967.614511
317,66,12909.603257
318,34,14039.908058
318,35,13944.473148
318,36,13937.888055
318,37,13877.971095
318,38,13746.656402
318,40,13642.673665
318,41,13588.056524
318,43,13555.044643
318,44,13543.283407
318,45,13530.468697
318,47,13411.790444
318,50,13363.144129
318,54,13245.195424
318,55,13124.929324
318,61,12967.614511
318,66,12909.603257
319,34,14039.908058
319,35,13944.473148
319,36,13897.251170
319,37,13877.971095
319,38,13746.656402
319,40,13642.673665
319,41,13588.056524
319,43,13555.044643
319,44,13543.283407
319,45,13484.347260
319,47,13411.790444
319,50,13363.144129
319,54,13245.195424
319,55,13124.929324
319,61,12967.614511
319,66,12909.603257
320,34,14039.908058
320,35,13944.473148
320,36,13897.251170
320,37,13877.971095
320,38,13746.656402
320,39,13714.374579
320,40,13642.673665
320,41,13563.675828
320,43,13555.044643
320,44,13543.283407
320,45,13484.347260
320,47,13411.790444
320,50,13363.144129
320,54,13224.137225
320,55,13124.929324
320,61,12967.614511
320,66,12909.603257
321,34,14039.908058
321,35,13944.473148
321,36,13897.251170
321,37,13877.971095
321,38,13746.656402
321,39,13714.374579
321,40,13602.262263
321,41,13563.675828
321,43,13546.196552
321,44,13543.283407
321,45,13484.347260
321,47,13411.790444
321,50,13363.144129
321,54,13114.657867
321,61,12960.835890
321,65,12867.208740
322,34,14039.908058
322,35,13944.473148
322,36,13897.251170
322,37,13877.971095
322,38,13746.656402
322,39,13714.374579
322,40,13602.262263
322,41,13563.675828
322,43,13546.196552
322,44,13543.283407
322,45,13484.347260
322,47,13411.790444
322,50,13363.144129
322,54,13114.657867
322,61,12960.835890
322,65,12867.208740
323,34,14039.908058
323,35,13944.473148
323,36,13897.251170
323,37,13873.002089
323,38,13746.656402
323,39,13714.374579
323,40,13602.262263
323,41,13549.535794
323,43,13546.196552
323,44,13474.450133
323,47,13411.790444
323,50,13363.144129
323,54,13114.657867
323,61,12960.835890
323,65,12867.208740
324,34,14039.908058
324,35,13944.473148
324,36,13878.406712
324,37,13873.002089
324,38,13746.656402
324,39,13714.374579
324,40,13584.172600
324,41,13549.535794
324,43,13546.196552
324,44,13474.450133
324,47,13411.790444
324,50,13363.144129
324,54,13114.657867
324,61,12960.835890
324,65,12867.208740
325,34,14039.908058
325,35,13944.473148
325,36,13878.406712
325,37,13873.002089
325,38,13746.656402
325,39,13714.374579
325,40,13584.172600
325,41,13549.535794
325,43,13546.196552
325,44,13474.450133
325,47,13411.790444
325,50,13363.144129
325,53,13177.214299
325,54,13114.657867
325,61,12960.835890
325,65,12867.208740
326,34,14039.908058
326,35,13944.473148
326,36,13878.406712
326,37,13873.002089
326,38,13746.656402
326,39,13714.374579
326,40,13584.172600
326,41,13549.535794
326,43,13546.196552
326,44,13474.450133
326,47,13410.541953
326,50,13363.144129
326,53,13163.255076
326,54,13108.965476
326,61,12952.615629
326,65,12867.208740
327,34,14039.908058
327,35,13944.473148
327,36,13878.406712
327,37,13873.002089
327,38,13746.656402
327,39,13714.374579
327,40,13584.172600
327,41,13549.535794
327,43,13546.196552
327,44,13474.450133
327,47,13410.541953
327,50,13363.144129
327,53,13160.237691
327,54,13108.965476
327,61,12952.615629
327,65,12867.208740
328,33,14618.313461
328,34,14016.726044
328,35,13944.473148
328,36,13878.406712
328,37,13873.002089
328,38,13746.656402
328,39,13714.374579
328,40,13584.172600
328,41,13549.535794
328,43,13494.874955
328,44,13474.450133
328,47,13410.541953
328,50,13363.144129
328,53,13160.237691
328,54,13108.965476
328,61,12952.615629
328,65,12867.208740
