Generation,NV,TOC
1,57,33213.040173
1,58,33151.919117
1,59,33049.755941
1,64,31426.635287
1,67,30215.183080
1,68,30018.896188
1,69,28209.540000
1,77,27351.799321
1,82,26710.311296
1,89,26201.477948
1,90,24753.476164
1,94,24409.220148
1,96,24021.373059
1,97,23749.236365
1,101,23314.241796
1,106,22902.837522
1,110,22835.073095
1,111,22312.152144
1,114,21898.679056
1,125,21719.260359
1,140,21465.665038
1,145,20759.026563
1,151,20708.068213
1,161,20457.985456
1,163,20363.428626
1,165,20157.718225
1,169,19270.088386
2,57,33213.040173
2,58,33151.919117
2,59,32253.436520
2,63,31316.888529
2,64,30532.139872
2,67,30215.183080
2,68,30018.896188
2,69,28209.540000
2,72,26007.497525
2,82,24172.893662
2,88,23996.102819
2,97,23749.236365
2,100,23297.420262
2,106,22902.837522
2,110,22835.073095
2,111,22312.152144
2,114,21898.679056
2,121,21674.306868
2,130,21545.261703
2,135,20437.871285
2,159,20052.359108
2,169,19270.088386
3,57,33213.040173
3,58,33151.919117
3,59,31734.578116
3,63,30458.386464
3,67,30202.746207
3,68,30018.896188
3,69,28209.540000
3,72,25884.578500
3,78,25189.510409
3,79,24824.859087
3,80,24468.179570
3,82,24172.893662
3,87,22864.729321
3,106,22697.562736
3,111,22312.152144
3,114,21898.679056
3,118,21040.878809
3,135,20437.871285
3,143,20399.551734
3,159,20052.359108
3,169,19270.088386
4,55,33525.172375
4,57,33213.040173
4,58,33151.919117
4,59,31211.763008
4,63,30458.386464
4,64,30059.901470
4,66,30028.293840
4,67,28399.750449
4,69,28209.540000
4,72,25884.578500
4,78,24464.479867
4,82,24172.893662
4,84,23848.977631
4,87,22864.729321
4,104,22362.615223
4,109,22066.868953
4,114,21695.171481
4,118,21040.878809
4,119,19849.659378
4,126,19305.151452
4,169,19270.088386
5,53,33627.804590
5,55,33525.172375
5,57,33213.040173
5,58,32588.272720
5,59,31128.685853
5,60,31051.005225
5,62,29608.068424
5,67,28399.750449
5,69,28209.540000
5,72,25884.578500
5,75,22938.314391
5,79,22367.766166
5,99,22045.037358
5,101,21678.475489
5,110,21584.382859
5,118,21040.878809
5,119,19849.659378
5,122,19818.363258
5,126,19305.151452
5,169,19270.088386
6,53,33627.804590
6,55,33525.172375
6,57,33213.040173
6,58,32476.598047
6,59,27895.691939
6,72,25884.578500
6,75,22938.314391
6,79,22367.766166
6,88,21409.809248
6,110,20128.627094
6,119,19849.659378
6,122,19818.363258
6,126,19305.151452
6,169,19270.088386
7,53,33627.804590
7,55,33525.172375
7,57,33213.040173
7,58,31490.909046
7,59,27895.691939
7,64,27083.818012
7,72,25884.578500
7,75,22938.314391
7,79,22367.766166
7,88,21409.809248
7,94,21009.876781
7,103,20451.549256
7,104,20143.408039
7,109,19981.995476
7,119,19849.659378
7,121,19650.805485
7,126,19305.151452
7,134,19126.670121
8,53,33627.804590
8,54,33242.978436
8,57,32952.080438
8,58,31490.909046
8,59,27895.691939
8,62,27801.316536
8,64,27083.818012
8,72,25884.578500
8,75,22938.314391
8,79,22367.766166
8,88,21409.809248
8,94,21009.876781
8,103,20451.549256
8,104,20143.408039
8,109,19981.995476
8,118,19927.153328
8,119,19849.659378
8,121,19650.805485
8,126,19305.151452
8,134,19126.670121
8,142,18997.269363
9,53,33627.804590
9,54,33242.978436
9,57,32952.080438
9,58,31490.909046
9,59,27895.691939
9,62,27801.316536
9,64,27083.818012
9,70,25244.544495
9,75,22938.314391
9,79,22367.766166
9,88,21409.809248
9,94,21009.876781
9,98,20469.224371
9,101,20227.022411
9,103,20129.410512
9,108,19943.843871
9,113,19812.355492
9,121,19650.805485
9,126,19305.151452
9,134,19126.670121
9,142,18997.269363
9,143,18953.001752
10,53,33627.804590
10,54,33242.978436
10,57,32952.080438
10,58,31490.909046
10,59,27895.691939
10,62,27801.316536
10,64,25532.426169
10,70,25244.544495
10,75,22938.314391
10,79,22367.766166
10,88,21409.809248
10,94,21009.876781
10,98,20469.224371
10,101,20227.022411
10,103,20129.410512
10,108,19943.843871
10,113,19812.355492
10,120,19658.100816
10,121,19650.805485
10,126,19305.151452
10,127,19127.332836
10,134,19126.670121
10,142,18997.269363
10,143,18953.001752
11,53,33627.804590
11,54,33242.978436
11,57,32952.080438
11,58,31490.909046
11,59,27895.691939
11,62,27801.316536
11,64,25532.426169
11,70,25244.544495
11,75,22938.314391
11,79,22367.766166
11,88,21409.809248
11,94,21009.876781
11,98,20469.224371
11,101,20227.022411
11,102,19955.427487
11,107,19805.319295
11,110,19660.121273
11,113,19306.113967
11,120,19070.472969
11,126,18977.011995
11,140,18787.913494
11,143,18749.292259
12,53,33627.804590
12,54,33242.978436
12,55,33127.943085
12,56,30852.517374
12,58,26046.757150
12,60,25757.926610
12,62,25288.516080
12,70,25244.544495
12,75,22938.314391
12,79,22367.766166
12,85,22352.607554
12,88,21409.809248
12,93,20652.121579
12,95,20530.323277
12,98,20469.224371
12,101,20227.022411
12,102,19955.427487
12,106,19826.321854
12,107,19771.385575
12,110,19660.121273
12,113,19306.113967
12,120,19070.472969
12,126,18977.011995
12,127,18823.507584
12,140,18787.913494
12,143,18749.292259
13,53,33627.804590
13,54,33242.978436
13,55,33127.943085
13,56,30852.517374
13,57,26421.655045
13,58,26046.757150
13,60,25757.926610
13,61,25578.868988
13,62,25288.516080
13,70,25244.544495
13,71,24585.960721
13,74,21939.783084
13,85,21398.630289
13,88,20114.242625
13,99,19824.498265
13,107,19670.054395
13,110,19660.121273
13,113,19306.113967
13,120,19070.472969
13,126,18977.011995
13,127,18594.444734
14,53,33627.804590
14,54,33242.978436
14,55,33127.943085
14,56,30852.517374
14,57,26421.655045
14,58,26046.757150
14,60,25022.561609
14,68,22822.176509
14,72,22513.115361
14,74,21939.783084
14,75,20978.052157
14,83,20639.619041
14,84,19766.668551
14,107,19670.054395
14,110,19660.121273
14,113,19306.113967
14,119,19197.542523
14,120,19070.472969
14,125,19065.567062
14,126,18956.386606
14,127,18594.444734
14,131,18438.989963
14,138,18370.811123
15,53,33627.804590
15,54,33242.978436
15,55,33127.943085
15,56,26257.195490
15,58,26046.757150
15,59,25291.955274
15,60,25022.561609
15,64,23481.331182
15,68,22822.176509
15,72,22513.115361
15,74,21939.783084
15,75,20978.052157
15,83,20639.619041
15,84,19766.668551
15,94,19026.970290
15,97,18712.022580
15,126,18606.961983
15,127,18594.444734
15,131,18438.989963
15,133,18428.255682
15,138,18370.811123
16,53,33627.804590
16,54,33242.978436
16,55,33127.943085
16,56,26257.195490
16,58,26046.757150
16,59,25291.955274
16,60,25022.561609
16,64,23481.331182
16,68,22822.176509
16,72,22513.115361
16,74,21939.783084
16,75,20978.052157
16,83,20639.619041
16,84,19766.668551
16,94,19026.970290
16,97,18712.022580
16,126,18606.961983
16,127,18594.444734
16,128,18413.910765
16,138,18370.811123
17,53,33383.341137
17,54,33242.978436
17,55,33127.943085
17,56,26257.195490
17,57,23897.872928
17,64,23481.331182
17,68,22822.176509
17,72,22513.115361
17,74,21939.783084
17,75,20978.052157
17,83,20639.619041
17,84,19766.668551
17,94,19026.970290
17,97,18712.022580
17,126,18522.120993
17,128,18413.910765
17,138,18370.811123
18,53,33134.955016
18,55,33127.943085
18,56,26257.195490
18,57,23897.872928
18,64,23481.331182
18,68,22822.176509
18,72,22513.115361
18,73,21808.894264
18,75,20978.052157
18,83,19723.272689
18,94,19026.970290
18,97,18712.022580
18,126,18522.120993
18,128,18413.910765
18,138,18370.811123
18,143,18341.189327
19,53,33134.955016
19,55,33127.943085
19,56,26257.195490
19,57,23897.872928
19,63,22047.904201
19,73,20858.192875
19,83,19723.272689
19,94,19026.970290
19,97,18712.022580
19,121,18346.744944
19,133,18242.086848
20,53,33134.955016
20,54,27083.040534
20,56,26257.195490
20,57,23897.872928
20,60,23648.461314
20,63,22047.904201
20,65,21763.347941
20,73,20858.192875
20,83,19723.272689
20,92,19695.402035
20,94,19026.970290
20,97,18712.022580
20,121,18346.744944
20,133,18242.086848
21,53,33134.955016
21,54,27083.040534
21,56,26257.195490
21,57,23897.872928
21,60,23648.461314
21,63,22047.904201
21,65,21763.347941
21,73,20858.192875
21,81,20582.564339
21,83,19723.272689
21,92,19442.238420
21,94,19026.970290
21,97,18712.022580
21,121,18346.744944
21,130,18296.544763
21,133,18242.086848
22,53,33134.955016
22,54,27083.040534
22,56,26257.195490
22,57,23897.872928
22,59,22904.121361
22,63,22047.904201
22,65,21763.347941
22,73,20858.192875
22,78,20675.782284
22,81,20582.564339
22,83,19723.272689
22,92,19442.238420
22,94,19026.970290
22,97,18712.022580
22,121,18173.623188
22,127,18151.104874
23,53,33134.955016
23,54,27083.040534
23,56,25661.754521
23,57,23897.872928
23,59,22904.121361
23,63,22047.904201
23,65,21763.347941
23,71,21465.919830
23,73,20653.129816
23,76,20504.463358
23,80,20412.117961
23,82,19697.098129
23,92,19212.440839
23,93,18880.898909
23,97,18541.203730
23,121,18127.683493
23,123,18056.429001
23,124,17980.399970
24,53,33134.955016
24,54,26962.857707
24,56,25661.754521
24,57,23897.872928
24,59,22904.121361
24,63,22047.904201
24,65,21763.347941
24,71,21465.919830
24,73,20653.129816
24,76,20504.463358
24,80,20412.117961
24,82,19697.098129
24,92,19212.440839
24,93,18880.898909
24,97,18541.203730
24,100,18489.275573
24,121,18112.083343
24,123,18056.429001
24,124,17980.399970
25,53,33134.955016
25,54,26962.857707
25,56,25661.754521
25,57,23897.872928
25,59,22904.121361
25,60,22722.550220
25,63,22047.904201
25,65,21763.347941
25,70,21165.931904
25,73,20653.129816
25,76,20504.463358
25,78,20387.131599
25,82,19697.098129
25,92,19212.440839
25,93,18880.898909
25,97,18541.203730
25,100,18489.275573
25,116,18380.587199
25,121,18112.083343
25,123,18056.429001
25,124,17969.085853
25,125,17813.824912
26,53,33134.955016
26,54,26962.857707
26,56,25661.754521
26,57,23897.872928
26,59,22904.121361
26,60,22722.550220
26,63,22047.904201
26,65,21763.347941
26,70,21165.931904
26,73,20653.129816
26,76,20504.463358
26,78,20387.131599
26,82,19697.098129
26,91,19185.631890
26,93,18880.898909
26,96,18854.235034
26,97,18541.203730
26,100,18489.275573
26,116,18380.587199
26,121,18112.083343
26,123,18056.429001
26,124,17969.085853
26,125,17813.824912
27,53,33134.955016
27,54,26962.857707
27,55,26523.287689
27,56,24650.773712
27,57,23897.872928
27,59,22904.121361
27,60,22722.550220
27,63,22047.904201
27,65,21763.347941
27,70,21165.931904
27,73,20653.129816
27,76,20504.463358
27,78,20387.131599
27,80,19898.583376
27,82,19697.098129
27,91,19185.631890
27,93,18880.898909
27,96,18854.235034
27,97,18541.203730
27,100,18489.275573
27,116,18380.587199
27,121,18088.462634
27,123,18056.429001
27,124,17969.085853
27,125,17813.824912
27,126,17811.213758
28,52,28149.728452
28,54,26962.857707
28,55,26493.085567
28,56,24650.773712
28,57,23897.872928
28,59,22904.121361
28,60,22722.550220
28,63,22047.904201
28,65,21763.347941
28,70,21165.931904
28,73,20653.129816
28,76,20330.506247
28,80,19898.583376
28,82,19697.098129
28,91,19185.631890
28,92,18679.229036
28,96,18432.493208
28,100,18375.524621
28,118,17980.322526
28,121,17954.433644
28,122,17827.475168
28,124,17694.388925
29,52,28105.713528
29,54,26408.540154
29,56,24650.773712
29,57,23159.592563
29,59,22904.121361
29,60,22722.550220
29,62,22603.618513
29,63,22047.904201
29,65,21763.347941
29,69,21565.994163
29,70,21165.931904
29,73,20653.129816
29,76,20330.506247
29,80,19898.583376
29,82,19697.098129
29,87,19657.632020
29,89,19268.539291
29,91,19185.631890
29,92,18679.229036
29,96,18432.493208
29,100,18375.524621
29,114,18111.428330
29,118,17980.322526
29,121,17895.931944
29,122,17827.475168
29,124,17694.388925
30,52,28105.713528
30,54,26408.540154
30,56,24650.773712
30,57,23159.592563
30,59,22904.121361
30,60,22722.550220
30,62,22603.618513
30,63,22047.904201
30,65,21763.347941
30,69,21565.994163
30,70,21165.931904
30,73,20653.129816
30,76,20329.275689
30,80,19898.583376
30,82,19697.098129
30,87,19657.632020
30,88,19539.571741
30,89,19268.539291
30,91,19185.631890
30,92,18679.229036
30,96,18432.493208
30,100,18375.524621
30,114,18111.428330
30,116,18066.226350
30,118,17980.322526
30,121,17895.931944
30,122,17827.475168
30,124,17694.388925
31,52,28105.713528
31,54,26237.237319
31,56,24650.773712
31,57,22542.684434
31,61,22447.159414
31,63,22047.904201
31,65,21343.145285
31,68,21122.113616
31,73,20653.129816
31,76,20329.275689
31,80,19898.583376
31,82,19697.098129
31,87,19657.632020
31,88,19539.571741
31,89,19268.539291
31,91,18968.367040
31,92,18679.229036
31,96,18432.493208
31,100,18375.524621
31,109,18088.738725
31,116,18066.226350
31,118,17980.322526
31,121,17895.931944
31,122,17827.475168
31,124,17694.388925
32,52,28105.713528
32,53,26339.701045
32,54,26237.237319
32,56,24650.773712
32,57,22542.684434
32,61,22447.159414
32,62,21354.714756
32,65,21343.145285
32,67,20429.665457
32,76,20329.275689
32,80,19898.583376
32,82,19697.098129
32,87,19657.632020
32,88,19539.571741
32,89,19268.539291
32,91,18968.367040
32,92,18679.229036
32,96,18432.493208
32,100,18375.524621
32,109,18088.738725
32,116,18066.226350
32,118,17980.322526
32,121,17895.931944
32,122,17827.475168
32,124,17694.388925
33,52,28105.713528
33,53,26339.701045
33,54,26237.237319
33,56,23672.825909
33,57,22542.684434
33,59,22498.485213
33,61,22447.159414
33,62,21354.714756
33,64,21024.070334
33,67,20429.665457
33,71,20412.697741
33,75,20275.646317
33,80,19898.583376
33,82,19697.098129
33,87,19510.861919
33,89,19268.539291
33,91,18968.367040
33,92,18679.229036
33,96,18323.759845
33,100,18215.398940
33,106,18048.640377
33,108,17952.257328
33,115,17807.093113
33,119,17756.632586
33,122,17725.530013
33,123,17663.656972
34,51,27073.754333
34,53,26339.701045
34,54,24996.189120
34,55,24132.295853
34,56,23672.825909
34,57,22542.684434
34,58,22330.782654
34,62,21354.714756
34,64,21024.070334
34,67,20429.665457
34,71,20412.697741
34,75,20177.460835
34,80,19898.583376
34,82,19697.098129
34,84,19162.984265
34,87,19032.263391
34,91,18968.367040
34,92,18679.229036
34,95,18678.870390
34,96,18323.759845
34,100,18215.398940
34,106,18048.640377
34,108,17952.257328
34,115,17807.093113
34,118,17758.966939
34,119,17756.632586
34,122,17725.530013
34,123,17663.656972
35,51,27073.754333
35,52,26282.529309
35,53,24967.775247
35,55,24132.295853
35,56,23348.610508
35,57,22542.684434
35,58,22330.782654
35,62,21354.714756
35,64,21024.070334
35,67,20429.665457
35,71,20154.562918
35,75,20001.970339
35,80,19898.583376
35,82,19697.098129
35,84,19162.984265
35,85,18775.779996
35,86,18719.611949
35,92,18679.229036
35,95,18678.870390
35,96,18323.759845
35,100,18215.398940
35,106,18048.640377
35,108,17952.257328
35,115,17807.093113
35,118,17758.966939
35,119,17756.632586
35,122,17725.530013
35,123,17663.656972
36,51,26089.165275
36,53,24967.775247
36,55,24132.295853
36,56,23348.610508
36,57,22542.684434
36,58,22330.782654
36,62,21354.714756
36,64,21024.070334
36,67,20429.665457
36,71,20154.562918
36,75,20001.970339
36,80,19898.583376
36,82,19697.098129
36,84,19162.984265
36,85,18775.779996
36,86,18719.611949
36,92,18679.229036
36,95,18678.870390
36,96,18323.759845
36,100,18215.398940
36,106,18048.640377
36,108,17952.257328
36,115,17807.093113
36,118,17758.966939
36,119,17756.632586
36,122,17725.530013
36,123,17663.656972
37,51,26089.165275
37,53,24967.775247
37,55,24132.295853
37,56,23348.610508
37,57,22542.684434
37,58,22330.782654
37,61,21710.789856
37,62,21354.714756
37,64,21024.070334
37,67,20429.665457
37,70,20326.377568
37,71,19861.600308
37,80,19612.848851
37,84,19162.984265
37,85,18775.779996
37,86,18719.611949
37,92,18679.229036
37,95,18568.062153
37,96,18323.759845
37,100,18215.398940
37,106,18048.640377
37,108,17952.257328
37,115,17807.093113
37,118,17758.966939
37,119,17756.632586
37,122,17725.530013
37,123,17663.656972
38,51,26089.165275
38,52,25203.694841
38,53,24967.775247
38,54,24932.296605
38,55,24132.295853
38,56,23348.610508
38,57,22542.684434
38,58,22330.782654
38,59,22298.731301
38,61,21710.789856
38,62,21354.714756
38,64,21024.070334
38,67,20429.665457
38,70,20326.377568
38,71,19861.600308
38,80,19612.848851
38,81,19600.876034
38,82,19252.564857
38,84,19162.984265
38,85,18775.779996
38,86,18719.611949
38,89,18546.026032
38,95,18198.539179
38,104,17796.983696
38,114,17772.244929
38,116,17629.959051
38,120,17480.317850
39,51,26089.165275
39,52,25203.694841
39,53,24967.775247
39,54,24452.815559
39,55,24132.295853
39,56,23348.610508
39,57,22542.684434
39,58,22330.782654
39,59,22298.731301
39,60,22198.191461
39,61,21710.789856
39,62,21354.714756
39,64,21024.070334
39,65,20983.131834
39,67,20429.665457
39,69,20235.914505
39,71,19861.600308
39,74,19544.117911
39,82,18760.571161
39,86,18719.611949
39,89,18546.026032
39,95,18198.539179
39,104,17796.983696
39,112,17765.200433
39,116,17629.959051
39,120,17480.317850
40,51,26089.165275
40,52,25203.694841
40,53,24967.775247
40,54,24452.815559
40,55,24132.295853
40,56,22704.924228
40,57,22542.684434
40,58,22330.782654
40,59,22298.731301
40,60,22198.191461
40,61,21710.789856
40,62,21354.714756
40,63,21215.547482
40,64,21024.070334
40,65,20983.131834
40,67,20429.665457
40,69,20235.914505
40,71,19861.600308
40,74,19544.117911
40,75,19440.665617
40,81,18644.612030
40,89,18546.026032
40,95,18198.539179
40,104,17796.983696
40,112,17765.200433
40,116,17629.959051
40,120,17480.317850
41,51,26089.165275
41,52,25203.694841
41,53,23319.769162
41,56,22704.924228
41,57,22542.684434
41,58,22330.782654
41,59,22298.731301
41,60,22198.191461
41,61,21710.789856
41,62,21354.714756
41,63,21215.547482
41,64,21024.070334
41,65,20983.131834
41,67,20429.665457
41,69,20235.914505
41,71,19861.600308
41,74,19544.117911
41,75,19440.665617
41,76,19392.842490
41,80,19071.666915
41,81,18644.612030
41,89,18546.026032
41,95,18198.539179
41,104,17796.983696
41,112,17765.200433
41,116,17629.959051
41,120,17480.317850
42,51,26089.165275
42,52,25203.694841
42,53,23319.769162
42,56,22704.924228
42,57,22524.706344
42,58,22330.782654
42,59,22298.731301
42,60,22198.191461
42,61,21553.029107
42,62,21354.714756
42,63,21215.547482
42,64,21024.070334
42,65,20983.131834
42,67,20429.665457
42,69,20235.914505
42,71,19861.600308
42,72,19627.033581
42,74,19544.117911
42,75,19440.665617
42,76,19392.842490
42,80,19071.666915
42,81,18644.612030
42,84,18478.108725
42,85,18434.766339
42,95,18198.539179
42,98,18092.541032
42,104,17796.983696
42,109,17659.655843
42,116,17629.959051
42,120,17480.317850
43,49,25427.275067
43,52,25203.694841
43,53,23319.769162
43,55,23164.012479
43,56,22704.924228
43,57,22524.706344
43,58,22330.782654
43,59,21691.905571
43,61,21553.029107
43,62,21354.714756
43,63,21215.547482
43,64,21024.070334
43,65,20983.131834
43,67,20429.665457
43,69,20235.914505
43,71,19861.600308
43,72,19627.033581
43,74,19544.117911
43,75,19440.665617
43,76,19212.487774
43,78,18952.015168
43,81,18575.036398
43,83,18312.305967
43,94,18053.019806
43,98,18038.362577
43,104,17796.983696
43,106,17529.959977
43,108,17431.596668
43,120,17374.841977
44,49,25427.275067
44,52,25203.694841
44,53,23319.769162
44,54,23122.670013
44,56,22704.924228
44,57,22524.706344
44,58,22330.782654
44,59,21691.905571
44,61,21553.029107
44,62,21322.199965
44,63,21215.547482
44,64,20974.827006
44,67,20429.665457
44,69,20235.914505
44,71,19861.600308
44,72,19627.033581
44,74,19544.117911
44,75,19440.665617
44,76,19212.487774
44,78,18952.015168
44,81,18575.036398
44,83,18312.305967
44,89,18240.983328
44,92,18228.860959
44,94,18053.019806
44,98,18038.362577
44,99,17997.754358
44,104,17796.983696
44,106,17529.959977
44,108,17431.596668
44,120,17374.841977
45,49,25427.275067
45,52,25203.694841
45,53,23319.769162
45,54,23122.670013
45,55,22781.432279
45,56,22704.924228
45,57,22524.706344
45,58,22330.782654
45,59,21691.905571
45,61,20901.368545
45,65,20626.464170
45,67,20429.665457
45,69,20235.914505
45,71,19861.600308
45,72,19627.033581
45,74,19544.117911
45,75,19440.665617
45,76,19212.487774
45,78,18952.015168
45,81,18575.036398
45,83,18312.305967
45,89,18240.983328
45,92,18228.860959
45,94,18053.019806
45,98,18038.362577
45,99,17997.754358
45,104,17796.983696
45,106,17529.959977
45,108,17431.596668
45,120,17374.841977
46,49,25427.275067
46,52,25203.694841
46,53,23319.769162
46,54,23122.670013
46,55,22781.432279
46,56,22704.924228
46,57,22524.706344
46,58,22330.782654
46,59,21691.905571
46,61,20901.368545
46,65,20626.464170
46,67,20429.665457
46,69,20235.914505
46,71,19861.600308
46,72,19627.033581
46,74,19544.117911
46,75,19440.665617
46,76,19212.487774
46,78,18952.015168
46,81,18575.036398
46,83,18312.305967
46,89,18240.983328
46,92,18149.725611
46,94,18053.019806
46,96,17994.039644
46,104,17796.983696
46,106,17529.959977
46,108,17431.596668
46,120,17374.841977
47,49,25427.275067
47,52,23597.855190
47,53,23319.769162
47,54,23122.670013
47,55,22618.807409
47,57,22524.706344
47,58,22330.782654
47,59,21691.905571
47,61,20901.368545
47,65,20626.464170
47,67,19988.392246
47,71,19861.600308
47,72,19627.033581
47,74,19544.117911
47,75,19440.665617
47,76,19212.487774
47,78,18952.015168
47,81,18575.036398
47,83,18312.305967
47,89,18240.983328
47,92,18149.725611
47,94,18053.019806
47,96,17994.039644
47,104,17796.983696
47,106,17529.959977
47,108,17431.596668
47,120,17374.841977
48,49,25427.275067
48,52,23597.855190
48,53,23319.769162
48,54,23122.670013
48,55,22618.807409
48,57,22524.706344
48,58,22330.782654
48,59,21691.905571
48,60,21617.140394
48,61,20901.368545
48,65,20626.464170
48,67,19988.392246
48,71,19861.600308
48,72,19627.033581
48,74,19544.117911
48,75,19440.665617
48,76,19212.487774
48,78,18952.015168
48,80,18392.660182
48,83,18210.127038
48,87,18188.219997
48,92,18049.261051
48,96,17877.996385
48,103,17749.445732
48,106,17433.026789
48,108,17357.486575
48,119,17294.827731
49,49,25427.275067
49,51,24812.864466
49,52,23597.855190
49,53,23319.769162
49,54,22701.726520
49,55,22226.414731
49,59,21691.905571
49,60,21617.140394
49,61,20901.368545
49,65,20626.464170
49,67,19988.392246
49,71,19861.600308
49,72,19627.033581
49,74,19544.117911
49,75,19440.665617
49,76,19212.487774
49,78,18952.015168
49,80,18392.660182
49,83,18210.127038
49,87,18188.219997
49,89,17971.287038
49,95,17952.120165
49,96,17877.996385
49,103,17749.445732
49,106,17433.026789
49,108,17357.486575
49,119,17294.827731
50,49,25427.275067
50,51,24812.864466
50,52,23597.855190
50,53,23319.769162
50,54,22701.726520
50,55,22226.414731
50,58,21671.982568
50,60,21024.366484
50,61,20901.368545
50,65,20626.464170
50,67,19988.392246
50,71,19861.600308
50,72,19627.033581
50,74,19544.117911
50,75,19440.665617
50,76,19212.487774
50,78,18952.015168
50,80,18392.660182
50,83,18210.127038
50,87,18188.219997
50,89,17971.287038
50,95,17952.120165
50,96,17877.996385
50,103,17749.445732
50,105,17586.943739
50,106,17433.026789
50,108,17357.486575
50,119,17294.827731
51,49,25427.275067
51,51,24812.864466
51,52,23597.855190
51,53,23319.769162
51,54,22701.726520
51,55,22184.379559
51,57,21938.098013
51,58,21671.982568
51,59,21590.929052
51,60,21024.366484
51,61,20901.368545
51,65,20626.464170
51,67,19988.392246
51,71,19861.600308
51,72,19627.033581
51,74,19544.117911
51,75,19440.665617
51,76,19212.487774
51,78,18952.015168
51,80,18392.660182
51,83,18210.127038
51,87,18188.219997
51,89,17971.287038
51,95,17952.120165
51,96,17877.996385
51,103,17749.445732
51,105,17586.943739
51,106,17433.026789
51,108,17357.486575
51,119,17294.827731
52,49,25427.275067
52,51,24812.864466
52,52,23597.855190
52,53,22889.714433
52,54,22701.726520
52,55,22184.379559
52,57,21938.098013
52,58,21671.982568
52,59,21590.929052
52,60,21024.366484
52,61,20901.368545
52,65,20626.464170
52,67,19988.392246
52,71,19861.600308
52,72,19627.033581
52,74,19544.117911
52,75,19440.665617
52,76,19212.487774
52,78,18952.015168
52,80,18392.660182
52,83,18210.127038
52,87,18188.219997
52,89,17971.287038
52,93,17913.502164
52,95,17888.909957
52,96,17877.996385
52,103,17749.445732
52,105,17586.943739
52,106,17433.026789
52,108,17357.486575
52,119,17294.827731
53,49,25427.275067
53,51,24812.864466
53,52,23597.855190
53,53,22889.714433
53,54,22701.726520
53,55,22184.379559
53,57,21938.098013
53,58,21671.982568
53,59,21590.929052
53,60,21024.366484
53,61,20901.368545
53,65,20626.464170
53,66,20162.123473
53,67,19988.392246
53,71,19861.600308
53,72,19627.033581
53,74,19544.117911
53,75,19440.665617
53,76,19212.487774
53,78,18952.015168
53,80,18297.699935
53,83,18108.017252
53,87,18100.027192
53,89,17887.768553
53,92,17802.412151
53,102,17623.646420
53,103,17362.730003
53,107,17228.065712
54,49,25427.275067
54,51,24812.864466
54,52,23597.855190
54,53,22889.714433
54,54,22436.088492
54,55,21682.091718
54,58,21671.982568
54,59,21590.929052
54,60,21024.366484
54,61,20901.368545
54,63,20723.190369
54,65,20626.464170
54,66,20162.123473
54,67,19988.392246
54,71,19861.600308
54,72,19627.033581
54,74,19544.117911
54,75,19440.665617
54,76,19212.487774
54,78,18952.015168
54,80,18297.699935
54,83,18108.017252
54,87,18100.027192
54,89,17869.504511
54,92,17802.412151
54,102,17623.646420
54,103,17362.730003
54,107,17228.065712
55,49,25427.275067
55,51,24812.864466
55,52,23597.855190
55,53,22889.714433
55,54,22436.088492
55,55,21682.091718
55,58,21671.982568
55,59,21475.308352
55,60,21024.366484
55,61,20901.368545
55,63,20723.190369
55,65,20626.464170
55,66,20162.123473
55,67,19988.392246
55,71,19861.600308
55,72,19627.033581
55,74,19544.117911
55,75,19440.665617
55,76,19212.487774
55,78,18952.015168
55,80,18297.699935
55,83,18108.017252
55,87,18100.027192
55,89,17869.504511
55,92,17802.412151
55,102,17623.646420
55,103,17362.730003
55,107,17228.065712
56,49,25427.275067
56,50,23499.295513
56,53,22889.714433
56,54,22436.088492
56,55,21682.091718
56,58,21671.982568
56,59,21475.308352
56,60,21024.366484
56,61,20901.368545
56,63,20723.190369
56,65,20626.464170
56,66,20162.123473
56,67,19988.392246
56,71,19861.600308
56,72,19627.033581
56,74,19544.117911
56,75,19440.665617
56,76,19212.487774
56,78,18952.015168
56,80,18297.699935
56,83,18108.017252
56,87,18100.027192
56,89,17869.504511
56,92,17802.412151
56,101,17762.817652
56,102,17623.646420
56,103,17362.730003
56,107,17228.065712
57,48,26244.626930
57,49,25427.275067
57,50,23499.295513
57,53,22889.714433
57,54,22436.088492
57,55,21682.091718
57,58,21671.982568
57,59,21475.308352
57,60,20737.738679
57,63,20723.190369
57,65,20626.464170
57,66,20162.123473
57,67,19988.392246
57,71,19861.600308
57,72,19627.033581
57,74,19544.117911
57,75,19440.665617
57,76,19212.487774
57,78,18952.015168
57,80,18297.699935
57,83,18108.017252
57,87,18100.027192
57,89,17869.504511
57,92,17802.412151
57,99,17602.289379
57,103,17362.730003
57,107,17228.065712
58,48,26220.560408
58,49,25427.275067
58,50,23499.295513
58,52,22775.710251
58,53,22528.436863
58,54,21738.778979
58,55,21682.091718
58,58,21671.982568
58,59,21475.308352
58,60,20737.738679
58,63,20723.190369
58,64,20609.647684
58,66,20162.123473
58,67,19988.392246
58,71,19861.600308
58,72,19627.033581
58,74,19544.117911
58,75,19440.665617
58,76,18813.936791
58,80,18297.699935
58,83,18042.376625
58,85,18011.110425
58,88,17773.819752
58,89,17416.097282
58,103,17314.666611
58,106,17107.908280
59,48,26220.560408
59,49,25427.275067
59,50,23499.295513
59,52,22522.251558
59,54,21738.778979
59,55,21682.091718
59,58,21671.982568
59,59,21475.308352
59,60,20237.801118
59,66,20162.123473
59,67,19988.392246
59,71,19861.600308
59,72,19627.033581
59,74,19544.117911
59,75,19285.094186
59,76,18813.936791
59,80,18297.699935
59,83,18042.376625
59,85,18011.110425
59,88,17773.819752
59,89,17416.097282
59,98,17347.719305
59,103,17314.666611
59,106,17107.908280
60,48,26220.560408
60,49,25427.275067
60,50,23499.295513
60,51,23326.855684
60,52,22522.251558
60,53,22333.556617
60,54,21738.778979
60,55,21556.680727
60,58,21458.195984
60,60,20237.801118
60,61,20122.378717
60,65,20034.216225
60,67,19988.392246
60,70,19448.067510
60,75,19285.094186
60,76,18813.936791
60,77,18679.899057
60,80,18297.699935
60,83,18042.376625
60,85,18011.110425
60,88,17773.819752
60,89,17416.097282
60,98,17347.719305
60,103,17314.666611
60,106,17107.908280
61,48,26220.560408
61,49,25427.275067
61,50,23499.295513
61,51,22088.767028
61,54,21738.778979
61,55,21556.680727
61,58,21458.195984
61,59,20896.624497
61,60,20237.801118
61,61,20122.378717
61,65,20034.216225
61,67,19988.392246
61,68,19957.838013
61,70,19448.067510
61,75,19285.094186
61,76,18813.936791
61,77,18679.899057
61,80,18297.699935
61,83,18042.376625
61,85,18011.110425
61,88,17773.819752
61,89,17416.097282
61,98,17347.719305
61,103,17314.666611
61,106,17107.908280
62,48,26220.560408
62,49,25427.275067
62,50,23028.853921
62,51,22088.767028
62,52,21952.975468
62,54,21602.056354
62,55,21556.680727
62,58,21458.195984
62,59,20896.624497
62,60,20237.801118
62,61,20122.378717
62,65,20034.216225
62,66,19686.837054
62,70,19448.067510
62,74,19338.963233
62,75,19285.094186
62,76,18813.936791
62,77,18679.899057
62,80,18297.699935
62,83,18042.376625
62,85,18011.110425
62,88,17773.819752
62,89,17416.097282
62,97,17348.822229
62,98,17347.719305
62,103,17314.666611
62,106,17107.908280
63,48,26220.560408
63,49,25427.275067
63,50,23028.853921
63,51,22088.767028
63,52,21952.975468
63,54,21602.056354
63,55,21556.680727
63,57,21192.054663
63,59,20896.624497
63,60,20237.801118
63,61,20122.378717
63,65,20034.216225
63,66,19686.837054
63,70,19448.067510
63,74,19338.963233
63,75,19285.094186
63,76,18606.663760
63,79,18134.211299
63,83,18042.376625
63,84,17932.988724
63,87,17681.100193
63,88,17330.714705
63,96,17255.644582
63,98,17235.586588
63,104,16969.650255
64,48,26220.560408
64,49,25427.275067
64,50,23028.853921
64,51,22088.767028
64,52,21768.315557
64,53,21491.435036
64,55,20669.985350
64,58,20563.966730
64,60,20237.801118
64,61,20122.378717
64,65,20034.216225
64,66,19589.996592
64,70,19448.067510
64,74,19338.963233
64,75,19285.094186
64,76,18606.663760
64,79,18134.211299
64,83,18042.376625
64,84,17932.988724
64,87,17681.100193
64,88,17330.714705
64,96,17255.644582
64,98,17235.586588
64,104,16969.650255
65,48,26220.560408
65,49,25427.275067
65,50,22953.388171
65,51,21762.963095
65,53,21491.435036
65,54,21407.626690
65,55,20669.985350
65,58,20563.966730
65,60,20237.801118
65,61,20122.378717
65,65,20034.216225
65,66,19589.996592
65,70,19448.067510
65,74,19338.963233
65,75,19285.094186
65,76,18606.663760
65,79,18134.211299
65,83,18042.376625
65,84,17932.988724
65,86,17663.014996
65,88,17330.714705
65,96,17255.644582
65,98,17235.586588
65,104,16969.650255
66,48,26220.560408
66,49,25427.275067
66,50,22507.364443
66,51,21708.879233
66,53,21370.563218
66,54,21237.704083
66,55,20669.985350
66,58,20563.966730
66,60,20237.801118
66,61,20122.378717
66,65,20034.216225
66,66,19317.335787
66,75,19285.094186
66,76,18606.663760
66,79,18134.211299
66,83,18042.376625
66,84,17932.988724
66,86,17663.014996
66,88,17330.714705
66,96,17255.644582
66,98,17235.586588
66,104,16969.650255
67,48,26220.560408
67,49,25427.275067
67,50,22507.364443
67,51,21708.879233
67,52,21707.990845
67,53,21370.563218
67,54,21237.704083
67,55,20669.985350
67,58,20563.966730
67,60,20237.801118
67,61,20122.378717
67,65,20034.216225
67,66,19317.335787
67,73,19266.645545
67,76,18606.663760
67,79,18134.211299
67,83,18042.376625
67,84,17932.988724
67,86,17663.014996
67,88,17330.714705
67,92,17064.786100
67,104,16969.650255
68,48,26220.560408
68,49,25427.275067
68,50,22507.364443
68,51,21708.879233
68,52,21707.990845
68,53,21370.563218
68,54,21237.704083
68,55,20669.985350
68,58,20563.966730
68,60,20237.801118
68,61,20122.378717
68,63,20019.255164
68,64,19708.653910
68,66,19317.335787
68,73,19136.534514
68,75,18518.734647
68,77,18011.439299
68,83,17901.176790
68,86,17663.014996
68,88,17191.763260
68,91,16924.434422
68,103,16875.379738
69,48,25980.366409
69,49,25427.275067
69,50,22507.364443
69,51,21708.879233
69,52,21707.990845
69,53,21370.563218
69,54,21237.704083
69,55,20669.985350
69,58,20563.966730
69,60,20237.801118
69,61,20122.378717
69,62,20109.395245
69,63,20019.255164
69,64,19708.653910
69,66,19317.335787
69,73,19136.534514
69,75,18518.734647
69,77,18011.439299
69,83,17901.176790
69,86,17663.014996
69,88,17191.763260
69,91,16924.434422
69,103,16875.379738
70,48,25980.366409
70,49,25427.275067
70,50,22507.364443
70,51,21708.879233
70,52,21553.282341
70,53,21370.563218
70,54,21237.704083
70,55,20669.985350
70,58,20563.966730
70,60,20237.801118
70,61,20122.378717
70,62,19921.282403
70,64,19708.653910
70,66,19317.335787
70,73,19136.534514
70,75,18518.734647
70,77,18011.439299
70,83,17901.176790
70,86,17663.014996
70,88,17191.763260
70,91,16924.434422
70,103,16875.379738
71,48,25980.366409
71,49,25427.275067
71,50,22507.364443
71,51,21708.879233
71,52,21553.282341
71,53,21370.563218
71,54,20818.750842
71,55,20669.582633
71,58,20560.395777
71,60,20237.801118
71,61,20122.378717
71,62,19921.282403
71,64,19708.653910
71,66,19317.335787
71,73,19136.534514
71,74,18795.519173
71,75,18518.734647
71,77,18011.439299
71,83,17901.176790
71,84,17330.811588
71,88,17191.763260
71,91,16924.434422
71,97,16864.000060
72,47,26990.977117
72,48,25980.366409
72,49,23974.548546
72,50,22507.364443
72,51,21708.879233
72,52,21553.282341
72,53,21370.563218
72,54,20818.750842
72,55,20669.582633
72,58,20560.395777
72,60,19946.570284
72,62,19921.282403
72,64,19708.653910
72,66,19317.335787
72,73,19136.534514
72,74,18795.519173
72,75,18518.734647
72,77,18011.439299
72,83,17901.176790
72,84,17330.811588
72,88,17191.763260
72,91,16924.434422
72,97,16864.000060
73,47,26990.977117
73,48,25980.366409
73,49,23974.548546
73,50,22507.364443
73,51,21708.879233
73,52,21553.282341
73,53,21370.563218
73,54,20818.750842
73,55,20669.582633
73,58,20560.395777
73,60,19946.570284
73,62,19921.282403
73,64,19708.653910
73,66,19317.335787
73,68,19038.877111
73,74,18795.519173
73,75,18370.882392
73,77,17935.255866
73,80,17201.120965
73,88,17111.701857
73,91,16871.626142
73,97,16836.994824
74,47,26990.977117
74,48,25980.366409
74,49,23354.054226
74,50,22507.364443
74,51,21708.879233
74,52,21553.282341
74,53,21023.467959
74,54,20818.750842
74,55,20669.582633
74,56,20541.603670
74,59,20512.498701
74,60,19946.570284
74,62,19921.282403
74,63,19915.883425
74,64,19708.653910
74,66,19317.335787
74,68,19038.877111
74,74,18795.519173
74,75,18370.882392
74,77,17935.255866
74,80,17201.120965
74,88,17111.701857
74,91,16871.626142
74,97,16836.994824
75,47,26990.977117
75,48,25980.366409
75,49,23354.054226
75,50,22507.364443
75,51,21708.879233
75,52,21466.008309
75,53,21023.467959
75,54,20700.708595
75,55,20669.582633
75,56,20541.603670
75,58,20391.135654
75,60,19946.570284
75,62,19921.282403
75,63,19915.883425
75,64,19708.653910
75,66,19317.335787
75,68,19038.877111
75,71,18348.428922
75,77,17935.255866
75,80,17201.120965
75,88,17111.701857
75,91,16789.037138
76,47,26990.977117
76,48,25980.366409
76,49,23354.054226
76,50,22507.364443
76,51,21708.879233
76,52,21466.008309
76,53,21023.467959
76,54,20700.708595
76,55,20669.582633
76,56,20541.603670
76,57,20156.540342
76,60,19946.570284
76,61,19888.871206
76,64,19708.653910
76,66,19317.335787
76,68,19038.877111
76,71,18348.428922
76,77,17935.255866
76,79,17373.889282
76,80,17201.120965
76,88,17111.701857
76,91,16789.037138
77,47,26990.977117
77,48,25980.366409
77,49,23354.054226
77,50,22507.364443
77,51,21708.879233
77,52,21466.008309
77,53,21023.467959
77,54,20700.708595
77,55,20669.582633
77,56,20074.426836
77,58,20052.556604
77,60,19946.570284
77,61,19888.871206
77,62,19853.800078
77,64,19708.653910
77,65,18925.664097
77,71,18348.428922
77,77,17935.255866
77,79,17373.889282
77,80,17201.120965
77,88,17111.701857
77,90,16827.756433
77,91,16789.037138
78,47,26990.977117
78,48,25980.366409
78,49,23354.054226
78,50,22507.364443
78,51,21708.879233
78,52,21466.008309
78,53,21023.467959
78,54,20700.708595
78,55,20669.582633
78,56,20074.426836
78,58,20052.556604
78,60,19946.570284
78,61,19888.871206
78,62,19853.800078
78,64,19708.653910
78,65,18925.664097
78,71,18348.428922
78,74,17955.706094
78,77,17935.255866
78,78,17112.841764
78,88,16855.553245
78,89,16732.884351
78,91,16647.839570
78,96,16598.736928
79,47,26990.977117
79,48,23811.376767
79,49,23354.054226
79,50,22507.364443
79,51,21708.879233
79,52,21466.008309
79,53,21023.467959
79,54,20700.708595
79,55,20669.582633
79,56,20074.426836
79,58,20052.556604
79,60,19946.570284
79,61,19751.224679
79,62,19694.227266
79,64,19630.579873
79,65,18925.664097
79,71,18348.428922
79,74,17955.706094
79,77,17935.255866
79,78,17112.841764
79,88,16855.553245
79,89,16732.884351
79,91,16647.839570
79,96,16598.736928
80,47,26990.977117
80,48,23811.376767
80,49,23354.054226
80,50,22507.364443
80,51,21708.879233
80,52,21466.008309
80,53,21023.467959
80,54,20614.077921
80,56,20074.426836
80,58,20052.556604
80,59,19737.217012
80,62,19694.227266
80,64,19584.330794
80,65,18925.664097
80,71,18348.428922
80,74,17955.706094
80,77,17935.255866
80,78,17112.841764
80,88,16855.553245
80,89,16732.884351
80,91,16647.839570
80,96,16598.736928
81,47,26990.977117
81,48,23811.376767
81,49,23354.054226
81,50,22256.566088
81,51,21708.879233
81,52,21342.407372
81,53,21023.467959
81,54,20614.077921
81,55,20414.970097
81,56,20074.426836
81,58,20052.556604
81,59,19737.217012
81,62,19694.227266
81,63,19295.966780
81,65,18925.664097
81,71,17951.832251
81,73,17890.541468
81,78,17112.841764
81,82,17107.694417
81,88,16855.553245
81,89,16732.884351
81,91,16647.839570
81,96,16598.736928
82,47,26990.977117
82,48,23668.563341
82,49,23354.054226
82,50,22234.051840
82,51,21708.879233
82,52,21342.407372
82,53,21023.467959
82,54,20614.077921
82,55,20414.970097
82,56,20074.426836
82,58,20052.556604
82,59,19734.001280
82,61,19633.118604
82,63,19295.966780
82,64,19259.669404
82,65,18925.664097
82,71,17951.832251
82,73,17890.541468
82,78,17112.841764
82,82,17107.694417
82,88,16855.553245
82,89,16732.884351
82,91,16647.839570
82,96,16598.736928
83,47,26990.977117
83,48,23668.563341
83,49,23223.486183
83,50,22234.051840
83,51,21708.879233
83,52,21342.407372
83,53,21023.467959
83,54,20614.077921
83,55,20414.970097
83,56,20074.426836
83,58,19855.005821
83,59,19734.001280
83,60,19551.782819
83,63,19295.966780
83,64,18764.369505
83,71,17911.363516
83,73,17741.847438
83,78,17112.841764
83,80,17057.309325
83,87,16818.705419
83,88,16710.868889
83,90,16607.247711
83,96,16565.244277
84,47,26990.977117
84,48,23668.563341
84,49,23223.486183
84,50,22234.051840
84,51,21708.879233
84,52,20570.627224
84,54,20129.494757
84,56,20074.426836
84,58,19855.005821
84,59,19734.001280
84,60,19551.782819
84,63,19295.966780
84,64,18764.369505
84,71,17911.363516
84,73,17741.847438
84,77,17627.002625
84,78,17112.841764
84,80,17057.309325
84,84,16997.303493
84,87,16818.705419
84,88,16710.868889
84,90,16607.247711
84,96,16565.244277
85,47,26990.977117
85,48,23668.563341
85,49,23223.486183
85,50,22234.051840
85,51,21708.879233
85,52,20570.627224
85,54,20129.494757
85,56,20074.426836
85,58,19855.005821
85,59,19734.001280
85,60,19541.409839
85,63,19270.192579
85,64,18764.369505
85,70,18369.993206
85,71,17911.363516
85,73,17741.847438
85,77,17627.002625
85,78,17112.841764
85,80,17057.309325
85,84,16840.769709
85,87,16818.705419
85,88,16710.868889
85,90,16607.247711
85,96,16565.244277
86,47,26990.977117
86,48,22387.903064
86,50,22234.051840
86,51,20983.015742
86,52,20570.627224
86,54,20129.494757
86,56,20074.426836
86,58,19855.005821
86,59,19734.001280
86,60,19541.409839
86,63,19270.192579
86,64,18764.369505
86,70,18369.993206
86,71,17911.363516
86,73,17741.847438
86,77,17627.002625
86,78,17112.841764
86,80,17057.309325
86,84,16840.769709
86,87,16818.705419
86,88,16710.868889
86,90,16607.247711
86,96,16565.244277
87,47,26990.977117
87,48,22387.903064
87,50,21773.610046
87,51,20983.015742
87,52,20570.627224
87,54,20129.494757
87,56,20074.426836
87,58,19855.005821
87,59,19734.001280
87,60,19541.409839
87,63,19270.192579
87,64,18764.369505
87,70,18369.993206
87,71,17911.363516
87,73,17741.847438
87,77,17627.002625
87,78,17112.841764
87,80,17057.309325
87,84,16840.769709
87,87,16818.705419
87,88,16710.868889
87,90,16607.247711
87,96,16565.244277
88,47,26990.977117
88,48,22387.903064
88,50,20814.530980
88,52,20570.627224
88,54,20129.494757
88,56,20074.426836
88,57,19984.634630
88,58,19855.005821
88,59,19734.001280
88,60,19541.409839
88,63,19270.192579
88,64,18764.369505
88,69,17793.187587
88,72,17576.493205
88,77,17454.874402
88,78,17013.793617
88,83,16709.445441
88,88,16652.654037
88,89,16571.982904
88,95,16410.960942
89,47,26990.977117
89,48,22387.903064
89,50,20814.530980
89,52,20570.627224
89,53,20461.184156
89,54,20129.494757
89,56,20074.426836
89,57,19984.634630
89,58,19855.005821
89,59,19734.001280
89,60,19541.409839
89,63,19270.192579
89,64,18764.369505
89,69,17793.187587
89,72,17576.493205
89,77,17454.874402
89,78,17013.793617
89,83,16709.445441
89,88,16652.654037
89,89,16571.982904
89,92,16432.304208
89,95,16410.960942
90,47,26990.977117
90,48,22387.903064
90,49,22328.855243
90,50,20814.530980
90,52,20570.627224
90,53,20461.184156
90,54,20129.494757
90,56,20074.426836
90,57,19984.634630
90,58,19855.005821
90,59,19734.001280
90,60,19541.409839
90,61,19287.735974
90,63,19270.192579
90,64,18764.369505
90,69,17793.187587
90,72,17576.493205
90,77,17454.874402
90,78,17013.793617
90,83,16709.445441
90,86,16648.468355
90,89,16571.982904
90,92,16432.304208
90,95,16410.960942
91,46,28977.514984
91,47,26990.977117
91,48,22387.903064
91,49,20870.190773
91,50,20814.530980
91,52,20570.627224
91,53,20461.184156
91,54,20129.494757
91,56,20074.426836
91,57,19984.634630
91,58,19855.005821
91,59,19734.001280
91,60,19541.409839
91,61,19287.735974
91,63,19270.192579
91,64,18764.369505
91,69,17793.187587
91,72,17576.493205
91,77,17454.874402
91,78,17013.793617
91,83,16709.445441
91,86,16648.468355
91,89,16571.982904
91,92,16432.304208
91,95,16410.960942
92,46,28977.514984
92,47,26990.977117
92,48,22387.903064
92,49,20870.190773
92,50,20626.927022
92,52,20570.627224
92,53,20461.184156
92,54,20129.494757
92,56,20074.426836
92,57,19643.163483
92,60,19541.409839
92,61,19287.735974
92,63,19270.192579
92,64,18764.369505
92,69,17793.187587
92,72,17576.493205
92,74,17568.267058
92,77,17454.874402
92,78,17013.793617
92,83,16709.445441
92,86,16648.468355
92,89,16571.982904
92,92,16432.304208
92,95,16410.960942
93,46,28977.514984
93,47,26990.977117
93,48,22387.903064
93,49,20870.190773
93,50,20626.927022
93,52,20570.627224
93,53,20461.184156
93,54,20113.385656
93,56,19720.066709
93,57,19643.163483
93,60,19541.409839
93,61,19287.735974
93,63,19270.192579
93,64,18764.369505
93,69,17793.187587
93,72,17387.497261
93,74,17367.107726
93,76,17289.759823
93,78,16892.670182
93,83,16685.335253
93,86,16648.468355
93,88,16320.909577
94,46,28977.514984
94,47,23317.065463
94,48,22387.903064
94,49,20870.190773
94,50,20626.927022
94,52,20570.627224
94,53,20461.184156
94,54,20113.385656
94,56,19720.066709
94,57,19643.163483
94,60,19541.409839
94,61,19287.735974
94,63,19270.192579
94,64,18764.369505
94,69,17793.187587
94,72,17387.497261
94,74,17367.107726
94,75,17136.479106
94,77,16905.818032
94,78,16892.670182
94,79,16884.197015
94,83,16685.335253
94,86,16648.468355
94,88,16320.909577
95,46,28977.514984
95,47,23317.065463
95,48,22387.903064
95,49,20870.190773
95,50,20626.927022
95,52,20570.627224
95,53,20461.184156
95,54,20113.385656
95,56,19720.066709
95,57,19643.163483
95,60,19541.409839
95,61,19287.735974
95,62,19198.360614
95,64,18764.369505
95,69,17793.187587
95,72,17387.497261
95,74,17367.107726
95,75,17136.479106
95,77,16905.818032
95,78,16892.670182
95,79,16884.197015
95,83,16685.335253
95,85,16607.393865
95,88,16320.909577
96,46,28977.514984
96,47,23317.065463
96,48,22387.903064
96,49,20870.190773
96,50,20626.927022
96,51,20255.362870
96,53,20000.172690
96,56,19720.066709
96,57,19643.163483
96,60,19541.409839
96,61,19287.735974
96,62,19198.360614
96,64,18764.369505
96,69,17793.187587
96,72,17387.497261
96,74,17367.107726
96,75,17136.479106
96,77,16905.818032
96,78,16892.670182
96,79,16884.197015
96,83,16685.335253
96,85,16607.393865
96,88,16320.909577
97,46,28977.514984
97,47,23317.065463
97,48,22387.903064
97,49,20870.190773
97,50,20626.927022
97,51,20255.362870
97,53,20000.172690
97,56,19720.066709
97,57,19643.163483
97,60,19541.409839
97,61,19287.735974
97,62,19198.360614
97,64,18764.369505
97,69,17793.187587
97,72,17387.497261
97,74,17367.107726
97,75,17136.479106
97,77,16905.818032
97,78,16892.670182
97,79,16884.197015
97,83,16685.335253
97,85,16607.393865
97,88,16320.909577
98,46,28977.514984
98,47,23317.065463
98,48,22233.251734
98,49,20870.190773
98,50,20626.927022
98,51,20255.362870
98,52,19913.695637
98,56,19710.845089
98,57,19643.163483
98,58,19623.673771
98,60,19541.409839
98,61,19287.735974
98,62,19198.360614
98,64,18764.369505
98,69,17793.187587
98,72,17387.497261
98,73,17363.319234
98,74,17107.228935
98,77,16905.818032
98,78,16824.019961
98,83,16557.884394
98,87,16273.709071
99,46,24379.596656
99,47,23317.065463
99,48,22233.251734
99,49,20870.190773
99,50,20626.927022
99,51,20255.362870
99,52,19913.695637
99,56,19710.845089
99,57,19643.163483
99,58,19623.673771
99,60,19541.409839
99,61,19287.735974
99,62,19198.360614
99,64,18764.369505
99,69,17793.187587
99,72,17387.497261
99,73,17363.319234
99,74,17107.228935
99,77,16905.818032
99,78,16824.019961
99,83,16557.884394
99,87,16273.709071
100,46,24379.596656
100,47,23317.065463
100,48,22233.251734
100,49,20870.190773
100,50,20626.927022
100,51,20255.362870
100,52,19913.695637
100,54,19828.848854
100,55,19824.534339
100,56,19710.845089
100,57,19643.163483
100,58,19623.673771
100,60,19473.602606
100,61,19287.735974
100,62,19198.360614
100,64,18764.369505
100,69,17793.187587
100,72,17387.497261
100,73,17363.319234
100,74,17107.228935
100,77,16905.818032
100,78,16824.019961
100,83,16557.884394
100,87,16273.709071
101,46,24379.596656
101,47,23161.648362
101,48,22233.251734
101,49,20870.190773
101,50,20408.893163
101,51,20255.362870
101,52,19913.695637
101,54,19828.848854
101,55,19690.653670
101,57,19643.163483
101,58,19623.673771
101,60,19473.602606
101,61,19287.735974
101,62,19198.360614
101,64,18764.369505
101,69,17793.187587
101,72,17387.497261
101,73,17363.319234
101,74,17107.228935
101,77,16905.818032
101,78,16824.019961
101,83,16557.884394
101,87,16273.709071
102,46,23087.612436
102,47,23071.039707
102,48,22233.251734
102,49,20870.190773
102,50,20408.893163
102,51,20254.841000
102,52,19913.695637
102,54,19828.848854
102,55,19690.653670
102,57,19643.163483
102,58,19601.635057
102,59,19579.803618
102,60,19473.602606
102,61,19287.735974
102,62,19198.360614
102,64,18764.369505
102,69,17793.187587
102,72,17387.497261
102,73,17363.319234
102,74,17107.228935
102,77,16905.818032
102,78,16824.019961
102,83,16557.884394
102,87,16273.709071
103,46,23087.612436
103,47,23071.039707
103,48,22233.251734
103,49,20870.190773
103,50,20408.893163
103,51,20254.841000
103,52,19880.081738
103,54,19828.848854
103,55,19690.653670
103,57,19643.163483
103,58,19601.635057
103,59,19421.900723
103,61,19287.735974
103,62,19198.360614
103,63,18549.626172
103,69,17144.781953
103,74,17058.300568
103,75,16884.640534
103,76,16762.595635
103,83,16537.362431
103,87,16170.521713
104,46,23087.612436
104,47,23071.039707
104,48,21565.864708
104,49,20724.105475
104,50,20408.893163
104,51,20254.841000
104,52,19880.081738
104,54,19828.848854
104,55,19595.421383
104,58,19581.363363
104,59,19421.900723
104,60,19271.914095
104,62,19198.360614
104,63,18549.626172
104,67,17901.007828
104,69,17144.781953
104,74,17058.300568
104,75,16884.640534
104,76,16762.595635
104,83,16537.362431
104,87,16170.521713
105,46,23087.612436
105,47,23071.039707
105,48,21565.864708
105,49,20724.105475
105,50,20408.893163
105,51,20254.841000
105,52,19880.081738
105,53,19764.680794
105,54,19628.020483
105,55,19595.421383
105,58,19581.363363
105,59,19421.900723
105,60,19271.914095
105,62,19198.360614
105,63,18549.626172
105,67,17901.007828
105,69,17144.781953
105,74,17058.300568
105,75,16884.640534
105,76,16762.595635
105,83,16537.362431
105,87,16170.521713
106,46,23087.612436
106,47,23016.930803
106,48,21565.864708
106,49,20671.556356
106,50,20074.143723
106,52,19880.081738
106,53,19764.680794
106,54,19628.020483
106,55,19595.421383
106,58,19581.363363
106,59,19421.900723
106,60,19271.914095
106,62,19198.360614
106,63,18549.626172
106,67,17901.007828
106,69,17144.781953
106,74,17058.300568
106,75,16884.640534
106,76,16762.595635
106,83,16537.362431
106,87,16170.521713
107,46,23087.612436
107,47,21794.676652
107,48,21083.739786
107,49,20671.556356
107,50,20074.143723
107,52,19880.081738
107,53,19764.680794
107,54,19628.020483
107,55,19595.421383
107,58,19330.047045
107,60,19271.914095
107,62,19198.360614
107,63,18549.626172
107,67,17901.007828
107,69,17144.781953
107,74,17058.300568
107,75,16884.640534
107,76,16762.595635
107,83,16537.362431
107,87,16170.521713
108,45,23745.629482
108,46,23087.612436
108,47,21794.676652
108,48,21062.815578
108,49,20671.556356
108,50,20074.143723
108,52,19880.081738
108,53,19764.680794
108,54,19628.020483
108,55,19595.421383
108,58,19330.047045
108,59,19042.327389
108,63,18382.117585
108,64,17728.245312
108,69,17144.781953
108,73,16800.315751
108,75,16705.151175
108,82,16477.823868
108,87,16109.981720
109,45,23745.629482
109,46,23087.612436
109,47,21794.676652
109,48,21062.815578
109,49,20483.059395
109,50,20074.143723
109,52,19880.081738
109,53,19764.680794
109,54,19628.020483
109,55,19595.421383
109,56,19536.422359
109,58,19330.047045
109,59,19042.327389
109,63,18382.117585
109,64,17728.245312
109,69,17144.781953
109,73,16800.315751
109,75,16705.151175
109,82,16477.823868
109,87,16109.981720
110,45,23745.629482
110,46,23087.612436
110,47,21794.676652
110,48,21062.815578
110,49,20483.059395
110,50,20074.143723
110,51,20032.906459
110,52,19856.085134
110,53,19764.680794
110,54,19628.020483
110,55,19595.421383
110,56,19536.422359
110,58,19330.047045
110,59,19042.327389
110,63,18382.117585
110,64,17728.245312
110,69,17144.781953
110,73,16800.315751
110,75,16705.151175
110,82,16477.823868
110,87,16109.981720
111,45,23745.629482
111,46,22734.331664
111,47,21242.696865
111,48,21062.815578
111,49,20483.059395
111,50,20074.143723
111,51,20032.906459
111,52,19856.085134
111,53,19665.214127
111,54,19628.020483
111,55,19595.421383
111,56,19536.422359
111,58,19330.047045
111,59,19042.327389
111,63,18382.117585
111,64,17728.245312
111,69,17144.781953
111,73,16800.315751
111,75,16705.151175
111,82,16477.823868
111,86,16393.861182
111,87,16109.981720
112,45,23745.629482
112,46,22697.220473
112,47,21242.696865
112,48,21062.815578
112,49,20483.059395
112,50,20074.143723
112,51,20032.906459
112,52,19856.085134
112,53,19665.214127
112,54,19628.020483
112,55,19584.386832
112,56,19536.422359
112,57,19497.692299
112,58,19330.047045
112,59,19042.327389
112,63,18382.117585
112,64,17728.245312
112,69,17144.781953
112,73,16800.315751
112,75,16705.151175
112,82,16477.823868
112,86,16350.483631
112,87,16109.981720
113,45,23745.629482
113,46,22697.220473
113,47,21242.696865
113,48,21062.815578
113,49,20483.059395
113,50,20074.143723
113,51,19860.045280
113,52,19856.085134
113,53,19665.214127
113,54,19628.020483
113,55,19584.386832
113,56,19536.422359
113,57,19497.692299
113,58,18991.099664
113,63,18203.017909
113,64,17594.792070
113,69,17144.781953
113,73,16800.315751
113,75,16685.799121
113,82,16454.679608
113,86,16292.115110
113,87,16044.499440
114,45,22600.969279
114,47,21242.696865
114,48,21062.815578
114,49,20483.059395
114,50,20074.143723
114,51,19860.045280
114,52,19856.085134
114,53,19665.214127
114,54,19628.020483
114,55,19554.156616
114,56,19536.422359
114,57,19497.692299
114,58,18991.099664
114,63,18203.017909
114,64,17594.792070
114,69,17144.781953
114,73,16800.315751
114,75,16685.799121
114,82,16454.679608
114,86,16292.115110
114,87,16044.499440
115,45,22600.969279
115,47,21242.696865
115,48,21062.815578
115,49,20483.059395
115,50,20074.143723
115,51,19860.045280
115,52,19856.085134
115,53,19665.214127
115,54,19571.144721
115,55,19554.156616
115,56,19536.422359
115,57,19497.692299
115,58,18991.099664
115,63,18203.017909
115,64,17594.792070
115,69,17144.781953
115,73,16800.315751
115,75,16685.799121
115,82,16454.679608
115,84,16416.265512
115,86,16292.115110
115,87,16044.499440
116,45,22600.969279
116,46,21762.510110
116,47,21224.391713
116,48,21062.815578
116,49,20483.059395
116,50,20074.143723
116,51,19860.045280
116,52,19856.085134
116,53,19665.214127
116,54,19571.144721
116,55,19457.516112
116,58,18991.099664
116,63,18203.017909
116,64,17594.792070
116,69,17144.781953
116,73,16800.315751
116,75,16685.799121
116,82,16454.679608
116,84,16416.265512
116,86,16292.115110
116,87,16044.499440
117,45,22600.969279
117,46,21762.510110
117,47,21224.391713
117,48,21062.815578
117,49,20483.059395
117,50,20074.143723
117,51,19860.045280
117,52,19646.945416
117,54,19571.144721
117,55,19457.516112
117,56,19401.885310
117,58,18991.099664
117,60,18941.076549
117,63,18203.017909
117,64,17594.792070
117,69,17144.781953
117,73,16800.315751
117,75,16685.799121
117,82,16454.679608
117,84,16390.099952
117,86,16292.115110
117,87,16044.499440
118,45,22600.969279
118,46,21762.510110
118,47,21224.391713
118,48,21062.815578
118,49,20483.059395
118,50,20074.143723
118,51,19860.045280
118,52,19646.945416
118,54,19571.144721
118,55,19339.001776
118,57,18601.027123
118,63,18041.702821
118,64,17594.792070
118,69,17114.081939
118,73,16692.966105
118,75,16589.593629
118,82,16333.733944
118,85,15957.745735
119,45,22600.969279
119,46,21744.417425
119,47,21224.391713
119,48,20839.846263
119,49,20470.222516
119,50,20074.143723
119,51,19845.532886
119,52,19646.945416
119,54,19450.392358
119,55,19339.001776
119,57,18601.027123
119,63,18041.702821
119,64,17594.792070
119,69,17114.081939
119,73,16692.966105
119,75,16589.593629
119,82,16333.733944
119,85,15957.745735
120,45,22600.969279
120,46,21744.417425
120,47,21224.391713
120,48,20839.846263
120,49,20470.222516
120,50,20074.143723
120,51,19845.532886
120,52,19646.945416
120,54,19450.392358
120,55,19339.001776
120,57,18601.027123
120,63,18041.702821
120,64,17594.792070
120,69,17114.081939
120,73,16692.966105
120,75,16589.593629
120,82,16333.733944
120,83,16326.443631
120,85,15957.745735
121,45,22600.969279
121,46,21744.417425
121,47,21224.391713
121,48,20839.846263
121,49,20470.222516
121,50,20074.143723
121,51,19845.532886
121,52,19646.945416
121,54,19450.392358
121,55,19339.001776
121,57,18601.027123
121,63,18041.702821
121,64,17594.792070
121,69,17114.081939
121,73,16692.966105
121,75,16589.593629
121,82,16333.733944
121,83,16326.443631
121,85,15957.745735
122,45,22600.969279
122,46,21744.417425
122,47,21224.391713
122,48,20283.819877
122,50,20012.109196
122,51,19845.532886
122,52,19646.945416
122,54,19450.392358
122,55,19339.001776
122,57,18601.027123
122,63,18041.702821
122,64,17594.792070
122,69,17114.081939
122,73,16692.966105
122,75,16589.593629
122,82,16333.733944
122,83,16326.443631
122,85,15957.745735
123,44,22954.067269
123,45,22543.036012
123,46,21744.417425
123,47,21224.391713
123,48,20283.819877
123,50,20012.109196
123,51,19845.532886
123,52,19646.945416
123,54,19450.392358
123,55,19339.001776
123,56,19062.163423
123,57,18601.027123
123,63,18041.702821
123,64,17583.286205
123,69,17114.081939
123,71,16498.668383
123,82,16252.361772
123,85,15907.515373
124,44,22954.067269
124,45,22543.036012
124,46,21211.410835
124,48,20283.819877
124,50,20012.109196
124,51,19845.532886
124,52,19646.945416
124,53,19590.869323
124,54,19450.392358
124,55,19339.001776
124,56,19062.163423
124,57,18601.027123
124,63,18041.702821
124,64,17583.286205
124,69,17114.081939
124,71,16498.668383
124,81,16440.605712
124,82,16252.361772
124,85,15907.515373
125,44,22954.067269
125,45,22498.991543
125,46,21211.410835
125,48,20283.819877
125,50,20012.109196
125,51,19845.532886
125,52,19646.945416
125,53,19590.869323
125,54,19450.392358
125,55,19339.001776
125,56,19062.163423
125,57,18601.027123
125,63,18041.702821
125,64,17583.286205
125,69,17114.081939
125,71,16498.668383
125,81,16440.605712
125,82,16252.361772
125,85,15907.515373
126,44,22954.067269
126,45,22498.991543
126,46,21211.410835
126,48,20283.819877
126,50,20012.109196
126,51,19845.532886
126,52,19646.945416
126,53,19590.869323
126,54,19450.392358
126,55,19339.001776
126,56,19062.163423
126,57,18601.027123
126,63,18041.702821
126,64,17583.286205
126,69,17114.081939
126,71,16498.668383
126,81,16440.605712
126,82,16252.361772
126,85,15907.515373
126,86,15898.206661
127,44,22954.067269
127,45,22498.991543
127,46,21211.410835
127,48,20283.819877
127,50,20012.109196
127,51,19845.532886
127,52,19503.541933
127,54,19450.392358
127,55,19046.089739
127,57,18601.027123
127,63,18041.702821
127,64,17583.286205
127,69,17114.081939
127,71,16498.668383
127,81,16440.605712
127,82,16252.361772
127,84,15977.246105
127,85,15907.515373
127,86,15898.206661
128,44,22954.067269
128,45,22498.991543
128,46,21211.410835
128,48,20283.819877
128,49,20144.910970
128,50,20012.109196
128,51,19845.532886
128,52,19435.348303
128,55,19046.089739
128,57,18522.786628
128,63,18041.702821
128,64,17444.510822
128,69,17085.378105
128,71,16498.668383
128,81,16417.597252
128,82,16252.361772
128,84,15973.562923
128,85,15907.515373
128,86,15868.245808
129,44,22954.067269
129,45,22498.991543
129,46,21211.410835
129,48,20283.819877
129,49,20144.910970
129,50,20012.109196
129,51,19845.532886
129,52,19435.348303
129,55,19046.089739
129,57,18522.786628
129,63,18041.702821
129,64,17444.510822
129,69,17085.378105
129,71,16498.668383
129,81,16417.597252
129,82,16252.361772
129,84,15973.562923
129,85,15907.515373
129,86,15868.245808
130,44,22954.067269
130,45,22498.991543
130,46,21211.410835
130,48,20283.819877
130,49,20144.910970
130,50,20012.109196
130,51,19845.532886
130,52,19435.348303
130,53,19359.796613
130,55,19046.089739
130,57,18522.786628
130,63,18041.702821
130,64,17444.510822
130,69,17085.378105
130,71,16498.668383
130,81,16417.597252
130,82,16252.361772
130,84,15859.274596
131,43,23688.358426
131,44,22954.067269
131,45,22498.991543
131,46,21211.410835
131,48,20283.819877
131,49,20144.910970
131,50,20012.109196
131,51,19845.532886
131,52,19435.348303
131,53,19359.796613
131,55,19046.089739
131,57,18522.786628
131,63,18041.702821
131,64,17444.510822
131,69,17085.378105
131,71,16498.668383
131,81,16417.597252
131,82,16252.361772
131,84,15859.274596
132,43,23688.358426
132,44,22954.067269
132,45,22498.991543
132,46,21211.410835
132,48,20283.819877
132,49,20144.910970
132,50,20012.109196
132,51,19845.532886
132,52,19435.348303
132,53,19359.796613
132,55,19046.089739
132,57,18522.786628
132,63,18041.702821
132,64,17444.510822
132,69,17085.378105
132,71,16498.668383
132,78,16050.388661
132,84,15859.274596
133,43,23688.358426
133,44,22954.067269
133,45,22498.991543
133,46,21211.410835
133,48,20283.819877
133,49,20144.910970
133,50,20012.109196
133,51,19845.532886
133,52,19300.945883
133,55,18948.533187
133,57,18448.802048
133,62,17255.097075
133,69,17062.100127
133,70,16360.153863
133,78,16050.388661
133,84,15769.870762
134,43,23688.358426
134,44,22954.067269
134,45,22346.998894
134,46,21211.410835
134,48,20283.819877
134,49,20144.910970
134,50,20000.628831
134,51,19773.656476
134,52,19300.945883
134,55,18948.533187
134,57,18448.802048
134,62,17255.097075
134,69,17062.100127
134,70,16360.153863
134,78,16050.388661
134,83,16033.998365
134,84,15769.870762
135,43,23688.358426
135,44,22954.067269
135,45,22346.998894
135,46,21211.410835
135,48,20283.819877
135,49,20144.910970
135,50,20000.628831
135,51,19773.656476
135,52,19300.945883
135,55,18948.533187
135,57,18448.802048
135,62,17255.097075
135,69,17062.100127
135,70,16360.153863
135,78,16050.388661
135,83,16033.998365
135,84,15769.870762
136,43,23294.249881
136,44,22382.658716
136,45,22346.998894
136,46,21211.410835
136,48,20283.819877
136,49,20144.910970
136,50,20000.628831
136,51,19773.656476
136,52,19300.945883
136,55,18948.533187
136,57,18448.802048
136,62,17255.097075
136,67,16951.973501
136,70,16360.153863
136,78,16050.388661
136,83,16033.998365
136,84,15769.870762
137,43,23294.249881
137,44,22382.658716
137,45,22346.998894
137,46,21211.410835
137,48,20283.819877
137,49,20144.910970
137,50,20000.628831
137,51,19773.656476
137,52,19300.945883
137,55,18948.533187
137,57,18448.802048
137,62,17255.097075
137,67,16951.973501
137,68,16925.660274
137,70,16360.153863
137,78,16050.388661
137,83,16033.998365
137,84,15769.870762
138,43,23294.249881
138,44,22382.658716
138,45,22346.998894
138,46,21211.410835
138,47,21107.465689
138,48,20283.819877
138,49,20144.910970
138,50,19890.688293
138,51,19773.656476
138,52,19165.145925
138,55,18712.526253
138,57,18448.802048
138,62,17160.232704
138,67,16951.973501
138,68,16925.660274
138,70,16360.153863
138,77,15988.986854
138,84,15763.473461
139,42,24005.518499
139,43,23294.249881
139,44,22382.658716
139,45,22346.998894
139,46,21211.410835
139,47,21107.465689
139,48,20274.679041
139,49,20144.910970
139,50,19890.688293
139,51,19737.736354
139,52,19165.145925
139,55,18712.526253
139,57,18448.802048
139,62,17160.232704
139,67,16951.973501
139,68,16925.660274
139,70,16360.153863
139,77,15988.986854
139,84,15763.473461
140,42,24005.518499
140,43,23294.249881
140,44,22134.712025
140,46,21211.410835
140,47,21107.465689
140,48,20274.679041
140,49,20144.910970
140,50,19332.785932
140,52,19165.145925
140,55,18712.526253
140,57,18448.802048
140,62,17160.232704
140,67,16951.973501
140,68,16925.660274
140,70,16360.153863
140,77,15988.986854
140,84,15763.473461
141,42,24005.518499
141,43,23294.249881
141,44,22134.712025
141,46,21211.410835
141,47,21107.465689
141,48,20274.679041
141,49,20144.910970
141,50,19332.785932
141,52,19165.145925
141,55,18712.526253
141,57,18448.802048
141,62,17160.232704
141,67,16951.973501
141,68,16925.660274
141,70,16360.153863
141,77,15988.986854
141,84,15763.473461
142,42,24005.518499
142,43,23294.249881
142,44,22134.712025
142,45,21762.574416
142,46,21211.410835
142,47,21107.465689
142,48,20274.679041
142,49,20144.910970
142,50,19332.785932
142,52,19165.145925
142,55,18712.526253
142,57,18448.802048
142,61,18265.930817
142,62,17160.232704
142,67,16951.973501
142,68,16925.660274
142,69,16747.101258
142,70,16360.153863
142,77,15988.986854
142,84,15763.473461
143,42,24005.518499
143,43,23294.249881
143,44,21509.807839
143,46,21211.410835
143,47,21107.465689
143,48,20274.679041
143,49,20144.910970
143,50,19332.785932
143,52,19165.145925
143,55,18656.370107
143,57,18233.590283
143,60,18184.628729
143,62,17123.883921
143,66,16922.017845
143,68,16827.102064
143,69,16610.923433
143,70,16299.779933
143,77,15960.956147
143,83,15681.809633
144,42,24005.518499
144,43,23294.249881
144,44,21509.807839
144,46,21211.410835
144,47,20675.843987
144,48,20274.679041
144,49,20144.910970
144,50,19332.785932
144,52,19165.145925
144,55,18656.370107
144,57,18233.590283
144,60,18184.628729
144,62,17123.883921
144,66,16922.017845
144,68,16827.102064
144,69,16610.923433
144,70,16299.779933
144,77,15960.956147
144,83,15681.809633
145,42,24005.518499
145,43,22847.083553
145,44,21509.807839
145,46,21211.410835
145,47,20675.843987
145,48,20274.679041
145,49,20144.910970
145,50,19332.785932
145,52,19165.145925
145,55,18656.370107
145,57,18233.590283
145,60,18184.628729
145,62,17123.883921
145,66,16922.017845
145,68,16827.102064
145,69,16610.923433
145,70,16299.779933
145,77,15960.956147
145,83,15681.809633
146,42,24005.518499
146,43,22847.083553
146,44,21509.807839
146,46,21211.410835
146,47,20675.843987
146,48,20274.679041
146,49,20144.910970
146,50,19332.785932
146,52,19165.145925
146,55,18656.370107
146,57,18233.590283
146,60,18184.628729
146,62,17123.883921
146,66,16922.017845
146,68,16827.102064
146,69,16610.923433
146,70,16299.779933
146,77,15960.956147
146,83,15681.809633
147,42,24005.518499
147,43,22847.083553
147,44,21509.807839
147,46,20580.160072
147,47,20489.410299
147,48,20274.679041
147,49,20010.438857
147,50,19332.785932
147,52,19165.145925
147,55,18656.370107
147,57,18233.590283
147,60,18184.628729
147,62,17123.883921
147,66,16922.017845
147,68,16827.102064
147,69,16610.923433
147,70,16299.779933
147,77,15960.956147
147,83,15681.809633
148,41,25894.465370
148,42,24005.518499
148,43,22847.083553
148,44,21509.807839
148,46,20580.160072
148,47,20489.410299
148,48,20274.679041
148,49,20010.438857
148,50,19332.785932
148,52,19165.145925
148,55,18075.866358
148,62,17123.883921
148,66,16903.892458
148,67,16795.496024
148,68,16543.787796
148,70,16299.779933
148,77,15928.794921
148,83,15658.775814
149,41,25894.465370
149,42,24005.518499
149,43,22847.083553
149,44,21509.807839
149,46,20580.160072
149,47,20489.410299
149,48,20274.679041
149,49,20010.438857
149,50,19332.785932
149,52,19165.145925
149,55,18075.866358
149,62,17123.883921
149,66,16903.892458
149,67,16795.496024
149,68,16543.787796
149,70,16299.779933
149,76,16206.904082
149,77,15928.794921
149,83,15658.775814
150,41,25894.465370
150,42,24005.518499
150,43,22847.083553
150,44,21509.807839
150,46,20580.160072
150,47,20489.410299
150,48,20274.679041
150,49,20010.438857
150,50,19332.785932
150,52,19165.145925
150,55,18075.866358
150,62,17123.883921
150,64,16807.458104
150,67,16795.496024
150,68,16543.787796
150,70,16299.779933
150,74,16131.165545
150,77,15928.794921
150,83,15658.775814
151,41,25887.112072
151,42,24005.518499
151,43,22847.083553
151,44,21509.807839
151,46,20580.160072
151,47,20489.410299
151,48,20274.679041
151,49,20010.438857
151,50,19332.785932
151,52,19165.145925
151,55,18075.866358
151,59,18073.670208
151,62,17123.883921
151,64,16807.458104
151,67,16795.496024
151,68,16543.787796
151,70,16299.779933
151,74,16131.165545
151,77,15928.794921
151,81,15729.766996
151,83,15658.775814
152,41,25887.112072
152,42,24005.518499
152,43,22847.083553
152,44,21509.807839
152,46,20580.160072
152,47,20489.410299
152,48,20274.679041
152,49,20010.438857
152,50,19332.785932
152,52,19165.145925
152,55,18075.866358
152,59,18073.670208
152,62,17123.883921
152,64,16807.458104
152,67,16795.496024
152,68,16543.787796
152,70,16299.779933
152,74,16131.165545
152,77,15928.794921
152,81,15729.766996
152,83,15658.775814
153,41,24353.323482
153,42,24005.518499
153,43,22847.083553
153,44,21509.807839
153,46,20580.160072
153,47,20489.410299
153,48,20274.679041
153,49,20010.438857
153,50,19332.785932
153,52,19165.145925
153,55,18075.866358
153,59,18073.670208
153,62,17069.829285
153,64,16621.517986
153,68,16543.787796
153,70,16246.551642
153,72,16189.441298
153,74,16073.036598
153,76,15879.060083
153,79,15619.376788
153,83,15605.972565
154,41,24353.323482
154,42,24005.518499
154,43,22847.083553
154,44,21509.807839
154,46,20580.160072
154,47,20489.410299
154,48,20274.679041
154,49,20010.438857
154,50,19332.785932
154,52,19165.145925
154,55,18075.866358
154,59,18073.670208
154,60,17300.077447
154,62,17069.829285
154,64,16621.517986
154,68,16543.787796
154,70,16246.551642
154,72,16189.441298
154,74,16073.036598
154,76,15879.060083
154,79,15619.376788
154,83,15605.972565
155,41,24353.323482
155,42,24005.518499
155,43,22626.316625
155,44,21509.807839
155,46,20580.160072
155,47,20489.410299
155,48,20274.679041
155,49,20010.438857
155,50,19332.785932
155,52,19165.145925
155,55,18075.866358
155,59,18073.670208
155,60,17300.077447
155,62,17069.829285
155,64,16621.517986
155,68,16543.787796
155,70,16246.551642
155,72,16189.441298
155,74,16073.036598
155,76,15879.060083
155,79,15619.376788
155,83,15605.972565
156,41,24353.323482
156,42,23772.223295
156,43,22626.316625
156,44,21509.807839
156,46,20580.160072
156,47,20489.410299
156,48,20274.679041
156,49,20010.438857
156,50,19332.785932
156,52,19165.145925
156,54,19085.076234
156,55,18075.866358
156,59,18073.670208
156,60,17300.077447
156,62,17069.829285
156,64,16621.517986
156,68,16543.787796
156,70,16246.551642
156,72,16189.441298
156,74,16073.036598
156,76,15879.060083
156,79,15619.376788
156,83,15605.972565
156,87,15587.046133
157,41,24353.323482
157,42,23772.223295
157,43,22626.316625
157,44,21509.807839
157,46,20580.160072
157,47,20489.410299
157,48,20274.679041
157,49,20010.438857
157,50,19332.785932
157,52,19165.145925
157,54,19085.076234
157,55,18075.866358
157,59,18073.670208
157,60,17300.077447
157,62,17069.829285
157,64,16621.517986
157,68,16543.787796
157,70,16246.551642
157,72,16189.441298
157,74,16073.036598
157,75,15905.044256
157,76,15879.060083
157,79,15619.376788
157,83,15605.972565
157,87,15587.046133
158,41,24353.323482
158,42,23709.039443
158,43,22087.057269
158,44,21442.440239
158,46,20580.160072
158,47,20489.410299
158,48,20274.679041
158,49,20010.438857
158,50,19332.785932
158,52,19165.145925
158,54,19085.076234
158,55,18075.866358
158,59,18073.670208
158,60,17300.077447
158,62,17069.829285
158,64,16619.551347
158,68,16526.672087
158,70,16238.558623
158,71,15954.862993
158,75,15794.752647
158,78,15583.018519
158,82,15558.548572
159,41,24353.323482
159,42,23709.039443
159,43,22087.057269
159,44,21442.440239
159,46,20580.160072
159,47,20489.410299
159,48,20274.679041
159,49,20010.438857
159,50,19332.785932
159,52,19165.145925
159,54,19085.076234
159,55,18075.866358
159,59,18073.670208
159,60,17300.077447
159,62,17069.829285
159,64,16619.551347
159,68,16526.672087
159,70,16238.558623
159,71,15954.862993
159,75,15794.752647
159,78,15583.018519
159,82,15558.548572
160,41,24353.323482
160,42,23709.039443
160,43,22087.057269
160,44,21442.440239
160,46,20580.160072
160,47,20489.410299
160,48,20274.679041
160,49,20010.438857
160,50,19332.785932
160,52,19165.145925
160,54,19085.076234
160,55,18075.866358
160,59,18073.670208
160,60,17300.077447
160,62,17069.829285
160,64,16619.551347
160,68,16526.672087
160,70,16238.558623
160,71,15954.862993
160,75,15794.752647
160,78,15583.018519
160,82,15558.548572
161,41,24353.323482
161,42,23709.039443
161,43,22087.057269
161,44,21442.440239
161,46,20580.160072
161,47,20489.410299
161,48,20274.679041
161,49,20010.438857
161,50,19332.785932
161,52,19165.145925
161,54,19085.076234
161,55,18075.866358
161,59,18073.670208
161,60,17300.077447
161,62,17069.829285
161,64,16619.551347
161,68,16526.672087
161,70,16238.558623
161,71,15954.862993
161,75,15794.752647
161,78,15583.018519
161,81,15531.268082
162,41,24353.323482
162,42,23709.039443
162,43,22087.057269
162,44,21383.250090
162,46,20580.160072
162,47,20489.410299
162,48,20274.679041
162,49,20010.438857
162,50,19332.785932
162,52,19165.145925
162,54,19085.076234
162,55,18075.866358
162,59,18073.670208
162,60,17300.077447
162,62,17069.829285
162,64,16619.551347
162,68,16526.672087
162,70,16238.558623
162,71,15954.862993
162,75,15794.752647
162,78,15583.018519
162,81,15531.268082
163,41,24353.323482
163,42,23438.475579
163,43,22087.057269
163,44,21383.250090
163,45,21014.658633
163,46,20580.160072
163,47,20489.410299
163,48,20274.679041
163,49,20010.438857
163,50,19332.785932
163,52,19165.145925
163,54,19085.076234
163,55,18075.866358
163,59,17193.114128
163,62,16994.623068
163,64,16479.519173
163,68,16468.660489
163,70,16142.221061
163,71,15824.296533
163,73,15462.124458
164,41,24353.323482
164,42,23438.475579
164,43,22087.057269
164,44,21383.250090
164,45,21014.658633
164,46,20580.160072
164,47,20489.410299
164,48,20274.679041
164,49,20010.438857
164,50,19332.785932
164,52,19165.145925
164,54,19085.076234
164,55,18075.866358
164,59,17193.114128
164,62,16994.623068
164,64,16479.519173
164,68,16468.660489
164,70,16142.221061
164,71,15824.296533
164,73,15462.124458
165,41,24353.323482
165,42,23438.475579
165,43,22087.057269
165,44,21383.250090
165,45,21014.658633
165,46,20580.160072
165,47,20489.410299
165,48,20274.679041
165,49,20010.438857
165,50,19332.785932
165,52,19165.145925
165,54,19085.076234
165,55,18075.866358
165,59,17193.114128
165,62,16994.623068
165,64,16479.519173
165,68,16401.173065
165,70,16142.221061
165,71,15824.296533
165,73,15462.124458
166,41,24353.323482
166,42,23050.369871
166,43,22087.057269
166,44,21383.250090
166,45,21014.658633
166,46,20580.160072
166,47,20489.410299
166,48,20274.679041
166,49,20010.438857
166,50,19332.785932
166,52,19165.145925
166,53,19032.584886
166,55,18075.866358
166,59,17193.114128
166,62,16994.623068
166,64,16479.519173
166,68,16401.173065
166,70,16142.221061
166,71,15824.296533
166,73,15462.124458
167,41,24353.323482
167,42,23050.369871
167,43,22087.057269
167,44,21383.250090
167,45,21014.658633
167,46,20580.160072
167,47,20489.410299
167,48,20054.109124
167,49,20010.438857
167,50,19332.785932
167,52,19165.145925
167,53,19032.584886
167,55,18075.866358
167,59,17193.114128
167,62,16994.623068
167,64,16479.519173
167,68,16401.173065
167,70,16142.221061
167,71,15824.296533
167,73,15462.124458
168,41,24353.323482
168,42,23050.369871
168,43,22087.057269
168,44,21383.250090
168,45,21014.658633
168,46,20580.160072
168,47,20489.410299
168,48,20054.109124
168,49,20010.438857
168,50,19332.785932
168,52,18839.330486
168,55,18067.502499
168,59,17193.114128
168,62,16994.623068
168,64,16441.705390
168,68,16371.403106
168,69,16045.200509
168,71,15769.942343
168,73,15422.810069
169,41,24353.323482
169,42,23050.369871
169,43,22087.057269
169,44,21383.250090
169,45,21014.658633
169,46,20580.160072
169,47,20489.410299
169,48,20054.109124
169,49,20010.438857
169,50,19332.785932
169,52,18839.330486
169,55,18067.502499
169,59,17193.114128
169,62,16994.623068
169,64,16441.705390
169,68,16371.403106
169,69,16045.200509
169,71,15769.942343
169,73,15422.810069
169,77,15297.409041
170,41,24353.323482
170,42,23050.369871
170,43,22087.057269
170,44,21383.250090
170,45,21014.658633
170,46,20580.160072
170,47,20489.410299
170,48,20054.109124
170,49,20010.438857
170,50,19332.785932
170,52,18839.330486
170,55,18067.502499
170,59,17193.114128
170,62,16994.623068
170,64,16441.705390
170,68,16371.403106
170,69,16045.200509
170,71,15769.942343
170,73,15422.810069
170,77,15297.409041
171,41,24353.323482
171,42,23050.369871
171,43,22087.057269
171,44,21383.250090
171,45,20633.508178
171,46,20580.160072
171,47,20489.410299
171,48,20054.109124
171,49,20010.438857
171,50,19332.785932
171,52,18839.330486
171,55,18067.502499
171,59,17193.114128
171,62,16994.623068
171,64,16441.705390
171,68,16371.403106
171,69,15498.503541
171,73,15422.810069
171,77,15297.409041
171,78,15282.053385
172,41,24353.323482
172,42,23050.369871
172,43,22087.057269
172,44,21383.250090
172,45,20633.508178
172,46,20580.160072
172,47,20489.410299
172,48,20054.109124
172,49,20010.438857
172,50,19332.785932
172,52,18839.330486
172,55,18067.502499
172,59,17193.114128
172,62,16994.623068
172,64,16441.705390
172,68,16371.403106
172,69,15498.503541
172,73,15422.810069
172,77,15285.316258
172,78,15282.053385
173,41,24159.060710
173,42,23050.369871
173,43,22087.057269
173,44,21383.250090
173,45,20633.508178
173,46,20580.160072
173,47,20489.410299
173,48,20054.109124
173,49,20010.438857
173,50,19332.785932
173,52,18839.330486
173,54,18040.384415
173,59,17086.356584
173,62,16950.060394
173,64,16441.705390
173,68,16346.603107
173,69,15491.417162
173,73,15409.469538
173,75,15280.192107
173,77,15228.142218
174,41,24159.060710
174,42,23050.369871
174,43,22087.057269
174,44,21010.032547
174,45,20633.508178
174,46,20580.160072
174,47,20489.410299
174,48,20054.109124
174,49,20010.438857
174,50,19332.785932
174,52,18839.330486
174,54,18040.384415
174,59,17086.356584
174,62,16950.060394
174,64,16441.705390
174,68,16346.603107
174,69,15424.382314
174,72,15188.630711
175,41,24159.060710
175,42,23050.369871
175,43,22087.057269
175,44,21010.032547
175,45,20633.508178
175,46,20580.160072
175,47,20489.410299
175,48,20054.109124
175,49,19940.010455
175,50,19332.785932
175,52,18839.330486
175,54,18040.384415
175,56,17112.807947
175,59,17086.356584
175,62,16950.060394
175,64,16441.705390
175,68,16346.603107
175,69,15424.382314
175,72,15188.630711
176,41,23513.016757
176,42,23050.369871
176,43,22087.057269
176,44,21010.032547
176,45,20633.508178
176,46,20580.160072
176,47,20205.824048
176,48,20054.109124
176,49,19940.010455
176,50,19332.785932
176,52,18839.330486
176,54,18040.384415
176,56,17112.807947
176,59,17086.356584
176,62,16950.060394
176,64,16441.705390
176,68,16346.603107
176,69,15424.382314
176,72,15188.630711
177,41,23513.016757
177,42,23050.369871
177,43,22087.057269
177,44,20493.176916
177,47,20205.824048
177,48,20054.109124
177,49,19940.010455
177,50,19332.785932
177,52,18839.330486
177,54,18040.384415
177,56,17112.807947
177,59,17086.356584
177,62,16950.060394
177,64,16441.705390
177,68,16346.603107
177,69,15424.382314
177,72,15188.630711
178,40,23481.460584
178,42,23050.369871
178,43,22087.057269
178,44,20493.176916
178,47,20205.824048
178,48,20054.109124
178,49,19940.010455
178,50,19120.462820
178,51,18492.377266
178,54,17877.685255
178,56,17112.807947
178,57,16842.221418
178,64,16441.705390
178,65,15447.606391
178,69,15358.869072
178,72,15188.630711
179,40,23481.460584
179,42,23050.369871
179,43,22087.057269
179,44,20493.176916
179,46,20388.877570
179,47,20205.824048
179,48,20054.109124
179,49,19848.638333
179,50,19120.462820
179,51,18492.377266
179,54,17877.685255
179,56,17112.807947
179,57,16842.221418
179,64,16441.705390
179,65,15447.606391
179,69,15358.869072
179,72,15188.630711
180,40,23481.460584
180,42,23050.369871
180,43,22087.057269
180,44,20493.176916
180,46,20388.877570
180,47,20205.824048
180,48,20054.109124
180,49,19848.638333
180,50,19120.462820
180,51,18492.377266
180,54,17877.685255
180,56,17112.807947
180,57,16842.221418
180,64,15887.958137
180,65,15447.606391
180,69,15358.869072
180,72,15188.630711
181,40,23481.460584
181,42,23050.369871
181,43,22087.057269
181,44,20493.176916
181,46,20388.877570
181,47,20205.824048
181,48,20054.109124
181,49,19848.638333
181,50,19120.462820
181,51,18492.377266
181,54,17877.685255
181,56,17112.807947
181,57,16842.221418
181,64,15887.958137
181,65,15447.606391
181,69,15358.869072
181,72,15188.630711
182,40,23481.460584
182,42,23050.369871
182,43,22087.057269
182,44,20493.176916
182,46,20388.877570
182,47,20205.824048
182,48,20054.109124
182,49,19848.638333
182,50,19120.462820
182,51,18492.377266
182,54,17877.685255
182,56,17112.807947
182,57,16842.221418
182,64,15887.958137
182,65,15447.606391
182,69,15358.869072
182,72,15188.630711
183,40,23481.460584
183,42,23050.369871
183,43,22087.057269
183,44,20493.176916
183,46,20388.877570
183,47,20205.824048
183,48,20054.109124
183,49,19848.638333
183,50,19020.814645
183,51,18372.155144
183,54,17757.592159
183,56,17112.807947
183,57,16816.140611
183,60,16620.715783
183,61,15805.101526
183,65,15447.606391
183,69,15355.018684
183,72,15163.728208
184,40,23481.460584
184,42,23050.369871
184,43,22087.057269
184,44,20493.176916
184,46,20388.877570
184,47,20205.824048
184,48,20054.109124
184,49,19544.623287
184,50,19020.814645
184,51,18372.155144
184,54,17757.592159
184,56,17112.807947
184,57,16816.140611
184,60,16620.715783
184,61,15805.101526
184,65,15447.606391
184,69,15355.018684
184,72,15163.728208
185,40,23481.460584
185,42,23050.369871
185,43,22087.057269
185,44,20493.176916
185,46,20080.395768
185,48,20054.109124
185,49,19544.623287
185,50,19020.814645
185,51,18372.155144
185,54,17757.592159
185,56,17112.807947
185,57,16816.140611
185,60,16620.715783
185,61,15805.101526
185,65,15447.606391
185,69,15355.018684
185,72,15163.728208
186,40,23481.460584
186,42,23050.369871
186,43,21746.688488
186,44,20493.176916
186,46,20080.395768
186,48,20054.109124
186,49,19544.623287
186,50,19020.814645
186,51,18372.155144
186,54,17757.592159
186,56,17112.807947
186,57,16816.140611
186,60,16620.715783
186,61,15805.101526
186,65,15447.606391
186,69,15355.018684
186,72,15163.728208
187,40,23481.460584
187,42,23050.369871
187,43,21746.688488
187,44,20493.176916
187,46,20080.395768
187,48,20054.109124
187,49,19544.623287
187,50,19020.814645
187,51,18372.155144
187,54,17757.592159
187,56,17112.807947
187,57,16816.140611
187,60,16620.715783
187,61,15805.101526
187,65,15447.606391
187,69,15355.018684
187,72,15163.728208
188,39,23486.898277
188,40,23481.460584
188,42,23050.369871
188,43,21746.688488
188,44,20493.176916
188,46,20080.395768
188,48,20054.109124
188,49,19544.623287
188,50,18965.824395
188,51,18372.155144
188,54,17757.592159
188,56,17112.807947
188,57,16743.774016
188,60,15774.806626
188,65,15447.606391
188,69,15340.173882
188,71,15068.895166
189,39,23486.898277
189,40,23481.460584
189,41,22965.991387
189,43,21746.688488
189,44,20493.176916
189,46,20080.395768
189,48,20054.109124
189,49,19544.623287
189,50,18965.824395
189,51,18372.155144
189,54,17757.592159
189,56,17112.807947
189,57,16743.774016
189,60,15774.806626
189,65,15447.606391
189,69,15340.173882
189,71,15068.895166
190,39,23486.898277
190,40,23481.460584
190,41,22965.991387
190,43,21746.688488
190,44,20493.176916
190,46,20080.395768
190,48,20054.109124
190,49,19544.623287
190,50,18965.824395
190,51,18035.017125
190,54,17757.592159
190,56,17112.807947
190,57,16743.774016
190,60,15774.806626
190,63,15723.462277
190,65,15447.606391
190,69,15340.173882
190,71,15068.895166
191,39,23486.898277
191,40,23481.460584
191,41,22965.991387
191,43,21746.688488
191,44,20493.176916
191,46,20080.395768
191,48,20054.109124
191,49,19544.623287
191,50,18965.824395
191,51,18035.017125
191,54,17757.592159
191,56,17112.807947
191,57,16743.774016
191,60,15774.806626
191,63,15723.462277
191,65,15447.606391
191,69,15340.173882
191,71,15068.895166
192,39,23486.898277
192,40,23481.460584
192,41,22471.910355
192,43,21746.688488
192,44,20493.176916
192,46,20080.395768
192,48,20054.109124
192,49,19544.623287
192,50,18965.824395
192,51,18035.017125
192,54,17757.592159
192,56,17112.807947
192,57,16743.774016
192,60,15774.806626
192,63,15723.462277
192,65,15447.606391
192,69,15340.173882
192,71,15068.895166
193,39,23486.898277
193,40,23481.460584
193,41,22471.910355
193,43,21746.688488
193,44,20493.176916
193,46,20080.395768
193,48,20054.109124
193,49,19544.623287
193,50,17457.642238
193,56,17112.807947
193,57,16743.774016
193,60,15724.846848
193,63,15703.390527
193,64,15420.107066
193,68,15288.532899
193,71,15049.040667
194,38,24176.260001
194,39,23486.898277
194,40,23481.460584
194,41,22471.910355
194,43,21746.688488
194,44,20493.176916
194,46,20080.395768
194,48,19725.318490
194,49,19544.623287
194,50,17457.642238
194,56,17112.807947
194,57,16743.774016
194,60,15724.846848
194,63,15703.390527
194,64,15420.107066
194,68,15288.532899
194,71,15049.040667
194,74,14974.594005
195,38,24176.260001
195,39,23486.898277
195,40,23481.460584
195,41,22471.910355
195,43,21746.688488
195,44,20493.176916
195,46,20080.395768
195,47,20047.889319
195,48,19725.318490
195,49,19544.623287
195,50,17457.642238
195,56,17112.807947
195,57,16743.774016
195,60,15724.846848
195,63,15703.390527
195,64,15420.107066
195,68,15288.532899
195,71,15049.040667
195,74,14974.594005
196,38,24176.260001
196,39,23321.279526
196,41,22471.910355
196,43,21746.688488
196,44,20493.176916
196,46,20080.395768
196,47,20047.889319
196,48,19725.318490
196,49,19544.623287
196,50,17457.642238
196,56,17112.807947
196,57,16743.774016
196,60,15724.846848
196,63,15703.390527
196,64,15420.107066
196,66,15310.007910
196,68,15288.532899
196,71,15049.040667
196,74,14974.594005
197,38,24176.260001
197,39,23321.279526
197,40,23275.941906
197,41,22471.910355
197,43,21746.688488
197,44,20493.176916
197,46,20080.395768
197,47,20047.889319
197,48,19723.210054
197,49,19544.623287
197,50,17457.642238
197,56,17112.807947
197,57,16743.774016
197,60,15724.846848
197,63,15703.390527
197,64,15420.107066
197,66,15310.007910
197,68,15288.532899
197,71,15049.040667
197,74,14928.825849
198,38,24176.260001
198,39,23321.279526
198,40,23275.941906
198,41,22471.910355
198,43,21746.688488
198,44,20493.176916
198,46,20080.395768
198,47,20047.889319
198,48,19723.210054
198,49,19446.797590
198,50,17457.642238
198,56,17112.807947
198,57,16724.750169
198,60,15694.856720
198,63,15681.125020
198,64,15380.820817
198,66,15252.811801
198,68,15240.489050
198,69,14983.927300
198,72,14981.642717
198,74,14880.507347
199,38,24176.260001
199,39,23321.279526
199,40,23275.941906
199,41,22471.910355
199,43,21746.688488
199,44,20493.176916
199,46,20080.395768
199,47,20047.889319
199,48,19723.210054
199,49,19446.797590
199,50,17457.642238
199,55,17008.975060
199,57,16724.750169
199,60,15694.856720
199,63,15681.125020
199,64,15380.820817
199,66,15252.811801
199,68,15240.489050
199,69,14983.927300
199,72,14981.642717
199,74,14880.507347
200,38,24176.260001
200,39,23321.279526
200,40,23275.941906
200,41,22471.910355
200,43,21746.688488
200,44,20493.176916
200,46,20080.395768
200,47,20047.889319
200,48,19723.210054
200,49,19446.797590
200,50,17457.642238
200,55,17008.975060
200,57,16724.750169
200,60,15694.856720
200,63,15681.125020
200,64,15380.820817
200,66,15252.811801
200,68,15240.489050
200,69,14983.927300
200,72,14981.642717
200,74,14880.507347
201,38,24176.260001
201,39,23321.279526
201,40,23275.941906
201,41,22471.910355
201,43,21746.688488
201,44,20493.176916
201,46,20080.395768
201,47,20047.889319
201,48,19723.210054
201,49,19446.797590
201,50,17457.642238
201,55,17008.975060
201,57,16724.750169
201,60,15694.856720
201,63,15681.125020
201,64,15380.820817
201,66,15252.811801
201,68,15240.489050
201,69,14983.927300
201,72,14981.642717
201,74,14880.507347
202,38,24176.260001
202,39,23321.279526
202,40,23275.941906
202,41,22471.910355
202,43,21746.688488
202,44,20493.176916
202,46,20080.395768
202,47,20047.889319
202,48,19723.210054
202,49,19446.797590
202,50,17457.642238
202,55,17008.975060
202,57,16724.750169
202,60,15694.856720
202,63,15681.125020
202,64,15380.820817
202,66,15252.811801
202,68,15153.799833
202,69,14983.927300
202,72,14981.642717
202,74,14880.507347
203,38,24010.312990
203,39,23321.279526
203,40,23275.941906
203,41,22471.910355
203,43,21746.688488
203,44,20493.176916
203,46,20080.395768
203,47,20047.889319
203,48,19723.210054
203,49,19446.797590
203,50,17457.642238
203,55,17008.975060
203,57,16682.780212
203,60,15694.856720
203,63,15318.596018
203,66,15244.563660
203,68,15120.634371
203,69,14967.054153
203,71,14940.255618
203,74,14880.507347
204,38,24010.312990
204,39,23321.279526
204,40,23275.941906
204,41,22471.910355
204,43,21746.688488
204,44,20493.176916
204,46,20080.395768
204,47,20047.889319
204,48,19723.210054
204,49,19446.797590
204,50,17457.642238
204,55,17008.975060
204,57,16682.780212
204,60,15694.856720
204,63,15318.596018
204,66,15244.563660
204,68,15120.634371
204,69,14967.054153
204,71,14940.255618
204,74,14880.507347
205,38,24010.312990
205,39,23321.279526
205,40,23275.941906
205,41,22471.910355
205,43,21746.688488
205,44,20493.176916
205,46,19928.843622
205,47,19874.926022
205,48,19723.210054
205,49,19446.797590
205,50,17457.642238
205,55,17008.975060
205,57,16682.780212
205,60,15694.856720
205,63,15318.596018
205,66,15244.563660
205,68,15120.634371
205,69,14967.054153
205,71,14940.255618
205,74,14880.507347
206,38,24010.312990
206,39,23321.279526
206,40,23275.941906
206,41,22471.910355
206,43,21746.688488
206,44,20493.176916
206,46,19928.843622
206,47,19874.926022
206,48,19723.210054
206,49,19446.797590
206,50,17457.642238
206,55,17008.975060
206,57,16682.780212
206,60,15694.856720
206,63,15318.596018
206,66,15244.563660
206,68,15120.634371
206,69,14967.054153
206,71,14940.255618
206,74,14880.507347
207,38,24010.312990
207,39,23321.279526
207,40,23275.941906
207,41,22471.910355
207,43,21746.688488
207,44,20493.176916
207,46,19928.843622
207,47,19874.926022
207,48,19723.210054
207,49,19446.797590
207,50,17457.642238
207,55,17008.975060
207,57,16682.780212
207,60,15694.856720
207,63,15318.596018
207,66,15244.563660
207,68,15041.001161
207,69,14967.054153
207,71,14940.255618
207,74,14880.507347
208,38,24010.312990
208,39,23321.279526
208,40,23275.941906
208,41,22471.910355
208,43,21746.688488
208,44,20493.176916
208,46,19928.843622
208,47,19874.926022
208,48,19723.210054
208,49,19446.797590
208,50,17426.959439
208,55,16730.702916
208,57,16670.317847
208,60,15694.856720
208,63,15318.596018
208,66,15172.884745
208,67,15034.114419
208,69,14966.317034
208,71,14940.255618
208,74,14880.507347
209,38,23157.230570
209,41,22471.910355
209,43,21746.688488
209,44,20493.176916
209,46,19928.843622
209,47,19874.926022
209,48,19723.210054
209,49,19446.797590
209,50,17426.959439
209,51,17420.338211
209,53,17325.756659
209,55,16730.702916
209,57,16670.317847
209,60,15694.856720
209,63,15318.596018
209,66,15172.884745
209,67,15034.114419
209,69,14939.238234
209,74,14880.507347
210,38,23157.230570
210,41,22471.910355
210,43,21746.688488
210,44,20493.176916
210,46,19928.843622
210,47,19874.926022
210,48,19723.210054
210,49,19446.797590
210,50,17426.959439
210,51,17420.338211
210,53,17325.756659
210,54,17041.455985
210,55,16730.702916
210,57,16670.317847
210,60,15694.856720
210,63,15318.596018
210,66,15172.884745
210,67,15034.114419
210,69,14939.238234
210,74,14880.507347
211,38,23157.230570
211,41,22471.910355
211,43,21683.043867
211,44,20493.176916
211,46,19897.128013
211,47,19744.740307
211,48,19723.210054
211,49,19446.797590
211,50,17426.959439
211,51,17420.338211
211,53,17325.756659
211,54,17041.455985
211,55,16730.702916
211,57,16670.317847
211,60,15694.856720
211,63,15318.596018
211,66,15172.884745
211,67,15034.114419
211,69,14939.238234
211,74,14880.507347
212,38,23157.230570
212,41,22471.910355
212,43,21683.043867
212,44,20493.176916
212,46,19897.128013
212,47,19744.740307
212,48,19723.210054
212,49,19446.797590
212,50,17426.959439
212,51,17420.338211
212,53,17325.756659
212,54,17041.455985
212,55,16730.702916
212,57,16573.167305
212,60,15694.856720
212,63,15318.596018
212,66,15172.884745
212,67,15034.114419
212,69,14939.238234
212,74,14880.507347
213,38,23157.230570
213,41,22471.910355
213,43,21683.043867
213,44,20493.176916
213,46,19897.128013
213,47,19744.740307
213,48,19723.210054
213,49,19446.797590
213,50,17426.959439
213,51,17420.338211
213,53,17137.622131
213,54,16757.281254
213,55,16722.328466
213,57,16517.733543
213,60,15694.856720
213,63,15247.829714
213,66,15172.884745
213,67,15034.114419
213,68,14897.740999
213,74,14880.507347
214,38,23157.230570
214,41,22471.910355
214,43,21683.043867
214,44,20493.176916
214,46,19897.128013
214,47,19744.740307
214,48,19723.210054
214,49,19446.797590
214,50,17426.959439
214,51,17420.338211
214,53,17137.622131
214,54,16757.281254
214,55,16722.328466
214,57,16517.733543
214,60,15694.856720
214,63,15247.829714
214,66,15172.884745
214,67,15034.114419
214,68,14897.740999
214,74,14880.507347
215,38,23157.230570
215,41,22471.910355
215,42,21715.548070
215,43,21683.043867
215,44,20493.176916
215,46,19897.128013
215,47,19744.740307
215,48,19723.210054
215,49,19446.797590
215,50,17426.959439
215,51,17420.338211
215,53,17137.622131
215,54,16757.281254
215,55,16722.328466
215,57,16517.733543
215,60,15694.856720
215,63,15247.829714
215,66,15172.884745
215,67,15034.114419
215,68,14897.740999
215,74,14880.507347
216,38,23157.230570
216,41,22471.910355
216,42,21715.548070
216,43,21683.043867
216,44,20493.176916
216,46,19897.128013
216,47,19744.740307
216,48,19723.210054
216,49,19446.797590
216,50,17426.959439
216,51,17420.338211
216,53,17137.622131
216,54,16757.281254
216,55,16722.328466
216,57,16517.733543
216,60,15694.856720
216,63,15247.829714
216,66,15172.884745
216,67,15034.114419
216,68,14897.740999
216,74,14880.507347
217,38,23157.230570
217,41,22471.910355
217,42,21715.548070
217,43,21683.043867
217,44,20493.176916
217,46,19897.128013
217,47,19744.740307
217,48,19723.210054
217,49,19446.797590
217,50,17426.959439
217,51,17420.338211
217,53,17137.622131
217,54,16757.281254
217,55,16722.328466
217,57,16517.733543
217,60,15694.856720
217,63,15247.829714
217,66,15172.884745
217,67,15034.114419
217,68,14897.740999
217,74,14880.507347
218,38,23157.230570
218,41,22471.910355
218,42,21715.548070
218,43,21683.043867
218,44,20493.176916
218,46,19897.128013
218,47,19744.740307
218,48,19723.210054
218,49,19446.797590
218,50,17426.959439
218,51,17420.338211
218,53,17115.843420
218,54,16559.749333
218,56,16470.242704
218,60,15602.016946
218,63,15228.826243
218,65,15154.147129
218,67,14997.145137
218,68,14897.740999
218,74,14860.168263
219,38,23157.230570
219,39,23114.608063
219,41,22471.910355
219,42,21715.548070
219,43,21683.043867
219,44,20493.176916
219,46,19897.128013
219,47,19744.740307
219,48,19723.210054
219,49,19446.797590
219,50,17426.959439
219,51,17420.338211
219,53,17115.843420
219,54,16559.749333
219,56,16470.242704
219,60,15602.016946
219,63,15228.826243
219,65,15154.147129
219,67,14997.145137
219,68,14897.740999
219,74,14860.168263
220,38,23157.230570
220,39,23114.608063
220,41,22471.910355
220,42,21572.152059
220,44,20493.176916
220,46,19897.128013
220,47,19744.740307
220,48,19723.210054
220,49,19446.797590
220,50,17426.959439
220,51,17420.338211
220,53,17115.843420
220,54,16559.749333
220,56,16470.242704
220,60,15602.016946
220,63,15228.826243
220,65,15154.147129
220,67,14997.145137
220,68,14897.740999
220,74,14860.168263
221,38,23157.230570
221,39,22959.485426
221,41,22471.910355
221,42,21572.152059
221,44,20493.176916
221,46,19897.128013
221,47,19744.740307
221,48,19723.210054
221,49,19446.797590
221,50,17426.959439
221,51,17420.338211
221,53,17115.843420
221,54,16559.749333
221,56,16470.242704
221,60,15602.016946
221,63,15228.826243
221,65,15154.147129
221,67,14997.145137
221,68,14897.740999
221,74,14860.168263
222,38,23157.230570
222,39,22959.485426
222,41,22471.910355
222,42,21572.152059
222,43,21502.896833
222,44,20493.176916
222,46,19897.128013
222,47,19744.740307
222,48,19723.210054
222,49,19446.797590
222,50,17426.959439
222,51,17420.338211
222,53,17115.843420
222,54,16559.749333
222,56,16470.242704
222,60,15602.016946
222,63,15228.826243
222,65,15154.147129
222,67,14997.145137
222,68,14897.740999
222,74,14860.168263
223,38,23157.230570
223,39,22959.485426
223,40,22769.453674
223,41,22471.910355
223,42,21572.152059
223,43,21502.896833
223,44,20493.176916
223,46,19897.128013
223,47,19744.740307
223,48,19723.210054
223,49,19446.797590
223,50,17410.270107
223,53,17013.491659
223,54,16545.412021
223,56,16470.242704
223,60,15586.189145
223,63,15214.993654
223,65,15150.182651
223,66,14976.067094
223,67,14832.430558
224,38,23157.230570
224,39,22959.485426
224,40,22769.453674
224,41,22471.910355
224,42,21572.152059
224,43,21502.896833
224,44,20493.176916
224,46,19897.128013
224,47,19744.740307
224,48,19723.210054
224,49,19446.797590
224,50,17410.270107
224,53,17013.491659
224,54,16545.412021
224,56,16470.242704
224,60,15586.189145
224,63,15214.993654
224,65,15150.182651
224,66,14976.067094
224,67,14832.430558
225,38,23157.230570
225,39,22959.485426
225,40,22769.453674
225,41,22471.910355
225,42,21572.152059
225,43,21502.896833
225,44,20493.176916
225,46,19897.128013
225,47,19744.740307
225,48,19723.210054
225,49,19446.797590
225,50,17116.160337
225,53,17013.491659
225,54,16545.412021
225,56,16470.242704
225,60,15586.189145
225,63,15214.993654
225,65,15150.182651
225,66,14976.067094
225,67,14832.430558
226,38,23157.230570
226,39,22959.485426
226,40,22769.453674
226,41,22471.910355
226,42,21572.152059
226,43,21502.896833
226,44,20493.176916
226,46,19897.128013
226,47,19744.740307
226,48,19645.297190
226,49,19331.923327
226,50,17116.160337
226,53,17013.491659
226,54,16545.412021
226,56,16470.242704
226,60,15586.189145
226,63,15214.993654
226,65,15150.182651
226,66,14976.067094
226,67,14832.430558
227,38,23157.230570
227,39,22959.485426
227,40,22769.453674
227,41,22471.910355
227,42,21572.152059
227,43,21502.896833
227,44,20493.176916
227,45,19872.593960
227,47,19744.740307
227,48,19645.297190
227,49,19331.923327
227,50,17116.160337
227,53,17013.491659
227,54,16545.412021
227,56,16470.242704
227,58,16116.485025
227,60,15586.189145
227,63,15214.993654
227,65,15150.182651
227,66,14976.067094
227,67,14832.430558
227,76,14805.209626
228,38,23157.230570
228,39,22959.485426
228,40,22769.453674
228,41,22471.910355
228,42,21572.152059
228,43,21502.896833
228,44,20493.176916
228,45,19872.593960
228,47,19744.740307
228,48,19645.297190
228,49,19331.923327
228,50,17116.160337
228,52,16993.128806
228,54,16526.784115
228,56,16470.242704
228,58,16116.485025
228,60,15586.189145
228,62,15202.786803
228,65,15121.061679
228,66,14916.338253
228,67,14832.430558
228,76,14796.756597
229,38,23157.230570
229,39,22959.485426
229,40,22769.453674
229,41,22471.910355
229,42,21572.152059
229,43,21502.896833
229,44,20493.176916
229,45,19872.593960
229,47,19744.740307
229,48,19645.297190
229,49,19251.322779
229,50,17116.160337
229,52,16993.128806
229,54,16526.784115
229,56,16470.242704
229,58,16116.485025
229,60,15586.189145
229,61,15400.256112
229,62,15202.786803
229,65,15121.061679
229,66,14916.338253
229,67,14832.430558
229,76,14796.756597
230,38,23157.230570
230,39,22959.485426
230,40,22769.453674
230,41,22471.910355
230,42,21572.152059
230,43,21502.896833
230,44,20493.176916
230,45,19872.593960
230,47,19744.740307
230,48,19645.297190
230,49,19251.322779
230,50,17116.160337
230,52,16993.128806
230,54,16526.784115
230,56,16470.242704
230,58,16116.485025
230,60,15586.189145
230,61,15400.256112
230,62,15202.786803
230,65,15121.061679
230,66,14916.338253
230,67,14832.430558
230,69,14830.518367
230,76,14796.756597
231,38,23157.230570
231,39,22959.485426
231,40,22769.453674
231,41,22471.910355
231,42,21572.152059
231,43,21502.896833
231,44,20493.176916
231,45,19872.593960
231,47,19744.740307
231,48,19645.297190
231,49,19251.322779
231,50,17116.160337
231,52,16993.128806
231,54,16526.784115
231,56,16470.242704
231,58,16116.485025
231,60,15586.189145
231,61,15400.256112
231,62,15202.786803
231,65,15121.061679
231,66,14916.338253
231,67,14832.430558
231,69,14830.518367
231,74,14812.216127
231,76,14796.756597
232,38,23157.230570
232,39,22959.485426
232,40,22769.453674
232,41,22110.427899
232,42,21572.152059
232,43,21502.896833
232,44,20493.176916
232,45,19872.593960
232,47,19744.740307
232,48,19645.297190
232,49,19251.322779
232,50,17116.160337
232,52,16993.128806
232,54,16526.784115
232,56,16470.242704
232,58,16116.485025
232,60,15586.189145
232,61,15400.256112
232,62,15202.786803
232,65,15121.061679
232,66,14916.338253
232,67,14832.430558
232,69,14830.518367
232,73,14664.843356
233,38,23157.230570
233,39,22959.485426
233,40,22769.453674
233,41,22110.427899
233,42,21572.152059
233,43,21502.896833
233,44,20493.176916
233,45,19872.593960
233,47,19744.740307
233,48,19645.297190
233,49,19251.322779
233,50,17116.160337
233,52,16993.128806
233,54,16526.784115
233,56,16470.242704
233,58,16116.485025
233,60,15586.189145
233,61,15392.964616
233,62,15202.786803
233,65,14748.647118
233,72,14661.220577
233,73,14659.104077
234,38,23157.230570
234,39,22959.485426
234,40,22769.453674
234,41,22036.854101
234,42,21572.152059
234,43,21502.896833
234,44,20493.176916
234,45,19872.593960
234,47,19744.740307
234,48,19645.297190
234,49,19251.322779
234,50,17116.160337
234,52,16993.128806
234,54,16526.784115
234,56,16470.242704
234,58,16116.485025
234,59,15681.717987
234,60,15586.189145
234,61,15392.964616
234,62,15202.786803
234,65,14748.647118
234,72,14661.220577
234,73,14659.104077
235,38,23157.230570
235,39,22959.485426
235,40,22769.453674
235,41,22036.854101
235,42,21572.152059
235,43,21502.896833
235,44,20493.176916
235,45,19872.593960
235,47,19744.740307
235,48,19645.297190
235,49,19251.322779
235,50,17116.160337
235,52,16777.736045
235,54,16526.784115
235,56,16470.242704
235,58,16116.485025
235,59,15681.717987
235,60,15586.189145
235,61,15392.964616
235,62,15202.786803
235,65,14748.647118
235,72,14661.220577
235,73,14659.104077
236,38,23157.230570
236,39,22959.485426
236,40,22769.453674
236,41,22036.854101
236,42,21572.152059
236,43,21502.896833
236,44,20493.176916
236,45,19633.853091
236,49,19251.322779
236,50,17116.160337
236,52,16777.736045
236,54,16526.784115
236,56,16470.242704
236,58,16116.485025
236,59,15681.717987
236,60,15586.189145
236,61,15392.964616
236,62,15202.786803
236,65,14748.647118
236,72,14661.220577
236,73,14659.104077
237,38,23157.230570
237,39,22959.485426
237,40,22769.453674
237,41,22036.854101
237,42,20915.834815
237,44,20493.176916
237,45,19633.853091
237,49,19251.322779
237,50,17116.160337
237,52,16777.736045
237,54,16526.784115
237,56,16470.242704
237,58,16116.485025
237,59,15681.717987
237,60,15586.189145
237,61,15392.964616
237,62,15202.786803
237,65,14748.647118
237,72,14661.220577
237,73,14659.104077
238,38,23043.728130
238,39,22705.178013
238,41,22036.854101
238,42,20832.691753
238,44,20493.176916
238,45,19633.853091
238,49,19251.322779
238,50,17116.160337
238,52,16777.736045
238,54,16439.959357
238,55,16368.702154
238,56,15653.638713
238,60,15581.485979
238,61,15355.975693
238,62,15187.635248
238,65,14735.142930
238,72,14658.922468
239,38,23043.728130
239,39,22705.178013
239,41,22036.854101
239,42,20832.691753
239,44,20493.176916
239,45,19633.853091
239,49,19251.322779
239,50,17116.160337
239,52,16777.736045
239,54,16439.959357
239,55,16368.702154
239,56,15653.638713
239,60,15581.485979
239,61,15355.975693
239,62,15187.635248
239,64,14871.783284
239,65,14735.142930
239,72,14658.922468
240,38,23043.728130
240,39,22705.178013
240,40,22218.840235
240,41,22036.854101
240,42,20805.262069
240,44,20474.059618
240,45,19633.853091
240,49,19251.322779
240,50,17116.160337
240,52,16777.736045
240,54,16439.959357
240,55,16368.702154
240,56,15653.638713
240,60,15581.485979
240,61,15355.975693
240,62,15187.635248
240,64,14871.783284
240,65,14735.142930
240,72,14658.922468
241,38,23043.728130
241,39,22705.178013
241,40,22031.004533
241,41,20765.018796
241,44,20474.059618
241,45,19633.853091
241,49,19251.322779
241,50,17116.160337
241,52,16777.736045
241,54,16439.959357
241,55,16368.702154
241,56,15653.638713
241,60,15581.485979
241,61,15355.975693
241,62,15187.635248
241,64,14871.783284
241,65,14735.142930
241,72,14658.922468
242,38,23043.728130
242,39,22705.178013
242,40,22031.004533
242,41,20765.018796
242,44,20474.059618
242,45,19633.853091
242,49,19251.322779
242,50,17116.160337
242,52,16777.736045
242,54,16393.443779
242,55,16368.702154
242,56,15653.638713
242,60,15581.485979
242,61,15355.975693
242,62,15187.635248
242,64,14871.783284
242,65,14735.142930
242,72,14658.922468
243,38,23043.728130
243,39,22705.178013
243,40,22031.004533
243,41,20765.018796
243,44,20474.059618
243,45,19633.853091
243,49,19149.260106
243,50,17116.160337
243,51,16506.559456
243,54,16393.443779
243,55,16345.016578
243,56,15653.638713
243,60,15505.976962
243,61,15331.202149
243,62,15173.463989
243,64,14871.783284
243,65,14711.022818
243,72,14656.384975
243,74,14604.958283
244,38,23043.728130
244,39,22705.178013
244,40,21433.301372
244,41,20765.018796
244,42,20494.675099
244,44,20474.059618
244,45,19633.853091
244,49,19149.260106
244,50,17116.160337
244,51,16506.559456
244,54,16393.443779
244,55,16345.016578
244,56,15653.638713
244,58,15410.741788
244,61,15331.202149
244,62,15173.463989
244,64,14871.783284
244,65,14711.022818
244,72,14656.384975
244,74,14604.958283
245,38,23043.728130
245,39,22705.178013
245,40,21433.301372
245,41,20765.018796
245,42,20494.675099
245,44,19464.685984
245,49,19149.260106
245,50,17116.160337
245,51,16506.559456
245,54,16393.443779
245,55,16345.016578
245,56,15653.638713
245,58,15410.741788
245,61,15331.202149
245,62,15173.463989
245,63,15030.837247
245,64,14871.783284
245,65,14711.022818
245,72,14656.384975
245,74,14604.958283
246,38,23043.728130
246,39,22705.178013
246,40,21433.301372
246,41,20765.018796
246,42,20494.675099
246,43,20037.861799
246,44,19464.685984
246,47,19177.027172
246,49,19149.260106
246,50,17116.160337
246,51,16506.559456
246,54,16393.443779
246,55,16345.016578
246,56,15653.638713
246,58,15410.741788
246,61,15331.202149
246,62,15173.463989
246,63,15030.837247
246,64,14871.783284
246,65,14711.022818
246,72,14656.384975
246,74,14604.958283
247,38,23043.728130
247,39,22705.178013
247,40,21433.301372
247,41,20765.018796
247,42,20494.675099
247,43,20037.861799
247,44,19464.685984
247,47,19177.027172
247,49,19149.260106
247,50,17116.160337
247,51,16506.559456
247,54,16393.443779
247,55,16345.016578
247,56,15653.638713
247,58,15410.741788
247,61,15331.202149
247,62,15173.463989
247,63,15030.837247
247,64,14871.783284
247,65,14711.022818
247,72,14656.384975
247,74,14604.958283
248,38,23043.728130
248,39,22705.178013
248,40,21433.301372
248,41,20564.997757
248,42,20494.675099
248,43,20037.861799
248,44,19464.685984
248,47,19177.027172
248,49,19149.260106
248,50,17116.160337
248,51,16506.559456
248,54,16393.443779
248,55,16220.668630
248,56,15635.644982
248,57,15389.166125
248,61,15331.202149
248,62,15154.956664
248,63,14971.350641
248,64,14862.636528
248,65,14633.515488
248,72,14584.379687
248,74,14574.114176
249,38,23043.728130
249,39,22705.178013
249,40,21433.301372
249,41,20564.997757
249,42,20494.675099
249,43,20037.861799
249,44,19464.685984
249,47,19177.027172
249,49,19149.260106
249,50,17116.160337
249,51,16506.559456
249,54,16393.443779
249,55,16220.668630
249,56,15635.644982
249,57,15389.166125
249,61,15331.202149
249,62,15154.956664
249,63,14971.350641
249,64,14862.636528
249,65,14633.515488
249,72,14584.379687
249,74,14574.114176
250,38,23043.728130
250,39,22705.178013
250,40,21307.572858
250,41,20564.997757
250,42,20494.675099
250,43,20037.861799
250,44,19464.685984
250,47,19177.027172
250,49,19062.089717
250,50,17116.160337
250,51,16506.559456
250,54,16393.443779
250,55,16220.668630
250,56,15635.644982
250,57,15389.166125
250,61,15331.202149
250,62,15154.956664
250,63,14971.350641
250,64,14862.636528
250,65,14633.515488
250,72,14584.379687
250,74,14574.114176
251,38,23043.728130
251,39,22705.178013
251,40,21307.572858
251,41,20564.997757
251,42,20494.675099
251,43,20037.861799
251,44,19464.685984
251,47,19177.027172
251,49,19062.089717
251,50,17116.160337
251,51,16506.559456
251,54,16393.443779
251,55,16220.668630
251,56,15635.644982
251,57,15389.166125
251,61,15331.202149
251,62,15154.956664
251,63,14971.350641
251,64,14862.636528
251,65,14633.515488
251,72,14584.379687
251,74,14574.114176
252,38,23043.728130
252,39,22705.178013
252,40,21307.572858
252,41,20564.997757
252,42,20494.675099
252,43,20037.861799
252,44,19464.685984
252,45,19312.298277
252,47,19177.027172
252,49,19050.511117
252,50,17116.160337
252,51,16506.559456
252,54,16393.443779
252,55,16220.668630
252,56,15635.644982
252,57,15389.166125
252,61,15331.202149
252,62,15154.956664
252,63,14971.350641
252,64,14862.636528
252,65,14633.515488
252,72,14584.379687
252,74,14574.114176
253,38,23043.728130
253,39,22705.178013
253,40,21307.572858
253,41,20564.997757
253,42,20494.675099
253,43,20037.861799
253,44,19464.685984
253,45,19312.298277
253,47,19177.027172
253,49,19050.511117
253,50,17116.160337
253,51,16506.559456
253,54,16393.443779
253,55,16220.668630
253,56,15243.004868
253,62,14948.507873
253,64,14626.747984
253,72,14582.935292
253,74,14561.096035
254,38,23043.728130
254,39,22705.178013
254,40,21307.572858
254,41,20564.997757
254,42,20494.675099
254,43,20037.861799
254,44,19464.685984
254,45,19312.298277
254,47,19057.971119
254,49,19050.511117
254,50,17116.160337
254,51,16506.559456
254,54,16393.443779
254,55,16220.668630
254,56,15243.004868
254,62,14948.507873
254,64,14626.747984
254,72,14582.935292
254,74,14561.096035
255,38,22054.266873
255,40,21081.493522
255,41,20564.997757
255,42,20494.675099
255,43,20037.861799
255,44,19464.685984
255,45,19312.298277
255,46,18966.397736
255,50,17116.160337
255,51,16506.559456
255,53,16090.354958
255,56,15243.004868
255,62,14948.507873
255,64,14626.747984
255,72,14582.935292
255,74,14561.096035
256,38,22054.266873
256,40,21081.493522
256,41,20564.997757
256,42,20494.675099
256,43,19934.049435
256,44,19464.685984
256,45,19312.298277
256,46,18966.397736
256,50,17116.160337
256,51,16506.559456
256,53,16090.354958
256,56,15243.004868
256,62,14948.507873
256,64,14626.747984
256,72,14582.935292
256,74,14561.096035
257,38,22054.266873
257,40,21081.493522
257,41,20539.077264
257,42,20111.823704
257,43,19934.049435
257,44,19464.685984
257,45,18931.231938
257,50,17116.160337
257,51,16506.559456
257,53,16090.354958
257,56,15243.004868
257,62,14871.336249
257,64,14626.747984
257,72,14582.935292
257,74,14561.096035
258,38,22054.266873
258,39,21132.879348
258,40,21081.493522
258,41,20539.077264
258,42,20111.823704
258,43,19934.049435
258,44,19286.336508
258,45,18931.231938
258,49,17078.378278
258,51,16506.559456
258,53,16089.322353
258,56,15221.301908
258,62,14825.738199
258,64,14588.827236
258,72,14571.263577
258,74,14561.096035
259,38,22054.266873
259,39,21132.879348
259,40,20363.224878
259,42,20111.823704
259,43,19934.049435
259,44,19173.718736
259,45,18931.231938
259,49,17078.378278
259,51,16506.559456
259,53,16089.322353
259,56,15221.301908
259,61,14919.294651
259,62,14825.738199
259,64,14588.827236
259,67,14543.513603
260,38,22054.266873
260,39,20636.178801
260,40,20363.224878
260,41,20097.508409
260,43,19934.049435
260,44,19173.718736
260,45,18931.231938
260,49,17078.378278
260,51,16506.559456
260,53,16089.322353
260,56,15221.301908
260,61,14919.294651
260,62,14825.738199
260,64,14588.827236
260,67,14543.513603
261,38,20848.685179
261,39,20636.178801
261,40,20363.224878
261,41,20097.508409
261,43,19934.049435
261,44,18762.657727
261,49,17078.378278
261,51,16506.559456
261,53,16089.322353
261,56,15221.301908
261,61,14919.294651
261,62,14825.738199
261,64,14588.827236
261,67,14543.513603
262,38,20848.685179
262,39,20379.010163
262,40,20363.224878
262,41,20097.508409
262,43,19934.049435
262,44,18762.657727
262,48,18546.475483
262,49,17078.378278
262,51,16506.559456
262,53,16089.322353
262,56,15221.301908
262,61,14919.294651
262,62,14825.738199
262,64,14588.827236
262,67,14543.513603
263,37,21712.666300
263,38,20848.685179
263,39,20379.010163
263,40,20363.224878
263,41,20097.508409
263,43,19934.049435
263,44,18762.657727
263,48,18426.559345
263,49,16935.994621
263,51,16069.907553
263,56,15193.195532
263,61,14850.051829
263,62,14791.799171
263,64,14554.394849
263,67,14538.544047
264,37,21712.666300
264,38,20848.685179
264,39,20379.010163
264,40,20363.224878
264,41,20097.508409
264,43,19934.049435
264,44,18762.657727
264,48,18426.559345
264,49,16935.994621
264,51,16069.907553
264,56,15193.195532
264,57,15009.852231
264,58,14937.550493
264,61,14850.051829
264,62,14791.799171
264,64,14554.394849
264,67,14538.544047
265,37,21712.666300
265,38,20848.685179
265,39,20379.010163
265,40,20363.224878
265,41,20097.508409
265,43,19934.049435
265,44,18762.657727
265,48,18426.559345
265,49,16935.994621
265,51,16069.907553
265,56,15193.195532
265,57,15009.852231
265,58,14937.550493
265,61,14850.051829
265,62,14791.799171
265,64,14554.394849
265,67,14538.544047
266,37,21712.666300
266,38,20848.685179
266,39,20379.010163
266,40,20363.224878
266,41,20097.508409
266,43,19934.049435
266,44,18762.657727
266,48,18426.559345
266,49,16935.994621
266,51,16069.907553
266,56,15193.195532
266,57,15009.852231
266,58,14937.550493
266,61,14850.051829
266,62,14791.799171
266,64,14554.394849
266,67,14538.544047
267,37,21712.666300
267,38,20848.685179
267,39,20379.010163
267,40,20363.224878
267,41,20097.508409
267,43,19934.049435
267,44,18762.657727
267,48,18426.559345
267,49,16935.994621
267,51,16069.907553
267,56,15193.195532
267,57,15009.852231
267,58,14937.550493
267,61,14850.051829
267,62,14791.799171
267,64,14554.394849
267,67,14538.544047
268,37,21712.666300
268,38,20848.685179
268,39,20379.010163
268,40,20363.224878
268,41,20097.508409
268,43,19934.049435
268,44,18762.657727
268,48,18410.408762
268,49,16935.994621
268,51,15981.330202
268,56,15088.619763
268,57,14990.802713
268,58,14937.550493
268,60,14829.847972
268,62,14791.313802
268,64,14544.593705
268,65,14491.893345
269,37,21712.666300
269,38,20848.685179
269,39,20379.010163
269,40,20363.224878
269,41,20097.508409
269,43,19934.049435
269,44,18762.657727
269,48,18410.408762
269,49,16935.994621
269,51,15981.330202
269,56,15088.619763
269,57,14990.802713
269,58,14937.550493
269,60,14829.847972
269,62,14791.313802
269,64,14544.593705
269,65,14491.893345
270,37,21712.666300
270,38,20848.685179
270,39,20379.010163
270,40,20270.905773
270,41,20097.508409
270,43,19934.049435
270,44,18762.657727
270,48,18410.408762
270,49,16935.994621
270,51,15981.330202
270,56,15088.619763
270,57,14990.802713
270,58,14937.550493
270,60,14829.847972
270,62,14791.313802
270,64,14544.593705
270,65,14491.893345
271,37,21712.666300
271,38,20848.685179
271,39,20379.010163
271,40,20131.321285
271,41,20097.508409
271,43,19934.049435
271,44,18762.657727
271,48,18410.408762
271,49,16935.994621
271,51,15981.330202
271,56,15088.619763
271,57,14990.802713
271,58,14937.550493
271,60,14829.847972
271,62,14791.313802
271,64,14544.593705
271,65,14491.893345
272,37,21712.666300
272,38,20848.685179
272,39,20379.010163
272,40,20131.321285
272,41,20097.508409
272,43,19934.049435
272,44,18762.657727
272,48,18410.408762
272,49,16935.994621
272,51,15981.330202
272,56,15088.619763
272,57,14990.802713
272,58,14937.550493
272,60,14829.847972
272,62,14791.313802
272,63,14784.004344
272,64,14544.593705
272,65,14491.893345
273,37,21712.666300
273,38,20848.685179
273,39,20379.010163
273,40,20131.321285
273,41,20097.508409
273,43,19934.049435
273,44,18762.657727
273,47,18454.625363
273,48,18281.895809
273,49,16835.106671
273,51,15981.330202
273,56,15088.619763
273,57,14976.915447
273,58,14853.920645
273,60,14796.256472
273,62,14750.073242
273,64,14517.921056
273,65,14491.587761
274,37,21712.666300
274,38,20848.685179
274,39,20379.010163
274,40,20131.321285
274,41,20097.508409
274,43,19934.049435
274,44,18762.657727
274,47,18454.625363
274,48,18281.895809
274,49,16835.106671
274,51,15981.330202
274,55,15702.019483
274,56,15088.619763
274,57,14976.915447
274,58,14853.920645
274,60,14796.256472
274,62,14750.073242
274,64,14517.921056
274,65,14491.587761
275,37,21712.666300
275,38,20848.685179
275,39,20379.010163
275,40,20131.321285
275,41,20097.508409
275,43,19934.049435
275,44,18762.657727
275,47,18454.625363
275,48,18281.895809
275,49,16835.106671
275,51,15981.330202
275,55,15702.019483
275,56,15088.619763
275,57,14976.915447
275,58,14853.920645
275,60,14796.256472
275,62,14750.073242
275,64,14517.921056
275,65,14491.587761
275,66,14486.989080
276,37,21712.666300
276,38,20848.685179
276,39,20379.010163
276,40,20131.321285
276,41,20097.508409
276,43,19934.049435
276,44,18762.657727
276,47,18454.625363
276,48,18281.895809
276,49,16835.106671
276,51,15981.330202
276,55,15702.019483
276,56,15088.619763
276,57,14976.915447
276,58,14853.920645
276,60,14796.256472
276,62,14750.073242
276,64,14517.921056
276,65,14491.587761
276,66,14486.989080
277,37,21712.666300
277,38,20848.685179
277,39,20379.010163
277,40,20131.321285
277,41,20097.508409
277,43,19934.049435
277,44,18762.657727
277,47,18454.625363
277,48,18281.895809
277,49,16835.106671
277,51,15981.330202
277,55,15702.019483
277,56,15088.619763
277,57,14976.915447
277,58,14853.920645
277,60,14796.256472
277,62,14750.073242
277,64,14517.921056
277,65,14491.587761
277,66,14486.989080
278,37,21712.666300
278,38,20848.685179
278,39,20379.010163
278,40,20131.321285
278,41,20097.508409
278,43,19934.049435
278,44,18762.657727
278,47,18454.625363
278,48,18281.895809
278,49,16835.106671
278,51,15734.501903
278,55,15611.206343
278,56,15088.619763
278,57,14962.670917
278,58,14813.164957
278,60,14796.256472
278,62,14750.073242
278,64,14510.868536
278,65,14438.112990
279,37,21712.666300
279,38,20848.685179
279,39,20379.010163
279,40,20131.321285
279,41,20097.508409
279,43,19934.049435
279,44,18762.657727
279,47,18454.625363
279,48,18281.895809
279,49,16835.106671
279,51,15734.501903
279,55,15611.206343
279,56,15088.619763
279,57,14962.670917
279,58,14813.164957
279,60,14796.256472
279,62,14749.008885
279,64,14510.868536
279,65,14438.112990
280,37,21712.666300
280,38,20848.685179
280,39,20379.010163
280,40,20131.321285
280,41,20097.508409
280,43,19934.049435
280,44,18762.657727
280,47,18454.625363
280,48,18281.895809
280,49,16835.106671
280,51,15734.501903
280,55,15611.206343
280,56,15073.260356
280,57,14962.670917
280,58,14813.164957
280,60,14796.256472
280,62,14749.008885
280,64,14510.868536
280,65,14438.112990
281,37,21712.666300
281,38,20848.685179
281,39,20379.010163
281,40,20131.321285
281,41,19729.202992
281,44,18762.657727
281,47,18454.625363
281,48,18281.895809
281,49,16835.106671
281,51,15734.501903
281,55,15611.206343
281,56,15073.260356
281,57,14962.670917
281,58,14813.164957
281,60,14796.256472
281,62,14749.008885
281,64,14510.868536
281,65,14438.112990
282,37,21382.411104
282,38,20848.685179
282,39,20379.010163
282,40,20131.321285
282,41,19729.202992
282,44,18762.657727
282,47,18454.625363
282,48,18281.895809
282,49,16835.106671
282,51,15734.501903
282,55,15418.495820
282,56,15073.260356
282,57,14962.670917
282,58,14813.164957
282,60,14796.256472
282,62,14749.008885
282,63,14726.166306
282,64,14510.868536
282,65,14438.112990
283,37,21382.411104
283,38,20644.752224
283,39,20379.010163
283,40,20129.514631
283,41,19729.202992
283,43,19421.501134
283,44,18762.657727
283,47,18454.625363
283,48,18281.895809
283,49,16835.106671
283,51,15734.501903
283,55,15418.495820
283,56,15059.370599
283,57,14922.344090
283,58,14813.164957
283,59,14779.774030
283,62,14749.008885
283,63,14705.885658
283,64,14496.681987
283,65,14401.946110
284,37,21382.411104
284,38,20644.752224
284,39,20379.010163
284,40,20129.514631
284,41,19729.202992
284,43,19421.501134
284,44,18762.657727
284,47,18454.625363
284,48,18281.895809
284,49,16835.106671
284,51,15734.501903
284,55,15418.495820
284,56,15059.370599
284,57,14922.344090
284,58,14813.164957
284,59,14779.774030
284,62,14749.008885
284,63,14705.885658
284,64,14496.681987
284,65,14401.946110
285,37,21382.411104
285,38,20644.752224
285,39,20379.010163
285,40,20129.514631
285,41,19729.202992
285,43,19421.501134
285,44,18762.657727
285,47,18454.625363
285,48,18281.895809
285,49,16835.106671
285,51,15734.501903
285,55,15418.495820
285,56,15059.370599
285,57,14922.344090
285,58,14813.164957
285,59,14779.774030
285,62,14749.008885
285,63,14705.885658
285,64,14496.681987
285,65,14401.946110
286,37,21382.411104
286,38,20644.752224
286,39,20379.010163
286,40,20129.514631
286,41,19729.202992
286,43,19421.501134
286,44,18762.657727
286,47,18454.625363
286,48,18272.865743
286,49,16835.106671
286,51,15734.501903
286,55,15418.495820
286,56,15059.370599
286,57,14922.344090
286,58,14813.164957
286,59,14779.774030
286,62,14749.008885
286,63,14705.885658
286,64,14496.681987
286,65,14401.946110
287,37,21382.411104
287,38,20644.752224
287,39,20379.010163
287,40,20129.514631
287,41,19729.202992
287,43,19421.501134
287,44,18762.657727
287,47,18454.625363
287,48,18272.865743
287,49,16835.106671
287,51,15734.501903
287,55,15418.495820
287,56,15059.370599
287,57,14922.344090
287,58,14813.164957
287,59,14779.774030
287,62,14749.008885
287,63,14705.885658
287,64,14496.681987
287,65,14401.946110
288,37,21382.411104
288,38,20644.752224
288,39,20001.315150
288,41,19729.202992
288,43,19421.501134
288,44,18762.657727
288,47,18454.625363
288,48,18272.865743
288,49,16835.106671
288,51,15734.501903
288,52,15732.953817
288,53,15392.827223
288,56,15059.370599
288,57,14919.990982
288,58,14813.164957
288,59,14776.960655
288,60,14684.879196
288,63,14456.880002
288,65,14401.208990
289,37,21382.411104
289,38,20644.752224
289,39,20001.315150
289,41,19729.202992
289,43,19421.501134
289,44,18762.657727
289,47,18454.625363
289,48,18272.865743
289,49,16835.106671
289,51,15734.501903
289,52,15732.953817
289,53,15392.827223
289,56,15059.370599
289,57,14919.990982
289,58,14813.164957
289,59,14662.618401
289,63,14456.880002
289,65,14401.208990
290,37,21382.411104
290,38,20644.752224
290,39,20001.315150
290,41,19729.202992
290,43,19421.501134
290,44,18762.657727
290,47,18454.625363
290,48,18256.962761
290,49,16835.106671
290,51,15734.501903
290,52,15732.953817
290,53,15392.827223
290,56,15059.370599
290,57,14919.990982
290,58,14813.164957
290,59,14662.618401
290,63,14456.880002
290,65,14401.208990
291,37,21382.411104
291,38,20644.752224
291,39,20001.315150
291,41,19729.202992
291,43,19421.501134
291,44,18762.657727
291,47,18454.625363
291,48,18256.962761
291,49,16835.106671
291,51,15734.501903
291,52,15732.953817
291,53,15392.827223
291,56,15059.370599
291,57,14919.990982
291,58,14813.164957
291,59,14662.618401
291,63,14456.880002
291,65,14401.208990
292,37,21164.461875
292,38,20644.752224
292,39,20001.315150
292,41,19729.202992
292,43,19421.501134
292,44,18762.657727
292,47,18207.857975
292,49,16835.106671
292,51,15734.501903
292,52,15732.953817
292,53,15392.827223
292,56,15059.370599
292,57,14919.990982
292,58,14813.164957
292,59,14662.618401
292,63,14456.880002
292,65,14401.208990
293,37,21164.461875
293,38,20644.752224
293,39,20001.315150
293,41,19729.202992
293,43,19421.501134
293,44,18762.657727
293,47,18207.857975
293,49,16795.134868
293,51,15617.862132
293,52,15569.992743
293,53,15378.902654
293,56,14993.413109
293,57,14886.525201
293,58,14807.835008
293,59,14654.529174
293,63,14425.226556
293,65,14401.208990
294,37,21164.461875
294,38,20644.752224
294,39,20001.315150
294,41,19729.202992
294,43,19421.501134
294,44,18762.657727
294,47,18207.857975
294,49,16795.134868
294,51,15617.862132
294,52,15569.992743
294,53,15378.902654
294,56,14993.413109
294,57,14886.525201
294,58,14807.835008
294,59,14654.529174
294,63,14425.226556
294,65,14401.208990
295,37,20761.501513
295,38,20644.752224
295,39,20001.315150
295,40,19926.738934
295,41,19729.202992
295,43,19421.501134
295,44,18762.657727
295,47,18207.857975
295,49,16795.134868
295,51,15617.862132
295,52,15569.992743
295,53,15378.902654
295,56,14993.413109
295,57,14886.525201
295,58,14807.835008
295,59,14654.529174
295,63,14425.226556
295,65,14401.208990
296,37,20761.501513
296,38,20644.752224
296,39,20001.315150
296,40,19926.738934
296,41,19729.202992
296,43,19421.501134
296,44,18762.657727
296,47,18207.857975
296,49,16795.134868
296,51,15617.862132
296,52,15569.992743
296,53,15378.902654
296,56,14993.413109
296,57,14886.525201
296,58,14807.835008
296,59,14654.529174
296,63,14425.226556
296,65,14401.208990
297,37,20761.501513
297,38,20644.752224
297,39,20001.315150
297,40,19926.738934
297,41,19729.202992
297,43,19143.615889
297,44,18762.657727
297,47,18207.857975
297,49,16795.134868
297,51,15617.862132
297,52,15569.992743
297,53,15378.902654
297,56,14993.413109
297,57,14886.525201
297,58,14807.835008
297,59,14654.529174
297,63,14425.226556
297,65,14401.208990
298,36,23018.275264
298,37,20761.501513
298,38,20644.752224
298,39,20001.315150
298,40,19920.191510
298,41,19729.202992
298,42,19579.413280
298,43,19143.615889
298,44,18762.657727
298,47,18207.857975
298,49,16795.134868
298,51,15607.520074
298,52,15569.992743
298,53,15354.496216
298,55,14912.840596
298,57,14886.525201
298,58,14762.311720
298,59,14633.267699
298,63,14409.696287
298,65,14398.468310
299,36,23018.275264
299,37,20761.501513
299,38,20644.752224
299,39,20001.315150
299,40,19920.191510
299,41,19729.202992
299,42,19579.413280
299,43,19143.615889
299,44,18762.657727
299,47,18207.857975
299,49,16795.134868
299,51,15607.520074
299,52,15569.992743
299,53,15354.496216
299,55,14912.840596
299,57,14886.525201
299,58,14762.311720
299,59,14633.267699
299,63,14409.696287
299,65,14398.468310
300,36,23018.275264
300,37,20761.501513
300,38,20277.846776
300,39,20001.315150
300,40,19884.368652
300,41,19729.202992
300,42,19579.413280
300,43,19143.615889
300,44,18762.657727
300,47,18207.857975
300,49,16795.134868
300,51,15607.520074
300,52,15569.992743
300,53,15354.496216
300,55,14912.840596
300,57,14886.525201
300,58,14762.311720
300,59,14633.267699
300,63,14409.696287
300,65,14398.468310
301,36,23018.275264
301,37,20761.501513
301,38,20277.846776
301,39,20001.315150
301,40,19884.368652
301,41,19729.202992
301,42,19579.413280
301,43,19143.615889
301,44,18762.657727
301,47,18207.857975
301,49,16795.134868
301,51,15607.520074
301,52,15458.094549
301,53,15354.496216
301,55,14912.840596
301,57,14886.525201
301,58,14762.311720
301,59,14633.267699
301,63,14409.696287
301,65,14398.468310
302,36,23018.275264
302,37,20761.501513
302,38,20277.846776
302,39,20001.315150
302,40,19884.368652
302,41,19729.202992
302,42,19579.413280
302,43,19143.615889
302,44,18762.657727
302,47,18207.857975
302,49,16795.134868
302,51,15607.520074
302,52,15458.094549
302,53,15354.496216
302,55,14912.840596
302,57,14886.525201
302,58,14762.311720
302,59,14633.267699
302,63,14409.696287
302,65,14398.468310
303,36,20995.657372
303,37,20761.501513
303,38,20277.846776
303,39,20001.315150
303,40,19884.368652
303,41,19729.202992
303,42,19579.413280
303,43,19143.615889
303,44,18762.657727
303,47,18207.857975
303,48,16741.584835
303,51,15607.520074
303,52,15458.094549
303,53,15259.785805
303,55,14912.840596
303,57,14886.525201
303,58,14756.108746
303,59,14615.752197
303,63,14409.696287
303,65,14398.468310
304,36,20995.657372
304,37,20761.501513
304,38,20277.846776
304,39,19808.533592
304,40,19713.669080
304,42,19579.413280
304,43,19143.615889
304,44,18762.657727
304,47,18207.857975
304,48,16741.584835
304,51,15607.520074
304,52,15458.094549
304,53,15259.785805
304,55,14912.840596
304,57,14886.525201
304,58,14756.108746
304,59,14615.752197
304,63,14409.696287
304,65,14398.468310
305,36,20995.657372
305,37,20761.501513
305,38,20277.846776
305,39,19808.533592
305,40,19713.669080
305,42,19579.413280
305,43,19143.615889
305,44,18762.657727
305,47,18207.857975
305,48,16741.584835
305,51,15607.520074
305,52,15458.094549
305,53,15259.785805
305,55,14912.840596
305,57,14886.525201
305,58,14756.108746
305,59,14615.752197
305,60,14547.094728
305,63,14409.696287
305,65,14398.468310
306,36,20995.657372
306,37,20761.501513
306,38,20277.846776
306,39,19808.533592
306,40,19713.669080
306,42,19579.413280
306,43,19143.615889
306,44,18762.657727
306,47,18207.857975
306,48,16741.584835
306,51,15607.520074
306,52,15458.094549
306,53,15259.785805
306,55,14912.840596
306,57,14886.525201
306,58,14756.108746
306,59,14615.752197
306,60,14547.094728
306,63,14409.696287
306,65,14398.468310
307,36,20995.657372
307,37,20664.839840
307,38,20277.846776
307,39,19808.533592
307,40,19713.669080
307,42,19579.413280
307,43,19143.615889
307,44,18762.657727
307,47,18207.857975
307,48,16741.584835
307,51,15607.520074
307,52,15458.094549
307,53,15259.785805
307,55,14912.840596
307,57,14886.525201
307,58,14756.108746
307,59,14615.752197
307,60,14547.094728
307,61,14537.918320
307,63,14409.696287
307,65,14398.468310
307,66,14387.116646
308,36,20995.657372
308,37,20664.839840
308,38,20277.846776
308,39,19665.083750
308,41,19664.243401
308,42,19579.413280
308,43,19143.615889
308,44,18762.657727
308,47,18207.857975
308,48,16741.584835
308,51,15607.520074
308,52,15458.094549
308,53,15252.231155
308,55,14907.508274
308,57,14886.525201
308,58,14756.108746
308,59,14615.752197
308,60,14547.094728
308,61,14537.918320
308,63,14399.872596
308,64,14376.408123
308,66,14366.694464
309,36,20995.657372
309,37,20664.839840
309,38,20277.846776
309,39,19665.083750
309,41,19625.210461
309,42,19579.413280
309,43,19143.615889
309,44,18762.657727
309,47,18207.857975
309,48,16741.584835
309,51,15607.520074
309,52,15458.094549
309,53,15252.231155
309,55,14907.508274
309,57,14886.525201
309,58,14756.108746
309,59,14615.752197
309,60,14547.094728
309,61,14537.918320
309,63,14399.872596
309,64,14376.408123
309,66,14366.694464
310,36,20995.657372
310,37,20664.839840
310,38,19964.007763
310,39,19665.083750
310,41,19625.210461
310,42,19579.413280
310,43,19143.615889
310,44,18762.657727
310,47,18207.857975
310,48,16741.584835
310,51,15607.520074
310,52,15458.094549
310,53,15252.231155
310,55,14907.508274
310,57,14886.525201
310,58,14756.108746
310,59,14615.752197
310,60,14547.094728
310,61,14537.918320
310,63,14399.872596
310,64,14376.408123
310,66,14366.694464
311,36,20995.657372
311,37,20664.839840
311,38,19964.007763
311,39,19665.083750
311,41,19625.210461
311,42,19579.413280
311,43,19143.615889
311,44,18762.657727
311,47,18207.857975
311,48,16741.584835
311,51,15607.520074
311,52,15458.094549
311,53,15252.231155
311,55,14907.508274
311,57,14886.525201
311,58,14756.108746
311,59,14615.752197
311,60,14547.094728
311,61,14537.918320
311,63,14399.872596
311,64,14376.408123
311,66,14366.694464
312,36,20995.657372
312,37,20664.839840
312,38,19964.007763
312,39,19465.609217
312,43,19143.615889
312,44,18762.657727
312,47,18207.857975
312,48,16741.584835
312,50,16023.747236
312,51,15607.520074
312,52,15458.094549
312,53,15252.231155
312,55,14907.508274
312,57,14886.525201
312,58,14756.108746
312,59,14575.442134
312,60,14547.094728
312,61,14537.918320
312,63,14399.872596
312,64,14376.408123
312,66,14366.694464
313,36,20995.657372
313,37,20664.839840
313,38,19964.007763
313,39,19465.609217
313,43,19143.615889
313,44,18762.657727
313,47,18207.857975
313,48,16741.584835
313,50,16023.747236
313,51,15607.520074
313,52,15458.094549
313,53,15218.625621
313,55,14685.322081
313,59,14536.788546
313,63,14387.827919
313,64,14376.408123
313,66,14359.943609
314,36,20995.657372
314,37,20664.839840
314,38,19964.007763
314,39,19465.609217
314,40,19454.098329
314,43,19143.615889
314,44,18762.657727
314,47,18207.857975
314,48,16741.584835
314,50,16023.747236
314,51,15378.959791
314,53,15218.625621
314,55,14685.322081
314,57,14548.355477
314,59,14536.788546
314,63,14387.827919
314,64,14376.408123
314,66,14359.943609
315,36,20995.657372
315,37,20664.839840
315,38,19964.007763
315,39,19465.609217
315,40,19454.098329
315,43,19143.615889
315,44,18762.657727
315,47,18207.857975
315,48,16741.584835
315,50,16023.747236
315,51,15378.959791
315,53,15218.625621
315,55,14685.322081
315,57,14548.355477
315,59,14536.788546
315,61,14536.076018
315,63,14387.827919
315,64,14376.408123
315,66,14359.943609
316,36,20995.657372
316,37,20664.839840
316,38,19964.007763
316,39,19465.609217
316,40,19441.406225
316,43,19143.615889
316,44,18762.657727
316,47,18207.857975
316,48,16741.584835
316,50,16023.747236
316,51,15378.959791
316,53,15218.625621
316,55,14685.322081
316,57,14548.355477
316,59,14536.788546
316,60,14470.134852
316,63,14387.827919
316,64,14376.408123
316,66,14359.943609
317,36,20995.657372
317,37,20664.839840
317,38,19964.007763
317,39,19465.609217
317,40,19441.406225
317,43,19143.615889
317,44,18762.657727
317,47,18207.857975
317,48,16741.584835
317,50,16023.747236
317,51,15378.959791
317,53,15218.625621
317,55,14685.322081
317,57,14548.355477
317,59,14536.788546
317,60,14470.134852
317,63,14387.827919
317,64,14376.408123
317,66,14359.943609
318,36,20995.657372
318,37,20664.839840
318,38,19964.007763
318,39,19465.609217
318,40,19441.406225
318,43,19143.615889
318,44,18762.657727
318,47,18207.857975
318,48,16716.318462
318,50,16023.747236
318,51,15376.525634
318,53,15216.891998
318,55,14685.322081
318,56,14449.872198
318,60,14433.375602
318,63,14381.017498
318,64,14364.555079
318,66,14310.312768
319,36,20995.657372
319,37,20664.839840
319,38,19964.007763
319,39,19465.609217
319,40,19441.406225
319,43,19143.615889
319,44,18762.657727
319,47,18207.857975
319,48,16716.318462
319,50,16023.747236
319,51,15376.525634
319,53,15216.891998
319,55,14685.322081
319,56,14449.872198
319,60,14433.375602
319,63,14381.017498
319,64,14364.555079
319,66,14310.312768
320,36,20995.657372
320,37,20664.839840
320,38,19833.920775
320,39,19465.609217
320,40,19441.406225
320,43,19143.615889
320,44,18762.657727
320,47,18207.857975
320,48,16716.318462
320,50,16023.747236
320,51,15376.525634
320,53,15216.891998
320,55,14685.322081
320,56,14449.872198
320,60,14433.375602
320,63,14381.017498
320,64,14364.555079
320,66,14310.312768
321,36,20995.657372
321,37,20664.839840
321,38,19833.920775
321,39,19465.609217
321,40,19441.406225
321,43,19143.615889
321,44,18762.657727
321,47,18207.857975
321,48,16716.318462
321,50,16023.747236
321,51,15376.525634
321,53,15216.891998
321,55,14685.322081
321,56,14449.872198
321,60,14433.375602
321,63,14381.017498
321,64,14364.555079
321,66,14310.312768
322,36,20995.657372
322,37,20664.839840
322,38,19651.431252
322,39,19465.609217
322,40,19441.406225
322,43,19143.615889
322,44,18762.657727
322,47,18207.857975
322,48,16716.318462
322,50,16023.747236
322,51,15376.525634
322,53,15216.891998
322,55,14685.322081
322,56,14449.872198
322,57,14443.522360
322,60,14433.375602
322,63,14381.017498
322,64,14364.555079
322,66,14310.312768
323,36,20995.657372
323,37,20664.839840
323,38,19651.431252
323,39,19465.609217
323,40,19441.406225
323,43,19143.615889
323,44,18762.657727
323,47,18207.857975
323,48,16716.318462
323,50,15898.716663
323,51,15376.525634
323,53,15202.351275
323,55,14685.322081
323,56,14417.198410
323,63,14381.017498
323,64,14360.439192
323,66,14307.418587
324,36,20995.657372
324,37,20664.839840
324,38,19651.431252
324,39,19465.609217
324,40,19441.406225
324,43,19143.615889
324,44,18762.657727
324,47,18207.857975
324,48,16716.318462
324,50,15898.716663
324,51,15376.525634
324,53,15202.351275
324,55,14685.322081
324,56,14417.198410
324,59,14348.361765
324,66,14307.418587
325,36,20995.657372
325,37,20222.404305
325,38,19651.431252
325,39,19465.609217
325,40,19441.406225
325,42,19422.955926
325,43,19143.615889
325,44,18762.657727
325,47,18207.857975
325,48,16716.318462
325,49,16177.913131
325,50,15898.716663
325,51,15376.525634
325,53,15202.351275
325,55,14685.322081
325,56,14417.198410
325,59,14348.361765
325,66,14307.418587
326,36,20609.590308
326,37,20222.404305
326,38,19651.431252
326,39,19465.609217
326,40,19441.406225
326,42,19422.955926
326,43,19143.615889
326,44,18762.657727
326,47,18207.857975
326,48,16716.318462
326,49,16177.913131
326,50,15898.716663
326,51,15376.525634
326,53,15202.351275
326,55,14685.322081
326,56,14417.198410
326,59,14348.361765
326,66,14307.418587
327,36,20609.590308
327,37,20222.404305
327,38,19651.431252
327,39,19465.609217
327,40,19441.406225
327,42,19422.955926
327,43,19143.615889
327,44,18762.657727
327,47,18207.857975
327,48,16716.318462
327,49,16177.913131
327,50,15898.716663
327,51,15376.525634
327,53,15202.351275
327,55,14685.322081
327,56,14417.198410
327,59,14348.361765
327,64,14309.375247
327,66,14307.418587
328,36,20609.590308
328,37,20222.404305
328,38,19651.431252
328,39,19436.532117
328,41,19309.867248
328,43,19143.615889
328,44,18762.657727
328,47,18207.857975
328,48,16465.175525
328,49,16177.913131
328,50,15898.716663
328,51,15347.600848
328,53,15202.351275
328,55,14614.528069
328,56,14409.030958
328,59,14348.361765
328,64,14309.375247
328,66,14284.407158
