Generation,NV,TOC
1,53,29615.394392
1,54,29418.705369
1,55,22833.453568
1,56,22706.726072
1,61,21776.151215
1,63,21679.713769
1,64,20510.281276
1,78,19981.131398
1,84,17723.491634
1,93,17529.977305
1,102,16549.968938
1,114,16403.442218
1,142,16354.105047
1,143,16294.668369
1,164,15991.892160
1,165,15979.255698
2,52,26513.441605
2,53,25598.435652
2,54,21864.172753
2,61,21776.151215
2,63,21679.713769
2,64,20510.281276
2,66,19849.720964
2,72,19324.745297
2,84,17723.491634
2,89,17619.897031
2,93,17529.977305
2,98,16995.637514
2,101,16568.462626
2,102,16549.968938
2,114,16403.442218
2,123,16080.635708
2,135,15881.951184
2,165,15731.132291
3,51,26950.155599
3,52,26513.441605
3,53,25598.435652
3,54,21864.172753
3,61,21776.151215
3,63,21679.713769
3,64,20510.281276
3,66,19849.720964
3,67,19688.866788
3,72,19324.745297
3,77,18049.858202
3,84,17723.491634
3,89,17534.917968
3,93,17529.977305
3,97,17291.188679
3,98,16808.237286
3,100,16587.471972
3,101,16568.462626
3,102,16549.968938
3,111,16418.108517
3,113,16305.287415
3,123,16080.635708
3,135,15881.951184
3,164,15588.131953
4,51,26950.155599
4,52,25370.672217
4,53,24463.509739
4,54,21864.172753
4,55,21795.539121
4,58,21456.437873
4,61,21352.605313
4,64,20510.281276
4,65,19315.023866
4,77,18049.858202
4,78,17858.720613
4,81,17643.224607
4,82,17545.289698
4,88,16721.156784
4,100,15725.938675
4,135,15436.814162
5,51,26950.155599
5,52,22638.954864
5,53,21191.375321
5,55,21123.949215
5,56,20962.317212
5,64,20387.521971
5,65,19315.023866
5,69,19102.670514
5,76,18486.786535
5,77,18049.858202
5,78,17466.687311
5,82,17284.283211
5,84,16881.995687
5,88,16655.585220
5,91,16171.221557
5,100,15679.623809
5,135,15314.765398
6,51,26792.353139
6,52,22638.954864
6,53,21191.375321
6,55,21116.573201
6,56,20962.317212
6,58,20376.108359
6,65,18982.404547
6,70,18651.237188
6,71,17935.810379
6,77,17911.505237
6,78,17466.687311
6,82,17145.758024
6,84,16881.995687
6,88,16655.585220
6,91,16171.221557
6,93,16079.899020
6,94,15956.876829
6,100,15679.623809
6,124,15565.497275
6,135,15314.765398
7,50,25603.312162
7,52,22638.954864
7,53,21191.375321
7,55,20490.419360
7,58,20376.108359
7,60,20284.233724
7,61,20130.884747
7,62,19527.007485
7,64,19030.788662
7,65,18982.404547
7,70,18448.826496
7,71,17935.810379
7,76,17227.432584
7,78,17093.009932
7,84,16881.995687
7,86,16331.719769
7,91,16171.221557
7,93,16079.899020
7,94,15956.876829
7,98,15828.398581
7,100,15679.623809
7,115,15545.002738
7,123,15501.674030
7,125,15407.365398
7,135,15314.765398
8,50,25603.312162
8,52,22638.954864
8,53,21191.375321
8,55,20490.419360
8,58,20376.108359
8,59,19978.241076
8,62,19527.007485
8,63,19223.552883
8,64,19030.788662
8,65,18982.404547
8,70,18006.962517
8,71,17935.810379
8,74,16947.994059
8,82,16336.882145
8,86,16331.719769
8,91,16171.221557
8,93,16079.899020
8,94,15956.876829
8,98,15828.398581
8,99,15764.659288
8,100,15679.623809
8,107,15586.356822
8,113,15406.941046
8,135,15314.765398
9,50,25603.312162
9,52,22638.954864
9,53,21191.375321
9,54,20482.835073
9,56,20399.764578
9,57,19883.673265
9,58,19149.311948
9,64,18745.593836
9,69,17990.504130
9,71,17935.810379
9,74,16947.994059
9,76,16732.512768
9,82,16336.882145
9,86,16331.719769
9,87,16302.993170
9,88,16070.563151
9,91,15742.273837
9,93,15582.109360
9,99,15569.520444
9,103,15503.536280
9,111,15294.244935
9,119,15281.107764
9,124,15190.687653
10,50,25603.312162
10,52,22638.954864
10,53,21191.375321
10,54,20482.835073
10,56,20399.764578
10,57,19883.673265
10,58,19149.311948
10,61,19032.267809
10,64,18745.593836
10,69,17990.504130
10,71,17935.810379
10,74,16947.994059
10,76,16732.512768
10,82,16336.882145
10,83,15722.003863
10,89,15233.807500
10,94,15207.554496
10,103,14881.795816
10,104,14719.181784
11,50,25603.312162
11,52,20853.370145
11,54,20482.835073
11,56,20399.764578
11,57,19883.673265
11,58,19149.311948
11,61,19032.267809
11,64,18745.593836
11,67,18176.436429
11,69,17990.504130
11,70,17778.321133
11,73,17679.030078
11,74,16947.994059
11,75,16659.339385
11,82,16336.882145
11,83,15722.003863
11,85,15223.461144
11,86,15072.999002
11,101,14865.779335
11,104,14719.181784
11,106,14694.315519
12,49,25552.217834
12,51,25502.551727
12,52,20853.370145
12,54,20482.835073
12,56,20399.764578
12,57,19883.673265
12,58,19149.311948
12,61,19032.267809
12,63,18457.415212
12,67,18176.436429
12,69,17990.504130
12,70,17778.321133
12,73,17679.030078
12,74,16947.994059
12,75,16659.339385
12,82,16336.882145
12,83,15722.003863
12,84,15640.903497
12,85,15223.461144
12,86,15072.999002
12,101,14865.779335
12,104,14691.488530
13,49,25552.217834
13,51,23562.072963
13,52,20853.370145
13,54,20482.835073
13,56,20399.764578
13,57,19883.673265
13,58,19149.311948
13,61,19032.267809
13,63,18457.415212
13,66,17383.734630
13,74,16947.994059
13,75,16399.946781
13,81,16231.977894
13,83,15670.224286
13,84,15338.112677
13,85,15044.774963
13,86,14946.432108
13,101,14831.417998
13,104,14691.488530
14,49,24342.864646
14,51,23510.303080
14,52,20850.120588
14,54,20482.835073
14,56,20399.764578
14,57,19883.673265
14,58,19149.311948
14,61,19032.267809
14,62,18626.902480
14,63,18457.415212
14,66,17383.734630
14,74,16947.994059
14,75,16399.946781
14,81,16231.977894
14,83,15670.224286
14,84,15338.112677
14,85,15044.774963
14,86,14946.432108
14,99,14716.560069
14,100,14665.791077
14,101,14631.250608
15,48,24061.695217
15,51,21700.945879
15,52,20778.203221
15,54,20482.835073
15,56,19675.664767
15,58,19149.311948
15,61,19032.267809
15,62,18626.902480
15,63,18457.415212
15,66,17383.734630
15,74,16947.994059
15,75,16399.946781
15,81,16231.977894
15,83,15670.224286
15,84,15338.112677
15,85,15044.774963
15,86,14946.432108
15,96,14675.616369
15,100,14665.791077
15,101,14631.250608
15,112,14563.902047
16,48,24061.695217
16,50,21389.484713
16,52,20778.203221
16,53,20432.716043
16,56,19675.664767
16,58,19149.311948
16,61,19032.267809
16,62,18626.902480
16,63,18457.415212
16,66,17383.734630
16,72,16774.352998
16,75,16399.946781
16,81,16231.977894
16,83,15670.224286
16,84,15338.112677
16,85,15044.774963
16,86,14946.432108
16,95,14909.643265
16,96,14675.616369
16,100,14665.791077
16,101,14590.938779
16,112,14563.902047
17,48,24061.695217
17,50,21389.484713
17,51,20904.373531
17,52,20778.203221
17,53,20432.716043
17,56,19675.664767
17,58,18968.451864
17,62,17851.952160
17,66,17383.734630
17,72,16774.352998
17,75,16399.946781
17,76,15517.398097
17,84,15048.792877
17,85,14885.069553
17,93,14830.839780
17,94,14609.850910
17,101,14545.337565
17,109,14455.310711
17,112,14436.480388
18,48,24061.695217
18,50,21389.484713
18,51,20904.373531
18,52,20778.203221
18,53,20432.716043
18,54,20201.092383
18,56,19675.664767
18,58,18968.451864
18,62,17851.952160
18,66,17383.734630
18,70,17278.784248
18,72,16774.352998
18,73,16609.629325
18,75,16399.946781
18,76,15517.398097
18,84,15048.792877
18,85,14885.069553
18,93,14740.760625
18,94,14606.392762
18,98,14601.750700
18,101,14545.337565
18,109,14455.310711
18,112,14436.480388
19,48,24061.695217
19,49,21929.602143
19,50,21389.484713
19,51,20904.373531
19,52,20778.203221
19,53,20432.716043
19,54,20201.092383
19,56,19675.664767
19,58,18968.451864
19,61,18496.395366
19,62,17851.952160
19,66,17383.734630
19,70,17278.784248
19,72,16774.352998
19,73,16609.629325
19,74,16469.945458
19,75,16399.946781
19,76,15517.398097
19,84,15048.792877
19,85,14885.069553
19,92,14803.027094
19,93,14740.760625
19,94,14603.514318
19,98,14601.750700
19,101,14545.337565
19,109,14455.310711
19,112,14436.480388
20,48,24061.695217
20,49,21929.602143
20,50,21389.484713
20,51,20904.373531
20,52,20778.203221
20,53,20432.716043
20,54,20201.092383
20,55,19819.260288
20,56,19675.664767
20,58,18968.451864
20,61,18496.395366
20,62,17851.952160
20,66,17383.734630
20,70,17278.784248
20,72,16774.352998
20,73,16609.629325
20,74,16053.121054
20,76,15517.398097
20,81,15413.746669
20,84,15048.792877
20,85,14885.069553
20,88,14784.607058
20,93,14740.760625
20,94,14603.514318
20,97,14493.025959
20,108,14475.209255
20,109,14455.310711
20,112,14436.480388
21,48,24061.695217
21,49,21929.602143
21,50,21389.484713
21,51,20904.373531
21,52,20755.355433
21,53,20392.869866
21,54,19583.219843
21,58,18968.451864
21,61,18496.395366
21,62,17851.952160
21,66,17383.734630
21,70,17278.784248
21,72,16774.352998
21,73,16609.629325
21,74,16053.121054
21,75,16034.661258
21,76,15517.398097
21,81,15413.746669
21,84,14851.472350
21,88,14760.553278
21,92,14648.716217
21,94,14459.904474
21,97,14348.347073
22,48,24061.695217
22,49,21929.602143
22,50,21389.484713
22,51,20645.594650
22,53,19450.045511
22,57,18928.314671
22,61,18496.395366
22,62,17851.952160
22,65,17679.490198
22,66,17383.734630
22,68,17158.648422
22,72,16774.352998
22,73,16609.629325
22,74,16053.121054
22,75,16034.661258
22,76,15517.398097
22,81,15413.746669
22,84,14851.472350
22,88,14760.553278
22,90,14640.755894
22,92,14543.139791
22,94,14459.904474
22,97,14348.347073
23,48,24061.695217
23,49,21929.602143
23,50,20814.721400
23,51,20625.151157
23,53,19450.045511
23,57,18928.314671
23,61,18496.395366
23,62,17851.952160
23,65,17679.490198
23,66,17383.734630
23,68,17158.648422
23,69,16741.127858
23,73,16609.629325
23,74,16053.121054
23,75,16034.661258
23,76,15517.398097
23,81,15413.746669
23,84,14851.472350
23,88,14760.553278
23,90,14640.755894
23,91,14530.005624
23,94,14459.904474
23,97,14348.347073
24,48,24061.695217
24,49,21929.602143
24,50,20814.721400
24,51,20625.151157
24,53,19450.045511
24,57,18928.314671
24,60,18556.784311
24,61,18496.395366
24,62,17851.952160
24,65,17679.490198
24,66,17383.734630
24,68,17158.648422
24,69,16741.127858
24,71,16165.184410
24,73,15735.920120
24,76,15517.398097
24,81,15413.746669
24,83,15305.488005
24,84,14851.472350
24,87,14741.395155
24,89,14582.318262
24,91,14530.005624
24,92,14477.747911
24,94,14459.904474
24,97,14348.347073
25,48,24061.695217
25,49,21929.602143
25,50,20814.721400
25,51,20625.151157
25,52,17741.560892
25,59,17317.289559
25,68,17158.648422
25,69,16741.127858
25,70,16058.700995
25,73,14799.104323
25,86,14676.311348
25,87,14478.829306
25,89,14472.288756
25,91,14462.757884
25,94,14435.558674
25,95,14384.239820
25,97,14303.945262
26,48,24061.695217
26,49,21929.602143
26,50,20478.027667
26,51,18912.358089
26,52,17741.560892
26,57,17318.891249
26,59,17224.215530
26,68,17158.648422
26,69,16741.127858
26,70,16058.700995
26,73,14799.104323
26,86,14676.311348
26,87,14478.829306
26,89,14472.288756
26,91,14462.757884
26,94,14435.558674
26,95,14384.239820
26,97,14303.945262
27,48,24061.695217
27,49,21929.602143
27,50,19145.578665
27,51,18912.358089
27,52,17741.560892
27,57,17318.891249
27,59,17224.215530
27,65,16534.997438
27,68,15302.916362
27,71,14859.955239
27,73,14799.104323
27,82,14723.890014
27,86,14676.311348
27,87,14478.829306
27,89,14472.288756
27,91,14462.757884
27,94,14435.558674
27,95,14384.239820
27,97,14303.945262
28,48,24061.695217
28,49,21929.602143
28,50,19145.578665
28,51,18912.358089
28,52,17741.560892
28,57,17318.891249
28,59,17224.215530
28,60,17092.731792
28,65,16534.997438
28,68,15302.916362
28,69,14660.123367
28,87,14478.829306
28,88,14476.303085
28,89,14472.288756
28,91,14462.757884
28,94,14435.558674
28,95,14384.239820
28,97,14303.945262
28,100,14262.596995
29,48,24061.695217
29,49,21929.602143
29,50,19145.578665
29,51,18912.358089
29,52,17741.560892
29,57,17318.891249
29,59,17224.215530
29,60,17092.731792
29,65,16053.327225
29,68,15302.916362
29,69,14660.123367
29,85,14415.513973
29,89,14392.267522
29,93,14360.176608
29,94,14261.292213
29,99,14192.744190
30,48,24061.695217
30,49,21929.602143
30,50,19145.578665
30,51,18912.358089
30,52,17741.560892
30,56,17315.226987
30,59,17224.215530
30,60,17092.731792
30,65,16053.327225
30,67,15809.853521
30,68,15302.916362
30,69,14660.123367
30,85,14415.513973
30,87,14388.504171
30,90,14371.094354
30,93,14360.176608
30,94,14261.292213
30,99,14192.744190
31,48,24061.695217
31,49,21701.068170
31,50,19145.578665
31,51,18912.358089
31,52,17741.560892
31,56,17315.226987
31,59,17224.215530
31,60,16853.463621
31,61,16711.823546
31,62,16175.480757
31,63,16024.137333
31,65,15942.616905
31,67,15809.853521
31,68,15302.916362
31,69,14660.123367
31,85,14415.513973
31,87,14388.504171
31,90,14371.094354
31,91,14366.637347
31,92,14277.325861
31,94,14261.292213
31,99,14192.744190
32,48,24061.695217
32,49,21701.068170
32,50,19145.578665
32,51,18912.358089
32,52,17741.560892
32,56,17315.226987
32,59,17224.215530
32,60,16853.463621
32,61,16711.823546
32,62,16175.480757
32,63,16024.137333
32,65,15942.616905
32,67,15809.853521
32,68,15302.916362
32,69,14660.123367
32,76,14292.684617
32,90,14258.192363
32,99,14192.744190
33,47,25522.592254
33,48,24061.695217
33,49,21701.068170
33,50,19145.578665
33,51,18912.358089
33,52,17741.560892
33,56,17315.226987
33,59,17224.215530
33,60,16853.463621
33,61,15906.185470
33,65,15720.712580
33,66,15646.441755
33,68,14631.658786
33,73,14340.427007
33,75,14282.545219
33,90,14181.785866
33,98,14120.225219
34,47,25522.592254
34,48,24061.695217
34,49,21701.068170
34,50,19145.578665
34,51,18912.358089
34,52,17741.560892
34,56,17315.226987
34,58,16415.514156
34,61,15906.185470
34,65,15439.475134
34,67,15405.927620
34,68,14631.658786
34,73,14340.427007
34,75,14282.545219
34,90,14181.785866
34,98,14120.225219
35,47,25522.592254
35,48,24061.695217
35,49,21701.068170
35,50,19145.578665
35,51,18912.358089
35,52,17741.560892
35,56,17315.226987
35,58,16415.514156
35,61,15906.185470
35,65,15439.475134
35,67,15405.927620
35,68,14631.658786
35,73,14340.427007
35,75,14282.545219
35,80,14233.752160
35,81,14124.023212
35,98,14120.225219
36,47,25514.402472
36,48,24061.695217
36,49,21701.068170
36,50,19145.578665
36,51,18912.358089
36,52,17741.560892
36,56,17315.226987
36,58,16415.514156
36,61,15906.185470
36,65,15439.475134
36,67,15405.927620
36,68,14631.658786
36,73,14340.427007
36,75,14282.545219
36,80,14233.752160
36,81,14124.023212
36,87,14069.718674
37,47,25514.402472
37,48,24061.695217
37,49,21701.068170
37,50,19145.578665
37,51,18912.358089
37,52,17741.560892
37,56,17315.226987
37,58,16415.514156
37,61,15906.185470
37,65,15439.475134
37,67,15405.927620
37,68,14631.658786
37,73,14340.427007
37,75,14282.545219
37,80,14233.752160
37,81,14124.023212
37,87,14069.718674
38,47,25514.402472
38,48,24061.695217
38,49,21135.474652
38,50,19145.578665
38,51,18912.358089
38,52,17741.560892
38,56,17315.226987
38,58,16266.161622
38,60,15658.657353
38,64,15404.859777
38,65,15356.896099
38,68,14607.039496
38,72,14286.928110
38,75,14243.766339
38,79,14133.895469
38,81,14124.023212
38,85,13948.054925
39,46,25773.431982
39,47,25514.402472
39,48,21228.786330
39,49,20637.641984
39,50,19145.578665
39,51,18912.358089
39,52,17741.560892
39,55,17558.069874
39,56,17315.226987
39,58,16266.161622
39,60,15658.657353
39,64,15404.859777
39,65,15356.896099
39,68,14607.039496
39,69,14461.357398
39,72,14286.928110
39,75,14243.766339
39,79,14133.895469
39,81,14124.023212
39,84,14092.818440
39,85,13948.054925
40,46,25773.431982
40,47,25514.402472
40,48,21228.786330
40,49,20637.641984
40,50,19145.578665
40,51,18912.358089
40,52,17741.560892
40,55,17558.069874
40,56,17315.226987
40,58,16266.161622
40,60,15658.657353
40,63,15577.378734
40,64,15404.859777
40,65,15356.896099
40,68,14607.039496
40,69,14461.357398
40,72,14286.928110
40,75,14243.766339
40,79,14133.895469
40,81,14124.023212
40,84,14043.772039
40,85,13948.054925
40,92,13938.735279
41,46,25773.431982
41,47,25514.402472
41,48,21228.786330
41,49,20637.641984
41,50,19145.578665
41,51,18912.358089
41,52,17741.560892
41,54,17083.776580
41,58,16266.161622
41,60,15658.657353
41,63,15577.378734
41,64,15404.859777
41,65,15356.896099
41,67,14953.972529
41,68,14607.039496
41,69,14461.357398
41,72,14286.928110
41,75,14243.766339
41,76,14218.312719
41,78,14187.088974
41,79,14133.895469
41,81,14124.023212
41,84,14043.772039
41,85,13948.054925
41,92,13938.735279
42,46,25773.431982
42,47,25514.402472
42,48,21228.786330
42,49,20637.641984
42,50,19145.578665
42,51,18912.358089
42,52,17741.560892
42,54,17083.776580
42,58,16266.161622
42,60,15658.657353
42,63,15577.378734
42,64,15404.859777
42,65,15356.896099
42,67,14953.972529
42,68,14395.717808
42,71,14219.987356
42,74,14197.852483
42,76,14153.886909
42,78,14114.948151
42,80,14110.544948
42,82,13909.269229
43,46,25773.431982
43,47,25514.402472
43,48,21228.786330
43,49,20637.641984
43,50,19145.578665
43,51,18912.358089
43,52,17741.560892
43,54,17083.776580
43,57,16437.785571
43,58,16266.161622
43,60,15658.657353
43,63,15577.378734
43,64,15404.859777
43,65,15356.896099
43,67,14953.972529
43,68,14395.717808
43,71,14219.987356
43,74,14111.563820
43,80,14110.544948
43,81,14021.039758
43,82,13909.269229
43,86,13807.619006
44,46,25773.431982
44,47,25514.402472
44,48,21228.786330
44,49,20637.641984
44,50,19145.578665
44,51,18912.358089
44,52,17741.560892
44,54,17083.776580
44,57,16437.785571
44,58,16266.161622
44,60,15658.657353
44,63,15577.378734
44,64,15404.859777
44,65,15356.896099
44,67,14953.972529
44,68,14395.717808
44,71,14219.987356
44,74,14111.563820
44,80,14110.544948
44,81,14021.039758
44,82,13909.269229
44,86,13807.619006
45,46,25773.431982
45,47,25514.402472
45,48,21161.179792
45,49,20597.546018
45,50,19145.578665
45,51,18912.358089
45,52,17741.560892
45,54,17083.776580
45,57,16437.785571
45,58,16266.161622
45,60,15658.657353
45,63,15577.378734
45,64,15404.859777
45,65,15356.896099
45,67,14953.972529
45,68,14395.717808
45,71,14219.987356
45,74,14111.563820
45,80,14110.544948
45,81,14021.039758
45,82,13909.269229
45,85,13881.090416
45,86,13807.619006
46,46,25773.431982
46,47,25514.402472
46,48,21161.179792
46,49,20597.546018
46,50,19145.578665
46,51,18912.358089
46,52,17741.560892
46,54,17083.776580
46,57,16437.785571
46,58,16266.161622
46,60,15658.657353
46,63,15461.185139
46,64,14946.424433
46,67,14886.483448
46,68,14303.240991
46,71,14197.727274
46,74,14096.614807
46,80,14040.233789
46,81,13858.334644
46,85,13838.025265
46,86,13807.619006
47,46,25773.431982
47,47,21579.423186
47,48,21161.179792
47,49,20597.546018
47,50,19145.578665
47,51,18912.358089
47,52,17623.365490
47,54,17083.776580
47,56,16821.618630
47,57,16437.785571
47,58,16266.161622
47,60,15658.657353
47,63,15461.185139
47,64,14946.424433
47,67,14886.483448
47,68,14303.240991
47,71,14197.727274
47,74,14096.614807
47,80,14040.233789
47,81,13858.334644
47,85,13838.025265
47,86,13777.545907
48,46,25773.431982
48,47,21579.423186
48,48,21111.125698
48,49,20597.546018
48,50,19145.578665
48,51,18912.358089
48,52,17623.365490
48,54,17083.776580
48,56,16821.618630
48,57,16437.785571
48,58,16266.161622
48,60,15658.657353
48,63,15461.185139
48,64,14946.424433
48,67,14886.483448
48,68,14303.240991
48,71,14197.727274
48,74,14096.614807
48,80,14040.233789
48,81,13858.334644
48,85,13838.025265
48,86,13777.545907
49,46,25773.431982
49,47,21579.423186
49,48,21111.125698
49,49,20597.546018
49,50,19145.578665
49,51,18912.358089
49,52,17623.365490
49,54,17083.776580
49,56,16821.618630
49,57,16437.785571
49,58,16266.161622
49,60,15658.657353
49,63,15461.185139
49,64,14946.424433
49,67,14886.483448
49,68,14303.240991
49,71,14197.727274
49,74,14096.614807
49,80,14040.233789
49,81,13858.334644
49,85,13838.025265
49,86,13777.545907
50,46,24443.960046
50,47,21579.423186
50,48,21111.125698
50,49,20597.546018
50,50,19145.578665
50,51,18912.358089
50,52,17623.365490
50,54,17083.776580
50,56,16821.618630
50,57,16437.785571
50,58,16266.161622
50,60,15658.657353
50,62,14852.701174
50,66,14841.812243
50,68,14237.657615
50,71,14110.944019
50,74,14041.479861
50,80,13907.966542
50,81,13816.945096
50,86,13769.812254
51,46,24443.960046
51,47,21579.423186
51,48,21111.125698
51,49,20597.546018
51,50,19145.578665
51,51,17850.877813
51,52,17623.365490
51,54,17083.776580
51,56,16821.618630
51,57,16437.785571
51,58,16266.161622
51,60,15658.657353
51,62,14852.701174
51,66,14841.812243
51,68,14237.657615
51,71,14110.944019
51,74,14041.479861
51,80,13907.966542
51,81,13816.945096
51,86,13769.812254
52,46,24443.960046
52,47,21579.423186
52,48,21111.125698
52,49,20597.546018
52,50,19145.578665
52,51,17850.877813
52,52,17623.365490
52,54,17083.776580
52,56,16821.618630
52,57,16437.785571
52,58,16266.161622
52,60,15658.657353
52,62,14852.701174
52,66,14841.812243
52,68,14237.657615
52,71,14110.944019
52,74,14041.479861
52,80,13907.966542
52,81,13816.945096
52,86,13769.812254
53,46,24443.960046
53,47,21579.423186
53,48,21111.125698
53,49,20597.546018
53,50,19145.578665
53,51,17850.877813
53,52,16265.322123
53,60,15658.657353
53,62,14852.701174
53,66,14841.812243
53,68,14237.657615
53,71,14110.944019
53,72,14042.447071
53,74,14041.479861
53,80,13907.966542
53,81,13816.945096
53,86,13769.812254
54,46,24443.960046
54,47,21579.423186
54,48,21111.125698
54,49,20597.546018
54,50,19145.578665
54,51,17850.877813
54,52,16265.322123
54,60,15515.597949
54,62,14852.701174
54,64,14760.008241
54,68,14228.380279
54,70,14094.012719
54,72,14042.447071
54,73,13968.425659
54,79,13641.758852
55,46,24443.960046
55,47,21579.423186
55,48,19860.091630
55,50,19145.578665
55,51,17850.877813
55,52,16265.322123
55,60,15515.597949
55,61,15202.512774
55,62,14852.701174
55,64,14760.008241
55,68,14228.380279
55,70,14094.012719
55,72,14042.447071
55,73,13968.425659
55,74,13964.304198
55,79,13641.758852
56,46,24443.960046
56,47,21579.423186
56,48,19658.016978
56,50,19145.578665
56,51,17778.827741
56,52,16265.322123
56,53,16142.769113
56,60,15515.597949
56,61,15202.512774
56,62,14852.701174
56,64,14760.008241
56,68,14228.380279
56,70,14094.012719
56,72,14042.447071
56,73,13968.425659
56,74,13964.304198
56,79,13641.758852
57,46,24443.960046
57,47,21579.423186
57,48,19465.450544
57,50,19145.578665
57,51,17778.827741
57,52,16265.322123
57,53,16142.769113
57,60,15515.597949
57,61,15202.512774
57,62,14852.701174
57,64,14760.008241
57,68,14228.380279
57,69,14199.618524
57,70,14094.012719
57,72,14042.447071
57,73,13843.416338
57,74,13823.637220
57,79,13641.758852
58,46,24443.960046
58,47,21421.126390
58,48,19465.450544
58,49,19184.047727
58,50,19145.578665
58,51,17778.827741
58,52,16265.322123
58,53,16142.769113
58,60,15066.065195
58,61,14672.727577
58,68,14221.850367
58,69,14092.182281
58,70,14081.768364
58,72,14019.045843
58,73,13807.343326
58,78,13599.657314
59,46,24443.960046
59,47,21421.126390
59,48,19465.450544
59,49,19162.659523
59,50,19145.578665
59,51,17595.412634
59,52,16265.322123
59,53,16142.769113
59,57,15270.306040
59,60,15066.065195
59,61,14672.727577
59,67,14503.394305
59,68,14221.850367
59,69,14092.182281
59,70,14041.886627
59,72,13991.072652
59,73,13807.343326
59,78,13599.657314
60,46,24443.960046
60,47,21421.126390
60,48,19465.450544
60,49,19162.659523
60,50,19145.578665
60,51,17484.321774
60,52,16265.322123
60,53,16142.769113
60,57,15270.306040
60,60,15066.065195
60,61,14672.727577
60,66,14668.400261
60,67,14503.394305
60,68,14221.850367
60,69,14092.182281
60,70,14041.886627
60,72,13766.215756
60,78,13599.657314
61,46,24443.960046
61,47,21421.126390
61,48,19465.450544
61,49,19162.659523
61,50,16954.066946
61,52,16265.322123
61,53,16142.769113
61,57,15270.306040
61,58,15137.808028
61,60,15066.065195
61,61,14672.727577
61,64,14526.410559
61,67,14503.394305
61,68,14218.405491
61,69,14092.182281
61,70,14041.886627
61,72,13766.215756
61,78,13599.657314
62,46,24443.960046
62,47,21421.126390
62,48,19465.450544
62,49,19162.659523
62,50,16954.066946
62,52,16265.322123
62,53,16142.769113
62,55,15946.899686
62,57,15270.306040
62,58,15027.419073
62,60,14559.276130
62,64,14526.410559
62,66,14450.230775
62,68,14038.562256
62,70,14016.256715
62,72,13743.810400
62,76,13587.055835
63,46,24443.960046
63,47,21421.126390
63,48,19465.450544
63,49,19162.659523
63,50,16954.066946
63,52,16265.322123
63,53,16142.769113
63,55,15946.899686
63,57,15270.306040
63,58,15027.419073
63,60,14559.276130
63,64,14526.410559
63,66,14450.230775
63,68,14038.562256
63,70,14016.256715
63,72,13743.810400
63,76,13587.055835
63,86,13567.108713
64,46,24443.960046
64,47,21421.126390
64,48,19465.450544
64,49,19162.659523
64,50,16954.066946
64,52,16265.322123
64,53,16142.769113
64,55,15946.899686
64,57,15270.306040
64,58,15027.419073
64,60,14559.276130
64,64,14526.410559
64,66,14450.230775
64,68,14038.562256
64,70,14016.256715
64,72,13743.810400
64,76,13587.055835
64,86,13567.108713
65,46,24443.960046
65,47,20505.387743
65,48,19465.450544
65,49,19162.659523
65,50,16954.066946
65,52,16265.322123
65,53,16142.769113
65,55,15946.899686
65,56,15430.832503
65,57,15270.306040
65,58,15027.419073
65,60,14559.276130
65,64,14526.410559
65,66,14450.230775
65,68,14038.562256
65,70,14016.256715
65,72,13743.810400
65,76,13587.055835
65,86,13567.108713
66,46,24443.960046
66,47,20505.387743
66,48,19465.450544
66,49,19162.659523
66,50,16954.066946
66,52,16265.322123
66,53,16142.769113
66,55,15946.899686
66,56,15430.832503
66,57,15152.293786
66,58,15027.419073
66,60,14419.804580
66,66,14368.676854
66,68,14038.562256
66,70,13647.211782
66,76,13572.299655
66,86,13557.962915
67,46,24443.960046
67,47,20505.387743
67,48,19465.450544
67,49,19162.659523
67,50,16954.066946
67,52,16063.637432
67,55,15946.899686
67,56,15430.832503
67,57,15152.293786
67,58,15027.419073
67,59,14671.798880
67,60,14419.804580
67,65,14266.823149
67,68,14038.562256
67,70,13647.211782
67,76,13572.299655
67,86,13557.962915
68,46,24443.960046
68,47,20505.387743
68,48,19465.450544
68,49,19162.659523
68,50,16954.066946
68,52,16063.637432
68,55,15946.899686
68,56,15430.832503
68,57,15152.293786
68,58,15027.419073
68,59,14671.798880
68,60,14419.804580
68,65,14266.823149
68,68,14038.562256
68,70,13647.211782
68,76,13572.299655
68,86,13557.962915
69,46,24443.960046
69,47,20505.387743
69,48,19465.450544
69,49,19162.659523
69,50,16954.066946
69,52,16063.637432
69,55,15946.899686
69,56,15430.832503
69,57,15152.293786
69,58,15027.419073
69,59,14671.798880
69,60,14419.804580
69,65,14266.823149
69,68,14038.562256
69,70,13647.211782
69,76,13572.299655
69,86,13557.962915
70,45,24589.484906
70,46,24443.960046
70,47,20505.387743
70,48,19465.450544
70,49,19162.659523
70,50,16954.066946
70,52,15032.083013
70,54,14981.652067
70,58,14591.042705
70,60,14419.804580
70,65,14266.823149
70,68,14038.562256
70,70,13647.211782
70,76,13572.299655
70,86,13553.952248
71,45,24589.484906
71,46,24443.960046
71,47,20505.387743
71,48,19465.450544
71,49,19162.659523
71,50,16824.565876
71,52,14938.566416
71,53,14936.206297
71,58,14558.043221
71,59,14213.099713
71,68,13965.752220
71,70,13642.890821
71,76,13572.299655
71,85,13513.447672
72,45,24589.484906
72,46,24443.960046
72,47,20505.387743
72,48,19465.450544
72,49,19162.659523
72,50,16824.565876
72,52,14938.566416
72,53,14936.206297
72,58,14558.043221
72,59,14213.099713
72,62,13996.955515
72,68,13965.752220
72,70,13642.890821
72,73,13620.149487
72,76,13572.299655
72,85,13513.447672
73,45,24589.484906
73,46,21381.684051
73,47,17531.787658
73,50,16824.565876
73,52,14938.566416
73,53,14936.206297
73,57,13941.860707
73,70,13642.890821
73,73,13620.149487
73,76,13572.299655
73,85,13513.447672
74,45,24589.484906
74,46,21381.684051
74,47,17531.787658
74,48,16950.488509
74,50,16824.565876
74,52,14938.566416
74,53,14936.206297
74,57,13941.860707
74,70,13642.890821
74,73,13620.149487
74,76,13572.299655
74,85,13513.447672
75,45,24589.484906
75,46,21381.684051
75,47,17531.787658
75,48,16950.488509
75,49,16759.727191
75,52,14938.566416
75,53,14936.206297
75,57,13941.860707
75,70,13642.890821
75,73,13620.149487
75,76,13572.299655
75,80,13526.016938
75,84,13464.059471
76,45,24589.484906
76,46,21381.684051
76,47,17531.787658
76,48,16950.488509
76,49,16759.727191
76,52,14938.566416
76,53,14936.206297
76,57,13941.860707
76,69,13900.745997
76,70,13642.890821
76,73,13620.149487
76,76,13572.299655
76,80,13526.016938
76,81,13505.466287
76,84,13464.059471
77,45,24589.484906
77,46,21381.684051
77,47,17531.787658
77,48,16950.488509
77,49,16759.727191
77,52,14901.940810
77,53,14818.203056
77,57,13855.944157
77,68,13850.776776
77,69,13608.173414
77,73,13568.730985
77,76,13512.532680
77,80,13485.608238
77,81,13465.810228
77,84,13446.791408
78,45,24589.484906
78,46,21381.684051
78,47,17531.787658
78,48,16950.488509
78,49,16759.727191
78,52,14901.940810
78,53,14818.203056
78,57,13855.944157
78,68,13850.776776
78,69,13578.471364
78,73,13568.730985
78,76,13512.532680
78,80,13485.608238
78,81,13465.810228
78,84,13446.791408
79,45,24589.484906
79,46,21381.684051
79,47,17531.787658
79,48,16950.488509
79,49,16759.727191
79,52,14901.940810
79,53,14818.203056
79,57,13855.944157
79,64,13508.442205
79,80,13485.608238
79,81,13465.810228
79,84,13446.791408
80,45,24589.484906
80,46,21381.684051
80,47,17531.787658
80,48,16950.488509
80,49,16759.727191
80,52,14901.940810
80,53,14818.203056
80,57,13855.944157
80,64,13508.442205
80,67,13444.440292
81,45,24589.484906
81,46,20024.411913
81,47,17531.787658
81,48,16950.488509
81,49,16759.727191
81,52,14901.940810
81,53,14818.203056
81,57,13855.944157
81,64,13508.442205
81,67,13444.440292
82,45,24589.484906
82,46,20024.411913
82,47,17531.787658
82,48,16950.488509
82,49,16759.727191
82,52,14901.940810
82,53,14818.203056
82,57,13855.944157
82,64,13508.442205
82,67,13444.440292
83,45,24589.484906
83,46,20024.411913
83,47,17186.944349
83,48,16950.488509
83,49,16615.221229
83,52,14695.437867
83,57,13855.944157
83,62,13567.748489
83,64,13324.153584
84,45,24589.484906
84,46,20024.411913
84,47,17186.944349
84,48,16950.488509
84,49,16615.221229
84,52,14695.437867
84,57,13855.944157
84,62,13567.748489
84,64,13324.153584
85,45,24589.484906
85,46,20024.411913
85,47,17186.944349
85,48,16950.488509
85,49,16615.221229
85,52,14695.437867
85,57,13855.944157
85,62,13567.748489
85,64,13324.153584
85,71,13210.210097
86,45,24083.537710
86,46,20024.411913
86,47,17186.944349
86,48,16950.488509
86,49,16615.221229
86,52,14695.437867
86,57,13855.944157
86,62,13567.748489
86,64,13324.153584
86,71,13210.210097
87,45,23726.120978
87,46,19864.067851
87,47,16578.670881
87,52,14695.437867
87,57,13770.092343
87,62,13538.631743
87,64,13289.111028
87,71,13174.816168
88,45,23726.120978
88,46,19864.067851
88,47,16578.670881
88,52,14695.437867
88,55,13868.923688
88,57,13770.092343
88,62,13538.631743
88,64,13289.111028
88,71,13174.816168
89,45,23726.120978
89,46,19864.067851
89,47,16578.670881
89,52,14695.437867
89,55,13868.923688
89,57,13770.092343
89,62,13538.631743
89,64,13289.111028
89,71,13174.816168
90,45,23726.120978
90,46,17520.605842
90,47,16578.670881
90,52,14695.437867
90,55,13868.923688
90,57,13770.092343
90,62,13538.631743
90,64,13289.111028
90,71,13174.816168
91,45,23642.126504
91,46,17520.605842
91,47,16176.833039
91,52,14604.750704
91,55,13868.923688
91,57,13770.092343
91,61,13667.096219
91,62,13538.631743
91,64,13226.270188
91,71,13174.816168
92,45,23642.126504
92,46,17520.605842
92,47,16176.833039
92,48,15988.291496
92,52,14604.750704
92,55,13868.923688
92,57,13770.092343
92,59,13749.007804
92,61,13667.096219
92,62,13538.631743
92,64,13226.270188
92,71,13174.816168
93,45,23642.126504
93,46,17520.605842
93,47,16176.833039
93,48,15988.291496
93,52,14604.750704
93,55,13868.923688
93,57,13770.092343
93,59,13749.007804
93,61,13667.096219
93,62,13538.631743
93,64,13226.270188
93,71,13174.816168
94,45,23642.126504
94,46,17520.605842
94,47,16176.833039
94,48,15988.291496
94,52,14604.750704
94,55,13868.923688
94,57,13770.092343
94,59,13749.007804
94,61,13667.096219
94,62,13538.631743
94,63,13262.270353
94,64,13226.270188
94,67,13173.491714
94,68,13159.928779
95,45,23642.126504
95,46,17520.605842
95,47,16176.833039
95,48,15988.291496
95,52,14594.214060
95,54,13827.704798
95,57,13729.490584
95,59,13703.065582
95,60,13658.601177
95,62,13484.823303
95,63,13241.488964
95,64,13210.249308
95,67,13134.556807
96,45,20324.787239
96,46,16695.123535
96,47,16176.833039
96,48,15988.291496
96,50,15318.826873
96,52,14594.214060
96,54,13827.704798
96,57,13729.490584
96,59,13703.065582
96,60,13658.601177
96,62,13484.823303
96,63,13241.488964
96,64,13210.249308
96,67,13134.556807
97,44,25433.432747
97,45,20324.787239
97,46,16695.123535
97,47,16176.833039
97,48,15988.291496
97,50,15318.826873
97,52,14594.214060
97,54,13827.704798
97,57,13729.490584
97,58,13527.502254
97,62,13484.823303
97,63,13241.488964
97,64,13210.249308
97,67,13134.556807
97,70,13117.050671
98,44,25433.432747
98,45,20324.787239
98,46,16695.123535
98,47,16176.833039
98,48,15988.291496
98,50,15318.826873
98,52,14594.214060
98,53,14494.879127
98,54,13827.704798
98,57,13729.490584
98,58,13527.502254
98,61,13510.832482
98,62,13484.823303
98,63,13241.488964
98,64,13210.249308
98,67,13134.556807
98,70,13117.050671
98,76,13087.975234
99,44,25433.432747
99,45,20324.787239
99,46,16695.123535
99,47,16176.833039
99,48,15988.291496
99,50,15318.826873
99,51,14960.215883
99,52,14511.933505
99,53,14446.466362
99,54,13827.704798
99,57,13724.053986
99,58,13380.044562
99,63,13209.241159
99,64,13207.775139
99,67,13102.312891
99,69,13039.273801
100,44,25433.432747
100,45,20324.787239
100,46,16695.123535
100,47,16176.833039
100,48,15988.291496
100,50,15318.826873
100,51,14960.215883
100,52,14511.933505
100,53,14446.466362
100,54,13827.704798
100,57,13724.053986
100,58,13380.044562
100,63,13209.241159
100,64,13207.775139
100,67,13102.312891
100,69,13039.273801
101,44,25433.432747
101,45,20324.787239
101,46,16695.123535
101,47,16176.833039
101,48,15988.291496
101,50,15318.826873
101,51,14960.215883
101,52,14511.933505
101,53,14446.466362
101,54,13827.704798
101,57,13724.053986
101,58,13380.044562
101,63,13209.241159
101,64,13207.775139
101,67,13102.312891
101,69,13039.273801
102,44,25433.432747
102,45,20324.787239
102,46,16695.123535
102,47,16176.833039
102,48,15988.291496
102,49,15698.367693
102,50,15318.826873
102,51,14960.215883
102,52,14511.933505
102,53,14396.104531
102,54,13721.511206
102,58,13380.044562
102,63,13209.241159
102,64,13207.775139
102,67,13102.312891
102,69,13039.273801
103,44,25433.432747
103,45,20324.787239
103,46,16695.123535
103,47,16176.833039
103,48,15988.291496
103,49,15698.367693
103,50,15318.826873
103,51,14960.215883
103,52,14348.823362
103,54,13652.914057
103,58,13349.516715
103,62,13203.326185
103,63,13135.963311
103,67,13076.188817
103,69,13028.526375
104,44,25433.432747
104,45,16835.361043
104,46,16695.123535
104,47,16176.833039
104,48,15843.062516
104,49,15399.196353
104,50,15318.826873
104,51,14960.215883
104,52,14348.823362
104,54,13652.914057
104,58,13349.516715
104,61,13340.608847
104,62,13203.326185
104,63,13135.963311
104,67,13076.188817
104,69,13028.526375
105,44,25433.432747
105,45,16835.361043
105,46,16695.123535
105,47,16176.833039
105,48,15843.062516
105,49,15399.196353
105,50,15318.826873
105,51,14960.215883
105,52,14348.823362
105,54,13652.914057
105,58,13349.516715
105,61,13340.608847
105,62,13203.326185
105,63,13135.963311
105,67,13076.188817
105,69,13028.526375
106,44,25433.432747
106,45,16835.361043
106,46,16695.123535
106,47,16176.833039
106,48,15843.062516
106,49,15399.196353
106,50,15318.826873
106,51,14960.215883
106,52,14348.823362
106,54,13652.914057
106,58,13349.516715
106,61,13340.608847
106,62,13203.326185
106,63,13123.723799
106,67,13076.188817
106,69,13028.526375
107,44,25433.432747
107,45,16835.361043
107,46,16695.123535
107,47,16176.833039
107,48,15843.062516
107,49,15100.432827
107,51,14950.652529
107,52,14348.823362
107,54,13549.408558
107,58,13262.161247
107,61,13165.842222
107,62,13080.853109
107,67,13040.554817
107,69,12986.744506
108,44,25433.432747
108,45,16835.361043
108,46,16586.725845
108,47,16176.833039
108,48,15843.062516
108,49,15100.432827
108,51,14950.652529
108,52,14348.823362
108,54,13549.408558
108,58,13262.161247
108,61,13165.842222
108,62,13080.853109
108,66,12979.809025
109,44,25225.480473
109,45,16835.361043
109,46,16586.725845
109,47,16176.833039
109,48,15843.062516
109,49,15100.432827
109,51,14950.652529
109,52,14325.557686
109,54,13549.408558
109,58,13262.161247
109,61,13165.842222
109,62,13080.853109
109,66,12979.809025
109,70,12891.076761
110,44,25225.480473
110,45,16835.361043
110,46,16586.725845
110,47,16176.833039
110,48,15843.062516
110,49,15100.432827
110,51,14950.652529
110,52,14325.557686
110,54,13549.408558
110,58,13262.161247
110,61,13165.842222
110,62,13080.853109
110,66,12979.809025
110,70,12891.076761
111,43,21104.859065
111,45,16633.040783
111,46,16586.725845
111,47,16176.833039
111,48,15096.237353
111,50,14532.171440
111,52,14270.601065
111,54,13464.880255
111,58,13258.609060
111,61,13165.842222
111,62,13059.315629
111,66,12972.001877
111,70,12890.768159
112,43,21104.859065
112,45,16633.040783
112,46,16297.719136
112,47,16176.833039
112,48,15096.237353
112,50,14532.171440
112,52,14270.601065
112,54,13464.880255
112,58,13258.609060
112,61,13165.842222
112,62,13059.315629
112,66,12972.001877
112,70,12890.768159
113,43,21104.859065
113,45,16633.040783
113,46,16297.719136
113,47,16176.833039
113,48,15096.237353
113,50,14532.171440
113,52,14270.601065
113,54,13464.880255
113,58,13258.609060
113,61,13165.842222
113,62,13059.315629
113,66,12972.001877
113,70,12890.768159
114,43,21104.859065
114,45,16633.040783
114,46,16297.719136
114,47,16176.833039
114,48,15096.237353
114,50,14532.171440
114,52,14270.601065
114,54,13464.880255
114,58,13258.609060
114,61,13121.636734
114,62,13059.315629
114,66,12972.001877
114,69,12846.014953
115,43,21104.859065
115,44,16326.124453
115,46,16297.719136
115,47,15095.147825
115,50,14479.297890
115,52,14255.106722
115,54,13464.880255
115,58,13245.417996
115,61,13051.837467
115,66,12879.772073
115,69,12846.014953
116,43,21104.859065
116,44,16326.124453
116,46,16293.870995
116,47,15095.147825
116,50,14479.297890
116,52,14255.106722
116,54,13464.880255
116,56,13426.372134
116,57,13384.514700
116,58,13226.379858
116,61,13051.837467
116,66,12879.772073
116,69,12846.014953
117,43,21104.859065
117,44,16326.124453
117,46,16293.870995
117,47,15095.147825
117,50,14479.297890
117,52,14255.106722
117,54,13464.880255
117,56,13426.372134
117,57,13384.514700
117,58,13226.379858
117,61,13051.837467
117,66,12879.772073
117,69,12846.014953
118,43,21104.859065
118,44,16326.124453
118,46,16293.870995
118,47,15095.147825
118,50,14479.297890
118,52,14255.106722
118,54,13464.880255
118,56,13426.372134
118,57,13384.514700
118,58,13226.379858
118,60,13196.044858
118,61,13051.837467
118,66,12879.772073
118,69,12846.014953
119,43,21104.859065
119,44,16326.124453
119,46,16001.092303
119,47,15095.147825
119,50,14391.225121
119,51,14089.342238
119,54,13420.616013
119,56,13336.174007
119,58,13189.091972
119,61,12998.323700
119,66,12879.772073
119,69,12846.014953
120,43,21104.859065
120,44,16326.124453
120,46,16001.092303
120,47,15095.147825
120,50,14391.225121
120,51,14089.342238
120,52,13857.045412
120,54,13420.616013
120,56,13336.174007
120,58,13189.091972
120,61,12998.323700
120,66,12879.772073
120,69,12846.014953
121,43,21104.859065
121,44,16326.124453
121,46,16001.092303
121,47,15095.147825
121,50,14391.225121
121,51,14089.342238
121,52,13857.045412
121,54,13420.616013
121,56,13336.174007
121,58,13189.091972
121,61,12998.323700
121,66,12879.772073
121,69,12846.014953
122,42,17887.143145
122,44,16326.124453
122,46,16001.092303
122,47,15095.147825
122,50,14391.225121
122,51,14089.342238
122,52,13857.045412
122,54,13420.616013
122,56,13336.174007
122,58,13189.091972
122,61,12998.323700
122,66,12879.772073
122,69,12846.014953
123,42,17887.143145
123,44,16326.124453
123,46,16001.092303
123,47,15095.147825
123,49,14303.783933
123,51,14041.503351
123,52,13840.459162
123,54,13359.621566
123,56,13325.911579
123,58,13175.379951
123,61,12998.323700
123,66,12879.772073
123,69,12843.641603
124,42,17887.143145
124,44,16326.124453
124,46,16001.092303
124,47,15095.147825
124,49,14303.783933
124,51,14041.503351
124,52,13840.459162
124,54,13359.621566
124,56,13325.911579
124,58,13175.379951
124,61,12998.323700
124,66,12879.772073
124,69,12843.641603
125,42,17887.143145
125,43,17042.385128
125,44,16326.124453
125,46,16001.092303
125,47,15095.147825
125,49,14303.783933
125,51,14041.503351
125,52,13840.459162
125,54,13359.621566
125,56,13325.911579
125,57,13291.096459
125,58,13175.379951
125,61,12998.323700
125,66,12879.772073
125,69,12843.641603
125,70,12840.530189
126,42,17887.143145
126,43,17042.385128
126,44,16326.124453
126,46,16001.092303
126,47,15095.147825
126,48,14796.969119
126,49,14303.783933
126,51,14041.503351
126,52,13840.459162
126,54,13359.621566
126,56,13325.911579
126,57,13291.096459
126,58,13175.379951
126,61,12998.323700
126,66,12879.772073
126,69,12843.641603
126,70,12840.530189
127,42,17887.143145
127,43,17042.385128
127,44,16326.124453
127,46,16001.092303
127,47,15095.147825
127,48,14796.969119
127,49,14303.783933
127,51,14018.506898
127,52,13840.459162
127,54,13359.621566
127,56,13321.881504
127,57,13288.065508
127,58,13164.688752
127,60,12991.299535
127,65,12903.510714
127,66,12824.614736
127,69,12807.832371
128,42,17887.143145
128,43,17042.385128
128,44,16326.124453
128,46,16001.092303
128,47,15095.147825
128,48,14796.969119
128,49,14303.783933
128,51,14018.506898
128,52,13840.459162
128,54,13359.621566
128,56,13321.881504
128,57,13288.065508
128,58,13164.688752
128,60,12991.299535
128,65,12903.510714
128,66,12824.614736
128,69,12807.832371
129,42,17887.143145
129,43,17042.385128
129,44,16326.124453
129,46,16001.092303
129,47,15095.147825
129,48,14796.969119
129,49,14303.783933
129,51,14018.506898
129,52,13840.459162
129,54,13359.621566
129,56,13321.881504
129,57,13288.065508
129,58,13164.688752
129,60,12991.299535
129,65,12903.510714
129,66,12824.614736
129,69,12807.832371
130,42,17887.143145
130,43,17042.385128
130,44,16326.124453
130,45,16027.847553
130,46,16001.092303
130,47,15095.147825
130,48,14796.969119
130,49,14303.783933
130,51,14018.506898
130,52,13840.459162
130,54,13359.621566
130,56,13321.881504
130,57,13288.065508
130,58,13164.688752
130,60,12991.299535
130,65,12903.510714
130,66,12824.614736
130,69,12807.832371
131,42,17887.143145
131,43,17042.385128
131,44,16326.124453
131,45,16027.847553
131,46,16001.092303
131,47,15095.147825
131,48,14796.969119
131,49,14303.783933
131,51,13811.969506
131,54,13356.593728
131,56,13293.805479
131,57,13288.065508
131,58,13162.914930
131,60,12952.843457
131,65,12903.510714
131,66,12813.234213
131,69,12806.709588
132,42,17887.143145
132,43,17042.385128
132,44,16326.124453
132,45,16027.847553
132,46,14930.643209
132,48,14796.969119
132,49,14303.783933
132,51,13811.969506
132,54,13356.593728
132,56,13293.805479
132,57,13288.065508
132,58,13162.914930
132,60,12952.843457
132,63,12881.004485
132,66,12813.234213
132,69,12806.709588
133,42,17887.143145
133,43,17042.385128
133,44,16326.124453
133,45,16027.847553
133,46,14930.643209
133,48,14796.969119
133,49,14303.783933
133,50,14158.337328
133,51,13811.969506
133,54,13356.593728
133,56,13293.805479
133,57,13288.065508
133,58,13162.914930
133,60,12952.843457
133,63,12881.004485
133,66,12813.234213
133,69,12806.709588
133,71,12791.264520
134,42,17512.854535
134,43,17042.385128
134,44,16326.124453
134,45,16027.847553
134,46,14930.643209
134,48,14796.969119
134,49,14303.783933
134,50,14158.337328
134,51,13811.969506
134,54,13356.593728
134,56,13293.805479
134,57,13288.065508
134,58,13162.914930
134,60,12952.843457
134,63,12881.004485
134,66,12813.234213
134,69,12806.709588
134,71,12791.264520
135,41,18505.210480
135,42,17512.854535
135,43,17042.385128
135,44,16326.124453
135,45,16027.847553
135,46,14930.643209
135,48,14796.969119
135,49,14303.783933
135,50,14158.337328
135,51,13805.950698
135,54,13356.593728
135,56,13293.805479
135,57,13288.065508
135,58,13162.914930
135,60,12901.462244
135,63,12842.865386
135,65,12774.786990
136,41,17886.104639
136,42,17512.854535
136,43,17042.385128
136,44,16326.124453
136,45,15772.465170
136,46,14930.643209
136,48,14796.969119
136,49,14303.783933
136,50,14158.337328
136,51,13805.950698
136,54,13356.593728
136,56,13293.805479
136,57,13288.065508
136,58,13162.914930
136,60,12901.462244
136,63,12842.865386
136,65,12774.786990
137,41,17886.104639
137,42,17512.854535
137,43,16760.689912
137,44,15932.578276
137,45,15772.465170
137,46,14930.643209
137,48,14796.969119
137,49,14303.783933
137,50,14158.337328
137,51,13805.950698
137,54,13356.593728
137,56,13293.805479
137,57,13288.065508
137,58,13162.914930
137,60,12901.462244
137,63,12842.865386
137,65,12774.786990
138,41,17886.104639
138,42,17512.854535
138,43,16760.689912
138,44,15932.578276
138,45,15772.465170
138,46,14930.643209
138,48,14796.969119
138,49,14303.783933
138,50,14158.337328
138,51,13805.950698
138,54,13356.593728
138,56,13293.805479
138,57,13288.065508
138,58,13162.914930
138,60,12901.462244
138,63,12842.865386
138,65,12774.786990
139,41,17886.104639
139,42,17512.854535
139,43,16760.689912
139,44,15932.578276
139,45,15772.465170
139,46,14930.643209
139,48,14796.969119
139,49,14303.783933
139,50,14106.806830
139,51,13805.950698
139,54,13353.846628
139,56,13290.092503
139,57,13285.707199
139,58,13162.914930
139,60,12871.912280
139,63,12840.250282
139,65,12774.786990
140,41,17799.282918
140,42,17512.854535
140,43,16760.689912
140,44,15932.578276
140,45,15772.465170
140,46,14565.223592
140,49,14303.783933
140,50,14106.806830
140,51,13805.950698
140,54,13353.846628
140,56,13290.092503
140,57,13285.707199
140,58,13162.914930
140,60,12871.912280
140,63,12840.250282
140,65,12774.786990
141,41,17799.282918
141,42,17512.854535
141,43,16760.689912
141,44,15932.578276
141,45,15772.465170
141,46,14565.223592
141,49,14303.783933
141,50,14106.806830
141,51,13805.950698
141,53,13555.492379
141,54,13353.846628
141,56,13290.092503
141,57,13285.707199
141,58,13162.914930
141,60,12871.912280
141,63,12840.250282
141,65,12774.786990
142,39,19839.439963
142,40,18679.328963
142,41,17799.282918
142,42,17512.854535
142,43,16760.689912
142,44,15932.578276
142,45,15772.465170
142,46,14565.223592
142,49,14303.783933
142,50,14106.806830
142,51,13805.950698
142,53,13555.492379
142,54,13353.846628
142,56,13290.092503
142,57,13285.707199
142,58,13162.914930
142,60,12871.912280
142,62,12845.982879
142,63,12840.250282
142,65,12774.786990
143,39,19839.439963
143,40,18679.328963
143,41,17799.282918
143,42,17512.854535
143,43,16760.689912
143,44,15932.578276
143,45,15772.465170
143,46,14565.223592
143,49,14303.783933
143,50,14106.806830
143,51,13805.950698
143,53,13516.275182
143,54,13353.846628
143,55,13331.487095
143,56,13252.451165
143,58,13157.313983
143,60,12855.421609
143,61,12815.973083
143,63,12813.629004
143,65,12761.748978
144,39,19839.439963
144,40,18679.328963
144,41,17799.282918
144,42,17512.854535
144,43,16760.689912
144,44,15932.578276
144,45,15772.465170
144,46,14565.223592
144,49,14303.783933
144,50,14106.806830
144,51,13805.950698
144,52,13339.699500
144,55,13331.487095
144,56,13252.451165
144,58,13157.313983
144,59,13045.672368
144,60,12855.421609
144,61,12815.973083
144,63,12813.629004
144,65,12761.748978
145,39,19839.439963
145,40,18679.328963
145,41,17196.717671
145,43,16760.689912
145,44,15932.578276
145,45,15772.465170
145,46,14565.223592
145,49,14303.783933
145,50,14106.806830
145,51,13805.950698
145,52,13339.699500
145,55,13331.487095
145,56,13252.451165
145,58,13157.313983
145,59,13045.672368
145,60,12855.421609
145,61,12815.973083
145,63,12813.629004
145,65,12761.748978
146,39,19839.439963
146,40,18679.328963
146,41,17196.717671
146,43,16760.689912
146,44,15932.578276
146,45,15772.465170
146,46,14565.223592
146,49,14303.783933
146,50,14106.806830
146,51,13805.950698
146,52,13339.699500
146,55,13331.487095
146,56,13252.451165
146,58,13157.313983
146,59,13045.672368
146,60,12855.421609
146,61,12815.973083
146,63,12813.629004
146,65,12761.748978
147,39,19839.439963
147,40,18679.328963
147,41,17196.717671
147,43,16760.689912
147,44,15932.578276
147,45,15772.465170
147,46,14565.223592
147,49,14303.783933
147,50,14106.806830
147,51,13794.807403
147,52,13318.076084
147,56,13252.451165
147,58,13157.313983
147,59,13013.873801
147,60,12844.371725
147,61,12797.646215
147,65,12761.284544
148,39,19839.439963
148,40,18679.328963
148,41,17196.717671
148,43,16760.689912
148,44,15932.578276
148,45,15772.465170
148,46,14565.223592
148,49,14303.783933
148,50,14106.806830
148,51,13794.807403
148,52,13318.076084
148,56,13220.135384
148,58,13157.313983
148,59,13013.873801
148,60,12844.371725
148,61,12797.646215
148,65,12761.284544
149,39,19839.439963
149,40,18679.328963
149,41,17196.717671
149,43,16760.689912
149,44,15932.578276
149,45,15690.596523
149,46,14565.223592
149,48,14370.127000
149,49,14303.783933
149,50,14106.806830
149,51,13794.807403
149,52,13318.076084
149,56,13220.135384
149,58,13157.313983
149,59,13013.873801
149,60,12844.371725
149,61,12797.646215
149,65,12761.284544
150,39,19839.439963
150,40,18679.328963
150,41,17196.717671
150,43,16760.689912
150,44,15932.578276
150,45,15690.596523
150,46,14565.223592
150,48,14370.127000
150,49,14172.686969
150,50,14106.806830
150,51,13794.807403
150,52,13318.076084
150,56,13220.135384
150,58,13157.313983
150,59,13013.873801
150,60,12844.371725
150,61,12797.646215
150,64,12779.628683
150,65,12761.284544
151,39,19839.439963
151,40,18150.953692
151,41,17180.415398
151,42,17114.344216
151,43,16760.689912
151,44,15932.578276
151,45,15690.596523
151,46,14565.223592
151,47,14445.804870
151,48,14370.127000
151,49,14172.686969
151,50,14106.806830
151,51,13794.807403
151,52,13315.738688
151,56,13220.135384
151,57,13154.206408
151,58,13134.243193
151,59,13007.434697
151,60,12842.317592
151,61,12745.675533
151,65,12689.920043
152,39,19839.439963
152,40,18150.953692
152,41,17180.415398
152,42,17114.344216
152,43,16760.689912
152,44,15932.578276
152,45,15690.596523
152,46,14565.223592
152,47,14445.804870
152,48,14370.127000
152,49,14172.686969
152,50,14106.806830
152,51,13794.807403
152,52,13315.738688
152,54,13136.422760
152,58,13134.243193
152,59,13007.434697
152,60,12842.317592
152,61,12745.675533
152,64,12727.658001
152,65,12689.920043
153,39,19839.439963
153,40,18150.953692
153,41,17180.415398
153,42,17114.344216
153,43,16760.689912
153,44,15932.578276
153,45,15690.596523
153,46,14565.223592
153,47,14445.804870
153,48,14370.127000
153,49,14172.686969
153,50,14106.806830
153,51,13688.367028
153,52,13315.738688
153,54,13136.422760
153,58,13134.243193
153,59,13007.434697
153,60,12842.317592
153,61,12745.675533
153,64,12727.658001
153,65,12689.920043
153,67,12681.826249
154,39,19839.439963
154,40,18150.953692
154,41,17180.415398
154,42,17114.344216
154,43,16760.689912
154,44,15932.578276
154,45,15690.596523
154,46,14565.223592
154,47,14445.804870
154,48,14370.127000
154,49,14172.686969
154,50,14067.044263
154,51,13688.367028
154,52,13315.738688
154,54,13136.422760
154,56,12996.966897
154,60,12842.317592
154,61,12745.675533
154,64,12640.377115
155,39,19839.439963
155,40,18150.953692
155,41,17180.415398
155,42,17114.344216
155,43,16760.689912
155,44,15932.578276
155,45,15690.596523
155,46,14565.223592
155,47,14445.804870
155,48,14370.127000
155,49,13991.518257
155,51,13581.836801
155,52,13294.775714
155,54,13115.815548
155,56,12971.225661
155,60,12772.553964
155,61,12701.899595
155,64,12639.001396
156,39,19839.439963
156,40,18150.953692
156,41,16935.247771
156,43,16760.689912
156,44,15932.578276
156,45,15690.596523
156,46,14565.223592
156,47,14445.804870
156,48,14370.127000
156,49,13991.518257
156,51,13581.836801
156,52,13294.775714
156,54,13115.815548
156,56,12971.225661
156,60,12772.553964
156,61,12701.899595
156,64,12639.001396
157,39,19839.439963
157,40,17257.323795
157,41,16935.247771
157,43,16760.689912
157,44,15932.578276
157,45,15690.596523
157,46,14565.223592
157,47,14445.804870
157,48,14370.127000
157,49,13991.518257
157,51,13581.836801
157,52,13294.775714
157,54,13115.815548
157,56,12971.225661
157,60,12772.553964
157,61,12701.899595
157,64,12639.001396
158,39,19839.439963
158,40,17257.323795
158,41,16935.247771
158,43,16521.357802
158,44,15932.578276
158,45,15496.016657
158,46,14565.223592
158,47,14445.804870
158,48,14370.127000
158,49,13991.518257
158,51,13581.836801
158,52,13294.775714
158,54,13115.815548
158,56,12971.225661
158,60,12772.553964
158,61,12701.899595
158,63,12644.226220
158,64,12639.001396
159,39,19610.076217
159,40,17257.323795
159,41,16935.247771
159,43,16521.357802
159,44,15932.578276
159,45,15496.016657
159,46,14565.223592
159,47,14445.804870
159,48,14236.468334
159,49,13973.048779
159,51,13374.985385
159,52,13294.775714
159,54,13065.498650
159,56,12968.461605
159,60,12757.561898
159,61,12667.075443
159,63,12635.085195
159,64,12621.519233
160,39,19610.076217
160,40,17257.323795
160,41,16935.247771
160,43,16521.357802
160,44,15932.578276
160,45,15496.016657
160,46,14565.223592
160,47,14445.804870
160,48,14236.468334
160,49,13973.048779
160,51,13374.985385
160,52,13294.775714
160,54,13065.498650
160,56,12968.461605
160,60,12757.561898
160,61,12667.075443
160,63,12635.085195
160,64,12621.519233
161,39,19610.076217
161,40,17147.304489
161,41,16729.020432
161,43,16521.357802
161,44,15932.578276
161,45,15496.016657
161,46,14565.223592
161,47,14445.804870
161,48,14236.468334
161,49,13973.048779
161,51,13374.985385
161,52,13294.775714
161,54,13065.498650
161,56,12968.461605
161,60,12757.561898
161,61,12667.075443
161,63,12635.085195
161,64,12621.519233
162,39,19610.076217
162,40,17147.304489
162,41,16729.020432
162,43,16521.357802
162,44,15759.412342
162,45,15496.016657
162,46,14565.223592
162,47,14445.804870
162,48,14236.468334
162,49,13973.048779
162,51,13374.985385
162,52,13294.775714
162,54,13065.498650
162,56,12968.461605
162,58,12924.160854
162,60,12757.561898
162,61,12667.075443
162,63,12633.937209
162,64,12621.519233
163,39,19610.076217
163,40,17147.304489
163,41,16729.020432
163,43,16521.357802
163,44,15759.412342
163,45,15496.016657
163,46,14565.223592
163,47,14445.804870
163,48,14236.468334
163,49,13970.499651
163,51,13374.985385
163,52,13294.775714
163,53,13022.036626
163,56,12964.368270
163,58,12919.630540
163,60,12757.561898
163,61,12667.075443
163,63,12538.365613
164,38,19446.242715
164,40,17147.304489
164,41,16729.020432
164,43,16521.357802
164,44,15068.972906
164,46,14565.223592
164,47,14445.804870
164,48,14236.468334
164,49,13970.499651
164,51,13374.985385
164,52,13294.775714
164,53,13022.036626
164,56,12964.368270
164,58,12919.630540
164,60,12757.561898
164,61,12667.075443
164,63,12538.365613
165,38,19446.242715
165,40,17147.304489
165,41,16729.020432
165,43,16521.357802
165,44,15068.972906
165,45,14328.186494
165,48,14236.468334
165,49,13970.499651
165,51,13374.985385
165,52,13294.775714
165,53,13022.036626
165,56,12964.368270
165,58,12919.630540
165,60,12757.561898
165,61,12667.075443
165,63,12538.365613
166,38,19446.242715
166,40,17019.809932
166,41,16729.020432
166,43,16521.357802
166,44,15068.972906
166,45,14328.186494
166,48,14236.468334
166,49,13970.499651
166,51,13374.985385
166,52,13294.775714
166,53,13022.036626
166,56,12964.368270
166,58,12919.630540
166,59,12867.103781
166,60,12757.561898
166,61,12667.075443
166,63,12538.365613
167,38,19446.242715
167,40,17019.809932
167,41,16729.020432
167,42,16605.835233
167,43,16521.357802
167,44,15068.972906
167,45,14328.186494
167,48,14236.468334
167,49,13945.101410
167,51,13363.365760
167,52,13294.775714
167,53,13018.787681
167,56,12956.972556
167,58,12882.855605
167,59,12866.704851
167,60,12750.085349
167,61,12658.314605
167,63,12531.100494
168,38,19446.242715
168,40,17019.809932
168,41,16729.020432
168,42,16605.835233
168,43,16521.357802
168,44,15068.972906
168,45,14328.186494
168,48,14236.468334
168,49,13945.101410
168,51,13363.365760
168,52,13294.775714
168,53,13018.787681
168,56,12956.972556
168,58,12882.855605
168,59,12866.704851
168,60,12750.085349
168,61,12658.314605
168,63,12531.100494
169,38,19446.242715
169,40,17019.809932
169,41,16729.020432
169,42,16605.835233
169,43,16521.357802
169,44,15068.972906
169,45,14328.186494
169,48,14236.468334
169,49,13945.101410
169,51,13363.365760
169,52,13050.103196
169,53,13018.787681
169,56,12956.972556
169,58,12882.855605
169,59,12810.979607
169,60,12750.085349
169,61,12658.314605
169,63,12531.100494
170,38,19446.242715
170,40,17019.809932
170,41,16729.020432
170,42,16605.835233
170,43,16521.357802
170,44,14961.730717
170,45,14328.186494
170,48,14236.468334
170,49,13945.101410
170,50,13245.635111
170,52,13050.103196
170,53,13018.787681
170,56,12956.972556
170,58,12882.855605
170,59,12810.979607
170,60,12750.085349
170,61,12658.314605
170,63,12531.100494
171,38,19446.242715
171,40,16690.423386
171,42,16468.682301
171,43,15204.771953
171,44,14961.730717
171,45,14328.186494
171,48,14236.468334
171,49,13909.742650
171,50,13232.103554
171,52,13014.805142
171,56,12907.462250
171,58,12819.756757
171,59,12792.634064
171,60,12732.186758
171,61,12648.463436
171,62,12524.414870
172,38,19446.242715
172,40,16690.423386
172,41,16386.338928
172,43,15204.771953
172,44,14961.730717
172,45,14328.186494
172,48,14236.468334
172,49,13909.742650
172,50,13232.103554
172,52,13014.805142
172,56,12907.462250
172,58,12819.756757
172,59,12792.634064
172,60,12732.186758
172,61,12648.463436
172,62,12524.414870
173,38,19446.242715
173,39,19042.361306
173,40,16690.423386
173,41,16386.338928
173,43,15204.771953
173,44,14961.730717
173,45,14328.186494
173,47,14323.414903
173,48,14236.468334
173,49,13909.742650
173,50,13232.103554
173,52,13014.805142
173,54,12875.349279
173,58,12788.687774
173,60,12732.186758
173,61,12648.463436
173,62,12524.414870
174,38,19446.242715
174,39,19042.361306
174,40,16690.423386
174,41,16317.238177
174,43,15204.771953
174,44,14961.730717
174,45,14328.186494
174,47,14323.414903
174,48,14236.468334
174,49,13909.742650
174,50,13232.103554
174,52,13014.805142
174,54,12875.349279
174,58,12788.687774
174,60,12732.186758
174,61,12648.463436
174,62,12524.414870
175,38,19446.242715
175,39,19042.361306
175,40,16690.423386
175,41,16317.238177
175,43,15204.771953
175,44,14961.730717
175,45,14328.186494
175,46,14280.693556
175,48,14236.468334
175,49,13200.536323
175,52,13014.805142
175,54,12875.349279
175,58,12693.780179
175,60,12628.080987
175,62,12524.414870
176,38,19446.242715
176,39,19042.361306
176,40,16690.423386
176,41,16317.238177
176,43,15204.771953
176,44,14961.730717
176,45,14328.186494
176,46,14280.693556
176,48,14236.468334
176,49,13200.536323
176,52,13014.805142
176,54,12875.349279
176,58,12693.780179
176,60,12628.080987
176,62,12524.414870
177,38,19446.242715
177,39,19042.361306
177,40,16690.423386
177,41,16317.238177
177,43,15204.771953
177,44,14961.730717
177,45,14328.186494
177,46,14280.693556
177,48,14236.468334
177,49,13200.536323
177,52,13014.805142
177,54,12875.349279
177,56,12853.472304
177,58,12693.780179
177,60,12628.080987
177,62,12524.414870
178,38,19446.242715
178,39,19042.361306
178,40,16690.423386
178,41,16317.238177
178,43,15204.771953
178,44,14961.730717
178,45,13839.316125
178,49,13200.536323
178,51,13092.653818
178,52,13014.805142
178,54,12875.349279
178,56,12853.472304
178,58,12693.780179
178,60,12628.080987
178,62,12524.414870
179,38,19446.242715
179,39,19042.361306
179,40,16690.423386
179,41,15789.594345
179,43,15204.771953
179,44,14484.466028
179,45,13839.316125
179,49,13200.536323
179,51,13075.996723
179,52,13011.534620
179,54,12870.878943
179,56,12776.724105
179,58,12676.111125
179,59,12607.465497
179,62,12521.196517
180,38,19446.242715
180,39,16661.963372
180,41,15789.594345
180,43,15204.771953
180,44,14484.466028
180,45,13839.316125
180,49,13200.536323
180,51,13075.996723
180,52,13011.534620
180,53,12990.681589
180,54,12870.878943
180,56,12776.724105
180,58,12676.111125
180,59,12607.465497
180,62,12521.196517
181,38,19446.242715
181,39,16661.963372
181,41,15789.594345
181,43,15204.771953
181,44,14484.466028
181,45,13839.316125
181,49,13200.536323
181,51,13075.996723
181,52,13011.534620
181,53,12990.681589
181,54,12870.878943
181,56,12776.724105
181,58,12676.111125
181,59,12607.465497
181,62,12521.196517
182,38,19446.242715
182,39,16661.963372
182,41,15789.594345
182,43,15204.771953
182,44,14484.466028
182,45,13839.316125
182,48,13627.736806
182,49,13200.536323
182,50,13134.624416
182,51,13075.996723
182,52,13011.534620
182,53,12990.681589
182,54,12870.878943
182,56,12776.724105
182,58,12676.111125
182,59,12607.465497
182,62,12521.196517
183,38,19446.242715
183,39,16661.963372
183,41,15789.594345
183,43,15204.771953
183,44,14484.466028
183,45,13839.316125
183,48,13185.534166
183,50,13121.313116
183,51,13074.963183
183,52,12954.100382
183,54,12852.687439
183,56,12776.724105
183,58,12667.488957
183,59,12582.323453
183,62,12520.072221
184,38,19446.242715
184,39,16661.963372
184,41,15789.594345
184,43,15204.771953
184,44,14484.466028
184,45,13839.316125
184,48,13185.534166
184,50,13121.313116
184,51,13074.963183
184,52,12954.100382
184,54,12852.687439
184,56,12776.724105
184,58,12667.488957
184,59,12582.323453
184,62,12520.072221
185,38,19446.242715
185,39,16661.963372
185,41,15789.594345
185,43,15204.771953
185,44,14484.466028
185,45,13839.316125
185,48,13185.534166
185,50,13121.313116
185,51,13074.963183
185,52,12954.100382
185,54,12852.687439
185,56,12776.724105
185,58,12667.488957
185,59,12582.323453
185,62,12520.072221
186,38,19446.242715
186,39,16661.963372
186,41,15789.594345
186,43,15204.771953
186,44,14484.466028
186,45,13839.316125
186,48,13185.534166
186,50,13121.313116
186,51,13074.963183
186,52,12954.100382
186,54,12852.687439
186,56,12776.724105
186,58,12667.488957
186,59,12582.323453
186,62,12520.072221
187,38,19446.242715
187,39,16661.963372
187,41,15789.594345
187,43,15204.771953
187,44,14484.466028
187,45,13839.316125
187,48,13175.478675
187,49,13079.114665
187,51,13067.893867
187,52,12954.100382
187,54,12815.499655
187,56,12638.962935
187,58,12633.174000
187,59,12582.323453
187,62,12518.716721
188,38,19446.242715
188,39,16532.122658
188,41,15789.594345
188,43,15204.771953
188,44,14484.466028
188,45,13839.316125
188,48,13175.478675
188,49,13079.114665
188,51,13067.893867
188,52,12954.100382
188,54,12815.499655
188,56,12638.962935
188,58,12633.174000
188,59,12582.323453
188,62,12518.716721
189,38,19446.242715
189,39,16532.122658
189,41,15789.594345
189,43,15204.771953
189,44,14484.466028
189,45,13839.316125
189,48,13175.478675
189,49,13079.114665
189,51,13067.893867
189,52,12954.100382
189,54,12815.499655
189,56,12638.962935
189,58,12633.174000
189,59,12582.323453
189,62,12518.716721
190,38,19446.242715
190,39,16532.122658
190,41,15789.594345
190,43,15204.771953
190,44,14484.466028
190,45,13839.316125
190,48,13175.478675
190,49,13079.114665
190,51,13065.346478
190,52,12954.100382
190,54,12815.499655
190,56,12638.962935
190,58,12633.174000
190,59,12582.323453
190,62,12518.716721
191,38,19446.242715
191,39,16447.882050
191,41,15789.594345
191,43,14641.488109
191,44,14484.466028
191,45,13801.161114
191,48,13147.976657
191,49,12995.470144
191,50,12954.560176
191,52,12938.338003
191,54,12815.225087
191,56,12602.906118
191,59,12582.323453
191,62,12451.055612
192,38,19446.242715
192,39,16447.882050
192,40,16327.271645
192,41,15789.594345
192,43,14641.488109
192,44,14484.466028
192,45,13801.161114
192,48,13147.976657
192,49,12995.470144
192,50,12954.560176
192,52,12938.338003
192,54,12815.225087
192,56,12602.906118
192,59,12582.323453
192,62,12451.055612
193,38,19446.242715
193,39,16447.882050
193,40,16327.271645
193,41,15789.594345
193,43,14641.488109
193,44,14267.005339
193,45,13801.161114
193,48,13147.976657
193,49,12995.470144
193,50,12954.560176
193,52,12938.338003
193,54,12815.225087
193,56,12602.906118
193,59,12582.323453
193,62,12451.055612
194,38,19446.242715
194,39,16447.882050
194,40,16327.271645
194,41,15789.594345
194,43,14641.488109
194,44,14267.005339
194,45,13801.161114
194,48,13147.976657
194,49,12995.470144
194,50,12954.560176
194,52,12938.338003
194,54,12815.225087
194,56,12602.906118
194,59,12582.323453
194,62,12451.055612
195,38,19446.242715
195,39,16447.882050
195,40,16274.903652
195,41,15789.594345
195,43,14641.488109
195,44,14267.005339
195,45,13801.161114
195,48,13147.976657
195,49,12977.054936
195,50,12902.421286
195,54,12756.444072
195,56,12557.602349
195,62,12444.172182
196,38,19446.242715
196,39,16447.882050
196,40,16274.903652
196,41,15789.594345
196,43,14054.164757
196,45,13801.161114
196,48,13147.976657
196,49,12975.184902
196,50,12902.421286
196,54,12756.444072
196,56,12557.602349
196,62,12444.172182
197,38,16911.243979
197,39,16447.882050
197,40,16274.903652
197,41,15789.594345
197,43,14054.164757
197,45,13801.161114
197,48,13147.976657
197,49,12975.184902
197,50,12902.421286
197,54,12756.444072
197,56,12557.602349
197,62,12444.172182
198,38,16911.243979
198,39,16447.882050
198,40,16274.903652
198,41,15789.594345
198,43,14054.164757
198,45,13801.161114
198,48,13147.976657
198,49,12975.184902
198,50,12902.421286
198,54,12756.444072
198,56,12557.602349
198,62,12444.172182
199,38,16911.243979
199,39,16195.115448
199,41,15789.594345
199,42,15404.150305
199,43,14047.772243
199,45,13458.313328
199,48,13070.798283
199,49,12975.184902
199,50,12902.421286
199,53,12725.239637
199,56,12524.822370
199,62,12432.019624
200,38,16911.243979
200,39,15988.023668
200,41,15789.594345
200,42,15404.150305
200,43,14047.772243
200,45,13458.313328
200,48,13070.798283
200,49,12975.184902
200,50,12902.421286
200,53,12725.239637
200,56,12524.822370
200,62,12432.019624
201,38,16911.243979
201,39,15988.023668
201,41,15789.594345
201,42,15404.150305
201,43,14047.772243
201,45,13458.313328
201,48,13070.798283
201,49,12975.184902
201,50,12902.421286
201,53,12725.239637
201,56,12524.822370
201,62,12432.019624
202,38,16911.243979
202,39,15988.023668
202,41,15789.594345
202,42,15404.150305
202,43,14047.772243
202,45,13458.313328
202,48,13070.798283
202,49,12975.184902
202,50,12902.421286
202,53,12725.239637
202,56,12524.822370
202,62,12432.019624
203,38,16911.243979
203,39,15988.023668
203,40,15864.492102
203,41,15789.594345
203,42,15372.498301
203,43,14047.772243
203,45,13458.313328
203,47,13044.108947
203,49,12975.184902
203,50,12869.160103
203,53,12725.239637
203,54,12648.091162
203,56,12524.822370
203,62,12409.199676
204,38,16911.243979
204,39,15988.023668
204,40,15864.492102
204,41,15789.594345
204,42,15372.498301
204,43,14047.772243
204,45,13458.313328
204,47,13044.108947
204,49,12884.859589
204,50,12868.753920
204,53,12725.239637
204,54,12648.091162
204,56,12524.822370
204,62,12409.199676
205,38,16911.243979
205,39,15988.023668
205,40,15864.492102
205,41,15789.594345
205,42,15372.498301
205,43,14047.772243
205,44,13917.666618
205,45,13458.313328
205,47,13044.108947
205,48,12863.178997
205,49,12862.261184
205,53,12725.239637
205,54,12648.091162
205,56,12524.822370
205,62,12409.199676
206,38,16911.243979
206,39,15988.023668
206,40,15864.492102
206,41,15789.594345
206,42,15372.498301
206,43,14047.772243
206,44,13917.666618
206,45,13458.313328
206,47,13044.108947
206,48,12863.178997
206,49,12862.261184
206,53,12725.239637
206,54,12648.091162
206,56,12524.822370
206,62,12409.199676
207,38,16911.243979
207,39,15988.023668
207,40,15864.492102
207,41,15789.594345
207,42,15372.498301
207,43,14047.772243
207,44,13389.240783
207,46,13006.716262
207,48,12863.178997
207,49,12862.261184
207,53,12706.111859
207,54,12645.625066
207,56,12491.314474
207,61,12393.952356
208,38,16911.243979
208,39,15731.295581
208,42,15372.498301
208,43,14047.772243
208,44,13389.240783
208,46,13006.716262
208,48,12863.178997
208,49,12862.261184
208,53,12706.111859
208,54,12645.625066
208,56,12491.314474
208,61,12393.952356
209,38,16911.243979
209,39,15731.295581
209,42,15372.498301
209,43,14047.772243
209,44,13389.240783
209,46,13006.716262
209,48,12863.178997
209,49,12862.261184
209,53,12706.111859
209,54,12645.625066
209,56,12491.314474
209,61,12393.952356
210,38,16911.243979
210,39,15731.295581
210,42,14774.411787
210,43,13957.640436
210,44,13389.240783
210,46,13006.716262
210,48,12863.178997
210,49,12862.261184
210,53,12706.111859
210,54,12645.625066
210,56,12491.314474
210,61,12393.952356
211,38,16911.243979
211,39,15731.295581
211,40,15689.043339
211,42,14774.411787
211,43,13716.367088
211,44,13389.240783
211,46,13006.716262
211,48,12863.178997
211,49,12806.760873
211,53,12706.111859
211,54,12638.062472
211,56,12490.367583
211,61,12393.952356
212,38,16911.243979
212,39,15731.295581
212,40,15689.043339
212,41,15469.150958
212,42,14774.411787
212,43,13716.367088
212,44,13389.240783
212,46,13006.716262
212,48,12863.178997
212,49,12806.760873
212,52,12791.253867
212,53,12706.111859
212,54,12638.062472
212,56,12490.367583
212,61,12393.952356
213,38,16911.243979
213,39,15731.295581
213,40,15667.667087
213,41,15469.150958
213,42,14774.411787
213,43,13716.367088
213,44,13389.240783
213,46,13006.716262
213,47,12938.665237
213,48,12863.178997
213,49,12806.760873
213,52,12791.253867
213,53,12706.111859
213,54,12638.062472
213,56,12490.367583
213,61,12393.952356
214,38,16911.243979
214,39,15590.940721
214,41,15469.150958
214,42,14774.411787
214,43,13716.367088
214,44,13389.240783
214,46,13006.716262
214,47,12938.665237
214,48,12863.178997
214,49,12806.760873
214,52,12791.253867
214,53,12706.111859
214,54,12638.062472
214,56,12490.367583
214,61,12393.952356
215,38,16911.243979
215,39,15590.940721
215,41,15469.150958
215,42,14774.411787
215,43,13716.367088
215,44,13311.386574
215,46,12942.632049
215,47,12938.665237
215,48,12863.178997
215,49,12791.438002
215,52,12791.253867
215,53,12701.996336
215,54,12592.898884
215,56,12485.534005
215,61,12393.952356
216,38,16911.243979
216,39,15590.940721
216,41,15416.159345
216,42,14161.944965
216,43,13716.367088
216,44,13311.386574
216,46,12942.632049
216,47,12938.665237
216,48,12863.178997
216,49,12791.438002
216,52,12791.253867
216,53,12701.996336
216,54,12592.898884
216,56,12485.534005
216,61,12393.952356
217,38,16911.243979
217,39,15590.940721
217,40,15557.640629
217,41,15416.159345
217,42,14161.944965
217,43,13716.367088
217,44,13311.386574
217,46,12942.632049
217,47,12933.046816
217,48,12863.178997
217,49,12791.438002
217,52,12791.253867
217,53,12701.996336
217,54,12592.898884
217,56,12485.534005
217,61,12393.952356
218,38,15917.241779
218,39,15590.940721
218,40,15557.640629
218,41,15416.159345
218,42,14161.944965
218,43,13716.367088
218,44,13311.386574
218,46,12942.632049
218,47,12892.433082
218,48,12863.178997
218,49,12791.438002
218,52,12791.253867
218,53,12701.996336
218,54,12592.898884
218,56,12485.534005
218,61,12393.952356
219,38,15917.241779
219,39,15590.940721
219,40,15557.640629
219,41,15416.159345
219,42,14161.944965
219,43,13716.367088
219,44,13311.386574
219,46,12935.225217
219,47,12810.605611
219,49,12788.943765
219,51,12760.455211
219,52,12733.357018
219,53,12701.996336
219,54,12587.741044
219,56,12448.835574
219,61,12393.952356
220,38,15814.810181
220,39,15590.940721
220,40,15557.640629
220,41,15416.159345
220,42,14161.944965
220,43,13716.367088
220,44,13311.386574
220,46,12935.225217
220,47,12810.605611
220,49,12788.943765
220,51,12760.455211
220,52,12733.357018
220,53,12701.996336
220,54,12567.542937
220,56,12448.835574
220,61,12383.541024
221,38,15814.810181
221,39,15590.940721
221,40,15557.640629
221,41,15416.159345
221,42,14161.944965
221,43,13716.367088
221,44,13311.386574
221,46,12935.225217
221,47,12810.605611
221,49,12788.943765
221,51,12760.455211
221,52,12733.357018
221,53,12701.996336
221,54,12567.542937
221,56,12448.835574
221,61,12383.541024
222,38,15814.810181
222,39,15547.768452
222,41,15416.159345
222,42,14161.944965
222,43,13716.367088
222,44,13311.386574
222,46,12935.225217
222,47,12810.605611
222,49,12788.943765
222,51,12760.455211
222,52,12733.357018
222,53,12681.775922
222,54,12567.542937
222,56,12448.835574
222,61,12383.541024
223,38,15814.810181
223,39,15547.768452
223,41,15416.159345
223,42,14161.944965
223,43,13716.367088
223,44,13311.386574
223,46,12928.869004
223,47,12794.816173
223,49,12771.620618
223,51,12743.264904
223,52,12730.668031
223,53,12673.728620
223,54,12566.931127
223,55,12437.333088
223,61,12362.020171
224,38,15629.210209
224,39,15547.768452
224,40,15417.599387
224,41,15416.159345
224,42,14161.944965
224,43,13716.367088
224,44,13311.386574
224,46,12928.869004
224,47,12794.816173
224,49,12771.620618
224,51,12743.264904
224,52,12730.668031
224,53,12673.728620
224,54,12566.931127
224,55,12437.333088
224,61,12362.020171
225,38,15629.210209
225,39,15547.768452
225,40,15417.599387
225,41,15416.159345
225,42,14161.944965
225,43,13716.367088
225,44,13311.386574
225,46,12928.869004
225,47,12794.816173
225,49,12771.620618
225,51,12743.264904
225,52,12730.668031
225,53,12673.728620
225,54,12566.931127
225,55,12437.333088
225,61,12362.020171
226,38,15509.876316
226,40,15417.599387
226,41,15416.159345
226,42,14161.944965
226,43,13716.367088
226,44,13311.386574
226,46,12928.869004
226,47,12794.816173
226,49,12771.620618
226,51,12743.264904
226,52,12730.668031
226,53,12673.728620
226,54,12566.931127
226,55,12437.333088
226,61,12362.020171
227,38,15509.876316
227,40,15417.599387
227,41,15416.159345
227,42,14161.944965
227,43,13716.367088
227,44,13302.204194
227,46,12928.869004
227,47,12771.100023
227,51,12716.197570
227,53,12673.728620
227,54,12564.442148
227,55,12426.891305
227,61,12362.020171
228,38,15509.876316
228,40,15349.562560
228,42,14161.944965
228,43,13716.367088
228,44,13302.204194
228,46,12928.869004
228,47,12771.100023
228,50,12642.818397
228,54,12564.442148
228,55,12426.891305
228,61,12362.020171
229,38,15228.646288
229,42,14161.944965
229,43,13716.367088
229,44,13302.204194
229,46,12928.869004
229,47,12771.100023
229,50,12642.818397
229,54,12564.442148
229,55,12426.891305
229,61,12362.020171
230,38,15228.646288
230,42,14161.944965
230,43,13716.367088
230,44,13302.204194
230,46,12928.869004
230,47,12771.100023
230,50,12642.818397
230,54,12564.442148
230,55,12426.891305
230,61,12362.020171
231,38,15065.167446
231,42,14015.007237
231,43,13656.104626
231,44,13100.803277
231,46,12914.355078
231,47,12766.724344
231,50,12642.379963
231,54,12564.442148
231,55,12424.387709
231,61,12353.910584
232,38,15065.167446
232,42,14015.007237
232,43,13656.104626
232,44,13100.803277
232,46,12857.864264
232,47,12766.724344
232,50,12642.379963
232,54,12564.442148
232,55,12424.387709
232,61,12353.910584
233,38,15065.167446
233,42,14015.007237
233,43,13656.104626
233,44,13100.803277
233,45,13019.685253
233,46,12857.864264
233,47,12766.724344
233,50,12642.379963
233,54,12564.442148
233,55,12424.387709
233,61,12353.910584
233,66,12313.951722
234,38,15065.167446
234,42,14015.007237
234,43,13656.104626
234,44,13100.803277
234,45,13019.685253
234,46,12857.864264
234,47,12766.724344
234,50,12642.379963
234,54,12564.442148
234,55,12424.387709
234,61,12353.910584
234,66,12313.951722
235,38,15065.167446
235,42,14015.007237
235,43,13656.104626
235,44,13096.627845
235,45,12943.997077
235,46,12841.111463
235,47,12762.112052
235,50,12642.379963
235,54,12562.357524
235,55,12424.387709
235,61,12353.910584
235,64,12275.638481
236,38,15065.167446
236,41,15015.201707
236,42,14015.007237
236,43,13656.104626
236,44,13096.627845
236,45,12943.997077
236,46,12841.111463
236,47,12762.112052
236,50,12642.379963
236,54,12562.357524
236,55,12424.387709
236,61,12353.910584
236,64,12275.638481
237,38,15065.167446
237,41,15015.201707
237,42,14015.007237
237,43,13656.104626
237,44,13096.627845
237,45,12943.997077
237,46,12841.111463
237,47,12762.112052
237,50,12642.379963
237,54,12562.357524
237,55,12424.387709
237,61,12311.261430
237,62,12285.220977
237,64,12275.638481
238,38,15065.167446
238,41,15015.201707
238,42,14015.007237
238,43,13656.104626
238,44,13096.627845
238,45,12943.997077
238,46,12841.111463
238,47,12762.112052
238,49,12725.983401
238,50,12642.379963
238,54,12562.357524
238,55,12424.387709
238,60,12388.126074
238,61,12311.261430
238,62,12285.220977
238,64,12275.638481
239,38,15065.167446
239,41,14112.137843
239,42,14015.007237
239,43,13656.104626
239,44,13096.627845
239,45,12943.997077
239,46,12840.394252
239,47,12750.032623
239,49,12707.435553
239,50,12608.623956
239,53,12557.960066
239,55,12424.387709
239,60,12303.199117
239,61,12277.158664
239,64,12275.638481
240,38,15065.167446
240,39,14924.061320
240,41,14112.137843
240,42,14015.007237
240,43,13656.104626
240,44,13096.627845
240,45,12943.997077
240,46,12840.394252
240,47,12750.032623
240,49,12707.435553
240,50,12608.623956
240,53,12557.960066
240,55,12424.387709
240,60,12303.199117
240,61,12277.158664
240,64,12275.638481
241,38,15065.167446
241,39,14914.710396
241,41,14112.137843
241,42,14015.007237
241,43,13656.104626
241,44,13096.627845
241,45,12943.997077
241,46,12840.394252
241,47,12750.032623
241,49,12707.435553
241,50,12608.623956
241,53,12557.960066
241,55,12424.387709
241,60,12303.199117
241,61,12277.158664
241,64,12275.638481
242,38,15065.167446
242,39,14914.710396
242,41,14112.137843
242,42,14015.007237
242,43,13656.104626
242,44,13096.627845
242,45,12943.997077
242,46,12840.394252
242,47,12750.032623
242,49,12707.435553
242,50,12608.623956
242,53,12557.960066
242,55,12424.387709
242,60,12297.828878
242,61,12277.158664
242,64,12275.638481
243,38,15065.167446
243,39,14914.710396
243,41,14112.137843
243,42,14015.007237
243,43,13656.104626
243,44,13096.627845
243,45,12904.825803
243,46,12840.394252
243,47,12742.942077
243,49,12693.276378
243,50,12608.623956
243,53,12550.095121
243,55,12384.145635
243,60,12277.975342
243,61,12268.562911
244,38,15065.167446
244,39,14914.710396
244,41,14112.137843
244,42,14015.007237
244,43,13656.104626
244,44,13096.627845
244,45,12904.825803
244,46,12840.394252
244,47,12742.942077
244,49,12693.276378
244,50,12608.623956
244,53,12550.095121
244,55,12384.145635
244,60,12277.975342
244,61,12268.562911
245,38,15065.167446
245,39,14914.710396
245,41,14112.137843
245,42,14015.007237
245,43,13656.104626
245,44,13096.627845
245,45,12904.825803
245,46,12840.394252
245,47,12742.942077
245,49,12693.276378
245,50,12608.623956
245,53,12550.095121
245,55,12384.145635
245,60,12277.975342
245,61,12268.562911
246,38,15065.167446
246,39,14914.710396
246,41,14112.137843
246,42,14015.007237
246,43,13656.104626
246,44,13096.627845
246,45,12904.825803
246,46,12840.394252
246,47,12737.968135
246,49,12691.653504
246,50,12608.623956
246,53,12550.095121
246,55,12384.145635
246,59,12308.746335
246,60,12277.975342
246,61,12268.562911
247,38,15065.167446
247,39,14914.710396
247,41,14112.137843
247,42,13906.540007
247,43,13656.104626
247,44,13096.627845
247,45,12904.825803
247,46,12811.674207
247,47,12711.368147
247,49,12691.653504
247,50,12606.474666
247,53,12461.411424
247,55,12384.145635
247,59,12308.746335
247,60,12276.279023
247,61,12259.721527
248,38,14848.299256
248,41,13829.072958
248,43,13656.104626
248,44,13096.627845
248,45,12748.670434
248,47,12711.368147
248,49,12682.262474
248,50,12606.474666
248,53,12461.411424
248,55,12384.145635
248,59,12308.746335
248,60,12260.566595
248,61,12259.721527
249,38,14848.299256
249,41,13829.072958
249,43,13656.104626
249,44,13096.627845
249,45,12748.670434
249,47,12711.368147
249,49,12682.262474
249,50,12606.474666
249,53,12461.411424
249,55,12384.145635
249,59,12308.746335
249,60,12260.566595
249,61,12259.721527
250,38,14848.299256
250,41,13829.072958
250,43,13656.104626
250,44,13096.627845
250,45,12748.670434
250,46,12713.880039
250,47,12711.368147
250,49,12682.262474
250,50,12606.474666
250,53,12461.411424
250,55,12384.145635
250,59,12308.746335
250,60,12260.566595
250,61,12259.721527
251,38,14848.299256
251,41,13829.072958
251,43,13656.104626
251,44,13096.627845
251,45,12748.670434
251,46,12709.677875
251,48,12654.714725
251,49,12517.336912
251,52,12453.238932
251,55,12384.145635
251,59,12308.746335
251,60,12228.712947
252,38,14848.299256
252,41,13829.072958
252,43,13656.104626
252,44,13096.627845
252,45,12748.670434
252,46,12709.677875
252,48,12654.714725
252,49,12517.336912
252,52,12453.238932
252,55,12384.145635
252,59,12308.746335
252,60,12228.712947
253,38,14848.299256
253,40,14619.789477
253,41,13829.072958
253,43,13607.108139
253,44,13096.627845
253,45,12748.670434
253,46,12709.677875
253,48,12654.714725
253,49,12517.336912
253,52,12453.238932
253,55,12384.145635
253,59,12280.368869
253,60,12228.712947
254,38,14848.299256
254,40,14619.789477
254,41,13829.072958
254,43,13607.108139
254,44,13096.627845
254,45,12748.670434
254,46,12709.677875
254,48,12654.714725
254,49,12517.336912
254,52,12453.238932
254,55,12384.145635
254,59,12280.368869
254,60,12228.712947
255,38,14848.299256
255,40,14527.510474
255,41,13829.072958
255,43,13607.108139
255,44,13096.627845
255,45,12748.670434
255,46,12699.604675
255,48,12654.714725
255,49,12492.790853
255,52,12453.238932
255,55,12382.449317
255,59,12280.368869
255,60,12228.712947
256,38,14848.299256
256,39,14739.258792
256,40,14527.510474
256,41,13829.072958
256,43,13607.108139
256,44,13096.627845
256,45,12748.670434
256,46,12699.604675
256,48,12654.714725
256,49,12492.790853
256,52,12453.238932
256,55,12382.449317
256,59,12246.966152
256,60,12228.712947
257,38,14848.299256
257,39,14739.258792
257,40,14527.510474
257,41,13829.072958
257,43,13607.108139
257,44,13096.627845
257,45,12748.670434
257,46,12699.604675
257,48,12654.714725
257,49,12492.790853
257,52,12453.238932
257,55,12382.449317
257,59,12246.966152
257,60,12228.712947
258,38,14848.299256
258,39,14739.258792
258,40,14527.510474
258,41,13829.072958
258,43,13607.108139
258,44,12965.280801
258,45,12748.670434
258,46,12699.604675
258,48,12654.714725
258,49,12492.790853
258,52,12453.238932
258,55,12382.449317
258,59,12246.966152
258,60,12228.712947
259,38,14848.299256
259,39,14739.258792
259,40,14527.510474
259,41,13829.072958
259,43,13607.108139
259,44,12958.541050
259,45,12735.462074
259,46,12692.278797
259,48,12654.714725
259,49,12482.321856
259,52,12453.238932
259,54,12414.885421
259,55,12357.346073
259,59,12246.966152
259,60,12221.035427
260,38,14848.299256
260,39,14739.258792
260,40,14505.073370
260,41,13829.072958
260,43,13607.108139
260,44,12958.541050
260,45,12735.462074
260,46,12692.278797
260,48,12654.714725
260,49,12482.321856
260,50,12410.985818
260,55,12357.346073
260,59,12246.966152
260,60,12221.035427
261,37,16181.397704
261,38,14848.299256
261,39,14739.258792
261,40,14505.073370
261,41,13829.072958
261,43,13607.108139
261,44,12958.541050
261,45,12735.462074
261,46,12692.278797
261,48,12654.714725
261,49,12482.321856
261,50,12410.985818
261,55,12357.346073
261,58,12290.552302
261,59,12246.966152
261,60,12221.035427
262,37,16181.397704
262,38,14848.299256
262,39,14739.258792
262,40,14505.073370
262,41,13829.072958
262,43,13607.108139
262,44,12958.541050
262,45,12735.462074
262,46,12692.278797
262,48,12654.714725
262,49,12482.321856
262,50,12410.985818
262,55,12357.346073
262,58,12290.552302
262,59,12246.966152
262,60,12221.035427
263,37,16181.397704
263,38,14848.299256
263,39,14739.258792
263,40,14505.073370
263,41,13829.072958
263,43,13607.108139
263,44,12955.893612
263,45,12735.462074
263,46,12692.278797
263,48,12654.714725
263,49,12466.208678
263,50,12409.682495
263,55,12288.754770
263,58,12277.448074
263,59,12246.966152
263,60,12221.035427
264,37,16181.397704
264,38,14848.299256
264,39,14739.258792
264,40,14505.073370
264,41,13829.072958
264,43,13607.108139
264,44,12955.893612
264,45,12735.462074
264,46,12692.278797
264,48,12654.714725
264,49,12466.208678
264,50,12409.682495
264,55,12288.754770
264,58,12277.448074
264,59,12246.966152
264,60,12221.035427
265,37,16181.397704
265,38,14848.299256
265,39,14739.258792
265,40,14505.073370
265,41,13829.072958
265,43,13607.108139
265,44,12955.893612
265,45,12735.462074
265,46,12692.278797
265,47,12690.401835
265,48,12654.714725
265,49,12466.208678
265,50,12409.682495
265,55,12288.754770
265,58,12277.448074
265,59,12246.966152
265,60,12221.035427
266,37,16181.397704
266,38,14848.299256
266,39,14473.735641
266,41,13829.072958
266,42,13670.576379
266,43,13607.108139
266,44,12955.893612
266,45,12735.462074
266,46,12692.278797
266,47,12690.401835
266,48,12654.714725
266,49,12466.208678
266,50,12409.682495
266,55,12288.754770
266,58,12277.448074
266,59,12230.261929
266,60,12221.035427
267,37,16181.397704
267,38,14848.299256
267,39,14473.735641
267,41,13829.072958
267,42,13670.576379
267,43,13607.108139
267,44,12955.893612
267,45,12735.462074
267,46,12679.264263
267,47,12670.251363
267,48,12647.890783
267,49,12464.676576
267,50,12385.778140
267,55,12288.754770
267,58,12276.840211
267,59,12196.511902
268,37,16181.397704
268,38,14848.299256
268,39,14473.735641
268,41,13829.072958
268,42,13670.576379
268,43,13607.108139
268,44,12955.893612
268,45,12735.462074
268,46,12679.264263
268,47,12670.251363
268,48,12647.890783
268,49,12464.676576
268,50,12385.778140
268,53,12366.187139
268,55,12288.754770
268,58,12276.840211
268,59,12196.511902
269,37,16181.397704
269,38,14848.299256
269,39,14473.735641
269,41,13829.072958
269,42,13670.576379
269,43,13607.108139
269,44,12955.893612
269,45,12735.462074
269,46,12654.093951
269,48,12647.890783
269,49,12464.676576
269,50,12385.778140
269,53,12296.329348
269,55,12288.754770
269,58,12255.765922
269,59,12196.511902
270,37,16181.397704
270,38,14848.299256
270,39,14347.804479
270,41,13829.072958
270,42,13670.576379
270,43,13607.108139
270,44,12955.893612
270,45,12735.462074
270,46,12654.093951
270,47,12609.451361
270,49,12464.676576
270,50,12385.778140
270,53,12296.329348
270,55,12288.754770
270,58,12255.765922
270,59,12196.511902
271,37,16181.397704
271,38,14709.725960
271,39,14347.804479
271,41,13829.072958
271,42,13670.576379
271,43,13607.108139
271,44,12908.962236
271,45,12716.906986
271,46,12631.811941
271,47,12577.170940
271,49,12459.657554
271,50,12383.828426
271,53,12296.329348
271,54,12222.102990
271,59,12196.511902
272,37,16181.397704
272,38,14308.945675
272,41,13829.072958
272,42,13670.576379
272,43,13607.108139
272,44,12908.962236
272,45,12716.906986
272,46,12631.811941
272,47,12577.170940
272,49,12459.657554
272,50,12383.828426
272,53,12296.329348
272,54,12222.102990
272,59,12196.511902
273,37,16181.397704
273,38,14308.945675
273,41,13829.072958
273,42,13670.576379
273,43,13607.108139
273,44,12908.962236
273,45,12716.906986
273,46,12631.811941
273,47,12577.170940
273,49,12459.657554
273,50,12383.828426
273,53,12296.329348
273,54,12222.102990
273,59,12196.511902
274,37,16181.397704
274,38,14308.945675
274,41,13829.072958
274,42,13670.576379
274,43,13607.108139
274,44,12908.962236
274,45,12716.906986
274,46,12631.811941
274,47,12577.170940
274,49,12459.657554
274,50,12383.828426
274,53,12296.329348
274,54,12222.102990
274,59,12196.511902
275,37,16181.397704
275,38,14308.945675
275,41,13829.072958
275,42,13670.576379
275,43,13530.171188
275,44,12908.962236
275,45,12684.846739
275,46,12610.836799
275,47,12572.827195
275,49,12458.148773
275,50,12383.828426
275,53,12288.260402
275,54,12175.364421
276,37,16181.397704
276,38,14308.945675
276,41,13829.072958
276,42,13670.576379
276,43,13530.171188
276,44,12908.962236
276,45,12684.846739
276,46,12610.836799
276,47,12572.827195
276,49,12458.148773
276,50,12383.828426
276,53,12288.260402
276,54,12175.364421
277,37,16181.397704
277,38,14308.945675
277,41,13761.109551
277,42,13670.576379
277,43,13381.652649
277,44,12908.962236
277,45,12684.846739
277,46,12610.836799
277,47,12572.827195
277,49,12458.148773
277,50,12383.828426
277,53,12288.260402
277,54,12175.364421
278,37,16181.397704
278,38,14308.945675
278,41,13761.109551
278,42,13670.576379
278,43,13381.652649
278,44,12908.962236
278,45,12684.846739
278,46,12610.836799
278,47,12572.827195
278,49,12458.148773
278,50,12383.828426
278,51,12374.894462
278,53,12288.260402
278,54,12175.364421
279,37,16181.397704
279,38,14308.945675
279,41,13761.109551
279,42,13670.576379
279,43,13355.754331
279,44,12870.817682
279,45,12674.212348
279,46,12584.015008
279,47,12572.827195
279,49,12458.148773
279,50,12383.828426
279,51,12356.577916
279,52,12272.628030
279,54,12153.510685
280,37,14568.631776
280,38,14308.945675
280,39,13993.207123
280,41,13761.109551
280,42,13670.576379
280,43,13355.754331
280,44,12777.782318
280,45,12674.212348
280,46,12584.015008
280,47,12572.827195
280,49,12458.148773
280,50,12383.828426
280,51,12356.577916
280,52,12272.628030
280,54,12153.510685
281,37,14263.301870
281,39,13993.207123
281,41,13761.109551
281,42,13670.576379
281,43,13355.754331
281,44,12777.782318
281,45,12674.212348
281,46,12584.015008
281,47,12572.827195
281,49,12458.148773
281,50,12383.828426
281,51,12356.577916
281,52,12272.628030
281,54,12153.510685
282,37,14263.301870
282,39,13993.207123
282,41,13761.109551
282,42,13670.576379
282,43,12798.037436
282,44,12777.782318
282,45,12674.212348
282,46,12584.015008
282,47,12572.827195
282,49,12458.148773
282,50,12383.828426
282,51,12356.577916
282,52,12272.628030
282,54,12153.510685
283,37,14263.301870
283,39,13993.207123
283,41,13761.109551
283,42,13670.576379
283,43,12792.920763
283,44,12764.994916
283,45,12615.411299
283,46,12583.116511
283,47,12572.827195
283,49,12458.148773
283,50,12383.828426
283,51,12353.503501
283,52,12267.754562
283,54,12152.849960
284,37,14263.301870
284,39,13993.207123
284,41,13761.109551
284,42,13670.576379
284,43,12792.920763
284,44,12764.994916
284,45,12615.411299
284,46,12583.116511
284,47,12572.827195
284,49,12458.148773
284,50,12383.828426
284,51,12353.503501
284,52,12267.754562
284,54,12152.849960
285,37,14263.301870
285,39,13977.734289
285,40,13928.503206
285,41,13761.109551
285,42,13670.576379
285,43,12792.920763
285,44,12764.994916
285,45,12615.411299
285,46,12583.116511
285,47,12572.827195
285,49,12458.148773
285,50,12383.828426
285,51,12353.503501
285,52,12267.754562
285,54,12152.849960
286,37,14263.301870
286,39,13977.734289
286,40,13928.503206
286,41,13761.109551
286,42,13670.576379
286,43,12792.920763
286,44,12764.994916
286,45,12615.411299
286,46,12583.116511
286,47,12557.359777
286,49,12458.148773
286,50,12383.828426
286,51,12353.503501
286,52,12267.754562
286,54,12152.849960
287,37,14263.301870
287,39,13977.734289
287,40,13928.503206
287,41,13761.109551
287,42,13489.643528
287,43,12791.811071
287,44,12764.994916
287,45,12615.411299
287,46,12578.072517
287,47,12552.224619
287,49,12445.363536
287,50,12375.249665
287,51,12348.258952
287,52,12236.100122
287,54,12152.849960
288,37,14263.301870
288,38,14245.809398
288,39,13977.734289
288,40,13928.503206
288,41,13761.109551
288,42,13489.643528
288,43,12791.811071
288,44,12764.994916
288,45,12615.411299
288,46,12578.072517
288,47,12552.224619
288,48,12301.305041
288,52,12236.100122
288,54,12152.849960
289,37,14263.301870
289,38,14245.809398
289,39,13891.439225
289,41,13761.109551
289,42,13489.643528
289,43,12781.241554
289,44,12764.994916
289,45,12615.411299
289,46,12578.072517
289,47,12552.224619
289,48,12301.305041
289,52,12236.100122
289,54,12152.849960
290,37,14263.301870
290,38,14245.809398
290,39,13891.439225
290,41,13669.427965
290,42,13489.643528
290,43,12781.241554
290,44,12764.994916
290,45,12615.411299
290,46,12578.072517
290,47,12552.224619
290,48,12301.305041
290,52,12236.100122
290,54,12152.849960
291,37,14263.301870
291,38,14195.179833
291,39,13797.122645
291,41,13476.426886
291,42,13405.208835
291,43,12639.103775
291,45,12615.411299
291,46,12575.668171
291,47,12552.224619
291,48,12301.188676
291,52,12227.343199
291,54,12133.585921
292,37,14242.658080
292,38,14185.641197
292,39,13797.122645
292,41,13476.426886
292,42,13405.208835
292,43,12639.103775
292,45,12615.411299
292,46,12575.668171
292,47,12552.224619
292,48,12301.188676
292,52,12227.343199
292,54,12133.585921
293,37,14242.658080
293,38,14185.641197
293,39,13797.122645
293,41,13476.426886
293,42,13405.208835
293,43,12639.103775
293,45,12615.411299
293,46,12575.668171
293,47,12552.224619
293,48,12301.188676
293,52,12227.343199
293,54,12133.585921
294,37,14185.580432
294,39,13797.122645
294,41,13476.426886
294,42,13405.208835
294,43,12639.103775
294,45,12615.411299
294,46,12575.668171
294,47,12552.224619
294,48,12301.188676
294,52,12227.343199
294,54,12133.585921
295,37,14185.580432
295,38,13905.299601
295,39,13777.978583
295,41,13456.850847
295,42,13405.208835
295,43,12639.103775
295,45,12552.712387
295,47,12552.224619
295,48,12301.142705
295,52,12226.242884
295,54,12130.962580
296,37,14185.580432
296,38,13905.299601
296,39,13777.978583
296,41,13456.850847
296,42,13405.208835
296,43,12639.103775
296,45,12552.712387
296,47,12552.224619
296,48,12301.142705
296,52,12226.242884
296,54,12130.962580
297,37,14185.580432
297,38,13905.299601
297,39,13777.978583
297,41,13456.850847
297,42,13405.208835
297,43,12639.103775
297,45,12552.712387
297,47,12359.580925
297,48,12301.142705
297,52,12226.242884
297,54,12130.962580
298,37,14113.922609
298,38,13905.299601
298,39,13777.978583
298,41,13456.850847
298,42,13405.208835
298,43,12639.103775
298,45,12552.712387
298,47,12359.580925
298,48,12301.142705
298,52,12226.242884
298,54,12130.962580
299,37,14113.922609
299,38,13905.299601
299,39,13683.289873
299,41,13405.262511
299,42,13405.208835
299,43,12639.103775
299,44,12520.651028
299,47,12359.580925
299,48,12292.350710
299,51,12207.609028
299,54,12130.962580
300,37,14113.922609
300,38,13905.299601
300,39,13683.289873
300,41,13405.262511
300,42,13405.208835
300,43,12639.103775
300,44,12520.651028
300,47,12359.580925
300,48,12292.350710
300,51,12207.609028
300,54,12130.962580
301,37,14113.922609
301,38,13905.299601
301,39,13683.289873
301,41,13405.262511
301,42,13405.208835
301,43,12639.103775
301,44,12520.651028
301,47,12359.580925
301,48,12292.350710
301,51,12207.609028
301,54,12130.962580
302,37,14113.922609
302,38,13905.299601
302,39,13683.289873
302,41,13405.262511
302,42,12882.233648
302,43,12639.103775
302,44,12520.651028
302,47,12359.580925
302,48,12292.350710
302,51,12207.609028
302,54,12130.962580
303,37,14113.922609
303,38,13905.299601
303,39,13660.930517
303,41,13384.475526
303,42,12882.233648
303,43,12639.103775
303,44,12520.651028
303,47,12359.580925
303,48,12292.350710
303,50,12270.267259
303,51,12207.609028
303,54,12118.844414
304,37,14113.922609
304,38,13905.299601
304,39,13660.930517
304,41,13384.475526
304,42,12882.233648
304,43,12639.103775
304,44,12520.651028
304,46,12460.646890
304,47,12359.580925
304,48,12292.350710
304,50,12270.267259
304,51,12207.609028
304,54,12118.844414
305,37,14113.922609
305,38,13905.299601
305,39,13660.930517
305,41,13384.475526
305,42,12882.233648
305,43,12639.103775
305,44,12520.651028
305,46,12460.646890
305,47,12359.580925
305,48,12292.350710
305,50,12270.267259
305,51,12207.609028
305,54,12118.844414
306,37,14113.922609
306,38,13905.299601
306,39,13660.930517
306,41,13384.475526
306,42,12882.233648
306,43,12521.880243
306,44,12520.651028
306,46,12460.646890
306,47,12359.580925
306,48,12292.350710
306,50,12270.267259
306,51,12207.609028
306,54,12118.844414
307,37,14113.922609
307,38,13905.299601
307,39,13660.930517
307,41,13349.571429
307,42,12859.801485
307,43,12521.880243
307,44,12518.495796
307,46,12460.646890
307,47,12336.222216
307,48,12275.267474
307,50,12266.677973
307,51,12206.583015
307,54,12118.844414
308,37,14113.922609
308,38,13905.299601
308,39,13660.930517
308,41,13349.571429
308,42,12859.801485
308,43,12521.880243
308,44,12518.495796
308,46,12460.646890
308,47,12336.222216
308,48,12275.267474
308,50,12266.677973
308,51,12206.583015
308,54,12118.844414
309,37,14113.922609
309,38,13905.299601
309,39,13660.930517
309,41,13349.571429
309,42,12859.801485
309,43,12521.880243
309,44,12518.495796
309,45,12498.290449
309,46,12460.646890
309,47,12336.222216
309,48,12275.267474
309,50,12266.677973
309,51,12206.583015
309,54,12118.844414
309,62,12116.067730
310,37,14113.922609
310,38,13905.299601
310,39,13660.930517
310,41,13349.571429
310,42,12859.801485
310,43,12521.880243
310,44,12518.495796
310,45,12498.290449
310,46,12460.646890
310,47,12336.222216
310,48,12275.267474
310,50,12266.677973
310,51,12206.583015
310,54,12118.844414
310,62,12116.067730
311,36,14164.227523
311,37,14113.922609
311,38,13905.299601
311,39,13660.930517
311,41,13188.615474
311,42,12859.801485
311,43,12487.671134
311,45,12456.523446
311,46,12431.015684
311,47,12321.525938
311,48,12272.996412
311,50,12239.675321
311,51,12206.583015
311,54,12052.839340
312,36,14164.227523
312,37,14113.922609
312,38,13905.299601
312,39,13660.930517
312,41,12888.523437
312,42,12859.801485
312,43,12487.671134
312,45,12456.523446
312,46,12431.015684
312,47,12321.525938
312,48,12272.996412
312,50,12239.675321
312,51,12206.583015
312,54,12052.839340
313,36,14164.227523
313,37,14113.922609
313,38,13905.299601
313,39,13660.930517
313,41,12888.523437
313,42,12850.855428
313,43,12487.671134
313,45,12456.523446
313,46,12431.015684
313,47,12321.525938
313,48,12272.996412
313,50,12239.675321
313,51,12206.583015
313,54,12052.839340
314,36,14164.227523
314,37,13956.597415
314,38,13905.299601
314,39,13660.930517
314,41,12888.523437
314,42,12850.855428
314,43,12487.671134
314,45,12456.523446
314,46,12431.015684
314,47,12321.525938
314,48,12272.996412
314,50,12239.675321
314,51,12206.583015
314,54,12052.839340
315,36,14164.227523
315,37,13956.597415
315,38,13905.299601
315,39,13660.930517
315,41,12888.523437
315,42,12838.806187
315,43,12485.444657
315,45,12456.523446
315,46,12429.944684
315,47,12307.897871
315,48,12255.152020
315,50,12231.392752
315,51,12199.182240
315,52,12131.615108
315,53,12119.394544
315,54,12045.527470
316,36,14164.227523
316,37,13827.582241
316,39,13660.930517
316,41,12888.523437
316,42,12838.806187
316,43,12485.444657
316,45,12456.523446
316,46,12429.944684
316,47,12307.897871
316,48,12255.152020
316,50,12231.392752
316,51,12199.182240
316,52,12131.615108
316,53,12119.394544
316,54,12045.527470
317,36,14164.227523
317,37,13827.582241
317,39,13660.930517
317,41,12888.523437
317,42,12838.806187
317,43,12485.444657
317,45,12456.523446
317,46,12429.944684
317,47,12307.897871
317,48,12255.152020
317,50,12231.392752
317,51,12199.182240
317,52,12131.615108
317,53,12119.394544
317,54,12045.527470
318,35,14689.952817
318,36,14164.227523
318,37,13827.582241
318,39,13660.930517
318,40,13060.540669
318,41,12871.824441
318,42,12838.806187
318,43,12485.444657
318,45,12456.523446
318,46,12429.944684
318,47,12307.897871
318,48,12255.152020
318,50,12231.392752
318,51,12199.182240
318,52,12131.615108
318,53,12119.394544
318,54,12045.527470
318,60,12032.388109
319,35,14689.952817
319,36,14088.418285
319,37,13827.582241
319,39,13660.930517
319,40,13060.540669
319,41,12871.824441
319,42,12838.806187
319,43,12485.444657
319,45,12456.523446
319,46,12411.122183
319,47,12307.897871
319,48,12255.152020
319,50,12228.005929
319,51,12186.674294
319,52,12131.615108
319,53,12119.394544
319,54,12045.133433
319,59,11987.830048
320,35,14689.952817
320,36,14088.418285
320,37,13827.582241
320,39,13660.930517
320,40,13060.540669
320,41,12871.824441
320,42,12795.583411
320,43,12485.444657
320,45,12456.523446
320,46,12411.122183
320,47,12307.897871
320,48,12255.152020
320,50,12228.005929
320,51,12186.674294
320,52,12131.615108
320,53,12119.394544
320,54,12045.133433
320,59,11987.830048
321,35,14689.952817
321,36,14088.418285
321,37,13827.582241
321,39,13660.930517
321,40,13060.540669
321,41,12871.824441
321,42,12795.583411
321,43,12485.444657
321,45,12456.523446
321,46,12411.122183
321,47,12307.897871
321,48,12255.152020
321,50,12228.005929
321,51,12186.674294
321,52,12131.615108
321,53,12119.394544
321,54,12045.133433
321,59,11987.830048
322,35,14689.952817
322,36,14088.418285
322,37,13827.582241
322,39,13660.930517
322,40,13060.540669
322,41,12871.824441
322,42,12795.583411
322,43,12485.444657
322,45,12456.523446
322,46,12411.122183
322,47,12307.897871
322,48,12255.152020
322,50,12228.005929
322,51,12186.674294
322,52,12131.615108
322,53,12119.394544
322,54,12045.133433
322,59,11987.830048
323,35,14689.952817
323,36,14088.418285
323,37,13827.582241
323,39,13660.930517
323,40,13060.540669
323,41,12871.824441
323,42,12795.583411
323,43,12485.444657
323,45,12456.523446
323,46,12378.720642
323,47,12307.897871
323,48,12249.107271
323,50,12228.005929
323,51,12186.674294
323,52,12131.615108
323,53,12119.394544
323,54,12045.133433
323,59,11961.941873
324,35,14309.630507
324,36,14088.418285
324,37,13777.949601
324,39,13660.930517
324,40,13060.540669
324,41,12871.824441
324,42,12795.583411
324,43,12485.444657
324,45,12456.523446
324,46,12378.720642
324,47,12307.897871
324,48,12247.423335
324,49,12194.939240
324,50,12178.103286
324,52,12131.615108
324,53,12119.394544
324,54,12045.133433
324,59,11961.941873
325,35,14309.630507
325,36,14087.268560
325,37,13777.949601
325,39,13658.505940
325,40,13060.540669
325,41,12871.824441
325,42,12795.583411
325,43,12485.444657
325,45,12456.523446
325,46,12339.548542
325,47,12307.897871
325,48,12247.423335
325,49,12194.939240
325,50,12178.103286
325,52,12131.615108
325,53,12119.394544
325,54,12045.133433
325,59,11961.941873
326,35,14265.371353
326,36,14087.268560
326,37,13777.949601
326,39,13658.505940
326,40,13060.540669
326,41,12871.824441
326,42,12795.583411
326,43,12485.444657
326,45,12456.523446
326,46,12339.548542
326,47,12307.897871
326,48,12247.423335
326,49,12194.939240
326,50,12178.103286
326,52,12131.615108
326,53,12119.394544
326,54,12045.133433
326,59,11961.941873
