Generation,NV,TOC
1,77,32285.343023
1,80,28657.227700
1,82,27946.148800
1,91,25239.452221
1,99,24864.420636
1,100,24850.309196
1,107,21553.878564
1,113,21149.674960
1,119,20537.466276
1,126,20099.014818
1,129,19753.543606
1,158,19621.289372
1,169,19144.977114
1,173,19042.511041
1,177,18725.780691
1,182,18697.472747
1,191,18448.060315
1,202,18225.712249
1,225,18111.818341
2,73,30378.428739
2,76,29961.729792
2,78,29037.523534
2,80,28230.964931
2,81,27351.849649
2,87,24959.453018
2,91,24035.170910
2,99,21227.977266
2,113,21149.674960
2,119,20537.466276
2,120,20344.781962
2,125,20224.203851
2,126,20099.014818
2,128,19508.551096
2,134,19207.920376
2,143,17712.164570
3,71,27552.718964
3,81,27033.318332
3,82,26181.956097
3,87,24959.453018
3,91,24035.170910
3,97,23039.241572
3,99,21227.977266
3,113,21149.674960
3,119,20537.466276
3,120,20344.781962
3,125,19582.386758
3,128,19508.551096
3,134,19207.920376
3,139,17968.253599
3,143,17712.164570
3,169,17407.480256
4,70,27443.897646
4,72,26332.818947
4,82,26181.956097
4,86,25071.299918
4,87,24959.453018
4,91,24035.170910
4,97,23039.241572
4,99,21227.977266
4,111,21200.437625
4,112,20982.774593
4,116,19404.593168
4,132,19179.017529
4,134,17209.246313
4,176,17161.668912
5,70,27443.897646
5,72,26332.818947
5,77,25976.794048
5,80,25649.643016
5,86,23404.851691
5,97,23039.241572
5,99,21227.977266
5,111,21200.437625
5,112,20110.561926
5,116,19404.593168
5,126,18136.608693
5,134,17209.246313
5,171,16798.491618
6,69,28404.672830
6,70,27443.897646
6,72,26332.818947
6,73,26223.884069
6,77,25976.794048
6,80,25649.643016
6,86,23404.851691
6,97,23039.241572
6,99,21018.644547
6,102,20559.308635
6,109,19167.545349
6,124,18089.303080
6,132,17523.921757
6,133,17142.069217
6,136,16609.765627
6,157,16561.888765
7,69,28404.672830
7,70,27443.897646
7,71,26438.331366
7,72,26332.818947
7,73,26223.884069
7,76,25812.587271
7,78,24760.197758
7,80,23253.966991
7,81,21022.455385
7,99,21018.644547
7,102,20559.308635
7,109,19167.545349
7,120,19156.882530
7,123,16992.064021
7,125,16912.338799
7,136,16503.991373
7,156,16435.332232
8,65,23723.793177
8,72,22874.195529
8,81,21022.455385
8,87,19479.994233
8,103,18257.570949
8,108,17999.342977
8,112,17247.039092
8,119,16916.904321
8,125,16912.338799
8,136,16503.991373
8,153,16366.180932
9,65,23723.793177
9,72,22874.195529
9,81,21022.455385
9,87,19479.994233
9,103,18257.570949
9,105,18221.358751
9,108,17999.342977
9,112,17247.039092
9,118,16878.486159
9,134,16638.306619
9,136,16503.991373
9,146,16271.057090
10,65,23723.793177
10,72,22874.195529
10,81,21022.455385
10,87,19479.994233
10,99,18925.175194
10,103,18257.570949
10,105,18154.761996
10,108,17999.342977
10,112,17247.039092
10,114,17084.582887
10,118,16878.486159
10,129,16772.069375
10,133,16675.421190
10,134,16638.306619
10,136,16503.991373
10,146,16271.057090
11,65,23723.793177
11,72,22874.195529
11,80,22553.162935
11,81,21022.455385
11,87,19479.994233
11,99,18925.175194
11,103,18257.570949
11,105,18154.761996
11,108,17999.342977
11,112,16810.047230
11,115,16772.512737
11,129,16749.080940
11,130,16537.524950
11,134,16408.869324
11,137,16376.265879
11,138,16123.319018
12,64,28681.840470
12,65,23723.793177
12,69,23428.568985
12,71,22764.673329
12,76,21711.228196
12,80,21468.662010
12,81,21022.455385
12,83,20424.544568
12,87,19479.994233
12,96,19291.145346
12,99,18925.175194
12,103,18137.991030
12,107,18041.578086
12,108,17999.342977
12,109,17544.830575
12,112,16810.047230
12,115,16772.512737
12,120,16649.014372
12,126,16531.523279
12,130,16456.098849
12,134,16408.869324
12,136,16385.398496
12,137,16376.265879
12,138,16123.319018
13,64,26417.843165
13,65,23621.603819
13,69,23428.568985
13,71,22764.673329
13,73,21867.518191
13,76,21711.228196
13,78,21270.132698
13,81,21022.455385
13,83,20424.544568
13,87,19479.994233
13,89,19389.146698
13,96,19291.145346
13,99,18925.175194
13,102,18267.761715
13,103,18137.991030
13,107,17603.094461
13,109,17544.830575
13,112,16810.047230
13,115,16772.512737
13,120,16585.713506
13,126,16531.523279
13,130,16456.098849
13,134,16408.869324
13,136,16385.398496
13,137,16376.265879
13,138,16123.319018
13,139,16081.140802
14,64,26417.843165
14,65,23621.603819
14,69,22115.030061
14,73,21867.518191
14,76,21711.228196
14,78,21270.132698
14,80,20633.840974
14,83,20424.544568
14,85,20214.474417
14,87,19479.994233
14,89,19389.146698
14,91,19075.036864
14,98,18356.096389
14,102,18267.761715
14,103,17924.927608
14,104,17867.864056
14,107,17603.094461
14,109,17544.830575
14,110,16434.298785
14,119,16232.672547
14,138,16123.319018
14,139,16081.140802
15,62,26699.708256
15,64,26417.843165
15,65,23621.603819
15,69,22115.030061
15,70,22085.164600
15,73,21867.518191
15,74,20782.030730
15,78,20366.247975
15,85,20214.474417
15,86,18827.773543
15,98,18356.096389
15,99,17807.125711
15,107,17603.094461
15,109,17544.830575
15,110,16434.298785
15,111,16406.479715
15,115,16321.408989
15,119,16232.672547
15,138,16123.319018
15,139,16081.140802
16,62,26699.708256
16,63,26397.579657
16,64,23541.870710
16,68,23143.375076
16,69,22115.030061
16,70,22085.164600
16,73,21867.518191
16,74,20782.030730
16,78,20366.247975
16,85,20214.474417
16,86,18827.773543
16,90,18562.508954
16,91,18334.981858
16,97,17920.796139
16,99,17796.963012
16,105,17377.564221
16,107,16914.269235
16,109,16282.046493
16,110,16212.022651
16,124,16189.651167
16,137,16108.697778
16,139,15999.669455
17,62,26699.708256
17,63,26397.579657
17,64,23541.870710
17,68,21317.989697
17,74,20782.030730
17,78,20366.247975
17,85,20214.474417
17,86,18827.773543
17,90,18562.508954
17,91,18053.227395
17,97,17920.796139
17,99,17321.625242
17,107,16914.269235
17,109,16282.046493
17,110,16212.022651
17,124,16189.651167
17,128,16121.330953
17,135,16057.125759
17,139,15999.669455
18,61,25164.742990
18,63,24124.510151
18,64,23541.870710
18,68,21317.989697
18,70,20932.976920
18,74,20782.030730
18,77,19528.477575
18,86,18827.773543
18,90,18562.508954
18,91,18053.227395
18,92,18012.222325
18,93,17927.572725
18,97,17920.796139
18,99,17321.625242
18,103,17276.067162
18,107,16914.269235
18,109,16282.046493
18,110,16212.022651
18,124,16189.651167
18,128,16121.330953
18,135,16057.125759
18,136,15981.683694
19,59,25591.904706
19,61,25164.742990
19,63,24124.510151
19,64,23541.870710
19,66,22962.708133
19,68,21317.989697
19,70,20932.976920
19,74,20782.030730
19,77,19528.477575
19,86,18501.283735
19,91,18053.227395
19,92,18012.222325
19,93,17927.572725
19,95,17734.958991
19,99,17321.625242
19,103,17276.067162
19,104,17082.010408
19,107,16914.269235
19,108,16875.979491
19,109,16282.046493
19,110,16212.022651
19,115,16144.605030
19,116,16054.151714
19,120,15972.786101
19,125,15910.784379
19,134,15852.602018
20,59,25591.904706
20,60,25348.948611
20,61,24254.364548
20,63,24124.510151
20,64,22611.131506
20,68,21317.989697
20,69,20768.734579
20,76,20549.559101
20,77,19528.477575
20,83,19323.570852
20,86,18501.283735
20,91,18053.227395
20,92,18012.222325
20,93,17247.673423
20,95,16655.495840
20,109,16282.046493
20,110,16212.022651
20,115,16144.605030
20,116,16054.151714
20,120,15972.786101
20,124,15882.385233
20,134,15852.602018
21,59,25591.904706
21,60,25348.948611
21,61,24254.364548
21,63,24124.510151
21,64,22611.131506
21,68,21317.989697
21,69,20768.734579
21,76,20549.559101
21,77,19528.477575
21,83,19069.592912
21,84,18541.722628
21,86,18501.283735
21,91,18053.227395
21,92,18012.222325
21,93,17153.191599
21,95,16655.495840
21,106,16143.227135
21,109,16093.113207
21,115,15987.232604
21,118,15895.161793
21,122,15718.748426
21,130,15631.628158
22,59,25591.904706
22,60,25348.948611
22,61,24254.364548
22,63,24124.510151
22,64,22611.131506
22,68,21317.989697
22,69,20768.734579
22,70,20512.569070
22,71,20428.354468
22,75,20120.077789
22,77,19528.477575
22,79,19312.305245
22,80,19235.924649
22,83,19069.592912
22,84,18541.722628
22,86,18501.283735
22,87,18345.923353
22,88,18281.802046
22,91,18053.227395
22,92,18012.222325
22,93,17153.191599
22,95,16655.495840
22,104,16405.283906
22,106,16143.227135
22,109,16093.113207
22,115,15987.232604
22,118,15895.161793
22,122,15718.748426
22,130,15631.628158
23,57,26065.360695
23,59,25591.904706
23,60,25348.948611
23,61,24230.166723
23,63,24124.510151
23,64,21711.316867
23,68,21317.989697
23,69,20768.734579
23,70,20512.569070
23,71,20428.354468
23,75,20120.077789
23,76,18916.014940
23,84,18541.722628
23,86,18501.283735
23,87,18345.923353
23,88,18281.802046
23,91,18053.227395
23,92,18012.222325
23,93,17153.191599
23,95,16655.495840
23,104,16405.283906
23,106,16143.227135
23,109,16093.113207
23,115,15987.232604
23,118,15895.161793
23,122,15718.748426
23,130,15631.628158
24,54,25969.092627
24,59,25591.904706
24,60,25348.948611
24,61,24230.166723
24,63,24124.510151
24,64,21711.316867
24,68,21317.989697
24,69,20768.734579
24,70,20512.569070
24,71,20428.354468
24,75,20120.077789
24,76,18916.014940
24,84,18541.722628
24,86,18501.283735
24,87,18345.923353
24,88,18281.802046
24,89,18079.480993
24,91,18053.227395
24,92,18012.222325
24,93,17153.191599
24,95,16655.495840
24,100,16548.154292
24,104,16405.283906
24,106,16143.227135
24,109,16093.113207
24,115,15987.232604
24,118,15895.161793
24,122,15718.748426
24,128,15576.743370
25,54,25969.092627
25,56,25558.448834
25,60,24777.823658
25,61,24230.166723
25,63,24124.510151
25,64,21711.316867
25,68,21317.989697
25,69,20768.734579
25,70,20512.569070
25,71,20428.354468
25,75,20120.077789
25,76,18916.014940
25,83,18906.880105
25,84,18541.722628
25,86,18501.283735
25,87,18345.923353
25,88,18281.802046
25,89,18079.480993
25,91,18053.227395
25,92,17767.365286
25,93,17153.191599
25,95,16655.495840
25,100,16548.154292
25,104,16171.521167
25,106,16143.227135
25,108,15963.273289
25,115,15923.275219
25,118,15895.161793
25,122,15718.748426
25,128,15576.743370
26,54,25969.092627
26,56,25558.448834
26,59,25178.126295
26,60,24777.823658
26,61,24230.166723
26,62,24046.461122
26,63,23662.058862
26,64,21711.316867
26,68,21317.989697
26,69,20768.734579
26,70,20512.569070
26,71,20428.354468
26,75,20120.077789
26,76,18916.014940
26,83,18906.880105
26,84,18541.722628
26,86,18501.283735
26,87,18345.923353
26,88,18281.802046
26,89,18079.480993
26,91,18053.227395
26,92,17767.365286
26,93,17153.191599
26,95,16655.495840
26,98,16506.686553
26,103,16151.303970
26,105,16011.307935
26,106,15897.909379
26,114,15848.861525
26,116,15724.705538
26,120,15581.073244
26,126,15508.881719
27,54,25969.092627
27,56,25558.448834
27,57,25511.050568
27,59,25178.126295
27,60,24777.823658
27,61,24184.838335
27,62,23886.187865
27,63,23662.058862
27,64,21711.316867
27,68,21317.989697
27,69,20768.734579
27,70,20512.569070
27,71,20428.354468
27,75,20120.077789
27,76,18916.014940
27,83,18906.880105
27,84,18541.722628
27,85,17579.689739
27,89,17108.221794
27,95,16655.495840
27,98,16506.686553
27,103,16151.303970
27,105,16011.307935
27,106,15897.909379
27,114,15848.861525
27,116,15724.705538
27,120,15581.073244
27,126,15508.881719
28,54,25969.092627
28,56,25558.448834
28,57,25511.050568
28,59,25178.126295
28,60,24777.823658
28,61,24184.838335
28,62,23886.187865
28,63,23662.058862
28,64,21711.316867
28,68,21317.989697
28,69,20768.734579
28,70,20512.569070
28,71,20428.354468
28,75,20120.077789
28,76,18916.014940
28,83,18906.880105
28,84,18541.722628
28,85,17579.689739
28,89,17108.221794
28,95,16655.495840
28,98,16506.686553
28,103,16151.303970
28,104,15905.953904
28,105,15808.296949
28,108,15695.325026
28,113,15392.232257
29,54,25969.092627
29,56,25558.448834
29,57,25511.050568
29,59,24839.260619
29,60,24307.396115
29,61,24184.838335
29,62,23886.187865
29,63,23662.058862
29,64,21711.316867
29,68,21317.989697
29,69,20768.734579
29,70,20512.569070
29,71,20428.354468
29,75,19927.389103
29,76,18916.014940
29,82,18866.345178
29,84,18541.722628
29,85,17579.689739
29,89,17108.221794
29,93,16992.966594
29,95,16655.495840
29,98,16506.686553
29,102,16389.383817
29,103,16104.412060
29,104,15905.953904
29,105,15808.296949
29,108,15695.325026
29,113,15392.232257
30,54,25969.092627
30,56,25558.448834
30,57,25511.050568
30,59,23618.768620
30,64,21711.316867
30,68,21317.989697
30,69,20768.734579
30,70,20512.569070
30,71,20428.354468
30,75,19927.389103
30,76,18916.014940
30,82,18866.345178
30,84,18541.722628
30,85,17579.689739
30,89,17108.221794
30,93,16992.966594
30,95,16655.495840
30,98,16506.686553
30,99,16299.152609
30,103,15799.535490
30,106,15741.674356
30,108,15695.325026
30,113,15392.232257
31,54,25969.092627
31,56,25558.448834
31,57,25511.050568
31,58,23664.169328
31,59,23618.768620
31,64,21711.316867
31,68,21317.989697
31,69,20768.734579
31,70,20512.569070
31,71,20428.354468
31,75,19927.389103
31,76,18916.014940
31,82,17503.098528
31,89,16999.015272
31,92,16928.586106
31,94,16607.534280
31,96,16015.851166
31,102,15630.624886
31,106,15609.968841
31,107,15599.724455
31,113,15337.684088
32,54,25969.092627
32,55,25426.869440
32,58,23664.169328
32,59,23618.768620
32,64,21711.316867
32,68,21317.989697
32,69,20768.734579
32,70,20512.569070
32,71,20428.354468
32,75,19927.389103
32,76,18916.014940
32,82,17503.098528
32,89,16999.015272
32,92,16928.586106
32,94,16607.534280
32,96,16015.851166
32,101,15880.085120
32,102,15630.624886
32,106,15609.968841
32,107,15599.724455
32,113,15337.684088
33,54,25969.092627
33,55,24888.625379
33,58,23664.169328
33,59,23618.768620
33,63,21676.128772
33,66,19989.537526
33,75,19927.389103
33,76,18916.014940
33,81,18659.905834
33,82,17503.098528
33,89,16999.015272
33,92,16928.586106
33,94,16607.534280
33,96,16015.851166
33,101,15580.439741
33,113,15337.684088
34,54,24591.143995
34,58,23664.169328
34,59,23618.768620
34,63,21676.128772
34,66,19989.537526
34,75,19927.389103
34,76,18916.014940
34,81,18659.905834
34,82,17503.098528
34,89,16999.015272
34,92,16928.586106
34,94,16607.534280
34,96,16015.851166
34,101,15580.439741
34,107,15565.472513
34,110,15513.815496
34,113,15337.684088
35,54,24591.143995
35,56,23843.294964
35,58,22873.301819
35,60,22861.213513
35,63,21676.128772
35,66,19989.537526
35,75,19927.389103
35,76,18916.014940
35,81,18659.905834
35,82,17503.098528
35,89,16999.015272
35,92,16928.586106
35,94,16607.534280
35,96,16015.851166
35,101,15580.439741
35,105,15576.692429
35,107,15565.472513
35,110,15513.815496
35,113,15337.684088
36,54,24591.143995
36,56,23843.294964
36,58,22424.759744
36,63,21676.128772
36,66,19989.537526
36,75,19522.411466
36,76,18916.014940
36,79,17352.540886
36,88,16837.718749
36,94,16607.534280
36,96,16015.851166
36,101,15527.927992
36,103,15458.891075
36,106,15454.502462
36,113,15277.318235
37,54,24591.143995
37,55,23613.442895
37,58,22424.759744
37,63,21676.128772
37,66,19989.537526
37,72,19795.577239
37,75,19522.411466
37,76,18916.014940
37,79,17352.540886
37,88,16837.718749
37,94,16607.534280
37,96,16015.851166
37,101,15527.927992
37,102,15483.377260
37,103,15458.891075
37,106,15454.502462
37,113,15277.318235
37,123,15224.197927
37,124,15215.317492
38,54,24591.143995
38,55,23613.442895
38,58,22424.759744
38,59,21910.256641
38,63,21676.128772
38,64,20690.781674
38,66,19989.537526
38,72,19795.577239
38,75,19522.411466
38,76,18916.014940
38,79,17352.540886
38,88,16837.718749
38,94,16607.534280
38,96,16015.851166
38,99,15870.497833
38,101,15527.927992
38,102,15483.377260
38,103,15458.891075
38,106,15454.502462
38,113,15277.318235
38,121,15176.459180
39,54,24591.143995
39,55,23613.442895
39,58,22424.759744
39,59,21910.256641
39,63,21676.128772
39,64,20690.781674
39,66,19989.537526
39,72,19795.577239
39,75,19522.411466
39,76,18916.014940
39,79,17352.540886
39,88,16837.718749
39,94,16607.534280
39,96,16015.851166
39,99,15870.497833
39,101,15527.927992
39,102,15483.377260
39,103,15458.891075
39,106,15369.922096
39,113,15277.318235
39,121,15176.459180
40,54,24591.143995
40,55,23613.442895
40,58,22424.759744
40,59,21910.256641
40,63,21676.128772
40,64,20690.781674
40,66,19989.537526
40,72,19795.577239
40,74,19029.202807
40,76,18916.014940
40,79,17352.540886
40,87,17187.949604
40,88,16837.718749
40,94,16607.534280
40,96,16015.851166
40,98,15936.608856
40,99,15870.497833
40,101,15527.927992
40,102,15483.377260
40,103,15458.891075
40,106,15369.922096
40,113,15277.318235
40,121,15176.459180
41,54,24591.143995
41,55,23613.442895
41,58,22424.759744
41,59,21910.256641
41,60,21658.767716
41,62,20364.961149
41,66,19989.537526
41,72,19795.577239
41,73,19366.084926
41,74,19029.202807
41,76,18916.014940
41,79,17352.540886
41,87,17187.949604
41,88,16837.718749
41,92,16464.697435
41,95,15990.942084
41,98,15839.783642
41,100,15511.784642
41,101,15363.232072
41,104,15222.483347
41,120,15065.955483
42,54,24591.143995
42,55,23613.442895
42,58,22424.759744
42,59,21910.256641
42,60,21658.767716
42,62,20364.961149
42,66,19989.537526
42,72,19795.577239
42,73,19366.084926
42,74,19029.202807
42,76,18916.014940
42,79,17352.540886
42,87,16924.300440
42,88,16837.718749
42,92,16464.697435
42,93,15853.202722
42,95,15642.857604
42,100,15511.784642
42,101,15363.232072
42,104,15222.483347
42,119,15075.296657
42,120,15065.955483
43,54,24591.143995
43,55,23613.442895
43,57,22748.650877
43,58,22424.759744
43,59,21910.256641
43,60,21658.767716
43,62,20364.961149
43,66,19989.537526
43,72,19590.047935
43,73,19256.312318
43,74,19029.202807
43,76,18916.014940
43,79,17352.540886
43,87,16924.300440
43,88,16837.718749
43,92,16464.697435
43,93,15853.202722
43,95,15642.857604
43,100,15420.458881
43,101,15363.232072
43,104,15222.483347
43,119,15075.296657
43,120,15065.955483
44,54,24591.143995
44,55,23613.442895
44,57,22748.650877
44,58,22424.759744
44,59,21910.256641
44,60,21658.767716
44,61,20950.796411
44,62,20364.961149
44,63,19836.395702
44,69,19689.371766
44,71,19365.538579
44,72,18479.068814
44,75,17764.523186
44,79,17352.540886
44,81,17311.291333
44,87,16924.300440
44,88,16837.718749
44,89,16496.322106
44,92,16464.697435
44,93,15853.202722
44,95,15642.857604
44,100,15420.458881
44,101,15363.232072
44,104,15222.483347
44,119,15075.296657
44,120,15065.955483
45,54,24591.143995
45,55,23613.442895
45,57,22748.650877
45,58,22424.759744
45,59,21910.256641
45,60,21658.767716
45,61,20056.418473
45,63,19836.395702
45,68,19672.526660
45,71,19365.538579
45,72,18479.068814
45,75,17764.523186
45,79,17352.540886
45,81,17311.291333
45,87,16924.300440
45,88,16837.718749
45,89,16496.322106
45,92,16464.697435
45,93,15853.202722
45,95,15642.857604
45,100,15420.458881
45,101,15363.232072
45,104,15222.483347
45,119,15075.296657
45,120,15065.955483
46,54,24591.143995
46,55,23613.442895
46,57,22748.650877
46,58,22398.667030
46,59,21910.256641
46,60,21658.767716
46,61,20056.418473
46,63,19836.395702
46,67,19375.295784
46,71,19365.538579
46,72,18479.068814
46,73,18435.856796
46,75,17764.523186
46,79,17352.540886
46,81,17311.291333
46,87,16830.724879
46,88,16413.734671
46,92,15793.234769
46,94,15634.035575
46,100,15388.560979
46,101,15363.232072
46,104,15185.660812
46,116,14977.205949
47,53,24393.580440
47,55,23613.442895
47,56,22937.105473
47,57,22748.650877
47,58,22398.667030
47,59,19999.371293
47,63,19836.395702
47,65,19833.430056
47,67,19375.295784
47,71,19365.538579
47,72,18479.068814
47,73,18435.856796
47,75,17764.523186
47,79,17352.540886
47,81,17311.291333
47,87,16576.725933
47,88,16413.734671
47,92,15793.234769
47,94,15634.035575
47,100,15348.239012
47,104,15185.660812
47,116,14977.205949
48,53,24393.580440
48,55,22744.624914
48,58,22398.667030
48,59,19999.371293
48,63,19836.395702
48,65,19565.778226
48,67,19375.295784
48,71,19365.538579
48,72,18479.068814
48,73,18435.856796
48,75,17764.523186
48,79,17352.540886
48,81,17311.291333
48,87,16576.725933
48,88,16413.734671
48,92,15793.234769
48,94,15634.035575
48,100,15348.239012
48,104,15185.660812
48,116,14977.205949
49,53,24393.580440
49,55,22744.624914
49,58,22366.988207
49,59,19999.371293
49,63,19836.395702
49,65,19565.778226
49,67,19375.295784
49,71,19172.337236
49,72,18260.322844
49,75,17764.523186
49,79,17352.540886
49,81,17311.291333
49,87,16576.725933
49,88,16413.734671
49,92,15793.234769
49,94,15634.035575
49,100,15348.239012
49,104,15185.660812
49,106,15105.075679
49,116,14977.205949
50,53,24393.580440
50,55,22744.624914
50,58,22366.988207
50,59,19999.371293
50,63,19836.395702
50,65,19481.625005
50,67,19375.295784
50,71,19172.337236
50,72,18260.322844
50,75,17764.523186
50,79,17352.540886
50,81,17311.291333
50,86,17253.751411
50,87,16576.725933
50,88,16413.734671
50,90,16325.135810
50,92,15793.234769
50,94,15634.035575
50,100,15348.239012
50,104,15185.660812
50,106,15105.075679
50,116,14977.205949
51,53,24393.580440
51,55,21956.767178
51,59,19999.371293
51,63,19836.395702
51,65,19481.625005
51,67,19375.295784
51,71,19172.337236
51,72,18260.322844
51,75,17764.523186
51,79,17352.540886
51,81,17311.291333
51,83,16793.283401
51,86,16241.069581
51,92,15665.880868
51,94,15563.045413
51,97,15328.369780
51,104,15118.031920
51,106,15079.752985
51,115,14930.027761
52,53,24393.580440
52,55,21905.725521
52,59,19999.371293
52,63,19836.395702
52,65,19481.625005
52,67,19375.295784
52,71,19172.337236
52,72,18260.322844
52,75,17764.523186
52,79,17352.540886
52,81,17311.291333
52,83,16793.283401
52,86,16241.069581
52,92,15665.880868
52,94,15563.045413
52,97,15328.369780
52,104,15118.031920
52,106,15079.752985
52,115,14930.027761
53,53,24393.580440
53,55,21905.725521
53,59,19999.371293
53,63,19836.395702
53,65,19481.625005
53,67,19375.295784
53,69,19357.765465
53,70,18773.655893
53,71,18626.108628
53,72,18260.322844
53,75,17764.523186
53,79,17352.540886
53,81,17311.291333
53,83,16793.283401
53,86,16241.069581
53,92,15665.880868
53,94,15563.045413
53,97,15328.369780
53,104,15118.031920
53,106,15079.752985
53,115,14930.027761
54,53,24393.580440
54,55,21905.725521
54,59,19999.371293
54,63,19836.395702
54,65,19481.625005
54,66,19331.062722
54,69,18733.782218
54,71,18626.108628
54,72,18260.322844
54,75,17764.523186
54,79,17352.540886
54,81,17311.291333
54,83,16793.283401
54,86,16241.069581
54,91,16029.329851
54,92,15665.880868
54,94,15563.045413
54,97,15328.369780
54,104,15118.031920
54,106,15079.752985
54,115,14930.027761
55,53,24393.580440
55,55,21905.725521
55,58,20739.118629
55,59,19999.371293
55,62,19628.377025
55,65,19481.625005
55,66,19331.062722
55,69,18733.782218
55,71,18626.108628
55,72,18260.322844
55,75,17764.523186
55,79,17352.540886
55,81,17311.291333
55,83,16793.283401
55,86,16241.069581
55,91,16029.329851
55,92,15665.880868
55,94,15563.045413
55,97,15328.369780
55,104,15118.031920
55,106,15079.752985
55,115,14930.027761
55,120,14922.566116
56,53,24393.580440
56,54,22971.750898
56,55,21905.725521
56,57,20925.240776
56,58,20739.118629
56,59,19999.371293
56,62,19628.377025
56,65,19458.492166
56,66,19331.062722
56,69,18733.782218
56,71,18626.108628
56,72,18260.322844
56,75,17764.523186
56,79,17352.540886
56,81,17311.291333
56,83,16793.283401
56,84,16116.999928
56,89,16010.484345
56,90,15924.589360
56,91,15504.363519
56,97,15220.540506
56,101,15064.930692
56,104,15037.320034
56,114,14900.851355
57,53,22024.236006
57,55,21905.725521
57,56,21504.906594
57,57,20925.240776
57,58,20739.118629
57,59,19793.387192
57,62,19628.377025
57,65,19458.492166
57,66,19331.062722
57,69,18733.782218
57,71,18626.108628
57,72,18260.322844
57,75,17764.523186
57,78,17605.752167
57,79,17352.540886
57,81,17091.059760
57,83,16793.283401
57,84,16116.999928
57,89,16010.484345
57,90,15924.589360
57,91,15504.363519
57,97,15220.540506
57,101,15064.930692
57,104,15037.320034
57,114,14900.851355
58,53,22024.236006
58,54,20060.430123
58,59,19793.387192
58,61,19533.940955
58,65,19421.901163
58,66,19331.062722
58,68,19077.348397
58,69,18733.782218
58,71,18626.108628
58,72,18260.322844
58,75,17764.523186
58,78,17605.752167
58,79,17352.540886
58,81,17091.059760
58,83,16793.283401
58,84,16116.999928
58,89,16010.484345
58,90,15924.589360
58,91,15504.363519
58,97,15220.540506
58,101,15064.930692
58,104,15037.320034
58,114,14900.851355
59,53,22024.236006
59,54,20060.430123
59,57,19738.022242
59,60,19401.526309
59,63,19337.588039
59,66,19157.178602
59,68,17622.493138
59,77,16735.919246
59,84,16116.999928
59,89,16010.484345
59,90,15924.589360
59,91,15504.363519
59,97,15220.540506
59,101,15064.930692
59,104,15037.320034
59,114,14900.851355
60,53,21913.987585
60,54,20035.608324
60,57,19738.022242
60,60,19401.526309
60,61,19210.104495
60,65,18405.643250
60,68,17622.493138
60,75,17595.482485
60,77,16735.919246
60,82,16366.862592
60,84,16116.999928
60,89,16010.484345
60,90,15924.589360
60,91,15504.363519
60,97,15220.540506
60,101,15064.930692
60,104,15037.320034
60,114,14900.851355
61,52,21600.795560
61,54,20035.608324
61,57,19738.022242
61,59,19547.150158
61,60,19401.526309
61,61,19210.104495
61,65,18405.643250
61,68,17622.493138
61,75,17595.482485
61,76,17474.900825
61,77,16735.919246
61,82,16069.304866
61,87,15940.675824
61,90,15860.389818
61,91,15429.296679
61,97,15179.951146
61,101,15035.918090
61,103,14965.386024
61,114,14881.014505
62,52,21600.795560
62,54,20015.851022
62,56,19538.028975
62,60,19401.526309
62,61,19210.104495
62,65,18405.643250
62,68,17622.493138
62,75,17595.482485
62,76,17474.900825
62,77,16735.919246
62,82,16069.304866
62,86,15849.553992
62,91,15429.296679
62,97,15179.951146
62,101,15035.918090
62,103,14965.386024
62,114,14881.014505
63,52,21600.795560
63,54,20015.851022
63,55,19710.649197
63,56,19538.028975
63,60,19401.526309
63,61,19210.104495
63,65,18405.643250
63,68,17622.493138
63,75,17595.482485
63,76,17474.900825
63,77,16735.919246
63,80,16206.003638
63,82,16069.304866
63,86,15849.553992
63,91,15429.296679
63,97,15179.951146
63,101,15035.918090
63,103,14965.386024
63,114,14881.014505
64,51,22530.065434
64,52,21600.795560
64,54,20015.851022
64,55,19710.649197
64,56,19538.028975
64,58,19423.949130
64,59,18812.667032
64,65,18405.643250
64,68,17622.493138
64,75,17595.482485
64,76,17474.900825
64,77,16735.919246
64,80,16206.003638
64,82,16069.304866
64,84,15856.777618
64,86,15849.553992
64,91,15429.296679
64,95,15381.410861
64,97,15179.951146
64,101,15035.918090
64,103,14965.386024
64,114,14881.014505
65,51,22530.065434
65,52,21600.795560
65,53,20417.231574
65,54,20015.851022
65,55,19710.649197
65,56,19538.028975
65,57,19510.447581
65,58,19423.949130
65,59,18812.667032
65,60,18788.103717
65,65,18405.643250
65,68,17622.493138
65,72,17200.945920
65,77,16735.919246
65,80,16206.003638
65,82,16069.304866
65,84,15856.777618
65,86,15849.553992
65,91,15429.296679
65,95,15381.410861
65,97,15179.951146
65,101,15035.918090
65,103,14965.386024
65,114,14881.014505
66,51,21402.560129
66,53,20396.066564
66,54,20015.851022
66,55,19710.649197
66,56,19538.028975
66,57,19492.483909
66,58,19423.949130
66,59,18812.667032
66,60,18788.103717
66,65,18101.988017
66,67,18073.332824
66,68,17622.493138
66,72,17200.945920
66,74,16979.525149
66,77,16675.420651
66,79,16070.508862
66,81,16045.734976
66,82,15770.464137
66,90,15367.138800
66,95,15096.465285
66,101,15035.918090
66,102,14922.731585
66,111,14809.730651
67,51,21402.560129
67,53,20396.066564
67,54,20015.851022
67,55,19710.649197
67,56,19538.028975
67,57,19230.919384
67,59,18812.667032
67,60,18788.103717
67,63,18714.469637
67,64,18578.842174
67,65,18101.988017
67,67,18073.332824
67,68,17622.493138
67,72,17200.945920
67,74,16979.525149
67,77,16675.420651
67,79,16070.508862
67,81,16045.734976
67,82,15770.464137
67,85,15730.775049
67,90,15367.138800
67,95,15096.465285
67,97,15031.289922
67,102,14922.731585
67,111,14809.730651
68,51,21402.560129
68,53,20396.066564
68,54,20015.851022
68,55,19710.649197
68,56,19538.028975
68,57,19230.919384
68,59,18812.667032
68,60,18788.103717
68,63,18714.469637
68,64,18578.842174
68,65,18101.988017
68,67,18073.332824
68,68,17622.493138
68,72,17200.945920
68,74,16979.525149
68,77,16675.420651
68,79,16070.508862
68,81,16045.734976
68,82,15770.464137
68,85,15582.775315
68,87,15551.114244
68,90,15367.138800
68,95,15096.465285
68,97,15031.289922
68,102,14922.731585
68,111,14809.730651
69,51,21402.560129
69,53,20396.066564
69,54,20015.851022
69,55,19710.649197
69,56,19538.028975
69,57,19230.919384
69,58,18917.463453
69,59,18812.667032
69,60,18696.433323
69,64,18358.610601
69,65,18101.988017
69,67,18073.332824
69,68,17622.493138
69,70,17015.328568
69,74,16979.525149
69,77,16675.420651
69,79,16070.508862
69,81,16045.734976
69,82,15770.464137
69,85,15582.775315
69,87,15551.114244
69,90,15367.138800
69,95,15096.465285
69,97,15031.289922
69,102,14922.731585
69,111,14809.730651
70,51,21402.560129
70,53,20396.066564
70,54,20015.851022
70,55,19710.649197
70,56,19538.028975
70,57,19230.919384
70,58,18917.463453
70,59,18812.667032
70,60,18696.433323
70,64,18358.610601
70,65,18101.988017
70,67,18073.332824
70,68,17622.493138
70,70,17015.328568
70,74,16979.525149
70,77,16675.420651
70,79,16070.508862
70,81,16045.734976
70,82,15770.464137
70,85,15582.775315
70,87,15551.114244
70,90,15367.138800
70,95,15096.465285
70,97,15031.289922
70,102,14922.731585
70,111,14809.730651
71,51,21402.560129
71,53,20396.066564
71,54,19906.060958
71,55,19710.649197
71,56,19538.028975
71,57,19230.919384
71,58,18917.463453
71,59,18812.667032
71,60,18696.433323
71,61,18507.373392
71,64,18158.204932
71,65,18101.988017
71,67,17939.942201
71,68,17622.493138
71,70,17015.328568
71,74,16979.525149
71,77,16675.420651
71,79,16070.508862
71,80,15910.240200
71,82,15737.434891
71,84,15486.144194
71,87,15411.676652
71,90,15337.429952
71,95,15088.224043
71,97,15001.524746
71,101,14918.857430
71,111,14809.730651
72,51,21402.560129
72,52,20754.646747
72,53,20396.066564
72,54,19593.875290
72,56,19538.028975
72,57,19230.919384
72,58,18917.463453
72,59,18812.667032
72,60,18696.433323
72,61,18507.373392
72,64,18158.204932
72,65,18101.988017
72,67,17939.942201
72,68,17610.722877
72,70,17015.328568
72,74,16979.525149
72,77,16675.420651
72,79,16070.508862
72,80,15910.240200
72,82,15737.434891
72,84,15486.144194
72,87,15411.676652
72,90,15337.429952
72,95,15088.224043
72,97,15001.524746
72,101,14918.857430
72,111,14809.730651
73,51,21402.560129
73,52,20754.646747
73,53,20396.066564
73,54,19593.875290
73,56,19108.114802
73,58,18603.565394
73,61,18507.373392
73,64,18158.204932
73,65,18101.988017
73,67,17939.942201
73,68,17610.722877
73,70,17015.328568
73,74,16979.525149
73,77,16158.200529
73,79,16070.508862
73,80,15910.240200
73,82,15737.434891
73,84,15486.144194
73,87,15411.676652
73,90,15337.429952
73,95,15088.224043
73,97,15001.524746
73,101,14918.857430
73,111,14809.730651
74,51,21402.560129
74,52,20754.646747
74,53,20396.066564
74,54,19593.875290
74,56,19108.114802
74,58,18603.565394
74,61,18507.373392
74,64,17916.819886
74,68,17610.722877
74,70,17015.328568
74,74,16979.525149
74,77,16158.200529
74,79,16070.508862
74,80,15910.240200
74,82,15737.434891
74,84,15486.144194
74,87,15411.676652
74,90,15337.429952
74,95,15088.224043
74,97,15001.524746
74,101,14918.857430
74,111,14809.730651
74,117,14799.176999
75,51,21402.560129
75,52,20072.423570
75,54,19593.875290
75,56,19108.114802
75,58,18603.565394
75,61,18507.373392
75,64,17916.819886
75,68,17610.722877
75,70,17015.328568
75,73,16954.686420
75,76,16101.859520
75,79,16070.508862
75,80,15910.240200
75,82,15737.434891
75,84,15486.144194
75,87,15411.676652
75,90,15337.429952
75,95,15088.224043
75,97,15001.524746
75,101,14918.857430
75,111,14809.730651
75,117,14799.176999
76,51,21402.560129
76,52,20072.423570
76,54,19593.875290
76,56,19108.114802
76,57,19070.883891
76,58,18603.565394
76,61,18507.373392
76,64,17916.819886
76,68,17610.722877
76,70,17015.328568
76,73,16954.686420
76,76,16101.859520
76,79,16070.508862
76,80,15697.882256
76,84,15296.319415
76,88,15245.065070
76,94,15064.978363
76,97,14934.315354
76,101,14918.857430
76,111,14784.684685
76,117,14763.039128
77,51,21402.560129
77,52,20072.423570
77,54,19593.875290
77,56,19108.114802
77,57,19070.883891
77,58,18603.565394
77,61,18507.373392
77,64,17916.819886
77,66,17899.260674
77,68,17610.722877
77,70,17015.328568
77,73,16954.686420
77,76,16101.859520
77,79,16070.508862
77,80,15697.882256
77,84,15296.319415
77,88,15245.065070
77,94,15064.978363
77,97,14934.315354
77,101,14918.857430
77,111,14784.684685
77,117,14763.039128
78,51,21402.560129
78,52,20072.423570
78,54,19593.875290
78,56,19108.114802
78,57,19070.883891
78,58,18603.565394
78,61,18507.373392
78,63,18408.957114
78,64,17916.819886
78,65,17865.925005
78,67,17831.025792
78,68,17610.722877
78,70,17015.328568
78,73,16954.686420
78,75,16876.522127
78,76,16101.859520
78,79,16070.508862
78,80,15697.882256
78,84,15296.319415
78,88,15245.065070
78,94,15064.978363
78,95,14927.054849
78,101,14905.421624
78,111,14784.684685
78,117,14763.039128
79,51,21402.560129
79,52,20072.423570
79,53,19965.259205
79,54,19520.131006
79,56,19108.114802
79,57,19070.883891
79,58,18603.565394
79,61,18507.373392
79,62,18377.776817
79,64,17916.819886
79,65,17865.925005
79,67,17831.025792
79,68,17610.722877
79,69,17553.723134
79,70,17015.328568
79,73,16954.686420
79,75,16876.522127
79,76,16101.859520
79,79,16070.508862
79,80,15697.882256
79,84,15296.319415
79,88,15245.065070
79,94,15064.978363
79,95,14927.054849
79,101,14905.421624
79,108,14864.042237
79,111,14784.684685
79,112,14780.522285
79,117,14763.039128
80,51,21402.560129
80,52,20072.423570
80,53,19965.259205
80,54,19520.131006
80,56,19108.114802
80,57,19067.912905
80,58,18603.565394
80,60,18460.708407
80,62,18377.776817
80,64,17916.819886
80,65,17865.925005
80,67,17831.025792
80,68,17610.722877
80,69,17553.723134
80,70,17015.328568
80,73,16954.686420
80,75,16876.522127
80,76,16101.859520
80,79,16070.508862
80,80,15697.882256
80,84,15296.319415
80,88,15245.065070
80,94,15064.978363
80,95,14927.054849
80,101,14905.421624
80,104,14735.786320
80,111,14649.963043
81,51,21402.560129
81,52,20072.423570
81,53,19965.259205
81,54,19520.131006
81,56,19108.114802
81,57,19067.912905
81,58,18603.565394
81,60,18460.708407
81,62,18377.776817
81,64,17916.819886
81,65,17865.925005
81,66,17588.627277
81,69,17553.723134
81,70,17015.328568
81,73,16954.686420
81,75,16727.973181
81,76,16101.859520
81,78,15943.557845
81,79,15647.723536
81,81,15511.173341
81,83,15250.674165
81,88,15202.867233
81,94,15021.125898
81,95,14899.222803
81,101,14875.835072
81,103,14630.192892
82,51,21402.560129
82,52,20072.423570
82,53,19934.747867
82,54,19471.767361
82,56,19108.114802
82,57,19067.912905
82,58,18603.565394
82,60,18460.708407
82,62,18377.776817
82,64,17916.819886
82,65,17865.925005
82,66,17588.627277
82,69,17444.585068
82,70,17015.328568
82,73,16073.093266
82,78,15943.557845
82,79,15647.723536
82,81,15511.173341
82,83,15250.674165
82,88,15202.867233
82,94,15021.125898
82,95,14899.222803
82,101,14875.835072
82,103,14630.192892
83,51,21402.560129
83,52,20072.423570
83,53,19934.747867
83,54,19471.767361
83,56,19108.114802
83,57,19067.912905
83,58,18603.565394
83,60,18460.708407
83,62,18377.776817
83,64,17916.819886
83,65,17865.925005
83,66,17588.627277
83,69,17444.585068
83,70,17015.328568
83,73,16073.093266
83,78,15943.557845
83,79,15647.723536
83,81,15511.173341
83,83,15250.674165
83,88,15202.867233
83,94,15021.125898
83,95,14899.222803
83,101,14875.835072
83,103,14630.192892
84,51,21402.560129
84,52,20072.423570
84,53,19934.747867
84,54,19471.767361
84,56,19108.114802
84,57,19067.912905
84,58,18603.565394
84,60,18460.708407
84,62,18377.776817
84,64,17916.819886
84,65,17865.925005
84,66,17588.627277
84,69,17444.585068
84,70,17015.328568
84,73,16073.093266
84,78,15943.557845
84,79,15647.723536
84,81,15497.926063
84,83,15250.674165
84,88,15202.867233
84,94,15021.125898
84,95,14899.222803
84,101,14875.835072
84,103,14630.192892
85,51,21402.560129
85,52,20072.423570
85,53,19786.299913
85,54,19471.767361
85,56,19108.114802
85,57,19067.912905
85,58,18603.565394
85,60,18460.708407
85,62,18377.776817
85,64,17916.819886
85,65,17865.925005
85,66,17588.627277
85,69,17444.585068
85,70,17015.328568
85,73,16073.093266
85,78,15943.557845
85,79,15647.723536
85,81,15497.926063
85,82,15394.604442
85,83,15250.674165
85,88,15202.867233
85,92,14983.619443
85,95,14899.222803
85,101,14875.835072
85,103,14630.192892
85,104,14624.265739
86,51,21402.560129
86,52,20072.423570
86,53,19786.299913
86,54,19471.767361
86,56,19108.114802
86,57,19067.912905
86,58,18603.565394
86,60,18460.708407
86,62,18377.776817
86,64,17916.819886
86,65,17865.925005
86,66,17588.627277
86,69,17444.585068
86,70,17015.328568
86,72,16871.614249
86,73,16073.093266
86,78,15943.557845
86,79,15647.723536
86,81,15382.123375
86,82,15128.683079
86,88,15086.146925
86,91,14946.076902
86,94,14893.199666
86,97,14826.022334
86,99,14784.801756
86,103,14595.631231
87,51,21402.560129
87,52,20072.423570
87,53,19786.299913
87,54,19257.168746
87,56,19108.114802
87,57,19067.912905
87,58,18603.565394
87,60,18460.303073
87,62,18377.776817
87,64,17916.819886
87,65,17865.925005
87,66,17588.627277
87,69,17444.585068
87,70,17015.328568
87,71,17010.180231
87,72,16871.614249
87,73,16073.093266
87,78,15943.557845
87,79,15647.723536
87,81,15382.123375
87,82,15128.683079
87,88,14959.707929
87,91,14946.076902
87,94,14893.199666
87,95,14872.539357
87,97,14826.022334
87,99,14784.801756
87,103,14595.631231
88,51,21402.560129
88,52,20072.423570
88,53,19786.299913
88,54,19257.168746
88,56,19108.114802
88,57,19067.912905
88,58,18603.565394
88,60,18460.303073
88,62,18377.776817
88,64,17864.250945
88,66,17588.627277
88,69,17444.585068
88,70,17015.328568
88,71,17010.180231
88,72,16871.614249
88,73,16073.093266
88,78,15943.557845
88,79,15647.723536
88,81,15382.123375
88,82,15128.683079
88,88,14959.707929
88,91,14946.076902
88,94,14893.199666
88,95,14872.539357
88,97,14826.022334
88,99,14784.801756
88,103,14595.631231
89,50,22140.082495
89,51,21402.560129
89,52,20072.423570
89,53,19786.299913
89,54,19257.168746
89,56,19108.114802
89,57,19067.912905
89,58,18603.565394
89,60,18460.303073
89,62,18313.933688
89,64,17864.250945
89,66,17588.627277
89,69,17444.585068
89,70,17015.328568
89,71,17010.180231
89,72,16871.614249
89,73,16073.093266
89,78,15943.557845
89,79,15647.723536
89,81,15382.123375
89,82,15128.683079
89,88,14959.707929
89,91,14946.076902
89,94,14893.199666
89,95,14872.539357
89,97,14826.022334
89,99,14784.801756
89,103,14595.631231
90,50,22140.082495
90,51,21402.560129
90,52,20072.423570
90,53,19786.299913
90,54,19257.168746
90,56,18953.284080
90,58,18603.565394
90,60,18460.303073
90,62,18313.933688
90,63,18101.097314
90,64,17864.250945
90,66,17588.627277
90,69,17444.585068
90,70,17015.328568
90,71,17010.180231
90,72,16871.614249
90,73,16073.093266
90,78,15943.557845
90,79,15647.723536
90,81,15382.123375
90,82,15128.683079
90,88,14959.707929
90,91,14946.076902
90,94,14893.199666
90,95,14872.539357
90,97,14826.022334
90,99,14784.801756
90,103,14595.631231
91,50,22140.082495
91,51,21402.560129
91,52,20072.423570
91,53,19786.299913
91,54,19257.168746
91,56,18953.284080
91,57,18678.239534
91,58,18603.565394
91,60,18408.189771
91,62,18313.933688
91,63,18101.097314
91,64,17864.250945
91,66,17588.627277
91,69,16320.549419
91,73,16073.093266
91,78,15943.557845
91,79,15264.172114
91,82,15084.670590
91,88,14919.709984
91,90,14879.318274
91,95,14872.539357
91,97,14707.343480
91,102,14555.631150
92,50,22140.082495
92,51,21402.560129
92,52,20072.423570
92,53,19320.645415
92,54,19257.168746
92,56,18953.284080
92,57,18678.239534
92,58,18603.565394
92,60,18408.189771
92,62,18313.933688
92,63,18101.097314
92,64,17864.250945
92,66,17588.627277
92,69,16320.549419
92,73,16073.093266
92,78,15943.557845
92,79,15264.172114
92,82,15084.670590
92,88,14919.709984
92,90,14879.318274
92,95,14872.539357
92,97,14707.343480
92,102,14555.631150
93,50,22140.082495
93,51,21029.236566
93,52,20072.423570
93,53,19313.301179
93,54,19257.168746
93,56,18953.284080
93,57,18678.239534
93,58,18603.565394
93,60,18408.189771
93,62,18313.933688
93,63,18101.097314
93,64,17864.250945
93,66,17588.627277
93,69,16320.549419
93,73,16073.093266
93,78,15943.557845
93,79,15264.172114
93,82,15084.670590
93,88,14919.709984
93,90,14879.318274
93,95,14872.539357
93,97,14707.343480
93,102,14555.631150
94,50,22140.082495
94,51,21029.236566
94,52,20072.423570
94,53,19313.301179
94,54,19257.168746
94,56,18953.284080
94,57,18678.239534
94,58,18603.565394
94,60,18408.189771
94,62,18313.933688
94,63,18101.097314
94,64,17864.250945
94,66,17588.627277
94,69,16320.549419
94,73,16073.093266
94,78,15943.557845
94,79,15264.172114
94,82,15084.670590
94,88,14919.709984
94,90,14879.318274
94,95,14872.539357
94,97,14707.343480
94,102,14555.631150
95,50,22140.082495
95,51,21029.236566
95,52,19741.784010
95,53,19313.301179
95,54,19257.168746
95,56,18944.799830
95,57,18678.239534
95,58,18603.565394
95,60,18408.189771
95,61,18286.687409
95,62,18174.207095
95,63,18101.097314
95,64,17864.250945
95,66,17588.627277
95,69,16320.549419
95,73,16073.093266
95,78,15943.557845
95,79,15264.172114
95,82,15084.670590
95,88,14919.709984
95,90,14879.318274
95,95,14872.539357
95,97,14707.343480
95,102,14555.631150
96,50,22140.082495
96,51,21029.236566
96,52,19741.784010
96,53,19313.301179
96,54,19257.168746
96,56,18944.799830
96,57,18678.239534
96,58,18603.565394
96,60,18408.189771
96,61,18286.687409
96,62,18174.207095
96,63,18101.097314
96,64,17864.250945
96,66,17588.627277
96,69,16320.549419
96,73,16005.178813
96,76,15853.376056
96,79,15176.632199
96,82,15084.670590
96,87,14848.946406
96,90,14830.928884
96,97,14669.370854
96,100,14500.617535
97,50,22140.082495
97,51,21029.236566
97,52,19388.164227
97,53,19285.518336
97,54,19257.168746
97,55,19220.627624
97,56,18944.799830
97,57,18678.239534
97,58,18603.565394
97,60,18408.189771
97,61,18286.687409
97,62,18174.207095
97,63,17960.278393
97,64,17864.250945
97,66,17588.627277
97,69,16320.549419
97,73,16005.178813
97,76,15853.376056
97,79,15176.632199
97,82,15084.670590
97,87,14848.946406
97,90,14830.928884
97,97,14669.370854
97,100,14500.617535
98,50,22140.082495
98,51,21029.236566
98,52,19275.949753
98,53,19095.401164
98,56,18944.799830
98,57,18678.239534
98,58,18603.565394
98,60,18408.189771
98,61,18286.687409
98,62,18107.948972
98,63,17960.278393
98,64,17864.250945
98,66,17588.627277
98,69,16320.549419
98,73,16005.178813
98,76,15853.376056
98,79,15176.632199
98,82,15084.670590
98,87,14848.946406
98,90,14830.928884
98,97,14669.370854
98,100,14500.617535
99,49,22582.037779
99,50,22140.082495
99,51,21029.236566
99,52,19275.949753
99,53,19095.401164
99,56,18944.799830
99,57,18678.239534
99,58,18603.565394
99,60,18408.189771
99,61,18286.687409
99,62,18107.948972
99,63,17960.278393
99,64,17813.229964
99,66,17588.627277
99,69,16320.549419
99,73,16005.178813
99,76,15853.376056
99,79,15176.632199
99,82,15084.670590
99,87,14848.946406
99,90,14830.928884
99,97,14669.370854
99,100,14500.617535
100,49,22582.037779
100,50,22140.082495
100,51,21029.236566
100,52,19275.949753
100,53,19095.401164
100,56,18944.799830
100,57,18678.239534
100,58,18603.565394
100,60,18408.189771
100,61,18286.687409
100,62,18107.948972
100,63,17960.278393
100,64,17813.229964
100,66,17588.627277
100,69,16320.549419
100,73,16005.178813
100,76,15853.376056
100,79,15176.632199
100,82,15084.670590
100,87,14848.946406
100,90,14755.364307
100,97,14669.370854
100,100,14500.617535
101,49,22582.037779
101,50,21676.308356
101,51,21029.236566
101,52,19275.949753
101,53,19095.401164
101,56,18944.799830
101,57,18678.239534
101,58,18541.333544
101,60,18408.189771
101,61,18286.687409
101,62,18107.948972
101,63,17960.278393
101,64,17813.229964
101,66,17588.627277
101,69,16251.929347
101,73,15820.997486
101,77,15136.912940
101,81,15031.350669
101,87,14848.946406
101,90,14677.706983
101,91,14555.043206
101,99,14460.508998
102,49,22582.037779
102,50,21676.308356
102,51,21029.236566
102,52,19275.949753
102,53,19095.401164
102,54,19051.262159
102,55,18953.430152
102,56,18944.799830
102,57,18678.239534
102,58,18541.333544
102,60,18408.189771
102,61,18286.687409
102,62,18107.948972
102,63,17960.278393
102,64,17813.229964
102,66,17588.627277
102,67,17177.110812
102,69,16251.929347
102,73,15820.997486
102,77,15136.912940
102,81,15031.350669
102,87,14848.946406
102,90,14677.706983
102,91,14555.043206
102,99,14460.508998
103,49,22582.037779
103,50,21676.308356
103,51,20786.296125
103,52,19275.949753
103,53,19095.401164
103,54,18959.516059
103,55,18953.430152
103,56,18944.799830
103,57,18453.991260
103,60,18408.189771
103,61,18286.687409
103,62,18107.948972
103,63,17960.278393
103,64,17636.199008
103,66,17588.627277
103,67,17177.110812
103,69,16251.929347
103,73,15820.997486
103,77,15136.912940
103,81,15031.350669
103,87,14848.946406
103,90,14677.706983
103,91,14555.043206
103,99,14460.508998
104,49,22582.037779
104,50,21676.308356
104,51,19668.786855
104,52,19275.949753
104,53,19095.401164
104,54,18959.516059
104,55,18941.956820
104,57,18426.879969
104,60,18408.189771
104,61,18286.687409
104,62,18107.948972
104,63,17757.512593
104,64,17636.199008
104,66,17588.627277
104,67,17177.110812
104,69,16251.929347
104,73,15820.997486
104,77,15136.912940
104,81,15031.350669
104,87,14848.946406
104,90,14677.706983
104,91,14555.043206
104,99,14460.508998
105,49,22582.037779
105,50,21676.308356
105,51,19668.786855
105,52,19275.949753
105,53,19095.401164
105,54,18959.516059
105,55,18941.956820
105,56,18562.377973
105,57,18426.879969
105,60,18408.189771
105,61,18238.281136
105,62,18107.948972
105,63,17757.512593
105,64,17636.199008
105,66,17588.627277
105,67,17177.110812
105,69,16251.929347
105,73,15820.997486
105,76,15170.348080
105,77,15136.912940
105,81,15031.350669
105,87,14848.946406
105,90,14677.706983
105,91,14555.043206
105,99,14460.508998
106,49,22582.037779
106,50,21676.308356
106,51,19668.786855
106,52,19275.949753
106,53,18836.926312
106,56,18562.377973
106,57,18426.879969
106,60,18408.189771
106,61,18238.281136
106,62,18107.948972
106,63,17757.512593
106,64,17636.199008
106,66,17442.035834
106,67,17039.469318
106,69,16201.313148
106,72,15772.666658
106,76,15167.966073
106,77,15136.912940
106,80,14952.392069
106,87,14806.318955
106,90,14553.271646
106,98,14408.735419
107,49,22582.037779
107,50,21676.308356
107,51,19668.786855
107,52,19275.949753
107,53,18836.926312
107,56,18562.377973
107,57,18426.879969
107,60,18408.189771
107,61,18238.281136
107,62,18107.948972
107,63,17757.512593
107,64,17636.199008
107,66,17442.035834
107,67,17039.469318
107,69,16201.313148
107,72,15772.666658
107,76,15167.966073
107,77,15136.912940
107,80,14952.392069
107,87,14806.318955
107,88,14758.608587
107,90,14553.271646
107,98,14408.735419
108,49,22582.037779
108,50,21676.308356
108,51,19668.786855
108,52,19275.949753
108,53,18836.926312
108,56,18562.377973
108,57,18426.879969
108,60,18408.189771
108,61,18238.281136
108,62,18107.948972
108,63,17757.512593
108,64,17636.199008
108,66,17442.035834
108,67,17006.143768
108,69,16201.313148
108,72,15772.666658
108,76,15167.966073
108,77,15136.912940
108,80,14952.392069
108,87,14806.318955
108,88,14758.608587
108,90,14553.271646
108,98,14408.735419
109,49,22582.037779
109,50,21676.308356
109,51,19668.786855
109,52,19275.949753
109,53,18836.926312
109,56,18562.377973
109,57,18426.879969
109,60,18408.189771
109,61,18238.281136
109,62,18107.948972
109,63,17757.512593
109,64,17636.199008
109,66,17442.035834
109,67,17006.143768
109,69,16201.313148
109,72,15772.666658
109,76,15167.966073
109,77,15136.912940
109,80,14952.392069
109,87,14806.318955
109,88,14758.608587
109,90,14553.271646
109,98,14408.735419
110,49,22582.037779
110,50,21676.308356
110,51,19668.786855
110,52,19275.949753
110,53,18836.926312
110,55,18663.840900
110,56,18562.377973
110,57,18426.879969
110,58,18296.825171
110,61,17850.228382
110,63,17757.512593
110,64,17636.199008
110,66,17442.035834
110,67,17006.143768
110,69,16201.313148
110,72,15772.666658
110,76,15167.966073
110,77,15136.912940
110,80,14952.392069
110,87,14806.318955
110,88,14758.608587
110,89,14753.633908
110,90,14553.271646
110,98,14408.735419
111,49,22582.037779
111,50,20960.135505
111,51,19668.786855
111,52,19275.949753
111,53,18750.754857
111,55,18663.840900
111,56,18562.377973
111,57,18426.879969
111,58,18295.693678
111,61,17850.228382
111,63,17757.512593
111,64,17636.199008
111,66,17442.035834
111,67,16998.871349
111,69,16201.313148
111,72,15772.666658
111,76,15167.966073
111,77,15118.464678
111,79,14903.239481
111,85,14742.546326
111,88,14739.148386
111,89,14485.006587
111,96,14367.503703
112,49,22582.037779
112,50,20960.135505
112,51,19668.786855
112,52,19275.949753
112,53,18750.754857
112,55,18663.840900
112,56,18562.377973
112,57,18426.879969
112,58,18295.693678
112,61,17850.228382
112,63,17757.512593
112,64,17636.199008
112,66,17442.035834
112,67,16998.871349
112,69,16201.313148
112,72,15772.666658
112,76,15167.966073
112,77,15118.464678
112,79,14903.239481
112,85,14742.546326
112,88,14739.148386
112,89,14485.006587
112,96,14367.503703
113,49,22582.037779
113,50,20960.135505
113,51,19668.786855
113,52,19275.949753
113,53,18736.938162
113,54,18592.857326
113,56,18562.377973
113,57,18426.879969
113,58,18295.693678
113,61,17850.228382
113,63,17668.090367
113,64,17636.199008
113,66,17442.035834
113,67,16998.871349
113,69,16201.313148
113,72,15772.666658
113,76,15167.966073
113,77,15118.464678
113,79,14903.239481
113,85,14742.546326
113,88,14739.148386
113,89,14485.006587
113,96,14367.503703
114,49,22582.037779
114,50,20960.135505
114,51,19668.786855
114,52,19275.949753
114,53,18736.938162
114,54,18592.857326
114,56,18308.856085
114,58,18295.693678
114,59,18251.311444
114,61,17850.228382
114,63,17668.090367
114,64,17636.199008
114,66,17442.035834
114,67,16998.871349
114,69,16201.313148
114,72,15772.666658
114,76,15167.966073
114,77,15118.464678
114,79,14903.239481
114,85,14742.546326
114,88,14739.148386
114,89,14485.006587
114,96,14367.503703
115,47,23154.858296
115,49,22582.037779
115,50,20960.135505
115,51,19668.786855
115,52,19275.949753
115,53,18736.938162
115,54,18592.857326
115,56,18308.856085
115,58,18295.693678
115,59,18251.311444
115,61,17850.228382
115,63,17668.090367
115,64,17636.199008
115,66,17442.035834
115,67,16998.871349
115,69,16201.313148
115,72,15772.666658
115,76,15167.966073
115,77,15118.464678
115,79,14903.239481
115,85,14742.546326
115,88,14739.148386
115,89,14485.006587
115,96,14367.503703
116,47,23154.858296
116,49,22582.037779
116,50,20960.135505
116,51,19668.786855
116,52,19275.949753
116,53,18736.938162
116,54,18592.857326
116,56,18308.856085
116,57,18165.021267
116,58,18107.287694
116,61,17850.228382
116,62,17627.074059
116,66,17442.035834
116,67,16998.871349
116,69,16131.521102
116,71,15665.723343
116,76,15167.966073
116,77,15031.810636
116,79,14903.239481
116,85,14740.699671
116,86,14313.343639
117,47,23154.858296
117,49,22582.037779
117,50,20960.135505
117,51,19668.786855
117,52,19275.949753
117,53,18736.938162
117,54,18592.857326
117,56,18308.856085
117,57,18165.021267
117,58,18107.287694
117,61,17850.228382
117,62,17627.074059
117,66,17442.035834
117,67,16998.871349
117,69,16131.521102
117,71,15665.723343
117,76,15167.966073
117,77,15031.810636
117,79,14903.239481
117,85,14740.699671
117,86,14313.343639
118,47,23154.858296
118,49,22582.037779
118,50,20960.135505
118,51,19668.786855
118,52,19275.949753
118,53,18736.938162
118,54,18592.857326
118,56,18308.856085
118,57,18165.021267
118,58,18107.287694
118,61,17850.228382
118,62,17627.074059
118,65,17347.409447
118,67,16998.871349
118,69,16131.521102
118,71,15665.723343
118,76,15167.966073
118,77,15031.810636
118,79,14903.239481
118,85,14740.699671
118,86,14313.343639
119,47,23154.858296
119,49,22582.037779
119,50,20960.135505
119,51,19668.786855
119,52,19275.949753
119,53,18736.938162
119,54,18592.857326
119,56,18308.856085
119,57,18165.021267
119,58,18107.287694
119,61,17850.228382
119,62,17627.074059
119,65,17347.409447
119,67,16998.871349
119,69,16131.521102
119,71,15665.723343
119,76,15167.966073
119,77,15031.810636
119,79,14903.239481
119,85,14740.699671
119,86,14313.343639
120,47,23154.858296
120,49,22582.037779
120,50,20960.135505
120,51,19668.786855
120,52,19275.949753
120,53,18736.938162
120,54,18592.857326
120,56,18308.856085
120,57,18165.021267
120,58,18107.287694
120,61,17850.228382
120,62,17627.074059
120,65,16939.069090
120,69,16131.521102
120,71,15665.723343
120,76,15167.966073
120,77,15031.810636
120,79,14903.239481
120,83,14853.938015
120,85,14740.699671
120,86,14313.343639
121,47,23154.858296
121,49,22309.633415
121,50,20960.135505
121,51,19668.786855
121,52,19275.949753
121,53,18736.938162
121,54,18592.857326
121,56,18308.856085
121,57,18165.021267
121,58,18107.287694
121,61,17072.368734
121,65,16740.106994
121,69,16088.969832
121,70,15631.980875
121,76,15152.300021
121,77,14841.842009
121,82,14645.160025
121,86,14313.343639
122,47,22895.269559
122,49,22309.633415
122,50,20960.135505
122,51,19668.786855
122,52,19016.089222
122,53,18736.938162
122,54,18592.857326
122,56,18308.856085
122,57,18165.021267
122,58,18107.287694
122,61,17072.368734
122,65,16740.106994
122,69,16088.969832
122,70,15631.980875
122,76,15152.300021
122,77,14841.842009
122,82,14645.160025
122,86,14313.343639
123,47,22895.269559
123,48,22694.455776
123,49,22309.633415
123,50,20960.135505
123,51,19668.786855
123,52,19016.089222
123,53,18736.938162
123,54,18592.857326
123,56,18308.856085
123,57,18165.021267
123,58,18107.287694
123,61,17072.368734
123,65,16740.106994
123,69,16088.969832
123,70,15631.980875
123,76,15152.300021
123,77,14841.842009
123,82,14645.160025
123,86,14313.343639
124,47,22895.269559
124,48,22694.455776
124,49,22309.633415
124,50,20960.135505
124,51,19668.786855
124,52,19000.036840
124,53,18736.938162
124,54,18592.857326
124,55,18356.952606
124,56,18308.856085
124,57,18165.021267
124,58,18107.287694
124,61,17072.368734
124,65,16740.106994
124,69,16088.969832
124,70,15631.980875
124,76,15152.300021
124,77,14841.842009
124,82,14645.160025
124,86,14313.343639
125,47,22895.269559
125,48,22694.455776
125,49,22309.633415
125,50,20960.135505
125,51,19668.786855
125,52,19000.036840
125,53,18654.928105
125,54,18592.857326
125,55,18356.952606
125,56,18308.856085
125,57,18009.243064
125,61,17072.368734
125,65,16740.106994
125,69,16088.969832
125,70,15631.980875
125,75,14804.492476
125,80,14665.515680
125,82,14645.160025
125,86,14313.343639
126,47,22895.269559
126,48,22694.455776
126,49,21695.000118
126,50,20960.135505
126,51,19588.343985
126,52,19000.036840
126,53,18654.928105
126,54,18592.857326
126,55,18356.952606
126,56,18308.856085
126,57,17884.294277
126,61,16925.125807
126,65,16740.106994
126,69,16088.969832
126,70,15586.584672
126,75,14715.796913
126,80,14650.528011
126,81,14579.876735
126,85,14251.130281
127,47,22895.269559
127,48,22694.455776
127,49,21695.000118
127,50,19665.579763
127,51,19588.343985
127,52,19000.036840
127,53,18654.928105
127,54,18592.857326
127,55,18356.952606
127,56,18308.856085
127,57,17884.294277
127,61,16925.125807
127,65,16740.106994
127,69,16088.969832
127,70,15586.584672
127,72,15477.959807
127,75,14715.796913
127,80,14650.528011
127,81,14579.876735
127,85,14251.130281
128,47,22895.269559
128,48,22694.455776
128,49,21695.000118
128,50,19665.579763
128,51,19588.343985
128,52,18688.020826
128,53,18654.928105
128,54,18592.857326
128,55,18356.952606
128,56,18308.856085
128,57,17884.294277
128,61,16925.125807
128,65,16740.106994
128,69,16088.969832
128,70,15586.584672
128,72,15477.959807
128,75,14690.656020
128,80,14650.528011
128,81,14579.876735
128,85,14251.130281
129,47,22895.269559
129,48,22694.455776
129,49,21695.000118
129,50,19665.579763
129,51,19425.789350
129,52,18688.020826
129,53,18654.928105
129,54,18592.857326
129,55,18242.510651
129,57,17884.294277
129,60,17437.184600
129,61,16925.125807
129,65,16740.106994
129,69,16088.969832
129,70,15586.584672
129,72,15477.959807
129,75,14690.656020
129,80,14650.528011
129,81,14579.876735
129,85,14251.130281
130,47,22895.269559
130,48,22694.455776
130,49,20622.835581
130,50,19665.579763
130,51,19425.789350
130,52,18688.020826
130,53,18654.928105
130,54,18592.857326
130,55,18172.496096
130,57,17884.294277
130,60,17437.184600
130,61,16925.125807
130,65,16740.106994
130,69,16088.969832
130,70,15586.584672
130,72,15477.959807
130,74,14597.522776
130,81,14579.876735
130,85,14251.130281
131,47,22895.269559
131,48,22694.455776
131,49,20622.835581
131,50,19665.579763
131,51,19003.154777
131,52,18688.020826
131,53,18654.928105
131,54,18592.857326
131,55,18172.496096
131,57,17884.294277
131,60,16892.504185
131,65,15872.010022
131,70,15573.818875
131,72,15477.959807
131,74,14597.522776
131,81,14579.876735
131,85,14251.130281
132,47,22895.269559
132,48,22694.455776
132,49,20622.835581
132,50,19665.579763
132,51,19003.154777
132,52,18688.020826
132,53,18654.928105
132,54,18592.857326
132,55,18172.496096
132,57,17884.294277
132,60,16892.504185
132,65,15872.010022
132,70,15526.047653
132,72,15477.959807
132,74,14597.522776
132,81,14579.876735
132,85,14251.130281
133,47,22895.269559
133,48,22694.455776
133,49,20622.835581
133,50,19665.579763
133,51,19003.154777
133,52,18688.020826
133,53,18524.025078
133,54,18493.267415
133,55,18172.496096
133,57,17884.294277
133,59,17675.393330
133,60,16892.504185
133,65,15872.010022
133,70,15526.047653
133,72,15477.959807
133,74,14597.522776
133,81,14579.876735
133,85,14251.130281
134,47,22895.269559
134,48,22694.455776
134,49,20622.835581
134,50,19665.579763
134,51,19003.154777
134,52,18688.020826
134,53,18524.025078
134,54,18474.564999
134,55,18172.496096
134,57,17884.294277
134,59,17675.393330
134,60,16892.504185
134,65,15872.010022
134,70,15526.047653
134,72,15477.959807
134,74,14597.522776
134,81,14579.876735
134,85,14251.130281
135,47,22895.269559
135,48,22694.455776
135,49,20622.835581
135,50,19665.579763
135,51,19003.154777
135,52,18688.020826
135,53,18524.025078
135,54,18474.564999
135,55,18172.496096
135,57,17884.294277
135,59,17675.393330
135,60,16892.504185
135,65,15872.010022
135,67,15605.887247
135,70,15526.047653
135,72,15477.959807
135,74,14597.522776
135,81,14579.876735
135,85,14251.130281
136,47,22895.269559
136,48,22694.455776
136,49,20622.835581
136,50,19665.579763
136,51,19003.154777
136,52,18688.020826
136,53,18524.025078
136,54,18474.564999
136,55,18172.496096
136,57,17801.165362
136,59,17482.278238
136,60,16892.504185
136,65,15872.010022
136,67,15590.092240
136,70,15526.047653
136,72,14542.855362
136,81,14542.510053
136,85,14250.263975
137,47,22895.269559
137,48,22234.218549
137,49,20622.835581
137,50,19665.579763
137,51,19003.154777
137,52,18688.020826
137,53,18524.025078
137,54,18474.564999
137,55,18172.496096
137,57,17801.165362
137,59,17482.278238
137,60,16892.504185
137,64,16099.331987
137,65,15872.010022
137,67,15590.092240
137,70,15526.047653
137,72,14542.855362
137,81,14542.510053
137,85,14250.263975
138,47,22895.269559
138,48,22234.218549
138,49,20622.835581
138,50,19665.579763
138,51,18886.748970
138,52,18688.020826
138,53,18524.025078
138,54,18422.353391
138,55,18172.496096
138,57,17801.165362
138,59,17482.278238
138,60,16892.504185
138,64,16099.331987
138,65,15872.010022
138,67,15590.092240
138,70,15526.047653
138,71,15410.751337
138,72,14542.855362
138,81,14542.510053
138,85,14250.263975
139,47,22895.269559
139,48,22234.218549
139,49,20622.835581
139,50,19665.579763
139,51,18886.748970
139,52,18688.020826
139,53,18524.025078
139,54,18422.353391
139,55,18172.496096
139,57,17801.165362
139,59,17482.278238
139,60,16892.504185
139,62,16594.761576
139,64,16099.331987
139,65,15872.010022
139,67,15590.092240
139,70,15526.047653
139,71,15410.751337
139,72,14542.855362
139,81,14542.510053
139,85,14250.263975
140,47,22895.269559
140,48,22234.218549
140,49,19524.179046
140,50,18991.789325
140,51,18886.748970
140,52,18688.020826
140,53,18524.025078
140,54,18422.353391
140,55,18172.496096
140,57,17801.165362
140,59,17482.278238
140,60,16892.504185
140,62,16594.761576
140,64,16099.331987
140,65,15872.010022
140,67,15590.092240
140,70,15526.047653
140,71,15410.751337
140,72,14542.855362
140,81,14542.510053
140,85,14250.263975
141,47,22895.269559
141,48,22234.218549
141,49,19524.179046
141,50,18991.789325
141,51,18886.748970
141,52,18688.020826
141,53,18524.025078
141,54,18422.353391
141,55,18172.496096
141,57,17801.165362
141,59,17482.278238
141,60,16780.502562
141,62,16594.761576
141,64,16015.294749
141,65,15830.650994
141,66,15519.511386
141,69,15363.216035
141,72,14542.855362
141,80,14519.355310
141,84,14168.477134
142,47,22895.269559
142,48,22234.218549
142,49,19495.806732
142,50,18991.789325
142,51,18886.748970
142,52,18533.600234
142,53,18524.025078
142,54,18422.353391
142,55,18172.496096
142,57,17801.165362
142,59,17482.278238
142,60,16780.502562
142,62,16594.761576
142,64,16015.294749
142,65,15830.650994
142,66,15519.511386
142,69,15363.216035
142,72,14542.855362
142,80,14519.355310
142,84,14168.477134
143,47,22895.269559
143,48,22234.218549
143,49,19495.806732
143,50,18991.789325
143,51,18886.748970
143,52,18533.600234
143,53,18524.025078
143,54,18422.353391
143,55,18172.496096
143,57,17801.165362
143,59,17482.278238
143,60,16780.502562
143,62,16594.761576
143,64,16015.294749
143,65,15830.650994
143,66,15519.511386
143,69,15363.216035
143,72,14542.855362
143,80,14519.355310
143,84,14168.477134
144,47,22895.269559
144,48,22234.218549
144,49,19495.806732
144,50,18991.789325
144,51,18886.748970
144,52,18533.600234
144,53,18524.025078
144,54,18422.353391
144,55,18172.496096
144,57,17801.165362
144,59,17482.278238
144,60,16780.502562
144,62,16594.761576
144,64,16015.294749
144,65,15830.650994
144,66,15519.511386
144,69,15363.216035
144,72,14542.855362
144,80,14519.355310
144,84,14168.477134
145,47,22895.269559
145,48,22234.218549
145,49,19495.806732
145,50,18991.789325
145,51,18886.748970
145,52,18533.600234
145,53,18524.025078
145,54,18422.353391
145,55,18172.496096
145,57,17801.165362
145,59,17482.278238
145,60,16780.502562
145,62,16594.761576
145,64,16015.294749
145,65,15830.650994
145,66,15519.511386
145,69,15363.216035
145,72,14542.855362
145,80,14519.355310
145,84,14168.477134
146,47,22895.269559
146,48,22234.218549
146,49,19495.806732
146,50,18991.789325
146,51,18886.748970
146,52,18533.600234
146,53,18524.025078
146,54,18422.353391
146,55,18172.496096
146,57,17801.165362
146,59,16604.382323
146,61,16538.322596
146,64,16015.294749
146,65,15518.218132
146,68,15236.323879
146,72,14505.830448
146,77,14484.176377
146,79,14456.079186
146,81,14123.077452
147,47,22895.269559
147,48,22234.218549
147,49,19495.806732
147,50,18991.789325
147,51,18676.058037
147,52,18533.600234
147,53,18524.025078
147,54,18422.353391
147,55,18172.496096
147,57,17801.165362
147,59,16604.382323
147,61,16538.322596
147,64,16015.294749
147,65,15518.218132
147,68,15236.323879
147,72,14505.830448
147,77,14484.176377
147,79,14456.079186
147,81,14123.077452
148,47,22895.269559
148,48,22234.218549
148,49,19495.806732
148,50,18991.789325
148,51,18649.555566
148,52,18533.600234
148,53,18524.025078
148,54,18422.353391
148,55,18172.496096
148,57,17801.165362
148,59,16604.382323
148,61,16538.322596
148,64,16015.294749
148,65,15518.218132
148,68,15236.323879
148,72,14505.830448
148,77,14484.176377
148,79,14456.079186
148,81,14123.077452
149,47,22895.269559
149,48,22234.218549
149,49,19495.806732
149,50,18867.783748
149,51,18649.555566
149,52,18533.600234
149,53,18524.025078
149,54,18422.353391
149,55,18172.496096
149,57,17801.165362
149,59,16604.382323
149,61,16538.322596
149,64,16015.294749
149,65,15518.218132
149,68,15236.323879
149,72,14505.830448
149,76,14487.537005
149,77,14484.176377
149,79,14456.079186
149,81,14123.077452
150,47,22895.269559
150,48,22234.218549
150,49,19273.381263
150,50,18867.783748
150,51,18624.462210
150,52,18533.600234
150,53,18524.025078
150,54,18422.353391
150,55,18172.496096
150,57,17801.165362
150,59,16604.382323
150,61,16538.322596
150,64,16015.294749
150,65,15518.218132
150,68,15236.323879
150,72,14505.830448
150,76,14487.537005
150,77,14484.176377
150,79,14456.079186
150,81,14123.077452
151,47,19836.912855
151,49,19155.649922
151,50,18867.783748
151,51,18624.462210
151,52,18533.600234
151,53,18524.025078
151,54,18422.353391
151,55,18172.496096
151,57,17801.165362
151,59,16604.382323
151,61,16462.467479
151,64,15884.961876
151,65,15501.115283
151,68,15150.680850
151,72,14492.515249
151,76,14355.891122
151,81,14092.606721
152,47,19836.912855
152,49,18896.913924
152,50,18867.783748
152,51,18624.462210
152,52,18533.600234
152,53,18524.025078
152,54,18422.353391
152,55,18172.496096
152,57,17801.165362
152,59,16604.382323
152,61,16462.467479
152,64,15884.961876
152,65,15501.115283
152,68,15150.680850
152,72,14492.515249
152,76,14355.891122
152,81,14092.606721
153,47,19836.912855
153,49,18896.913924
153,50,18867.783748
153,51,18624.462210
153,52,18533.600234
153,53,18524.025078
153,54,18422.353391
153,55,18172.496096
153,57,17801.165362
153,59,16604.382323
153,61,16462.467479
153,64,15884.961876
153,65,15501.115283
153,68,15150.680850
153,72,14492.515249
153,76,14355.891122
153,81,14092.606721
154,47,19836.912855
154,49,18896.913924
154,50,18867.783748
154,51,18624.462210
154,52,18533.600234
154,53,18403.235971
154,54,18394.501301
154,55,18172.496096
154,57,17801.165362
154,59,16604.382323
154,61,16462.467479
154,64,15884.961876
154,65,15501.115283
154,68,15150.680850
154,72,14492.515249
154,76,14355.891122
154,81,14092.606721
155,47,19836.912855
155,49,18896.913924
155,50,18867.783748
155,51,18624.462210
155,52,18533.600234
155,53,18403.235971
155,54,18394.501301
155,55,18172.496096
155,57,17801.165362
155,59,16604.382323
155,61,16462.467479
155,64,15884.961876
155,65,15501.115283
155,68,15150.680850
155,72,14492.515249
155,76,14355.891122
155,81,14092.606721
156,47,19836.912855
156,49,18896.913924
156,50,18790.288743
156,51,18624.462210
156,52,18533.600234
156,53,18403.235971
156,54,18334.849315
156,55,18115.730223
156,57,17801.165362
156,59,15923.633682
156,64,15884.961876
156,65,15424.812690
156,68,15150.680850
156,70,14434.967856
156,76,14355.891122
156,81,14073.960720
157,47,19836.912855
157,49,18896.913924
157,50,18747.906927
157,51,18624.462210
157,52,18533.600234
157,53,18403.235971
157,54,18334.849315
157,55,18115.730223
157,57,17801.165362
157,59,15923.633682
157,64,15884.961876
157,65,15424.812690
157,68,15150.680850
157,70,14434.967856
157,76,14204.671203
157,81,14073.960720
158,47,19836.912855
158,49,18896.913924
158,50,18747.906927
158,51,18624.462210
158,52,18533.600234
158,53,18403.235971
158,54,18334.849315
158,55,18115.730223
158,57,17801.165362
158,59,15923.633682
158,64,15884.961876
158,65,15424.812690
158,68,15150.680850
158,70,14434.967856
158,75,14231.699773
158,76,14204.671203
158,81,14073.960720
158,92,14030.028529
159,47,19836.912855
159,49,18896.913924
159,50,18747.906927
159,51,18607.781176
159,52,18400.573955
159,54,18334.849315
159,55,18115.730223
159,57,17801.165362
159,59,15923.633682
159,64,15884.961876
159,65,15424.812690
159,68,15150.680850
159,70,14434.967856
159,75,14231.699773
159,76,14204.671203
159,81,14073.960720
159,92,14030.028529
160,47,19836.912855
160,49,18896.913924
160,50,18736.286349
160,51,18607.781176
160,52,18400.573955
160,54,18334.849315
160,55,18115.730223
160,57,17801.165362
160,59,15923.633682
160,64,15884.961876
160,65,15424.812690
160,68,15150.680850
160,70,14434.967856
160,75,14231.699773
160,76,14204.671203
160,81,14073.960720
160,92,14030.028529
161,47,19836.912855
161,49,18896.913924
161,50,18736.286349
161,51,18607.781176
161,52,18400.573955
161,54,18334.849315
161,55,18115.730223
161,56,18039.430015
161,57,17801.165362
161,58,15768.619076
161,64,15359.405535
161,68,15130.126882
161,70,14374.970543
161,74,14209.888190
161,75,14172.269531
161,81,14073.960720
161,91,13983.623125
162,47,19836.912855
162,49,18896.913924
162,50,18662.521480
162,51,18607.781176
162,52,18400.573955
162,54,18334.849315
162,55,18115.730223
162,56,17964.228220
162,57,17801.165362
162,58,15768.619076
162,64,15359.405535
162,66,14947.523574
162,70,14374.970543
162,74,14209.888190
162,75,14172.269531
162,81,14073.960720
162,91,13983.623125
163,47,19836.912855
163,49,18896.913924
163,50,18662.521480
163,51,18607.781176
163,52,18400.573955
163,54,18334.849315
163,55,18115.730223
163,56,17900.083045
163,57,17801.165362
163,58,15768.619076
163,64,15359.405535
163,65,14581.822573
163,70,14374.970543
163,74,14209.888190
163,75,14172.269531
163,81,14073.960720
163,91,13983.623125
164,47,19836.912855
164,48,19264.563371
164,49,18896.913924
164,50,18662.521480
164,51,18607.781176
164,52,18400.573955
164,54,18334.849315
164,55,18115.730223
164,56,17900.083045
164,57,17801.165362
164,58,15768.619076
164,64,15359.405535
164,65,14581.822573
164,70,14374.970543
164,74,14209.888190
164,75,14172.269531
164,81,14073.960720
164,91,13983.623125
165,47,19836.912855
165,48,19264.563371
165,49,18896.913924
165,50,18662.521480
165,51,18607.781176
165,52,18400.573955
165,53,18371.234323
165,54,18334.849315
165,55,18115.730223
165,56,17900.083045
165,57,17801.165362
165,58,15768.619076
165,64,15359.405535
165,65,14581.822573
165,70,14374.970543
165,74,14209.888190
165,75,14172.269531
165,81,14073.960720
165,91,13983.623125
166,47,19836.912855
166,48,19264.563371
166,49,18896.913924
166,50,18464.751591
166,52,18400.573955
166,53,18371.234323
166,54,18334.849315
166,55,18115.730223
166,56,17852.475071
166,57,17801.165362
166,58,15666.191889
166,62,14464.099011
166,70,14349.015159
166,74,14160.733027
166,75,14134.577838
166,81,14073.960720
166,89,13958.531133
167,47,19836.912855
167,48,19264.563371
167,49,18867.579999
167,50,18464.751591
167,52,18203.701916
167,55,18115.730223
167,56,17852.475071
167,57,17801.165362
167,58,15666.191889
167,62,14464.099011
167,68,14190.678007
167,74,14160.733027
167,75,14134.577838
167,81,14073.960720
167,89,13958.531133
168,47,19836.912855
168,48,19264.563371
168,49,18867.579999
168,50,18464.751591
168,52,18203.701916
168,55,18093.506043
168,56,17852.475071
168,57,17801.165362
168,58,15666.191889
168,62,14464.099011
168,68,14190.678007
168,74,14160.733027
168,75,14134.577838
168,81,14073.960720
168,89,13958.531133
169,47,19813.971268
169,48,19264.563371
169,49,18770.607349
169,50,18464.751591
169,52,18203.701916
169,53,18092.096670
169,56,17852.475071
169,57,17801.165362
169,58,15666.191889
169,62,14464.099011
169,68,14190.678007
169,74,14160.733027
169,75,14134.577838
169,81,14073.960720
169,89,13958.531133
170,47,19813.971268
170,48,19264.563371
170,49,18770.607349
170,50,18464.751591
170,51,18292.212768
170,52,18203.701916
170,53,18092.096670
170,56,17852.475071
170,57,17801.165362
170,58,15666.191889
170,62,14464.099011
170,68,14190.678007
170,74,14160.733027
170,75,14134.577838
170,78,14114.186112
170,81,14073.960720
170,89,13958.531133
171,47,19813.971268
171,48,19264.563371
171,49,18770.607349
171,50,18464.751591
171,51,18292.212768
171,52,18203.701916
171,53,18092.096670
171,54,17801.054257
171,58,15662.430146
171,62,14407.511216
171,68,14190.678007
171,74,14144.389547
171,75,14134.577838
171,78,14114.186112
171,80,14102.826279
171,81,14048.786967
171,89,13953.730167
172,46,19888.367833
172,47,19707.462679
172,48,19264.563371
172,49,18770.607349
172,50,18464.751591
172,51,18292.212768
172,52,18203.701916
172,53,18092.096670
172,54,17801.054257
172,57,17685.239693
172,58,15662.430146
172,62,14407.511216
172,68,14190.678007
172,74,14099.917370
172,81,14048.786967
172,89,13953.730167
173,46,19781.245630
173,47,19707.462679
173,48,19264.563371
173,49,18770.607349
173,50,18464.751591
173,51,18292.212768
173,52,18203.701916
173,53,18092.096670
173,54,17801.054257
173,57,17685.239693
173,58,15662.430146
173,62,14407.511216
173,68,14190.678007
173,70,14083.793819
173,81,14048.786967
173,89,13953.730167
174,46,19781.245630
174,47,19640.818162
174,48,19264.563371
174,49,18770.607349
174,50,18464.751591
174,51,18292.212768
174,52,18203.701916
174,53,18092.096670
174,54,17801.054257
174,57,16090.478934
174,58,15662.430146
174,62,14407.511216
174,68,14190.678007
174,70,14083.793819
174,81,14048.786967
174,85,14038.285677
174,89,13953.730167
174,93,13943.879190
175,46,19781.245630
175,47,19640.818162
175,48,19264.563371
175,49,18770.607349
175,50,18464.751591
175,51,18292.212768
175,52,18203.701916
175,53,18092.096670
175,54,17801.054257
175,57,16090.478934
175,58,15662.430146
175,62,14407.511216
175,68,14190.678007
175,70,14083.793819
175,81,14048.786967
175,85,14038.285677
175,89,13953.730167
175,93,13943.879190
176,46,19781.245630
176,47,19640.818162
176,48,19264.563371
176,49,18770.607349
176,50,18390.564452
176,51,18292.212768
176,52,18131.434654
176,53,18092.096670
176,54,17801.054257
176,57,15570.295650
176,58,15554.851494
176,62,14362.015653
176,68,14190.678007
176,70,14048.773270
176,81,14011.148157
176,89,13944.601125
176,93,13938.358817
177,46,19781.245630
177,47,19640.818162
177,48,19264.563371
177,49,18770.607349
177,50,18390.564452
177,51,18292.212768
177,52,18131.434654
177,53,17977.572001
177,54,17801.054257
177,57,15570.295650
177,58,15554.851494
177,62,14362.015653
177,68,14165.806151
177,70,14048.773270
177,81,14011.148157
177,89,13944.601125
177,93,13938.358817
178,46,19781.245630
178,47,19640.818162
178,48,19264.563371
178,49,18770.607349
178,50,18390.564452
178,51,18084.319979
178,53,17977.572001
178,54,17801.054257
178,57,15570.295650
178,58,15554.851494
178,62,14362.015653
178,68,14165.806151
178,70,13949.143443
178,89,13944.601125
178,93,13938.358817
179,46,19781.245630
179,47,19640.818162
179,48,19238.242313
179,49,18770.607349
179,50,18390.564452
179,51,18084.319979
179,53,17977.572001
179,54,17801.054257
179,56,15444.680424
179,62,14362.015653
179,68,14165.806151
179,69,13972.569217
179,70,13949.143443
179,73,13924.430345
180,46,19781.245630
180,47,19640.818162
180,48,19238.242313
180,49,18770.607349
180,50,18390.564452
180,51,18084.319979
180,53,17977.572001
180,54,17801.054257
180,56,15444.680424
180,62,14362.015653
180,68,14165.806151
180,69,13972.569217
180,70,13949.143443
180,73,13924.430345
180,88,13904.778263
181,46,19781.245630
181,47,19640.818162
181,48,19093.548095
181,49,18770.607349
181,50,18230.765761
181,51,17970.770847
181,54,17796.570199
181,56,15444.680424
181,62,14339.126595
181,68,14136.634461
181,69,13952.938175
181,70,13900.249891
182,46,19781.245630
182,47,19640.818162
182,48,19093.548095
182,49,18770.607349
182,50,18230.765761
182,51,17970.770847
182,54,17796.570199
182,56,15444.680424
182,62,14339.126595
182,66,14176.862171
182,68,14136.634461
182,69,13952.938175
182,70,13900.249891
182,71,13887.018608
183,46,19781.245630
183,47,19640.818162
183,48,19093.548095
183,49,18770.607349
183,50,18230.765761
183,51,17970.770847
183,54,17796.570199
183,56,15444.680424
183,61,14511.025721
183,62,14339.126595
183,66,14075.044053
183,69,13952.938175
183,70,13900.249891
183,71,13887.018608
183,77,13789.341124
183,84,13682.395421
184,46,19781.245630
184,47,19640.818162
184,48,19093.548095
184,49,18770.607349
184,50,18230.765761
184,51,17970.770847
184,54,17542.139826
184,56,15425.049382
184,60,14388.784243
184,62,14339.126595
184,66,14075.044053
184,69,13952.938175
184,70,13900.249891
184,71,13887.018608
184,75,13848.434455
184,77,13789.341124
184,84,13682.395421
185,46,19781.245630
185,47,19640.818162
185,48,18725.344520
185,49,18503.925163
185,50,18230.765761
185,51,17970.770847
185,53,17835.877813
185,54,17542.139826
185,56,15425.049382
185,60,14388.784243
185,62,14339.126595
185,66,14075.044053
185,68,13924.381039
185,70,13900.249891
185,71,13887.018608
185,75,13848.434455
185,77,13789.341124
185,84,13682.395421
186,46,19781.245630
186,47,18590.888679
186,49,18503.925163
186,50,18230.765761
186,51,17970.770847
186,53,17835.877813
186,54,17542.139826
186,56,15267.689661
186,60,14378.204339
186,62,14286.302531
186,65,13983.512122
186,68,13921.901261
186,69,13803.481932
186,77,13784.475159
186,84,13668.398401
187,45,20142.305237
187,46,19781.245630
187,47,18590.888679
187,49,18503.925163
187,50,18230.765761
187,51,17970.770847
187,53,17835.877813
187,54,17542.139826
187,56,15267.689661
187,60,14378.204339
187,62,14286.302531
187,65,13983.512122
187,68,13921.901261
187,69,13803.481932
187,77,13784.475159
187,84,13668.398401
188,45,20142.305237
188,46,19781.245630
188,47,18590.888679
188,49,18503.925163
188,50,18230.765761
188,51,17970.770847
188,53,17835.877813
188,54,17542.139826
188,56,15267.689661
188,60,14378.204339
188,62,14286.302531
188,65,13983.512122
188,68,13921.901261
188,69,13803.481932
188,77,13784.475159
188,79,13780.410440
188,84,13668.398401
189,45,20142.305237
189,46,19781.245630
189,47,18590.888679
189,49,18503.925163
189,50,18230.765761
189,51,17970.770847
189,52,17951.111814
189,53,17835.877813
189,54,17542.139826
189,56,15267.689661
189,60,14378.204339
189,62,14286.302531
189,65,13983.512122
189,68,13921.901261
189,69,13803.481932
189,77,13784.475159
189,79,13780.410440
189,84,13668.398401
190,45,20114.670973
190,46,19526.554096
190,47,18590.888679
190,49,18503.925163
190,50,18230.765761
190,51,17970.770847
190,52,17951.111814
190,53,17835.877813
190,54,17542.139826
190,56,15267.689661
190,60,14378.204339
190,62,14286.302531
190,65,13983.512122
190,68,13921.901261
190,69,13803.481932
190,77,13784.475159
190,79,13780.410440
190,84,13668.398401
191,45,20114.670973
191,46,19526.554096
191,47,18590.888679
191,49,18503.925163
191,50,18230.765761
191,51,17970.770847
191,52,17951.111814
191,53,17835.877813
191,54,17353.150569
191,56,15267.689661
191,60,14319.283359
191,62,14269.894752
191,65,13967.711284
191,67,13868.348410
191,68,13750.350179
191,74,13709.409349
191,83,13650.812974
192,45,20114.670973
192,46,19526.554096
192,47,18590.888679
192,49,18499.918130
192,50,18230.765761
192,51,17970.770847
192,52,17951.111814
192,53,17835.877813
192,54,16437.938060
192,56,15267.689661
192,60,14319.283359
192,62,14269.894752
192,65,13967.711284
192,67,13868.348410
192,68,13750.350179
192,74,13709.409349
192,83,13650.812974
193,45,20114.670973
193,46,19526.554096
193,47,18590.888679
193,49,18499.918130
193,50,18230.765761
193,51,17970.770847
193,52,17951.111814
193,53,17835.877813
193,54,16437.938060
193,55,15993.230894
193,56,15267.689661
193,59,15250.378093
193,60,14319.283359
193,62,14269.894752
193,63,14044.125179
193,65,13931.772789
193,66,13888.906020
193,67,13868.348410
193,68,13750.350179
193,74,13709.409349
193,83,13650.812974
194,45,20114.670973
194,46,19526.554096
194,47,18590.888679
194,49,18308.544062
194,50,18230.765761
194,51,17970.770847
194,52,17951.111814
194,53,17835.877813
194,54,16437.938060
194,55,15993.230894
194,56,15267.689661
194,59,15250.378093
194,60,14319.283359
194,62,14269.894752
194,63,14044.125179
194,65,13931.772789
194,66,13888.906020
194,67,13868.348410
194,68,13750.350179
194,74,13709.409349
194,81,13693.277225
194,83,13650.812974
195,45,20114.670973
195,46,19526.554096
195,47,18590.888679
195,49,18308.544062
195,50,18230.765761
195,51,17970.770847
195,52,17951.111814
195,53,17835.877813
195,54,16437.938060
195,55,15993.230894
195,56,15267.689661
195,59,15250.378093
195,60,14319.283359
195,62,14269.894752
195,63,14044.125179
195,65,13931.772789
195,66,13888.906020
195,67,13868.348410
195,68,13750.350179
195,74,13709.409349
195,81,13693.277225
195,83,13650.812974
196,45,20114.670973
196,46,19526.554096
196,47,18590.888679
196,49,18308.544062
196,50,18230.765761
196,51,17970.770847
196,52,17951.111814
196,53,17835.877813
196,54,16437.938060
196,55,15993.230894
196,56,14710.845831
196,60,14297.602821
196,61,14205.872131
196,63,14032.478355
196,65,13920.618339
196,66,13888.906020
196,67,13868.348410
196,68,13750.350179
196,73,13642.944620
196,80,13641.531354
197,45,20114.670973
197,46,19333.655120
197,47,18590.888679
197,49,18308.544062
197,50,18095.031373
197,51,17970.770847
197,52,17951.111814
197,53,17835.877813
197,54,16437.938060
197,55,15301.592072
197,56,14710.845831
197,60,14297.602821
197,61,14205.872131
197,63,14032.478355
197,65,13920.618339
197,66,13888.906020
197,67,13868.348410
197,68,13750.350179
197,73,13642.944620
197,80,13641.531354
198,45,20114.670973
198,46,19333.655120
198,47,18590.888679
198,49,18308.544062
198,50,18095.031373
198,51,17970.770847
198,52,17951.111814
198,53,17835.877813
198,54,16437.938060
198,55,15301.592072
198,56,14710.845831
198,60,14297.602821
198,61,14205.872131
198,63,14032.478355
198,65,13920.618339
198,66,13888.906020
198,67,13868.348410
198,68,13750.350179
198,73,13642.944620
198,80,13641.531354
199,45,20114.670973
199,46,19333.655120
199,47,18590.888679
199,49,18308.544062
199,50,18095.031373
199,51,17970.770847
199,52,17951.111814
199,53,17835.877813
199,54,16437.938060
199,55,15301.592072
199,56,14710.845831
199,60,14297.602821
199,61,14205.872131
199,63,13992.070604
199,65,13920.618339
199,66,13888.906020
199,67,13868.348410
199,68,13750.350179
199,73,13642.944620
199,80,13641.531354
200,45,19456.231291
200,46,19333.655120
200,47,18590.888679
200,49,18308.544062
200,50,18095.031373
200,51,17970.770847
200,52,17951.111814
200,53,17835.877813
200,54,16437.938060
200,55,15301.592072
200,56,14710.845831
200,60,14297.602821
200,61,14205.872131
200,63,13992.070604
200,65,13833.203602
200,68,13750.350179
200,73,13642.944620
200,80,13641.531354
201,45,19456.231291
201,46,19333.655120
201,47,18590.888679
201,49,18308.544062
201,50,18095.031373
201,51,17970.770847
201,52,17951.111814
201,53,17835.877813
201,54,16437.938060
201,55,15301.592072
201,56,14646.097516
201,59,14564.591833
201,60,14202.507913
201,61,14185.130216
201,63,13988.908738
201,65,13824.385961
201,68,13750.350179
201,73,13639.764292
202,45,19456.231291
202,46,19333.655120
202,47,18590.888679
202,49,18308.544062
202,50,18095.031373
202,51,17970.770847
202,52,17951.111814
202,53,17835.877813
202,54,16437.938060
202,55,15301.592072
202,56,14646.097516
202,59,14564.591833
202,60,14202.507913
202,61,14185.130216
202,63,13988.908738
202,65,13824.385961
202,68,13750.350179
202,73,13639.764292
203,45,19456.231291
203,46,19333.655120
203,47,18590.888679
203,49,18308.544062
203,50,18095.031373
203,51,17970.770847
203,52,17951.111814
203,53,17835.877813
203,54,16437.938060
203,55,15301.592072
203,56,14646.097516
203,59,14564.591833
203,60,14202.507913
203,61,14185.130216
203,63,13988.908738
203,64,13938.570466
203,65,13756.278134
203,68,13750.350179
203,73,13639.764292
204,45,19456.231291
204,46,19291.938043
204,47,18590.888679
204,49,18308.544062
204,50,18095.031373
204,51,17970.770847
204,52,17951.111814
204,53,17835.877813
204,54,16437.938060
204,55,15301.592072
204,56,14646.097516
204,59,14564.591833
204,60,14202.507913
204,61,14185.130216
204,63,13988.908738
204,64,13938.570466
204,65,13756.278134
204,68,13750.350179
204,73,13639.764292
205,45,19456.231291
205,46,19291.938043
205,47,18590.888679
205,49,18308.544062
205,50,18095.031373
205,51,17970.770847
205,52,17951.111814
205,53,17835.877813
205,54,16437.938060
205,55,15301.592072
205,56,14646.097516
205,59,14564.591833
205,60,14202.507913
205,61,14185.130216
205,63,13988.908738
205,64,13938.570466
205,65,13756.278134
205,68,13750.350179
205,71,13735.802941
205,73,13639.764292
206,45,19456.231291
206,46,19230.752821
206,47,18590.888679
206,49,18308.544062
206,50,18095.031373
206,51,17970.770847
206,52,17951.111814
206,53,17835.877813
206,54,16437.938060
206,55,15301.592072
206,56,14624.416978
206,59,14523.739383
206,60,14108.339948
206,63,13988.908738
206,64,13930.544531
206,65,13752.327964
206,66,13716.897328
206,73,13639.764292
207,44,20578.582589
207,45,19456.231291
207,46,19230.752821
207,47,18590.888679
207,49,18308.544062
207,50,18095.031373
207,51,17970.770847
207,52,17951.111814
207,53,17835.877813
207,54,16437.938060
207,55,15301.592072
207,56,14624.416978
207,59,14523.739383
207,60,14108.339948
207,63,13913.367554
207,65,13752.327964
207,66,13716.897328
207,73,13639.764292
208,44,20578.582589
208,45,19456.231291
208,46,19230.752821
208,47,18590.888679
208,48,18562.568665
208,49,18308.544062
208,50,18095.031373
208,51,17970.770847
208,52,17951.111814
208,53,17835.877813
208,54,16437.938060
208,55,15006.794334
208,56,14624.416978
208,59,14523.739383
208,60,14108.339948
208,62,13990.476109
208,63,13913.367554
208,65,13752.327964
208,66,13716.897328
208,73,13639.764292
209,44,20578.582589
209,45,19456.231291
209,46,19230.752821
209,47,18590.888679
209,48,18562.568665
209,49,18308.544062
209,50,18095.031373
209,51,17970.770847
209,52,17951.111814
209,53,17835.877813
209,54,16437.938060
209,55,15006.794334
209,56,14624.416978
209,59,14523.739383
209,60,14108.339948
209,62,13980.855255
209,63,13913.367554
209,65,13752.327964
209,66,13716.897328
209,69,13642.618047
209,73,13639.764292
209,78,13616.051465
210,44,20578.582589
210,45,19456.231291
210,46,19230.752821
210,47,18590.888679
210,48,18562.568665
210,49,18308.544062
210,50,18095.031373
210,51,17970.770847
210,52,17951.111814
210,53,17835.877813
210,54,14817.777269
210,56,14624.416978
210,59,14523.739383
210,60,14108.339948
210,62,13980.855255
210,63,13913.367554
210,65,13752.327964
210,66,13716.897328
210,69,13608.295032
211,44,20578.582589
211,45,19456.231291
211,46,19230.752821
211,47,18590.888679
211,48,18562.568665
211,49,18308.544062
211,50,18095.031373
211,51,17970.770847
211,52,17951.111814
211,53,17835.877813
211,54,14817.777269
211,56,14624.416978
211,59,14158.036696
211,60,14086.344761
211,62,13853.302838
211,64,13829.290521
211,65,13623.170469
211,69,13547.389769
212,44,20578.582589
212,45,19456.231291
212,46,19230.752821
212,47,18590.888679
212,48,18562.568665
212,49,18308.544062
212,50,18095.031373
212,51,17970.770847
212,52,17951.111814
212,53,17835.877813
212,54,14817.777269
212,56,14624.416978
212,59,14158.036696
212,60,14086.344761
212,62,13853.302838
212,64,13805.689251
212,65,13623.170469
212,69,13547.389769
213,44,20578.582589
213,45,19456.231291
213,46,19230.752821
213,47,18590.888679
213,48,18494.260736
213,49,18308.544062
213,50,18095.031373
213,51,17970.770847
213,52,17951.111814
213,53,17835.877813
213,54,14817.777269
213,56,14624.416978
213,58,14229.788311
213,59,14158.036696
213,60,14086.344761
213,62,13841.337709
213,64,13805.689251
213,65,13623.170469
213,69,13547.389769
214,44,20578.582589
214,45,19456.231291
214,46,19230.752821
214,47,18590.888679
214,48,18494.260736
214,49,18308.544062
214,50,18095.031373
214,51,17970.770847
214,52,17951.111814
214,53,17835.877813
214,54,14817.777269
214,56,14624.416978
214,58,14229.788311
214,59,14158.036696
214,60,14086.344761
214,62,13841.337709
214,64,13805.689251
214,65,13623.170469
214,69,13547.389769
215,44,20578.582589
215,45,19456.231291
215,46,18961.592205
215,47,18590.888679
215,48,18494.260736
215,49,18308.544062
215,50,18095.031373
215,51,17970.770847
215,52,17951.111814
215,53,17835.877813
215,54,14817.777269
215,56,14624.416978
215,58,14229.788311
215,59,14158.036696
215,60,14063.214348
215,62,13841.337709
215,64,13805.689251
215,65,13623.170469
215,69,13547.389769
216,44,20578.582589
216,45,19456.231291
216,46,18961.592205
216,47,18590.888679
216,48,18494.260736
216,49,18308.544062
216,50,18095.031373
216,51,17970.770847
216,52,17951.111814
216,53,17835.877813
216,54,14766.145239
216,56,14569.242363
216,57,14187.428603
216,59,14158.036696
216,60,14063.214348
216,62,13841.337709
216,64,13595.910151
216,69,13545.296803
217,44,20578.582589
217,45,19456.231291
217,46,18961.592205
217,47,18590.888679
217,48,18494.260736
217,49,18308.544062
217,50,18095.031373
217,51,17970.770847
217,52,17951.111814
217,53,17835.877813
217,54,14766.145239
217,56,14569.242363
217,57,14187.428603
217,59,14158.036696
217,60,14063.214348
217,62,13841.337709
217,63,13622.774691
217,64,13595.910151
217,69,13545.296803
218,44,20578.582589
218,45,19456.231291
218,46,18961.592205
218,47,18590.888679
218,48,18494.260736
218,49,18308.544062
218,50,18095.031373
218,51,17970.770847
218,52,17951.111814
218,53,17835.877813
218,54,14766.145239
218,56,14569.242363
218,57,14187.428603
218,59,14158.036696
218,60,14063.214348
218,62,13841.337709
218,63,13622.774691
218,64,13595.910151
218,69,13545.296803
219,44,20578.582589
219,45,19456.231291
219,46,18961.592205
219,47,18590.888679
219,48,18494.260736
219,49,18308.544062
219,50,18050.956918
219,51,17970.770847
219,52,17951.111814
219,53,17835.877813
219,54,14766.145239
219,56,14569.242363
219,57,14187.428603
219,59,14158.036696
219,60,14063.214348
219,62,13841.337709
219,63,13622.774691
219,64,13595.910151
219,69,13545.296803
219,78,13543.465922
220,44,20578.582589
220,45,19443.902908
220,46,18961.592205
220,47,18590.888679
220,48,18494.260736
220,49,18308.544062
220,50,18050.956918
220,51,17970.770847
220,52,17951.111814
220,53,17835.877813
220,54,14766.145239
220,56,14569.242363
220,57,14187.428603
220,59,14158.036696
220,60,14063.214348
220,62,13841.337709
220,63,13622.774691
220,64,13595.910151
220,69,13545.296803
220,78,13543.465922
220,80,13539.311845
221,44,20578.582589
221,45,19443.902908
221,46,18961.592205
221,47,18590.888679
221,48,18494.260736
221,49,18308.544062
221,50,18050.956918
221,51,17970.770847
221,52,17951.111814
221,53,17835.877813
221,54,14766.145239
221,56,14493.699731
221,57,14161.483410
221,59,14158.036696
221,60,14063.214348
221,62,13829.864011
221,63,13591.383798
221,68,13502.699677
221,77,13489.608279
222,44,20578.582589
222,45,19443.902908
222,46,18961.592205
222,47,18590.888679
222,48,18494.260736
222,49,18308.544062
222,50,18050.956918
222,51,17970.770847
222,52,17951.111814
222,53,17835.877813
222,54,14766.145239
222,56,14493.699731
222,57,14161.483410
222,59,14158.036696
222,60,14063.214348
222,62,13829.864011
222,63,13591.383798
222,68,13502.699677
222,73,13470.198424
223,44,20578.582589
223,45,19443.902908
223,46,18961.592205
223,47,18590.888679
223,48,18494.260736
223,49,18308.544062
223,50,18050.956918
223,51,17970.770847
223,52,17951.111814
223,53,17835.877813
223,54,14766.145239
223,56,14493.699731
223,57,14161.483410
223,59,14158.036696
223,60,14063.214348
223,61,14025.278410
223,62,13829.864011
223,63,13591.383798
223,68,13502.699677
223,73,13470.198424
224,44,20578.582589
224,45,19443.902908
224,46,18961.592205
224,47,18590.888679
224,48,18494.260736
224,49,18308.544062
224,50,18050.956918
224,51,17970.770847
224,52,17951.111814
224,53,17835.877813
224,54,14766.145239
224,56,14493.699731
224,57,14161.483410
224,59,14158.036696
224,60,14063.214348
224,61,14025.278410
224,62,13829.864011
224,63,13591.383798
224,68,13502.699677
224,73,13470.198424
224,76,13448.240693
225,44,19281.398176
225,45,19015.260634
225,46,18961.592205
225,47,18452.150436
225,49,18308.544062
225,50,18050.956918
225,51,17970.770847
225,52,17951.111814
225,53,17835.877813
225,54,14766.145239
225,56,14493.699731
225,57,14161.483410
225,59,14158.036696
225,60,14063.214348
225,61,14025.278410
225,62,13829.864011
225,63,13591.383798
225,68,13502.699677
225,73,13470.198424
225,76,13448.240693
226,44,19281.398176
226,45,19015.260634
226,46,18961.592205
226,47,18452.150436
226,49,18308.544062
226,50,18050.956918
226,51,17970.770847
226,52,17951.111814
226,53,15195.245328
226,54,14766.145239
226,56,14493.699731
226,57,14161.483410
226,59,14078.573580
226,60,14063.214348
226,61,14004.569472
226,62,13819.818616
226,63,13591.383798
226,68,13493.205821
226,73,13470.198424
226,74,13392.242011
226,79,13372.172113
227,44,19281.398176
227,45,19015.260634
227,46,18961.592205
227,47,18452.150436
227,49,18308.544062
227,50,18050.956918
227,51,17970.770847
227,52,17951.111814
227,53,15195.245328
227,54,14766.145239
227,56,14493.699731
227,57,14161.483410
227,59,13926.265791
227,62,13819.818616
227,63,13591.383798
227,67,13569.214927
227,68,13493.205821
227,72,13473.438884
227,73,13470.198424
227,74,13392.242011
227,79,13372.172113
228,44,19281.398176
228,45,19015.260634
228,46,18961.592205
228,47,18452.150436
228,48,18422.483128
228,49,18308.544062
228,50,18050.956918
228,51,17970.770847
228,52,17951.111814
228,53,15195.245328
228,54,14766.145239
228,56,14493.699731
228,57,14161.483410
228,59,13926.265791
228,62,13819.818616
228,63,13591.383798
228,64,13493.865538
228,68,13493.205821
228,72,13473.438884
228,73,13470.198424
228,74,13392.242011
228,79,13372.172113
229,44,19281.398176
229,45,19015.260634
229,46,18961.592205
229,47,18452.150436
229,48,18422.483128
229,49,18308.544062
229,50,18050.956918
229,51,17970.770847
229,52,17951.111814
229,53,15195.245328
229,54,14766.145239
229,56,14493.699731
229,57,14161.483410
229,59,13926.265791
229,61,13847.104159
229,62,13819.818616
229,63,13591.383798
229,64,13493.865538
229,68,13493.205821
229,72,13473.438884
229,73,13470.198424
229,74,13392.242011
229,79,13372.172113
230,44,19281.398176
230,45,19015.260634
230,46,18847.553685
230,47,18452.150436
230,48,18422.483128
230,49,18308.544062
230,50,15919.849088
230,53,15195.245328
230,54,14766.145239
230,56,14493.699731
230,57,14161.483410
230,59,13926.265791
230,61,13847.104159
230,62,13819.818616
230,63,13591.383798
230,64,13493.865538
230,68,13493.205821
230,72,13473.438884
230,73,13433.852144
230,74,13392.242011
230,79,13372.172113
231,44,19281.398176
231,45,19015.260634
231,46,18847.553685
231,47,18452.150436
231,48,18422.483128
231,49,18308.544062
231,50,15919.849088
231,53,15195.245328
231,54,14766.145239
231,56,14493.699731
231,57,14161.483410
231,59,13926.265791
231,60,13883.259213
231,61,13847.104159
231,62,13804.676388
231,63,13447.601031
231,72,13409.914437
231,74,13389.175577
231,76,13324.977196
232,44,19281.398176
232,45,19015.260634
232,46,18847.553685
232,47,18452.150436
232,48,18422.483128
232,49,18308.544062
232,50,15919.849088
232,53,15195.245328
232,54,14766.145239
232,56,14493.699731
232,57,14161.483410
232,59,13926.265791
232,60,13883.259213
232,61,13847.104159
232,62,13699.919230
232,63,13447.601031
232,72,13409.914437
232,74,13389.175577
232,76,13324.977196
233,44,19281.398176
233,45,19015.260634
233,46,18471.952001
233,47,18452.150436
233,48,18422.483128
233,49,18308.544062
233,50,15919.849088
233,53,15195.245328
233,54,14766.145239
233,56,14493.699731
233,57,14161.483410
233,58,13952.973189
233,59,13926.265791
233,60,13883.259213
233,61,13847.104159
233,62,13699.919230
233,63,13447.601031
233,72,13409.914437
233,74,13389.175577
233,76,13324.977196
234,44,19281.398176
234,45,19015.260634
234,46,18471.952001
234,47,18452.150436
234,48,18422.483128
234,49,18308.544062
234,50,15919.849088
234,53,15195.245328
234,54,14766.145239
234,56,14493.699731
234,57,14023.976787
234,58,13952.973189
234,59,13926.265791
234,60,13883.259213
234,61,13847.104159
234,62,13699.919230
234,63,13447.601031
234,72,13409.914437
234,74,13389.175577
234,76,13324.977196
235,44,19281.398176
235,45,19015.260634
235,46,18471.952001
235,47,18452.150436
235,48,18422.483128
235,49,18308.544062
235,50,15919.849088
235,53,15195.245328
235,54,14766.145239
235,56,14493.699731
235,57,14023.976787
235,58,13952.973189
235,59,13926.265791
235,60,13883.259213
235,61,13736.694021
235,62,13699.919230
235,63,13447.601031
235,72,13409.914437
235,73,13393.459341
235,74,13389.175577
235,76,13324.977196
236,44,19281.398176
236,45,19015.260634
236,46,18471.952001
236,47,18452.150436
236,48,18422.483128
236,49,18308.544062
236,50,15919.849088
236,53,15195.245328
236,54,14766.145239
236,56,14493.699731
236,57,13911.289719
236,60,13821.521530
236,61,13682.591343
236,62,13645.248699
236,63,13435.931826
236,70,13406.733286
236,72,13361.911529
236,75,13244.286653
237,44,19281.398176
237,45,19015.260634
237,46,18471.952001
237,47,18452.150436
237,48,18422.483128
237,49,15189.276525
237,54,14766.145239
237,56,14291.358249
237,57,13911.289719
237,59,13819.285275
237,61,13682.591343
237,62,13645.248699
237,63,13435.931826
237,70,13397.850289
237,72,13361.911529
237,75,13244.286653
238,44,19281.398176
238,45,19015.260634
238,46,18471.952001
238,47,18452.150436
238,48,18422.483128
238,49,15189.276525
238,54,14766.145239
238,56,14291.358249
238,57,13911.289719
238,58,13781.228143
238,60,13773.880117
238,61,13682.591343
238,62,13645.248699
238,63,13435.931826
238,70,13397.850289
238,72,13361.911529
238,75,13244.286653
239,44,19281.398176
239,45,19015.260634
239,46,18471.952001
239,47,18452.150436
239,48,18422.483128
239,49,15189.276525
239,54,14766.145239
239,56,14291.358249
239,57,13911.289719
239,58,13781.228143
239,59,13675.816107
239,62,13645.248699
239,63,13435.931826
239,70,13397.850289
239,72,13361.911529
239,75,13244.286653
240,44,19281.398176
240,45,19015.260634
240,46,18471.952001
240,47,18452.150436
240,48,18422.483128
240,49,15189.276525
240,54,14766.145239
240,56,14291.358249
240,57,13911.289719
240,58,13781.228143
240,59,13675.816107
240,62,13645.248699
240,63,13435.931826
240,70,13397.850289
240,72,13361.911529
240,75,13244.286653
241,44,19281.398176
241,45,19015.260634
241,46,18471.952001
241,47,18452.150436
241,48,18422.483128
241,49,15189.276525
241,54,14433.369095
241,56,14279.658580
241,57,13742.980436
241,59,13662.518613
241,62,13645.248699
241,63,13435.931826
241,70,13367.363689
241,72,13361.911529
241,75,13234.321222
242,44,19281.398176
242,45,18874.651382
242,46,18471.952001
242,47,18452.150436
242,48,18422.483128
242,49,15189.276525
242,54,14433.369095
242,56,14279.658580
242,57,13742.980436
242,59,13662.518613
242,62,13645.248699
242,63,13435.931826
242,70,13367.363689
242,72,13361.911529
242,75,13234.321222
243,44,18955.882863
243,45,18744.783767
243,46,18471.952001
243,47,18452.150436
243,48,18422.483128
243,49,15189.276525
243,54,14433.369095
243,56,14279.658580
243,57,13742.980436
243,59,13662.518613
243,60,13577.975594
243,63,13435.931826
243,70,13367.363689
243,72,13361.911529
243,75,13234.321222
244,44,18955.882863
244,45,18744.783767
244,46,18471.952001
244,47,18452.150436
244,48,18422.483128
244,49,15189.276525
244,54,14433.369095
244,56,14279.658580
244,57,13742.980436
244,59,13662.518613
244,60,13577.975594
244,63,13435.931826
244,70,13367.363689
244,72,13361.911529
244,75,13234.321222
245,44,18955.882863
245,45,18744.783767
245,46,18471.952001
245,47,18332.911362
245,49,15189.276525
245,54,14433.369095
245,56,14161.517226
245,57,13742.980436
245,59,13662.518613
245,60,13577.975594
245,63,13435.931826
245,70,13367.363689
245,72,13361.911529
245,75,13234.321222
246,44,18955.882863
246,45,18744.783767
246,46,18471.952001
246,47,18332.911362
246,49,15157.268501
246,54,14433.369095
246,56,13729.970742
246,58,13622.553327
246,60,13550.506005
246,63,13435.931826
246,70,13367.363689
246,72,13361.911529
246,75,13234.321222
247,44,18955.882863
247,45,18744.783767
247,46,18471.952001
247,47,18332.911362
247,49,15157.268501
247,53,15033.006211
247,54,14433.369095
247,56,13729.970742
247,58,13622.553327
247,60,13550.506005
247,63,13435.931826
247,70,13367.363689
247,72,13361.911529
247,75,13234.321222
248,44,18955.882863
248,45,18744.783767
248,46,18471.952001
248,47,18100.598125
248,49,15157.268501
248,52,14620.291613
248,54,14433.369095
248,55,13673.246943
248,58,13622.553327
248,59,13599.086792
248,60,13550.506005
248,63,13435.931826
248,70,13367.363689
248,72,13361.911529
248,75,13234.321222
249,44,18955.882863
249,45,18744.783767
249,46,18471.952001
249,47,18100.598125
249,49,15157.268501
249,52,14620.291613
249,53,14120.752649
249,54,13793.840303
249,55,13673.246943
249,58,13622.553327
249,59,13599.086792
249,60,13550.506005
249,63,13435.931826
249,70,13367.363689
249,72,13361.911529
249,75,13234.321222
250,44,18955.882863
250,45,18744.783767
250,46,18471.952001
250,47,18100.598125
250,49,15157.268501
250,52,14620.291613
250,53,14120.752649
250,54,13793.840303
250,55,13673.246943
250,58,13622.553327
250,59,13599.086792
250,60,13550.506005
250,63,13435.931826
250,70,13367.363689
250,72,13361.911529
250,75,13234.321222
251,43,19176.985926
251,44,18955.882863
251,45,18744.783767
251,46,18471.952001
251,47,18100.598125
251,49,15157.268501
251,52,14620.291613
251,53,14104.395106
251,54,13786.408987
251,55,13659.980899
251,58,13622.553327
251,59,13503.991480
251,63,13435.931826
251,68,13348.622579
251,71,13287.048812
251,75,13208.803517
252,43,19176.985926
252,44,18955.882863
252,45,18744.783767
252,46,18471.952001
252,47,18100.598125
252,49,15157.268501
252,51,14887.685033
252,52,14620.291613
252,53,14104.395106
252,54,13786.408987
252,55,13659.980899
252,58,13622.553327
252,59,13503.991480
252,63,13435.931826
252,68,13348.622579
252,71,13287.048812
252,75,13208.803517
253,43,19176.985926
253,44,18579.985321
253,46,18313.622432
253,47,18100.598125
253,49,15157.268501
253,51,14887.685033
253,52,14620.291613
253,53,14104.395106
253,54,13786.408987
253,55,13659.980899
253,58,13622.553327
253,59,13503.991480
253,63,13435.931826
253,68,13348.622579
253,71,13287.048812
253,75,13208.803517
254,43,19176.985926
254,44,18579.985321
254,46,18313.622432
254,47,18100.598125
254,49,15157.268501
254,51,14887.685033
254,52,14620.291613
254,53,14104.395106
254,54,13786.408987
254,55,13659.980899
254,57,13580.567568
254,59,13503.991480
254,63,13435.931826
254,68,13348.622579
254,71,13287.048812
254,75,13208.803517
255,43,19176.985926
255,44,18579.985321
255,46,18313.622432
255,47,18100.598125
255,49,15038.002351
255,50,14638.723947
255,51,14614.055688
255,53,14104.395106
255,54,13786.408987
255,55,13659.980899
255,57,13580.567568
255,59,13503.991480
255,62,13487.464687
255,63,13435.931826
255,68,13348.622579
255,71,13287.048812
255,75,13208.803517
256,43,19176.985926
256,44,18579.985321
256,46,18313.622432
256,47,18100.598125
256,49,15038.002351
256,50,14638.723947
256,51,14614.055688
256,52,14454.914549
256,53,14104.395106
256,54,13786.408987
256,55,13647.262202
256,57,13580.567568
256,59,13503.991480
256,62,13487.464687
256,63,13418.471749
256,68,13348.622579
256,71,13269.688132
256,75,13208.803517
257,43,19176.985926
257,44,18579.985321
257,46,18313.622432
257,47,18100.598125
257,49,15038.002351
257,50,14638.723947
257,51,14614.055688
257,52,14454.914549
257,53,14104.395106
257,54,13786.408987
257,55,13647.262202
257,57,13580.567568
257,59,13503.991480
257,61,13491.440058
257,62,13487.464687
257,63,13418.471749
257,68,13348.622579
257,71,13269.688132
257,75,13208.803517
258,43,19176.985926
258,44,18579.985321
258,46,18313.622432
258,47,18100.598125
258,49,15038.002351
258,50,14638.723947
258,51,14614.055688
258,52,14454.914549
258,53,13847.695756
258,54,13786.408987
258,55,13647.262202
258,57,13580.567568
258,59,13503.991480
258,61,13491.440058
258,62,13487.464687
258,63,13418.471749
258,68,13348.622579
258,71,13269.688132
258,75,13208.803517
259,43,19176.985926
259,44,18579.985321
259,45,18382.020143
259,46,18313.622432
259,47,15630.587973
259,49,15038.002351
259,50,14638.723947
259,51,14614.055688
259,52,14454.914549
259,53,13847.695756
259,54,13786.408987
259,55,13647.262202
259,57,13580.567568
259,59,13503.991480
259,61,13491.440058
259,62,13487.464687
259,63,13418.471749
259,68,13348.622579
259,71,13269.688132
259,75,13208.803517
260,43,19176.985926
260,44,18579.985321
260,45,18382.020143
260,46,18313.622432
260,47,15630.587973
260,49,15038.002351
260,50,14638.723947
260,51,14612.492462
260,52,14454.914549
260,53,13847.695756
260,54,13786.408987
260,55,13647.262202
260,57,13580.567568
260,58,13567.924227
260,59,13503.991480
260,61,13491.440058
260,62,13487.464687
260,63,13418.471749
260,68,13348.622579
260,71,13269.688132
260,75,13208.803517
261,43,19176.985926
261,44,18579.985321
261,45,18382.020143
261,46,18307.909423
261,47,15630.587973
261,49,15038.002351
261,50,14638.723947
261,51,14612.492462
261,52,14454.914549
261,53,13847.695756
261,54,13786.408987
261,55,13636.961432
261,57,13545.975376
261,59,13468.377131
261,63,13418.471749
261,68,13347.026288
261,71,13258.176989
261,75,13197.279877
262,43,19176.985926
262,44,18579.985321
262,45,18382.020143
262,46,18307.909423
262,47,15630.587973
262,49,15038.002351
262,50,14638.723947
262,51,14612.492462
262,52,14454.914549
262,53,13847.695756
262,54,13786.408987
262,55,13636.961432
262,57,13545.975376
262,59,13468.377131
262,63,13418.471749
262,68,13347.026288
262,71,13258.176989
262,75,13197.279877
263,43,19176.985926
263,44,18579.985321
263,45,18382.020143
263,46,18307.909423
263,47,15630.587973
263,49,15038.002351
263,50,14638.723947
263,51,14612.492462
263,52,14454.914549
263,53,13847.695756
263,54,13786.408987
263,55,13636.961432
263,57,13545.975376
263,59,13468.377131
263,63,13418.471749
263,68,13347.026288
263,71,13258.176989
263,75,13197.279877
264,43,19176.985926
264,44,18579.985321
264,45,18382.020143
264,46,18307.909423
264,47,15630.587973
264,49,15038.002351
264,50,14638.723947
264,51,14612.492462
264,52,14454.914549
264,53,13847.695756
264,54,13786.408987
264,55,13636.961432
264,57,13545.975376
264,59,13468.377131
264,63,13418.471749
264,68,13347.026288
264,71,13258.176989
264,75,13197.279877
265,43,19176.985926
265,44,18579.985321
265,45,18382.020143
265,46,18307.909423
265,47,15630.587973
265,49,15038.002351
265,50,14638.723947
265,51,14529.572163
265,52,14454.914549
265,53,13847.695756
265,54,13786.408987
265,55,13636.961432
265,57,13545.975376
265,59,13468.377131
265,63,13418.471749
265,68,13347.026288
265,71,13258.176989
265,75,13197.279877
266,43,19176.985926
266,44,18579.985321
266,45,18382.020143
266,46,18307.909423
266,47,15630.587973
266,49,14809.395789
266,50,14638.723947
266,51,14529.572163
266,52,14454.914549
266,53,13847.695756
266,54,13739.987356
266,55,13598.729120
266,56,13540.130848
266,59,13468.377131
266,60,13437.225591
266,63,13363.066117
266,68,13333.090745
266,71,13258.176989
266,75,13197.279877
267,43,19176.985926
267,44,18579.985321
267,45,18382.020143
267,46,18307.909423
267,47,15630.587973
267,49,14809.395789
267,50,14638.723947
267,51,14529.572163
267,52,14454.914549
267,53,13847.695756
267,54,13739.987356
267,55,13598.729120
267,56,13540.130848
267,59,13463.376658
267,60,13437.225591
267,63,13363.066117
267,68,13333.090745
267,71,13258.176989
267,75,13197.279877
268,43,19176.985926
268,44,18579.985321
268,45,18382.020143
268,46,18307.909423
268,47,15630.587973
268,49,14809.395789
268,50,14638.723947
268,51,14486.917633
268,52,14454.914549
268,53,13847.695756
268,54,13739.987356
268,55,13598.729120
268,56,13540.130848
268,59,13463.376658
268,60,13437.225591
268,63,13363.066117
268,68,13333.090745
268,71,13258.176989
268,75,13197.279877
269,43,19176.985926
269,44,18574.251980
269,45,18382.020143
269,46,18307.909423
269,47,15630.587973
269,49,14809.395789
269,50,14632.700420
269,51,14486.917633
269,52,14454.914549
269,53,13847.695756
269,54,13739.987356
269,55,13598.729120
269,56,13540.130848
269,59,13463.376658
269,60,13437.225591
269,63,13363.066117
269,68,13333.090745
269,71,13258.176989
269,75,13197.279877
270,43,19176.985926
270,44,18574.251980
270,45,18382.020143
270,46,18307.909423
270,47,15630.587973
270,49,14809.395789
270,50,14632.700420
270,51,14486.917633
270,52,14260.364708
270,53,13847.695756
270,54,13739.987356
270,55,13598.729120
270,56,13540.130848
270,59,13450.086176
270,60,13437.225591
270,62,13430.472465
270,63,13363.066117
270,68,13333.090745
270,71,13258.176989
270,75,13197.279877
271,43,19176.985926
271,44,18574.251980
271,45,18336.489879
271,46,18307.909423
271,47,15630.587973
271,49,14809.395789
271,50,14632.700420
271,51,14486.917633
271,52,14260.364708
271,53,13847.695756
271,54,13616.539269
271,55,13476.762368
271,59,13449.046144
271,60,13437.225591
271,62,13430.472465
271,63,13362.816668
271,68,13325.227918
271,71,13258.176989
271,75,13197.279877
272,42,19397.470393
272,43,18917.993328
272,44,18574.251980
272,45,18318.593681
272,46,18103.298014
272,47,15630.587973
272,48,14939.604359
272,49,14809.395789
272,50,14632.700420
272,51,14486.917633
272,52,14260.364708
272,53,13847.695756
272,54,13616.539269
272,55,13476.762368
272,59,13449.046144
272,60,13437.225591
272,62,13430.472465
272,63,13362.816668
272,68,13325.227918
272,71,13258.176989
272,75,13197.279877
273,42,19397.470393
273,43,18917.993328
273,44,18574.251980
273,45,18318.593681
273,46,18103.298014
273,47,15630.587973
273,48,14939.604359
273,49,14809.395789
273,50,14632.700420
273,51,14486.917633
273,52,14260.364708
273,53,13847.695756
273,54,13616.539269
273,55,13476.762368
273,59,13449.046144
273,60,13437.225591
273,61,13423.072443
273,63,13362.816668
273,68,13325.227918
273,71,13258.176989
273,75,13197.279877
274,42,18907.646489
274,44,18574.251980
274,45,18250.160729
274,46,18034.865062
274,47,15630.587973
274,48,14939.604359
274,49,14809.395789
274,50,14632.700420
274,51,14486.917633
274,52,14260.364708
274,53,13847.695756
274,54,13616.539269
274,55,13476.762368
274,59,13449.046144
274,60,13437.225591
274,61,13423.072443
274,63,13362.816668
274,68,13325.227918
274,71,13258.176989
274,75,13197.279877
275,42,18738.172435
275,44,18574.251980
275,45,18250.160729
275,46,18034.865062
275,47,15630.587973
275,48,14939.604359
275,49,14809.395789
275,50,14632.700420
275,51,14486.917633
275,52,14260.364708
275,53,13847.695756
275,54,13616.539269
275,55,13476.762368
275,59,13449.046144
275,60,13437.225591
275,61,13423.072443
275,63,13362.816668
275,68,13325.227918
275,71,13258.176989
275,75,13197.279877
276,42,18738.172435
276,44,18574.251980
276,45,18250.160729
276,46,18034.865062
276,47,15630.587973
276,48,14939.604359
276,49,14809.395789
276,50,14632.700420
276,51,14486.917633
276,52,14260.364708
276,53,13847.695756
276,54,13575.662450
276,55,13476.762368
276,59,13444.804672
276,60,13437.225591
276,61,13423.072443
276,62,13361.879177
276,68,13325.227918
276,71,13252.945976
276,75,13180.760996
277,42,18738.172435
277,44,18574.251980
277,45,18250.160729
277,46,18034.865062
277,47,15630.587973
277,48,14939.604359
277,49,14809.395789
277,50,14632.700420
277,51,14486.917633
277,52,14260.364708
277,53,13847.695756
277,54,13575.662450
277,55,13476.762368
277,57,13439.103346
277,59,13431.959457
277,61,13423.072443
277,62,13361.879177
277,68,13325.227918
277,71,13252.945976
277,75,13180.760996
278,42,18738.172435
278,44,18574.251980
278,45,18250.160729
278,46,18034.865062
278,47,15630.587973
278,48,14939.604359
278,49,14809.395789
278,50,14632.700420
278,51,14486.917633
278,52,14260.364708
278,53,13847.695756
278,54,13575.662450
278,55,13476.762368
278,57,13439.103346
278,59,13431.959457
278,61,13423.072443
278,62,13361.879177
278,68,13302.134459
278,71,13252.945976
278,75,13180.760996
279,42,18738.172435
279,44,18574.251980
279,45,18250.160729
279,46,18034.865062
279,47,15630.587973
279,48,14939.604359
279,49,14809.395789
279,50,14632.700420
279,51,14486.917633
279,52,14260.364708
279,53,13847.695756
279,54,13575.662450
279,55,13476.762368
279,57,13439.103346
279,59,13431.959457
279,61,13423.072443
279,62,13361.879177
279,68,13302.134459
279,71,13252.945976
279,73,13250.525085
279,75,13180.760996
280,42,18738.172435
280,44,18574.251980
280,45,18250.160729
280,46,18034.865062
280,47,15630.587973
280,48,14939.604359
280,49,14809.395789
280,50,14632.700420
280,51,14486.917633
280,52,14260.364708
280,53,13847.695756
280,54,13575.662450
280,55,13476.762368
280,57,13439.103346
280,59,13431.959457
280,61,13402.722510
280,62,13361.879177
280,64,13345.908740
280,68,13302.134459
280,69,13289.832494
280,71,13252.945976
280,72,13202.997698
280,75,13180.760996
281,42,18738.172435
281,44,18574.251980
281,45,18250.160729
281,46,18034.865062
281,47,15630.587973
281,48,14939.604359
281,49,14809.395789
281,50,14632.700420
281,51,14486.917633
281,52,14260.364708
281,53,13847.695756
281,54,13575.662450
281,55,13476.762368
281,57,13439.103346
281,59,13418.974860
281,60,13380.070716
281,62,13353.637126
281,64,13334.653280
281,66,13313.999936
281,67,13278.070084
281,68,13234.356139
281,72,13183.620381
281,75,13180.760996
282,41,20330.228628
282,42,18738.172435
282,44,18574.251980
282,45,18250.160729
282,46,18034.865062
282,47,15630.587973
282,48,14939.604359
282,49,14809.395789
282,50,14632.700420
282,51,14486.917633
282,52,14020.420525
282,53,13847.695756
282,54,13575.662450
282,55,13476.762368
282,57,13439.103346
282,59,13418.974860
282,60,13380.070716
282,61,13307.489215
282,65,13242.128814
282,68,13234.356139
282,72,13183.620381
282,75,13180.760996
283,41,20330.228628
283,42,18738.172435
283,43,18507.247524
283,45,18250.160729
283,46,18034.865062
283,47,15630.587973
283,48,14939.604359
283,49,14809.395789
283,50,14632.700420
283,51,14141.013886
283,52,14020.420525
283,53,13847.695756
283,54,13575.662450
283,55,13476.762368
283,57,13439.103346
283,59,13418.974860
283,60,13380.070716
283,61,13307.489215
283,65,13242.128814
283,68,13234.356139
283,72,13183.620381
283,75,13180.760996
284,41,20330.228628
284,42,18738.172435
284,43,18507.247524
284,44,18375.779539
284,45,17925.383341
284,47,15630.587973
284,48,14939.604359
284,49,14809.395789
284,50,14632.700420
284,51,14141.013886
284,52,13582.233079
284,54,13575.662450
284,55,13476.762368
284,57,13439.103346
284,59,13418.974860
284,60,13380.070716
284,61,13307.489215
284,65,13242.128814
284,68,13234.356139
284,72,13183.620381
284,75,13180.760996
285,41,20330.228628
285,42,18738.172435
285,43,18507.247524
285,44,18375.779539
285,45,17925.383341
285,47,15630.587973
285,48,14939.604359
285,49,14809.395789
285,50,14632.700420
285,51,14141.013886
285,52,13582.233079
285,54,13575.662450
285,55,13476.762368
285,57,13439.103346
285,59,13418.974860
285,60,13380.070716
285,61,13307.489215
285,63,13264.661090
285,65,13242.128814
285,68,13234.356139
285,72,13183.620381
285,75,13180.760996
286,41,20330.228628
286,42,18738.172435
286,43,18507.247524
286,44,18375.779539
286,45,17925.383341
286,47,15630.587973
286,48,14939.604359
286,49,14809.395789
286,50,13711.546060
286,52,13582.233079
286,53,13568.686002
286,55,13476.762368
286,57,13439.103346
286,58,13417.014733
286,60,13380.070716
286,61,13307.489215
286,63,13264.661090
286,65,13242.128814
286,68,13234.356139
286,72,13183.620381
286,75,13180.760996
287,41,20330.228628
287,42,18738.172435
287,43,18507.247524
287,44,18375.779539
287,45,17925.383341
287,47,15630.587973
287,48,14939.604359
287,49,14809.395789
287,50,13711.546060
287,52,13582.233079
287,53,13568.686002
287,55,13476.762368
287,57,13439.103346
287,58,13417.014733
287,60,13380.070716
287,61,13307.489215
287,63,13264.661090
287,65,13242.128814
287,68,13234.356139
287,72,13183.620381
287,75,13180.760996
288,41,20330.228628
288,42,18738.172435
288,43,18507.247524
288,44,18375.779539
288,45,17925.383341
288,47,15630.587973
288,48,14939.604359
288,49,14809.395789
288,50,13711.546060
288,52,13582.233079
288,53,13568.686002
288,55,13476.762368
288,57,13439.103346
288,58,13417.014733
288,60,13380.070716
288,61,13307.489215
288,63,13264.661090
288,65,13242.128814
288,68,13234.356139
288,72,13183.620381
288,75,13180.760996
289,41,20330.228628
289,42,18661.732281
289,43,18507.247524
289,44,18375.779539
289,45,17925.383341
289,47,15630.587973
289,48,14939.604359
289,49,14809.395789
289,50,13711.546060
289,52,13582.233079
289,53,13568.686002
289,55,13476.762368
289,57,13439.103346
289,58,13417.014733
289,60,13380.070716
289,61,13307.489215
289,63,13264.661090
289,65,13242.128814
289,68,13234.356139
289,72,13183.620381
289,75,13180.760996
290,41,20330.228628
290,42,18661.732281
290,43,18507.247524
290,44,18375.779539
290,45,17925.383341
290,47,15630.587973
290,48,14939.604359
290,49,14809.395789
290,50,13711.546060
290,52,13582.233079
290,53,13568.686002
290,55,13476.762368
290,57,13439.103346
290,58,13417.014733
290,60,13374.877621
290,61,13307.489215
290,63,13264.661090
290,65,13242.128814
290,68,13234.356139
290,72,13183.620381
290,75,13180.760996
291,41,20330.228628
291,42,18318.847678
291,45,17925.383341
291,47,15630.587973
291,48,14939.604359
291,49,14809.395789
291,50,13630.217027
291,52,13545.075016
291,55,13476.762368
291,57,13346.099429
291,61,13307.489215
291,63,13264.661090
291,64,13178.270911
292,41,19199.322891
292,42,18318.847678
292,43,18103.552011
292,45,17925.383341
292,47,15630.587973
292,48,14939.604359
292,49,14809.395789
292,50,13630.217027
292,52,13545.075016
292,55,13464.918917
292,56,13406.279218
292,57,13346.099429
292,61,13307.489215
292,63,13264.661090
292,64,13178.270911
293,41,19199.322891
293,42,18318.847678
293,43,18103.552011
293,45,17925.383341
293,47,15630.587973
293,48,14939.604359
293,49,14809.395789
293,50,13630.217027
293,52,13545.075016
293,55,13464.918917
293,56,13406.279218
293,57,13346.099429
293,61,13307.489215
293,63,13264.661090
293,64,13178.270911
294,41,19199.322891
294,42,18318.847678
294,43,18103.552011
294,45,17925.383341
294,47,15630.587973
294,48,14939.604359
294,49,14809.395789
294,50,13630.217027
294,52,13545.075016
294,55,13464.918917
294,56,13406.279218
294,57,13346.099429
294,61,13307.489215
294,63,13264.661090
294,64,13178.270911
295,41,19199.322891
295,42,18318.847678
295,43,18103.552011
295,45,17925.383341
295,47,15630.587973
295,48,14939.604359
295,49,14809.395789
295,50,13630.217027
295,52,13545.075016
295,55,13464.918917
295,56,13406.279218
295,57,13346.099429
295,61,13307.489215
295,63,13264.661090
295,64,13178.270911
296,41,19199.322891
296,42,18318.847678
296,43,18103.552011
296,45,17925.383341
296,47,15630.587973
296,48,14787.435677
296,50,13572.512181
296,52,13545.075016
296,55,13431.232634
296,56,13401.553435
296,57,13343.679687
296,61,13307.489215
296,62,13257.022670
296,64,13178.270911
297,41,19199.322891
297,42,18318.847678
297,43,18103.552011
297,45,17925.383341
297,47,15630.587973
297,48,14787.435677
297,49,14491.196650
297,50,13572.512181
297,52,13545.075016
297,55,13431.232634
297,56,13401.553435
297,57,13343.679687
297,61,13307.489215
297,62,13257.022670
297,64,13178.270911
298,41,19199.322891
298,42,18318.847678
298,43,18103.552011
298,45,17821.068626
298,47,15630.587973
298,48,14787.435677
298,49,14491.196650
298,50,13572.512181
298,52,13545.075016
298,55,13431.232634
298,56,13401.553435
298,57,13343.679687
298,61,13307.489215
298,62,13257.022670
298,64,13178.270911
298,69,13173.467363
299,41,19199.322891
299,42,18318.847678
299,43,18103.552011
299,44,17849.000493
299,45,17821.068626
299,47,15630.587973
299,48,14787.435677
299,49,14491.196650
299,50,13572.512181
299,52,13545.075016
299,55,13431.232634
299,56,13401.553435
299,57,13343.679687
299,61,13307.489215
299,62,13257.022670
299,64,13178.270911
299,69,13173.467363
300,41,19199.322891
300,42,18318.847678
300,43,18103.552011
300,44,17635.017975
300,46,15571.747830
300,48,14787.435677
300,49,14491.196650
300,50,13572.512181
300,52,13545.075016
300,55,13431.232634
300,56,13401.553435
300,57,13343.679687
300,61,13307.489215
300,62,13257.022670
300,64,13178.270911
300,69,13173.467363
301,41,19199.322891
301,42,18318.847678
301,43,17566.263134
301,46,15571.747830
301,48,14787.435677
301,49,14450.971680
301,50,13538.591920
301,55,13414.636715
301,56,13288.874306
301,62,13257.022670
301,64,13178.270911
301,69,13143.753968
302,41,19199.322891
302,42,18318.847678
302,43,17566.263134
302,46,15571.747830
302,48,14787.435677
302,49,14450.971680
302,50,13538.591920
302,55,13414.636715
302,56,13288.874306
302,62,13257.022670
302,64,13178.270911
302,69,13143.753968
303,41,19199.322891
303,42,18318.847678
303,43,17566.263134
303,46,15571.747830
303,48,14787.435677
303,49,14450.971680
303,50,13538.591920
303,55,13302.870534
303,56,13288.874306
303,62,13257.022670
303,64,13178.270911
303,69,13143.753968
304,41,19199.322891
304,42,18318.847678
304,43,17566.263134
304,46,15571.747830
304,48,14787.435677
304,49,14450.971680
304,50,13538.591920
304,55,13302.870534
304,56,13288.874306
304,62,13257.022670
304,64,13178.270911
304,69,13143.753968
305,41,19199.322891
305,42,18318.847678
305,43,17566.263134
305,46,15571.747830
305,48,14787.435677
305,49,14450.971680
305,50,13538.591920
305,53,13338.108206
305,55,13302.870534
305,56,13288.874306
305,62,13257.022670
305,64,13178.270911
305,69,13143.753968
306,41,19199.322891
306,42,18318.847678
306,43,17566.263134
306,46,15489.597938
306,48,14357.957615
306,50,13503.285793
306,53,13304.726245
306,55,13302.870534
306,56,13275.456303
306,62,13222.768385
306,63,13159.355521
306,69,13143.753968
307,41,19199.322891
307,42,18318.847678
307,43,17566.263134
307,46,15489.597938
307,48,14357.957615
307,50,13503.285793
307,53,13304.726245
307,55,13302.870534
307,56,13275.456303
307,62,13222.768385
307,63,13159.355521
307,69,13143.753968
308,41,19199.322891
308,42,18318.847678
308,43,17566.263134
308,46,15489.597938
308,48,14357.957615
308,50,13503.285793
308,53,13304.726245
308,55,13302.870534
308,56,13275.456303
308,62,13222.768385
308,63,13159.355521
308,69,13143.753968
309,41,19199.322891
309,42,18318.847678
309,43,17566.263134
309,46,15489.597938
309,48,14357.957615
309,50,13503.285793
309,53,13304.726245
309,55,13302.870534
309,56,13275.456303
309,62,13222.768385
309,63,13159.355521
309,69,13143.753968
309,70,13134.412429
310,41,19199.322891
310,42,18318.847678
310,43,17566.263134
310,46,15489.597938
310,48,14357.957615
310,50,13503.285793
310,53,13304.726245
310,55,13302.870534
310,56,13275.456303
310,62,13222.768385
310,63,13159.355521
310,69,13143.753968
310,70,13134.412429
311,41,19199.322891
311,42,18318.847678
311,43,17566.263134
311,46,15489.597938
311,48,14327.002234
311,50,13462.833166
311,53,13288.967098
311,56,13275.456303
311,62,13191.231464
311,63,13155.504175
311,69,13143.753968
311,70,13126.272449
312,41,19199.322891
312,42,18318.847678
312,43,17566.263134
312,45,17426.870955
312,46,15489.597938
312,48,14327.002234
312,50,13462.833166
312,53,13288.967098
312,56,13275.456303
312,62,13191.231464
312,63,13155.504175
312,69,13143.753968
312,70,13126.272449
313,41,19199.322891
313,42,18318.847678
313,43,17566.263134
313,45,17426.870955
313,46,15489.597938
313,48,14327.002234
313,50,13462.833166
313,53,13288.967098
313,56,13275.456303
313,62,13191.231464
313,63,13155.504175
313,69,13143.753968
313,70,13126.272449
314,41,19199.322891
314,42,18318.847678
314,43,17566.263134
314,45,17426.870955
314,46,15489.597938
314,48,14327.002234
314,50,13462.833166
314,53,13288.967098
314,56,13275.456303
314,62,13191.231464
314,63,13155.504175
314,69,13143.753968
314,70,13126.272449
315,41,19199.322891
315,42,18318.847678
315,43,17566.263134
315,45,17426.870955
315,46,15489.597938
315,48,14327.002234
315,50,13462.833166
315,53,13288.967098
315,56,13275.456303
315,62,13191.231464
315,63,13155.504175
315,69,13143.753968
315,70,13126.272449
316,41,19199.322891
316,42,18318.847678
316,43,17566.263134
316,45,17329.439815
316,46,15434.134288
316,48,14233.635861
316,50,13408.125720
316,53,13273.917174
316,56,13272.329553
316,62,13154.617982
316,63,13134.729376
316,69,13078.475029
317,41,19199.322891
317,42,18318.847678
317,43,17566.263134
317,45,17329.439815
317,46,15434.134288
317,48,14233.635861
317,50,13408.125720
317,53,13273.917174
317,56,13272.329553
317,62,13154.617982
317,63,13134.729376
317,69,13078.475029
318,41,19199.322891
318,42,18318.847678
318,43,17566.263134
318,45,17329.439815
318,46,15434.134288
318,48,14233.635861
318,50,13408.125720
318,53,13273.917174
318,56,13272.329553
318,62,13154.617982
318,63,13134.729376
318,69,13078.475029
319,41,19199.322891
319,42,18318.847678
319,43,17566.263134
319,45,17329.439815
319,46,15434.134288
319,48,14233.635861
319,50,13408.125720
319,53,13273.917174
319,55,13264.165167
319,62,13154.617982
319,63,13134.729376
319,69,13078.475029
320,40,19917.107456
320,41,19199.322891
320,42,18318.847678
320,43,17566.263134
320,45,17329.439815
320,46,15434.134288
320,48,14233.635861
320,50,13408.125720
320,53,13273.917174
320,55,13264.165167
320,62,13154.617982
320,63,13134.729376
320,69,13078.475029
321,40,19917.107456
321,41,19199.322891
321,42,18318.847678
321,43,17566.263134
321,45,15409.930686
321,48,14233.635861
321,50,13352.337984
321,52,13305.345369
321,53,13222.331444
321,55,13185.247285
321,62,13154.617982
321,63,13125.882426
321,68,13035.510303
322,40,19917.107456
322,41,19199.322891
322,42,18318.847678
322,43,17566.263134
322,45,15409.930686
322,48,14233.635861
322,50,13352.337984
322,52,13305.345369
322,53,13222.331444
322,55,13185.247285
322,62,13154.617982
322,63,13125.882426
322,68,13035.510303
323,40,19917.107456
323,41,19199.322891
323,42,18318.847678
323,43,17566.263134
323,45,15409.930686
323,48,14233.635861
323,50,13352.337984
323,52,13305.345369
323,53,13191.975971
323,55,13185.247285
323,62,13154.617982
323,63,13125.882426
323,68,13035.510303
324,40,19917.107456
324,41,19199.322891
324,42,18318.847678
324,43,17566.263134
324,45,15409.930686
324,48,14233.635861
324,50,13352.337984
324,52,13305.345369
324,53,13191.975971
324,55,13185.247285
324,62,13154.617982
324,63,13125.882426
324,68,13035.510303
325,40,19917.107456
325,41,19199.322891
325,42,18318.847678
325,43,17566.263134
325,45,15409.930686
325,48,14233.635861
325,50,13352.337984
325,52,13305.345369
325,53,13191.975971
325,55,13185.247285
325,62,13154.617982
325,63,13125.882426
325,68,13035.510303
326,40,19917.107456
326,41,19199.322891
326,42,18318.847678
326,43,17547.298946
326,45,15409.930686
326,48,14233.635861
326,50,13350.281724
326,52,13267.516201
326,53,13138.597063
326,63,13035.555836
326,68,13032.353108
327,40,19917.107456
327,41,19199.322891
327,42,18318.847678
327,43,17547.298946
327,45,15409.930686
327,48,14233.635861
327,50,13350.281724
327,52,13267.516201
327,53,13138.597063
327,63,13035.555836
327,68,13032.353108
328,40,19917.107456
328,41,19199.322891
328,42,18318.847678
328,43,17547.298946
328,45,15409.930686
328,48,14233.635861
328,50,13350.281724
328,52,13267.516201
328,53,13138.597063
328,63,13035.555836
328,68,13032.353108
