Generation,NV,TOC
1,59,31117.987893
1,67,30550.954622
1,69,29482.631023
1,73,29229.090435
1,77,27320.040607
1,92,25511.098054
1,99,24401.566842
1,110,23356.474413
1,124,23345.835960
1,128,23045.311416
1,129,22828.630612
1,131,22273.307883
1,136,21884.485551
1,145,21662.151679
1,147,21084.314671
1,148,21052.751324
1,152,20656.649084
1,158,20523.384615
1,166,20362.707760
1,183,20308.741955
1,184,20123.138162
2,57,31478.478438
2,58,31383.011381
2,59,31117.987893
2,67,30550.954622
2,69,29482.631023
2,70,26743.511877
2,77,26316.391141
2,90,25543.935871
2,91,25374.746103
2,97,24962.645120
2,99,24401.566842
2,100,21989.820438
2,103,21308.945995
2,113,20772.910207
2,143,19531.983896
2,166,19408.591297
3,57,31478.478438
3,58,29012.434942
3,61,28390.793241
3,63,28166.915013
3,66,27734.513798
3,70,26743.511877
3,75,25552.423980
3,90,25543.935871
3,91,23495.514152
3,95,23307.997212
3,100,21989.820438
3,103,21308.945995
3,112,20636.634206
3,118,20527.617354
3,119,19815.049096
3,143,19531.983896
3,147,19148.159210
3,151,18906.383829
3,156,18821.060436
4,56,27745.186704
4,66,27734.513798
4,69,26948.027180
4,70,26743.511877
4,71,26210.808886
4,75,25552.423980
4,77,25542.691528
4,80,25004.747417
4,90,24223.441642
4,91,23495.514152
4,95,23307.997212
4,99,22268.257616
4,100,21989.820438
4,103,21308.945995
4,105,21136.820798
4,112,20636.634206
4,118,19248.755065
4,147,19148.159210
4,151,18906.383829
4,154,18535.746597
5,56,27745.186704
5,66,27734.513798
5,69,26948.027180
5,70,26743.511877
5,71,26210.808886
5,72,25791.390791
5,75,25552.423980
5,77,25542.691528
5,79,25248.732580
5,80,25004.747417
5,84,24916.225332
5,86,24558.745031
5,88,24408.401370
5,90,24223.441642
5,91,23495.514152
5,95,23307.997212
5,96,21309.602353
5,103,21308.945995
5,105,21136.820798
5,108,20830.496945
5,111,20306.208786
5,117,19069.384998
5,145,18938.653072
5,149,18911.720411
5,150,18821.666868
5,153,18451.577134
5,154,18002.008885
6,56,27745.186704
6,62,27282.398214
6,63,26987.507479
6,66,26482.596465
6,69,24797.361934
6,75,23456.648041
6,84,21737.076964
6,96,20694.387952
6,111,20306.208786
6,117,19069.384998
6,141,18786.552149
6,152,18469.153945
6,153,18451.577134
6,154,18002.008885
7,56,27745.186704
7,61,27494.756229
7,62,27282.398214
7,63,26916.383153
7,64,26334.778518
7,68,23486.984984
7,75,23456.648041
7,78,23240.238358
7,81,23091.889128
7,84,21596.021856
7,96,20497.584942
7,101,19975.906682
7,107,19648.496991
7,111,19447.747375
7,117,18871.576382
7,134,18335.367190
7,137,18096.120543
7,151,17972.824832
7,152,17899.370152
8,56,27745.186704
8,59,27551.871107
8,61,24697.259700
8,63,24455.838296
8,67,24267.865300
8,68,23486.984984
8,75,23456.648041
8,78,23240.238358
8,81,23091.889128
8,83,22109.862528
8,84,21596.021856
8,96,20497.584942
8,101,19975.906682
8,107,19648.496991
8,111,19447.747375
8,117,18871.576382
8,134,18335.367190
8,137,18096.120543
8,138,18074.036133
8,151,17972.824832
8,152,17899.370152
8,153,17888.937554
9,56,26390.786983
9,59,24867.623355
9,61,24697.259700
9,63,23522.738298
9,68,23486.984984
9,74,23256.577980
9,75,23079.048756
9,79,21238.519304
9,90,20982.428502
9,92,20877.502632
9,93,20190.597063
9,95,20137.642315
9,100,20105.047012
9,101,19975.906682
9,107,19648.496991
9,111,19447.747375
9,117,18871.576382
9,134,18335.367190
9,137,18096.120543
9,138,18074.036133
9,151,17972.824832
9,152,17899.370152
9,153,17888.937554
10,56,26390.786983
10,59,24867.623355
10,60,24358.825052
10,63,23522.738298
10,68,23486.984984
10,70,23372.914196
10,72,23178.336953
10,73,22709.568468
10,78,22120.557055
10,79,21238.519304
10,83,21026.462913
10,90,20982.428502
10,92,20877.502632
10,93,20190.597063
10,94,19809.655507
10,98,19761.615777
10,106,19499.554307
10,110,19247.689330
10,116,18759.295567
10,128,17995.940122
10,130,17691.533928
10,136,17570.311359
11,54,28803.974547
11,55,28045.438206
11,56,24854.098567
11,57,24778.525231
11,60,24358.825052
11,63,23522.738298
11,65,22845.525774
11,71,21897.623519
11,79,21238.519304
11,83,21026.462913
11,90,20982.428502
11,91,20332.815077
11,92,20297.074322
11,93,20190.597063
11,94,19809.655507
11,98,19761.615777
11,106,19499.554307
11,110,19247.689330
11,116,18759.295567
11,119,18690.093794
11,125,18358.341073
11,128,17995.940122
11,130,17691.533928
11,134,17508.577408
12,54,28803.974547
12,55,28045.438206
12,56,24458.375819
12,60,24358.825052
12,63,23522.738298
12,65,22845.525774
12,71,21897.623519
12,78,21480.207215
12,79,21238.519304
12,83,21026.462913
12,90,20982.428502
12,91,20332.815077
12,92,20297.074322
12,93,20190.597063
12,94,19809.655507
12,97,19702.977709
12,103,19494.222400
12,110,19247.689330
12,114,18939.880020
12,116,18759.295567
12,119,18661.976986
12,123,17774.083344
12,130,17691.533928
12,132,17604.697373
12,134,17508.577408
13,54,28803.974547
13,55,24910.156742
13,56,24458.375819
13,58,24141.217601
13,63,23522.738298
13,65,22845.525774
13,69,22723.974343
13,71,21897.623519
13,78,21480.207215
13,79,21238.519304
13,83,21026.462913
13,89,20663.573278
13,91,20332.815077
13,92,20297.074322
13,93,20190.597063
13,94,19809.655507
13,97,19702.977709
13,103,19494.222400
13,106,19321.999076
13,110,19247.689330
13,114,18939.880020
13,116,18759.295567
13,119,18661.976986
13,123,17774.083344
13,130,17691.533928
13,132,17604.697373
13,134,17508.577408
14,54,28688.237656
14,55,24910.156742
14,56,24458.375819
14,57,24095.855272
14,60,23808.764196
14,63,23522.738298
14,65,22845.525774
14,69,22723.974343
14,71,21897.623519
14,72,21894.637447
14,76,21382.046591
14,79,21238.519304
14,83,20507.590721
14,90,20298.271486
14,92,20297.074322
14,93,20190.597063
14,94,19809.655507
14,97,19702.977709
14,103,19494.222400
14,106,19321.999076
14,110,19127.233497
14,114,18939.880020
14,116,18759.295567
14,119,18661.976986
14,123,17774.083344
14,130,17691.533928
14,132,17604.697373
14,133,17603.148665
14,134,17479.656504
14,136,17416.210193
14,140,17355.303847
15,51,26259.168520
15,52,25400.256291
15,55,24910.156742
15,56,24458.375819
15,57,24095.855272
15,60,23808.764196
15,61,23104.557381
15,65,22845.525774
15,69,22557.842472
15,71,21897.623519
15,72,21894.637447
15,74,21658.530875
15,76,21382.046591
15,79,21238.519304
15,81,21083.040033
15,83,20507.590721
15,89,20378.635591
15,90,19832.349753
15,94,19809.655507
15,97,19702.977709
15,103,19494.222400
15,104,19357.938352
15,106,19321.999076
15,107,18985.254171
15,114,18939.880020
15,116,18579.149821
15,123,17774.083344
15,130,17691.533928
15,132,17604.697373
15,133,17603.148665
15,134,17479.656504
15,135,17293.961667
16,51,26259.168520
16,52,25400.256291
16,55,24910.156742
16,56,24458.375819
16,57,24095.855272
16,60,23808.764196
16,61,23104.557381
16,65,22845.525774
16,69,22557.842472
16,71,21897.623519
16,72,21894.637447
16,74,21658.530875
16,76,21382.046591
16,78,21224.385440
16,81,20761.782068
16,83,20507.590721
16,89,20378.635591
16,90,19832.349753
16,94,19809.655507
16,97,19702.977709
16,103,19494.222400
16,104,19357.938352
16,106,19321.999076
16,107,18985.254171
16,114,18813.763358
16,116,18155.046205
16,118,17690.694637
16,121,17596.744936
16,130,17591.991870
16,131,17480.966048
16,133,17216.994522
16,134,17123.781780
17,51,26259.168520
17,52,25400.256291
17,55,24910.156742
17,56,24004.817567
17,60,23808.764196
17,61,23104.557381
17,63,22577.180785
17,69,22557.842472
17,70,22026.161838
17,71,21897.623519
17,72,21894.637447
17,74,21658.530875
17,76,21382.046591
17,78,20739.183846
17,79,20723.764558
17,83,20507.590721
17,89,20378.635591
17,90,19832.349753
17,94,19809.655507
17,96,19260.520967
17,106,19055.585949
17,107,18985.254171
17,108,18425.253361
17,116,18155.046205
17,118,17690.694637
17,119,17634.061888
17,121,17596.744936
17,126,17473.811469
17,132,17328.579416
17,133,17216.994522
17,134,17123.781780
18,51,25753.175229
18,52,25400.256291
18,55,24645.149729
18,56,23623.501156
18,61,23104.557381
18,63,22577.180785
18,68,22395.636969
18,70,22026.161838
18,71,21897.623519
18,72,21894.637447
18,74,21658.530875
18,76,21382.046591
18,77,21219.652550
18,78,20292.800223
18,80,20139.064475
18,90,19832.349753
18,94,19809.655507
18,96,19260.520967
18,98,18376.796437
18,108,18301.987481
18,112,18021.822149
18,115,17615.097969
18,119,17526.812622
18,120,17508.207390
18,126,17337.030347
18,130,16956.082502
19,51,25753.175229
19,52,25400.256291
19,55,24645.149729
19,56,23623.501156
19,61,23104.557381
19,62,22739.047720
19,63,22577.180785
19,64,22058.359489
19,70,21479.325331
19,76,21382.046591
19,77,21219.652550
19,78,20292.800223
19,80,20139.064475
19,89,19521.901215
19,95,18907.867473
19,98,18376.796437
19,107,17991.520744
19,113,17821.420920
19,115,17615.097969
19,119,17526.812622
19,120,17508.207390
19,126,17337.030347
19,128,17269.243450
19,129,17253.829723
19,130,16956.082502
20,51,25753.175229
20,52,25400.256291
20,55,24645.149729
20,56,23623.501156
20,61,23104.557381
20,62,22739.047720
20,63,22577.180785
20,64,22058.359489
20,68,21730.755934
20,70,21479.325331
20,76,21160.010846
20,77,20700.756422
20,78,20292.800223
20,80,20139.064475
20,89,19521.901215
20,95,18907.867473
20,97,18314.931288
20,101,17853.388058
20,112,17325.786184
20,123,17190.015364
20,128,16650.048672
21,51,25753.175229
21,52,25400.256291
21,53,24920.603963
21,55,24645.149729
21,56,23623.501156
21,61,23104.557381
21,62,22739.047720
21,63,22468.227081
21,64,22058.359489
21,66,20719.813845
21,74,20660.809201
21,78,20292.800223
21,80,20139.064475
21,83,19526.611408
21,86,19264.182078
21,95,18907.867473
21,97,18314.931288
21,101,17853.388058
21,112,17325.786184
21,121,17227.756144
21,122,17219.384536
21,123,17190.015364
21,128,16650.048672
22,51,25753.175229
22,52,25090.840298
22,53,24257.703795
22,56,23623.501156
22,61,23104.557381
22,62,22739.047720
22,63,22468.227081
22,64,22058.359489
22,65,22038.399033
22,66,20719.813845
22,68,20457.559467
22,78,20070.208145
22,82,20057.223527
22,83,19414.631484
22,85,19082.411895
22,95,18907.867473
22,97,18249.587625
22,100,17716.063990
22,110,17267.096633
22,119,17125.971671
22,121,17120.628689
22,126,16588.956144
23,51,25753.175229
23,52,25065.128491
23,53,24257.703795
23,56,23623.501156
23,61,23104.557381
23,62,22637.462370
23,63,22468.227081
23,64,22058.359489
23,65,22038.399033
23,66,20719.813845
23,68,20457.559467
23,78,20070.208145
23,82,19792.061247
23,83,19414.631484
23,85,19082.411895
23,95,18907.867473
23,97,18249.587625
23,100,17716.063990
23,104,17079.990125
23,126,16588.956144
24,51,25753.175229
24,52,24806.650364
24,53,24257.703795
24,55,24029.828536
24,56,23623.501156
24,58,23547.367899
24,61,23104.557381
24,62,22637.462370
24,63,22468.227081
24,64,22058.359489
24,65,22038.399033
24,66,20719.813845
24,68,20457.559467
24,74,20048.081152
24,81,19352.705460
24,82,19283.095037
24,83,18817.253775
24,96,18235.669902
24,99,17617.704532
24,102,16975.866926
24,124,16487.909596
25,51,25753.175229
25,52,24806.650364
25,53,24257.703795
25,55,24029.828536
25,56,23406.742360
25,58,23035.269045
25,61,22517.182860
25,63,22468.227081
25,64,22058.359489
25,65,22038.399033
25,66,20719.813845
25,68,20457.559467
25,74,20048.081152
25,81,19352.705460
25,82,19283.095037
25,83,18817.253775
25,95,18446.501596
25,96,18235.669902
25,99,17617.704532
25,102,16975.866926
25,124,16487.909596
26,49,26391.711143
26,51,23865.278054
26,56,23406.742360
26,58,23035.269045
26,61,22517.182860
26,63,21525.976757
26,66,20719.813845
26,68,20457.559467
26,71,20207.327401
26,74,19834.412337
26,78,19312.558560
26,81,19201.877321
26,83,18617.069859
26,94,18109.963623
26,98,17526.239055
26,100,16883.199164
26,124,16440.575855
27,49,26391.711143
27,51,23865.278054
27,56,23406.742360
27,58,23035.269045
27,61,22517.182860
27,63,21525.976757
27,65,21237.186442
27,66,20719.813845
27,68,20457.559467
27,71,20207.327401
27,74,19834.412337
27,78,19312.558560
27,80,19008.233258
27,83,18617.069859
27,94,18109.963623
27,98,17526.239055
27,100,16883.199164
27,119,16771.674964
27,124,16440.575855
28,49,26391.711143
28,51,23865.278054
28,56,23242.902027
28,58,23035.269045
28,61,21943.657782
28,63,21525.976757
28,65,21237.186442
28,66,20719.813845
28,68,20457.559467
28,69,20030.659860
28,72,19754.965963
28,78,19083.865074
28,80,19008.233258
28,83,18617.069859
28,92,17972.291931
28,98,16691.236012
28,121,16321.163480
29,49,26391.711143
29,51,23865.278054
29,54,22813.947376
29,61,21943.657782
29,63,21525.976757
29,65,20710.975989
29,68,20457.559467
29,69,20030.659860
29,72,19754.965963
29,78,19083.865074
29,80,19008.233258
29,81,18431.934443
29,82,18370.442045
29,92,17972.291931
29,98,16691.236012
29,121,16321.163480
30,49,26391.711143
30,51,23865.278054
30,54,22813.947376
30,56,22169.612538
30,61,21943.657782
30,63,21525.976757
30,65,20710.975989
30,68,20457.559467
30,69,20030.659860
30,72,19754.965963
30,77,18968.064853
30,79,18106.511633
30,88,18092.532979
30,92,17877.621356
30,95,17509.157933
30,98,16521.846148
30,121,16268.065530
31,49,26391.711143
31,51,23865.278054
31,54,21442.968685
31,65,20710.975989
31,68,20457.559467
31,69,20030.659860
31,72,19704.981460
31,77,18968.064853
31,79,18106.511633
31,88,18092.532979
31,92,17877.621356
31,94,17503.065130
31,98,16521.846148
31,120,16378.070367
31,121,16268.065530
32,49,26391.711143
32,51,23477.938769
32,54,21442.968685
32,65,20710.975989
32,67,20434.444012
32,69,20030.659860
32,72,19704.981460
32,77,18968.064853
32,79,18106.511633
32,85,17947.964273
32,92,17877.621356
32,94,17503.065130
32,98,16521.846148
32,120,16378.070367
32,121,16268.065530
33,49,26391.711143
33,51,23477.938769
33,52,22820.776126
33,53,22737.815566
33,54,21442.968685
33,58,21422.477035
33,61,20474.605450
33,65,20331.585629
33,69,20030.659860
33,72,19226.196031
33,77,18968.064853
33,79,18106.511633
33,85,17947.964273
33,92,17877.621356
33,94,17503.065130
33,98,16521.846148
33,120,16378.070367
33,121,16268.065530
34,49,26391.711143
34,51,23477.938769
34,52,22820.776126
34,53,22737.815566
34,54,21442.968685
34,58,21422.477035
34,61,20474.605450
34,65,20331.585629
34,68,20010.708909
34,72,19226.196031
34,77,18968.064853
34,79,18106.511633
34,84,18054.291606
34,85,17947.964273
34,92,17877.621356
34,94,17503.065130
34,98,16521.846148
34,120,16378.070367
34,121,16268.065530
35,49,26391.711143
35,50,24831.405466
35,51,23477.938769
35,52,22820.776126
35,53,22737.815566
35,54,21442.968685
35,58,21422.477035
35,61,20474.605450
35,65,20331.585629
35,68,19445.095679
35,72,19226.196031
35,77,18968.064853
35,79,18106.511633
35,84,18054.291606
35,85,17947.964273
35,92,17877.621356
35,94,17503.065130
35,97,17487.849968
35,98,16521.846148
35,120,16378.070367
35,121,16268.065530
36,49,26391.711143
36,50,23482.568141
36,51,23477.938769
36,52,22820.776126
36,53,22737.815566
36,54,21442.968685
36,58,21422.477035
36,59,20814.518684
36,61,20474.605450
36,63,20366.035045
36,65,20331.585629
36,68,19445.095679
36,71,19146.161334
36,76,18443.927192
36,79,18106.511633
36,84,18054.291606
36,85,17947.964273
36,92,17877.621356
36,94,17503.065130
36,97,17487.849968
36,98,16521.846148
36,120,16378.070367
36,121,16268.065530
37,49,26391.711143
37,50,23482.568141
37,51,23477.938769
37,52,22310.410803
37,54,21442.968685
37,58,21422.477035
37,59,20814.518684
37,61,20474.605450
37,63,20366.035045
37,64,20307.205382
37,68,19445.095679
37,71,19146.161334
37,76,18443.927192
37,79,18106.511633
37,84,18054.291606
37,85,17947.964273
37,92,17877.621356
37,94,17503.065130
37,97,17487.849968
37,98,16521.846148
37,120,16378.070367
37,121,16268.065530
38,49,26391.711143
38,50,23482.568141
38,51,23477.938769
38,52,22310.410803
38,54,21442.968685
38,58,21422.477035
38,59,20814.518684
38,61,20474.605450
38,63,20366.035045
38,64,20307.205382
38,66,19852.280097
38,68,19445.095679
38,71,19146.161334
38,74,18667.213676
38,76,18443.927192
38,79,18106.511633
38,84,18054.291606
38,85,17808.407147
38,94,17503.065130
38,96,17372.704431
38,98,16521.846148
38,120,16378.070367
38,121,16268.065530
39,49,26391.711143
39,50,23482.568141
39,51,23152.777161
39,52,21927.903228
39,54,21442.968685
39,57,21052.417785
39,59,20814.518684
39,61,20474.605450
39,63,20366.035045
39,64,20307.205382
39,66,19852.280097
39,68,19445.095679
39,71,19146.161334
39,73,18608.717691
39,74,18300.201680
39,79,18106.511633
39,84,18054.291606
39,85,17808.407147
39,94,17503.065130
39,96,17372.704431
39,98,16521.846148
39,120,16378.070367
39,121,16268.065530
40,49,26391.711143
40,50,23482.568141
40,51,23152.777161
40,52,21896.688705
40,54,21442.968685
40,57,21052.417785
40,59,20814.518684
40,61,20474.605450
40,62,20251.642115
40,65,19640.456875
40,68,19445.095679
40,71,19146.161334
40,73,18608.717691
40,74,18300.201680
40,79,18106.511633
40,84,18054.291606
40,85,17808.407147
40,92,17488.236065
40,96,17372.704431
40,98,16521.846148
40,120,16378.070367
40,121,16268.065530
41,49,26391.711143
41,50,23482.568141
41,51,22687.869827
41,52,21896.688705
41,54,21442.968685
41,57,21052.417785
41,59,20814.518684
41,61,20474.605450
41,62,20251.642115
41,63,20185.500746
41,65,19640.456875
41,66,19418.082500
41,71,19146.161334
41,73,18608.717691
41,74,18300.201680
41,79,18106.511633
41,84,18054.291606
41,85,17808.407147
41,92,17488.236065
41,96,17372.704431
41,98,16521.846148
41,120,16378.070367
41,121,16268.065530
42,49,23273.833841
42,50,22817.254052
42,51,22351.166211
42,52,21896.688705
42,54,21442.968685
42,57,21052.417785
42,59,20814.518684
42,61,20474.605450
42,62,20251.642115
42,63,20185.500746
42,65,19640.456875
42,66,19418.082500
42,71,19146.161334
42,73,18608.717691
42,74,18234.207074
42,79,17897.495582
42,85,17743.683132
42,91,17416.271627
42,95,16466.300279
42,114,16366.972590
42,118,16123.894790
43,49,23273.833841
43,50,22817.254052
43,51,22295.806245
43,52,21896.688705
43,54,21442.968685
43,57,21052.417785
43,59,20688.850029
43,61,20474.605450
43,62,20251.642115
43,63,20185.500746
43,64,19462.473762
43,66,19418.082500
43,71,19146.161334
43,73,18608.717691
43,74,18234.207074
43,79,17897.495582
43,85,17743.683132
43,88,17696.163063
43,91,17416.271627
43,95,16466.300279
43,114,16366.972590
43,118,16123.894790
44,49,23273.833841
44,50,22817.254052
44,51,22295.806245
44,52,21896.688705
44,54,21442.968685
44,57,21052.417785
44,59,20688.850029
44,61,20474.605450
44,62,20251.642115
44,63,20185.500746
44,64,19462.473762
44,66,19418.082500
44,67,19207.528869
44,70,19140.795244
44,73,18047.388585
44,78,17957.029757
44,79,17837.565759
44,85,17671.162480
44,87,17229.440670
44,94,16455.214023
44,112,16260.346118
44,118,16110.176960
45,49,23273.833841
45,50,22817.254052
45,51,22295.806245
45,52,21896.688705
45,54,21442.968685
45,57,21052.417785
45,59,20688.850029
45,61,20474.605450
45,62,20251.642115
45,63,20185.500746
45,64,19462.473762
45,66,19418.082500
45,67,19207.528869
45,70,19140.795244
45,71,18994.934620
45,72,18672.792365
45,73,18047.388585
45,78,17957.029757
45,79,17837.565759
45,85,17671.162480
45,87,17229.440670
45,94,16455.214023
45,112,16260.346118
45,118,16110.176960
46,49,23273.833841
46,50,22817.254052
46,51,22295.806245
46,52,21896.688705
46,54,21359.909873
46,57,21052.417785
46,59,20688.850029
46,61,20474.605450
46,62,20230.299849
46,63,20185.500746
46,64,19462.473762
46,66,19260.919994
46,67,19207.528869
46,70,19140.795244
46,71,18343.742119
46,73,17851.030198
46,79,17426.599167
46,87,17229.440670
46,94,16455.214023
46,112,16260.346118
46,118,16096.381224
47,49,23273.833841
47,50,22817.254052
47,51,22295.806245
47,52,21896.688705
47,54,21359.909873
47,57,21052.417785
47,59,20688.850029
47,61,20474.605450
47,62,20013.789536
47,64,19462.473762
47,66,19260.919994
47,67,19207.528869
47,69,18881.242718
47,71,18343.742119
47,73,17851.030198
47,79,17426.599167
47,87,17229.440670
47,94,16455.214023
47,105,16351.763849
47,112,16260.346118
47,118,16096.381224
48,49,23273.833841
48,50,22717.857589
48,51,22295.806245
48,52,21896.688705
48,54,21359.909873
48,55,20830.494815
48,59,20688.850029
48,60,20272.609363
48,61,18789.441485
48,70,18290.052714
48,73,17707.023606
48,78,17372.994369
48,86,17098.780329
48,93,16377.661075
48,103,16230.363680
48,111,16218.352972
48,117,16036.197287
49,49,23273.833841
49,50,22717.857589
49,51,21831.408593
49,52,21773.231583
49,54,21359.909873
49,55,20830.494815
49,59,20688.850029
49,60,20272.609363
49,61,18789.441485
49,70,18290.052714
49,73,17707.023606
49,78,17372.994369
49,86,17098.780329
49,93,16377.661075
49,103,16230.363680
49,111,16218.352972
49,117,16036.197287
50,49,23273.833841
50,50,22717.857589
50,51,21831.408593
50,52,21773.231583
50,54,21359.909873
50,55,20830.494815
50,58,20798.340806
50,59,20688.850029
50,60,20272.609363
50,61,18561.600759
50,69,17604.410145
50,78,17334.365437
50,84,17059.044040
50,85,16953.840261
50,92,16209.628834
50,101,16171.176752
50,117,16036.197287
51,49,23273.833841
51,50,22717.857589
51,51,21831.408593
51,52,21773.231583
51,54,21309.763764
51,55,20830.494815
51,58,20798.340806
51,59,20688.850029
51,60,20272.609363
51,61,18561.600759
51,69,17604.410145
51,77,17302.935611
51,84,17059.044040
51,85,16953.840261
51,92,16209.628834
51,101,16171.176752
51,117,16036.197287
52,49,23273.833841
52,50,22717.857589
52,51,21831.408593
52,52,21773.231583
52,53,21666.474621
52,54,21309.763764
52,55,20830.494815
52,58,20798.340806
52,59,20688.850029
52,60,20272.609363
52,61,18561.600759
52,69,17524.977110
52,73,17186.224724
52,78,17142.481211
52,84,17059.044040
52,85,16871.835139
52,92,16209.628834
52,100,16121.268425
52,108,15981.926225
53,49,23273.833841
53,50,22717.857589
53,51,21831.408593
53,52,21773.231583
53,53,21666.474621
53,54,21309.763764
53,55,20830.494815
53,58,20798.340806
53,59,20688.850029
53,60,20272.609363
53,61,18202.961090
53,69,17524.977110
53,73,17186.224724
53,78,17080.487095
53,84,17059.044040
53,85,16871.835139
53,92,16209.628834
53,100,16121.268425
53,108,15981.926225
54,49,23133.164489
54,50,22717.857589
54,51,21831.408593
54,52,21554.257452
54,53,21491.288777
54,54,21309.763764
54,55,20830.494815
54,58,20798.340806
54,59,20688.850029
54,60,20272.609363
54,61,18202.961090
54,69,17081.365376
54,78,16955.941250
54,83,16949.012932
54,85,16787.140261
54,92,16209.628834
54,100,16121.268425
54,108,15957.123712
55,47,23122.120948
55,50,22717.857589
55,51,21831.408593
55,52,21554.257452
55,53,21491.288777
55,54,21309.763764
55,55,20830.494815
55,58,20798.340806
55,59,20688.850029
55,60,19888.672728
55,61,18202.961090
55,69,17081.365376
55,78,16955.941250
55,83,16949.012932
55,85,16787.140261
55,92,16209.628834
55,100,16121.268425
55,108,15957.123712
56,47,23122.120948
56,50,22717.857589
56,51,21831.408593
56,52,21554.257452
56,53,21468.750767
56,54,21309.763764
56,55,20830.494815
56,58,20192.458380
56,60,19590.923492
56,61,18062.544946
56,69,16970.684433
56,78,16776.828218
56,91,16117.465746
56,98,16107.457763
56,108,15836.599711
57,47,23122.120948
57,50,22717.857589
57,51,21831.408593
57,52,21487.843250
57,53,21468.750767
57,54,21309.763764
57,55,20830.494815
57,57,20807.526705
57,58,20192.458380
57,60,19590.923492
57,61,18062.544946
57,69,16970.684433
57,78,16776.828218
57,91,16117.465746
57,98,16022.604134
57,108,15836.599711
58,47,23122.120948
58,50,22459.483527
58,51,21831.408593
58,52,21487.843250
58,53,21468.750767
58,54,21309.763764
58,55,20830.494815
58,57,20807.526705
58,58,20192.458380
58,60,19471.292669
58,61,18062.544946
58,69,16970.684433
58,78,16776.828218
58,89,16115.022913
58,98,16002.838536
58,100,15873.848059
58,108,15795.943943
59,47,23122.120948
59,48,22468.919347
59,50,22459.483527
59,51,21831.408593
59,52,21487.843250
59,53,21468.750767
59,54,21309.763764
59,55,20059.171677
59,58,20055.879651
59,60,19471.292669
59,61,18062.544946
59,69,16970.684433
59,78,16776.828218
59,89,16115.022913
59,98,16002.838536
59,100,15873.848059
59,108,15795.943943
60,47,23122.120948
60,48,22468.919347
60,50,22459.483527
60,51,21831.408593
60,52,21487.843250
60,53,21468.750767
60,54,21309.763764
60,55,20059.171677
60,57,19964.144243
60,60,19471.292669
60,61,18062.544946
60,67,16809.320675
60,77,16696.252046
60,89,16115.022913
60,97,15771.909315
61,47,23122.120948
61,48,22468.919347
61,49,22461.328729
61,50,22459.483527
61,51,21732.153552
61,52,21487.843250
61,53,21468.750767
61,54,21309.763764
61,55,20059.171677
61,57,19964.144243
61,60,19471.292669
61,61,18062.544946
61,67,16809.320675
61,77,16696.252046
61,89,16115.022913
61,97,15771.909315
62,47,23122.120948
62,48,22442.579672
62,50,22354.772250
62,51,21732.153552
62,52,21362.655147
62,54,20931.247740
62,55,20059.171677
62,57,19876.607627
62,60,19471.292669
62,61,17839.711602
62,67,16613.862604
62,88,16046.620804
62,96,15768.681496
63,47,23122.120948
63,48,22442.579672
63,50,22354.772250
63,51,21732.153552
63,52,21362.655147
63,54,20931.247740
63,55,20059.171677
63,57,19876.607627
63,60,19471.292669
63,61,17839.711602
63,67,16613.862604
63,87,16012.269714
63,96,15768.681496
64,47,23122.120948
64,48,22226.433358
64,51,21732.153552
64,52,21362.655147
64,53,20764.281252
64,54,19974.166648
64,56,19817.581703
64,59,19710.901153
64,60,19361.016084
64,61,17778.692388
64,67,16523.028270
64,87,15922.877205
64,96,15768.681496
65,47,23122.120948
65,48,22226.433358
65,51,21732.153552
65,52,21362.655147
65,53,20764.281252
65,54,19974.166648
65,56,19817.581703
65,59,19710.901153
65,60,19361.016084
65,61,17778.692388
65,67,16523.028270
65,87,15922.877205
65,90,15844.828396
65,96,15768.681496
66,47,23122.120948
66,48,22226.433358
66,51,21732.153552
66,52,21362.655147
66,53,20764.281252
66,54,19974.166648
66,55,19635.212337
66,60,19361.016084
66,61,17745.871974
66,67,16523.028270
66,81,16233.065808
66,86,15824.106038
66,93,15820.840938
66,96,15768.681496
67,47,23122.120948
67,48,22226.433358
67,51,21120.257089
67,52,20879.910943
67,53,20412.024762
67,54,19974.166648
67,55,19635.212337
67,60,19361.016084
67,61,17745.871974
67,65,17552.115103
67,66,16860.993456
67,67,16523.028270
67,78,16303.694797
67,81,16233.065808
67,82,16114.990268
67,84,15835.762455
67,86,15824.106038
67,93,15820.840938
67,96,15768.681496
68,47,23122.120948
68,48,22226.433358
68,50,22003.173947
68,51,21120.257089
68,52,20879.910943
68,53,20412.024762
68,54,19974.166648
68,55,19635.212337
68,60,19361.016084
68,61,17745.871974
68,63,16950.166679
68,66,16771.840150
68,67,16437.402090
68,76,16199.696685
68,80,15824.384267
68,83,15802.754170
68,93,15783.465995
68,95,15734.600952
69,47,23122.120948
69,48,22226.433358
69,49,21824.700441
69,50,21642.818553
69,51,21120.257089
69,52,20879.910943
69,53,20412.024762
69,54,19974.166648
69,55,19635.212337
69,60,19361.016084
69,61,17745.871974
69,63,16950.166679
69,66,16771.840150
69,67,16437.402090
69,74,16417.385112
69,76,16199.696685
69,80,15824.384267
69,83,15802.754170
69,86,15774.216002
69,94,15657.935906
70,47,23122.120948
70,48,22226.433358
70,49,21824.700441
70,50,21642.818553
70,51,21120.257089
70,52,20879.910943
70,53,20412.024762
70,54,19974.166648
70,55,19635.212337
70,60,16776.499443
70,66,16673.629433
70,67,16381.249248
70,73,16190.096704
70,80,15789.937758
70,83,15706.521885
70,86,15703.027170
70,94,15655.312409
71,47,23122.120948
71,48,22226.433358
71,49,21824.700441
71,50,21642.818553
71,51,21120.257089
71,52,20879.910943
71,53,20351.907639
71,54,19974.166648
71,55,19635.212337
71,60,16776.499443
71,66,16673.629433
71,67,16381.249248
71,68,15992.693006
71,72,15835.269141
71,80,15789.937758
71,83,15706.521885
71,86,15703.027170
71,94,15655.312409
72,47,22565.659645
72,48,22226.433358
72,49,21821.214342
72,50,21642.818553
72,51,21045.521219
72,52,20879.910943
72,53,20351.907639
72,54,19974.166648
72,55,19635.212337
72,57,19182.997657
72,60,16711.544435
72,66,16652.155390
72,67,16260.118264
72,68,15992.693006
72,72,15824.586893
72,80,15771.372469
72,83,15706.521885
72,85,15638.144118
72,94,15551.788362
73,47,22267.696841
73,48,22226.433358
73,49,21821.214342
73,50,21642.818553
73,51,21045.521219
73,52,20879.910943
73,53,20351.907639
73,54,19974.166648
73,55,19635.212337
73,57,19182.997657
73,60,16711.544435
73,66,16652.155390
73,67,16260.118264
73,68,15992.693006
73,72,15824.586893
73,80,15771.372469
73,83,15628.533881
73,89,15587.390106
73,94,15551.788362
74,47,22267.696841
74,48,22226.433358
74,49,21821.214342
74,50,21632.548006
74,51,21045.521219
74,52,20654.534919
74,53,20351.907639
74,54,19399.026552
74,56,19035.463982
74,60,16598.550122
74,66,16213.324362
74,67,15982.049848
74,71,15817.453364
74,80,15771.372469
74,82,15517.146545
74,92,15488.984679
75,47,22267.696841
75,48,22226.433358
75,49,21821.214342
75,50,21632.548006
75,51,21045.521219
75,52,20654.534919
75,53,20351.907639
75,54,19399.026552
75,56,19035.463982
75,60,16598.550122
75,66,16213.324362
75,67,15982.049848
75,71,15817.453364
75,80,15771.372469
75,82,15517.146545
75,92,15488.984679
76,47,22267.696841
76,48,22220.730936
76,49,21821.214342
76,50,21632.548006
76,51,21045.521219
76,52,20654.534919
76,53,20351.907639
76,54,19399.026552
76,56,19035.463982
76,60,16441.842021
76,66,16213.324362
76,67,15974.987708
76,70,15709.857866
76,79,15691.701948
76,82,15471.065991
76,89,15467.105323
76,93,15436.580896
76,97,15420.093583
77,47,22267.696841
77,48,22220.730936
77,49,21821.214342
77,50,21632.548006
77,51,21045.521219
77,52,20654.534919
77,53,20351.907639
77,54,19399.026552
77,56,19035.463982
77,60,16441.842021
77,66,16213.324362
77,67,15974.987708
77,70,15709.857866
77,79,15691.701948
77,82,15471.065991
77,89,15467.105323
77,93,15436.580896
77,97,15420.093583
78,47,22267.696841
78,48,22220.730936
78,49,21821.214342
78,50,21632.548006
78,51,21045.521219
78,52,20654.534919
78,53,19166.950378
78,56,19035.463982
78,58,18249.864490
78,60,16371.975878
78,66,16213.324362
78,67,15913.113698
78,69,15658.192234
78,80,15646.164190
78,82,15405.219318
78,97,15375.459316
79,47,22267.696841
79,48,22220.730936
79,49,21821.214342
79,50,21632.548006
79,51,21045.521219
79,52,20654.534919
79,53,19166.950378
79,56,19035.463982
79,58,18249.864490
79,60,16371.975878
79,66,16213.324362
79,67,15913.113698
79,69,15658.192234
79,80,15646.164190
79,82,15405.219318
79,93,15400.928686
79,97,15375.459316
80,47,22267.696841
80,48,22220.730936
80,49,21821.214342
80,50,21632.548006
80,51,20987.312570
80,52,20654.534919
80,53,19166.950378
80,56,18915.621134
80,58,18006.493987
80,60,16238.127653
80,66,16192.533675
80,67,15880.021246
80,69,15641.959759
80,80,15590.591034
80,82,15405.219318
80,93,15267.293929
81,47,22267.696841
81,48,22220.730936
81,49,21821.214342
81,50,21632.548006
81,51,20987.312570
81,52,20654.534919
81,53,19166.950378
81,56,18915.621134
81,58,18006.493987
81,60,16238.127653
81,66,16192.533675
81,67,15880.021246
81,69,15641.959759
81,76,15500.381981
81,82,15405.219318
81,93,15267.293929
82,47,22267.696841
82,48,22220.730936
82,49,21647.532216
82,50,21063.476664
82,51,20706.794742
82,52,20654.534919
82,53,19166.950378
82,56,18915.621134
82,57,17814.670904
82,60,16186.619030
82,65,15852.275577
82,69,15438.260272
82,80,15412.933213
82,82,15405.219318
82,87,15296.316776
82,93,15215.129200
83,47,22267.696841
83,48,22220.730936
83,49,21647.532216
83,50,21063.476664
83,51,20706.794742
83,52,20358.437493
83,53,19166.950378
83,56,18915.621134
83,57,17814.670904
83,60,16186.619030
83,65,15852.275577
83,69,15438.260272
83,80,15412.933213
83,82,15405.219318
83,87,15296.316776
83,93,15215.129200
84,47,22219.440339
84,49,21647.532216
84,50,21048.485157
84,51,20706.794742
84,52,20358.437493
84,53,19166.950378
84,56,18776.151035
84,57,17578.516118
84,60,16186.619030
84,65,15852.275577
84,68,15378.985978
84,80,15366.177378
84,87,15266.795918
84,93,15129.997813
85,47,22219.440339
85,49,21647.532216
85,50,21048.485157
85,51,20706.794742
85,52,20358.437493
85,53,19166.950378
85,56,18776.151035
85,57,17578.516118
85,60,16186.619030
85,65,15852.275577
85,68,15378.985978
85,80,15310.362482
85,87,15266.795918
85,93,15129.997813
86,47,22219.440339
86,49,21601.226489
86,50,20930.384258
86,51,20592.198193
86,52,19962.722578
86,53,19166.950378
86,56,18694.275169
86,57,17362.394881
86,60,16183.220898
86,65,15790.614149
86,68,15307.849488
86,78,15162.133351
86,93,15129.997813
87,47,22219.440339
87,49,21601.226489
87,50,20930.384258
87,51,20445.744534
87,52,19962.722578
87,53,19166.950378
87,56,18694.275169
87,57,17362.394881
87,60,16183.220898
87,65,15790.614149
87,68,15307.849488
87,78,15162.133351
87,93,15129.997813
88,47,22219.440339
88,49,21601.226489
88,50,20930.384258
88,51,20445.744534
88,52,19962.722578
88,53,19166.950378
88,56,18694.275169
88,57,17362.394881
88,60,16183.220898
88,65,15790.614149
88,68,15307.849488
88,77,15188.871849
88,78,15162.133351
88,93,15129.997813
89,47,22219.440339
89,49,21601.226489
89,50,20930.384258
89,51,19163.283368
89,54,18632.016647
89,57,17362.394881
89,60,16183.220898
89,64,15710.917869
89,68,15299.832502
89,76,15091.098432
89,92,15027.871864
90,47,22219.440339
90,49,21601.226489
90,50,20930.384258
90,51,19163.283368
90,54,18632.016647
90,57,17362.394881
90,60,16183.220898
90,64,15710.917869
90,68,15299.832502
90,76,15091.098432
90,92,15027.871864
91,46,22508.541380
91,47,22219.440339
91,48,21859.212885
91,49,20748.512661
91,51,19095.285072
91,54,18632.016647
91,56,17220.518162
91,60,16183.220898
91,64,15682.003459
91,68,15231.752225
91,75,15012.041811
91,91,14950.225286
92,46,22508.541380
92,47,22219.440339
92,48,21859.212885
92,49,20748.512661
92,51,19095.285072
92,54,18632.016647
92,56,17220.518162
92,60,16183.220898
92,64,15682.003459
92,68,15231.752225
92,75,15012.041811
92,91,14950.225286
93,46,22508.541380
93,47,22219.440339
93,48,21671.447360
93,49,20452.561396
93,51,18914.447936
93,54,18601.888140
93,56,17126.284557
93,60,16183.220898
93,64,15669.926872
93,68,15231.752225
93,75,15012.041811
93,90,14815.243763
94,46,22508.541380
94,47,22219.440339
94,48,21671.447360
94,49,20452.561396
94,51,18914.447936
94,53,17541.208748
94,56,17126.284557
94,60,16183.220898
94,64,15669.926872
94,68,15231.752225
94,75,15012.041811
94,90,14815.243763
95,46,22508.541380
95,47,22219.440339
95,48,21671.447360
95,49,20452.561396
95,50,20266.690477
95,51,18544.814377
95,53,17541.208748
95,55,17055.516117
95,58,16032.729026
95,64,15669.926872
95,68,15228.036390
95,75,15012.041811
95,77,14941.256983
95,89,14811.609776
96,46,22508.541380
96,47,22219.440339
96,48,21671.447360
96,49,20452.561396
96,50,20266.690477
96,51,18544.814377
96,53,17541.208748
96,55,17055.516117
96,58,16032.729026
96,64,15669.926872
96,68,15228.036390
96,75,15012.041811
96,77,14941.256983
96,89,14811.609776
97,46,22508.541380
97,47,22219.440339
97,48,21671.447360
97,49,18920.228022
97,51,18544.814377
97,53,17541.208748
97,55,17055.516117
97,58,16032.729026
97,64,15669.926872
97,68,15228.036390
97,75,15012.041811
97,77,14941.256983
97,89,14811.609776
98,46,22508.541380
98,47,22219.440339
98,48,21671.447360
98,49,18920.228022
98,51,18544.814377
98,53,17541.208748
98,55,17055.516117
98,58,16032.729026
98,64,15669.926872
98,68,15228.036390
98,75,15012.041811
98,77,14941.256983
98,89,14811.609776
99,46,22508.541380
99,47,22219.440339
99,48,21671.447360
99,49,18765.135066
99,51,18327.334778
99,52,17488.560062
99,55,17055.516117
99,58,15992.753640
99,64,15623.339114
99,68,15196.960045
99,75,15012.041811
99,77,14941.256983
99,87,14732.238385
100,46,22508.541380
100,47,22192.110000
100,48,21671.447360
100,49,18765.135066
100,51,18327.334778
100,52,17488.560062
100,55,17055.516117
100,57,16656.152630
100,58,15992.753640
100,64,15623.339114
100,68,15196.960045
100,75,15012.041811
100,77,14941.256983
100,87,14732.238385
101,46,22304.556098
101,47,22192.110000
101,48,21671.447360
101,49,18765.135066
101,51,18327.334778
101,52,17325.907165
101,55,17017.909722
101,57,15867.861725
101,64,15623.339114
101,67,15194.337088
101,75,15012.041811
101,77,14902.226985
101,87,14732.238385
102,46,22304.556098
102,47,22077.567044
102,48,21671.447360
102,49,18765.135066
102,51,18327.334778
102,52,17325.907165
102,55,17017.909722
102,57,15867.861725
102,64,15623.339114
102,67,15194.337088
102,73,14939.873641
102,77,14902.226985
102,87,14732.238385
103,46,22304.556098
103,47,21786.313427
103,48,21671.447360
103,49,18765.135066
103,51,18327.334778
103,52,17325.907165
103,55,16990.803295
103,57,15769.914839
103,64,15495.958490
103,67,15193.210444
103,73,14939.873641
103,75,14873.208969
103,85,14678.069638
104,46,22304.556098
104,47,21786.313427
104,48,21671.447360
104,49,18765.135066
104,51,18327.334778
104,52,17325.907165
104,55,16990.803295
104,57,15769.914839
104,64,15255.059109
104,67,15193.210444
104,73,14939.873641
104,75,14873.208969
104,85,14678.069638
105,46,22304.556098
105,47,21786.313427
105,48,21671.447360
105,49,18765.135066
105,51,18311.643753
105,52,17325.907165
105,55,16874.839194
105,57,15760.797667
105,64,15227.904349
105,67,15193.210444
105,73,14939.873641
105,75,14867.800384
105,84,14625.582697
106,46,22304.556098
106,47,21786.313427
106,48,21536.226187
106,49,18765.135066
106,51,18311.643753
106,52,17325.907165
106,55,16874.839194
106,57,15760.797667
106,64,15227.904349
106,67,15193.210444
106,73,14939.873641
106,74,14891.739207
106,75,14867.800384
106,84,14625.582697
107,46,22304.556098
107,47,21786.313427
107,48,21536.226187
107,49,18765.135066
107,51,18311.643753
107,52,17325.907165
107,55,16874.839194
107,57,15743.178245
107,63,15324.932976
107,64,15227.904349
107,67,15088.303900
107,73,14926.120823
107,74,14792.114449
107,84,14612.180828
108,46,22304.556098
108,47,21546.529407
108,48,21536.226187
108,49,18765.135066
108,50,18668.571325
108,51,18311.643753
108,52,17325.907165
108,55,16874.839194
108,57,15743.178245
108,63,15324.932976
108,64,15227.904349
108,67,15088.303900
108,71,14929.660673
108,73,14926.120823
108,74,14792.114449
108,84,14612.180828
109,46,22304.556098
109,47,21546.529407
109,48,21536.226187
109,49,18765.135066
109,50,18668.571325
109,51,17303.707263
109,55,16874.839194
109,57,15693.588656
109,63,15324.932976
109,64,15202.193682
109,67,15032.383690
109,70,14834.049539
109,74,14756.066677
109,83,14560.469670
110,46,22304.556098
110,47,20616.357232
110,49,18765.135066
110,50,18668.571325
110,51,17303.707263
110,54,17278.341761
110,55,16874.839194
110,57,15693.588656
110,63,15324.932976
110,64,15202.193682
110,67,15032.383690
110,70,14834.049539
110,74,14756.066677
110,83,14560.469670
111,46,22304.556098
111,47,20616.357232
111,49,18765.135066
111,50,17198.379195
111,54,16894.260776
111,55,16791.580144
111,57,15693.588656
111,63,15323.028573
111,64,15182.209402
111,67,14899.161417
111,69,14802.899038
111,74,14756.066677
111,82,14513.546218
112,46,22304.556098
112,47,20616.357232
112,48,20582.600820
112,49,18765.135066
112,50,17198.379195
112,54,16894.260776
112,55,16791.580144
112,57,15693.588656
112,63,15323.028573
112,64,15182.209402
112,67,14899.161417
112,69,14802.899038
112,74,14756.066677
112,82,14513.546218
113,46,22304.556098
113,47,20616.357232
113,48,19560.767481
113,49,18765.135066
113,50,17198.379195
113,54,16864.583954
113,55,16791.580144
113,56,15679.821580
113,63,15318.449104
113,64,15182.209402
113,66,14835.639639
113,69,14802.401133
113,74,14723.820452
113,80,14689.119804
113,82,14512.870350
114,46,22304.556098
114,47,20616.357232
114,48,19560.767481
114,49,18765.135066
114,50,17198.379195
114,54,16864.583954
114,55,16791.580144
114,56,15679.821580
114,63,15318.449104
114,64,15182.209402
114,66,14835.639639
114,69,14802.401133
114,74,14723.820452
114,80,14689.119804
114,82,14512.870350
115,46,22304.556098
115,47,20616.357232
115,48,19183.677191
115,49,18765.135066
115,50,17198.379195
115,54,16864.583954
115,55,16791.580144
115,56,15679.821580
115,63,15318.449104
115,64,15182.209402
115,66,14835.639639
115,69,14802.401133
115,71,14767.529120
115,74,14723.820452
115,80,14669.877653
115,82,14512.870350
116,46,22304.556098
116,47,20616.357232
116,48,19183.677191
116,49,18765.135066
116,50,17198.379195
116,54,16864.583954
116,55,16697.225039
116,56,15620.508331
116,63,15318.449104
116,64,15182.209402
116,66,14831.405319
116,69,14801.015208
116,70,14697.252285
116,80,14649.906301
116,82,14510.192859
117,46,22304.556098
117,47,20616.357232
117,48,19183.677191
117,49,18238.052484
117,50,17198.379195
117,54,16864.583954
117,55,16697.225039
117,56,15620.508331
117,63,15318.449104
117,64,15182.209402
117,66,14831.405319
117,69,14801.015208
117,70,14697.252285
117,80,14649.906301
117,82,14510.192859
118,46,22304.556098
118,47,20616.357232
118,48,19183.677191
118,49,18238.052484
118,50,17198.379195
118,54,16864.583954
118,55,16697.225039
118,56,15620.508331
118,63,15318.449104
118,64,15182.209402
118,66,14831.405319
118,69,14801.015208
118,70,14697.252285
118,79,14691.312670
118,80,14649.906301
118,82,14510.192859
119,46,22304.556098
119,47,20616.357232
119,48,19183.677191
119,49,18238.052484
119,50,17198.379195
119,54,16864.583954
119,55,16658.386410
119,56,15620.508331
119,63,15298.223863
119,64,15182.209402
119,66,14802.861427
119,68,14788.423365
119,70,14670.130477
119,80,14649.906301
119,82,14489.692692
120,46,22304.556098
120,47,20616.357232
120,48,19183.677191
120,49,18238.052484
120,50,17198.379195
120,54,16864.583954
120,55,16658.386410
120,56,15620.508331
120,63,15298.223863
120,64,15182.209402
120,66,14802.861427
120,68,14788.423365
120,70,14670.130477
120,80,14649.906301
120,82,14489.692692
121,46,21092.176541
121,47,19537.498012
121,48,19183.677191
121,49,18238.052484
121,50,17198.379195
121,54,16454.197233
121,55,15468.571411
121,63,15256.767510
121,64,15163.079181
121,66,14753.089701
121,67,14709.056145
121,70,14670.130477
121,79,14618.057142
121,82,14470.619380
122,46,21092.176541
122,47,19537.498012
122,48,19183.677191
122,49,17727.583807
122,50,17198.379195
122,54,16454.197233
122,55,15468.571411
122,59,15348.158871
122,61,15347.330751
122,63,15256.767510
122,64,15163.079181
122,66,14753.089701
122,67,14709.056145
122,70,14670.130477
122,79,14618.057142
122,82,14470.619380
123,46,21092.176541
123,47,19537.498012
123,48,19183.677191
123,49,17727.583807
123,50,17198.379195
123,53,16591.410839
123,54,16454.197233
123,55,15467.791902
123,59,15348.158871
123,61,15347.330751
123,63,15235.828530
123,64,15163.079181
123,66,14681.502682
123,69,14568.920326
123,82,14462.557683
124,46,21092.176541
124,47,19537.498012
124,48,18832.866098
124,49,17727.583807
124,50,17198.379195
124,53,16591.410839
124,54,16454.197233
124,55,15467.791902
124,59,15348.158871
124,61,15347.330751
124,63,15235.828530
124,64,15163.079181
124,66,14681.502682
124,69,14568.920326
124,82,14462.557683
125,46,21092.176541
125,47,19537.498012
125,48,18665.683304
125,49,17727.583807
125,50,17198.379195
125,53,16591.410839
125,54,16454.147128
125,55,15382.943387
125,59,15334.921345
125,61,15326.150940
125,63,15235.828530
125,64,15157.766050
125,66,14680.148603
125,69,14568.920326
125,71,14563.801507
125,81,14399.802889
126,46,21092.176541
126,47,19537.498012
126,48,18665.683304
126,49,17727.583807
126,50,17198.379195
126,51,17169.353861
126,53,16591.410839
126,54,16454.147128
126,55,15382.943387
126,59,15334.921345
126,61,15326.150940
126,63,15235.828530
126,64,15157.766050
126,65,15120.476624
126,66,14680.148603
126,69,14568.920326
126,71,14563.801507
126,72,14463.349916
126,81,14399.802889
127,45,20314.248681
127,47,19537.498012
127,48,18665.683304
127,49,17727.583807
127,50,17198.379195
127,51,17169.353861
127,53,16591.410839
127,54,16454.147128
127,55,15382.943387
127,59,15334.921345
127,61,15326.150940
127,63,15173.295617
127,64,15078.829668
127,65,14649.599712
127,69,14553.072522
127,71,14422.547393
127,80,14342.091956
128,45,20314.248681
128,47,19537.498012
128,48,18665.683304
128,49,17727.583807
128,50,17198.379195
128,51,17169.353861
128,53,16362.018072
128,55,15382.943387
128,59,15334.921345
128,61,15326.150940
128,63,15173.295617
128,64,15078.829668
128,65,14649.599712
128,69,14553.072522
128,71,14422.547393
128,73,14367.781065
128,80,14342.091956
129,45,20314.248681
129,47,19537.498012
129,48,18665.683304
129,49,17383.682188
129,50,17198.379195
129,51,17169.353861
129,52,16318.567797
129,55,15382.943387
129,59,15334.921345
129,61,15326.150940
129,63,15134.140089
129,64,15075.931058
129,65,14613.328690
129,69,14553.072522
129,71,14378.715543
129,73,14367.781065
129,79,14315.434906
130,45,20314.248681
130,47,19537.498012
130,48,18665.683304
130,49,17383.682188
130,50,17198.379195
130,51,16876.024950
130,52,16318.567797
130,55,15382.943387
130,59,15334.921345
130,61,15326.150940
130,63,15134.140089
130,64,15075.931058
130,65,14613.328690
130,66,14505.919571
130,67,14445.477096
130,71,14378.715543
130,72,14366.646954
130,79,14315.434906
131,45,20314.248681
131,47,19537.498012
131,48,18665.683304
131,49,17383.682188
131,50,17198.379195
131,51,16876.024950
131,52,16318.567797
131,55,15382.943387
131,59,15198.141875
131,63,14959.787057
131,65,14592.985124
131,66,14505.919571
131,67,14406.316538
131,71,14315.308777
131,79,14292.818828
132,45,20314.248681
132,47,19537.498012
132,48,18665.683304
132,49,17383.682188
132,50,17198.379195
132,51,16876.024950
132,52,16318.567797
132,55,15382.943387
132,59,15198.141875
132,63,14959.787057
132,65,14592.985124
132,66,14505.919571
132,67,14406.316538
132,70,14315.712323
132,71,14315.308777
132,72,14307.142753
132,79,14292.818828
133,45,20314.248681
133,47,19537.498012
133,48,18665.683304
133,49,17383.682188
133,50,17198.379195
133,51,16876.024950
133,52,16318.567797
133,54,15831.252976
133,55,15382.943387
133,59,15198.141875
133,63,14956.698363
133,65,14584.058233
133,66,14505.919571
133,67,14405.977779
133,70,14230.836167
133,78,14227.612031
134,45,20314.248681
134,47,19537.498012
134,48,18001.978330
134,49,17383.682188
134,50,17198.379195
134,51,16876.024950
134,52,16318.567797
134,53,16076.889418
134,54,15831.252976
134,55,15382.943387
134,59,15198.141875
134,63,14956.698363
134,65,14584.058233
134,66,14505.919571
134,67,14405.977779
134,70,14230.836167
134,78,14227.612031
135,45,20314.248681
135,47,19537.498012
135,48,18001.978330
135,49,17383.682188
135,50,17198.379195
135,51,16876.024950
135,52,16318.567797
135,53,16043.985947
135,54,15831.252976
135,55,15332.468813
135,59,15198.141875
135,63,14956.698363
135,65,14519.652663
135,66,14485.048497
135,67,14400.797891
135,70,14230.836167
135,78,14205.482237
136,45,20314.248681
136,47,19537.498012
136,48,18001.978330
136,49,17383.682188
136,50,17198.379195
136,51,16755.758019
136,52,16318.567797
136,53,16043.985947
136,54,15831.252976
136,55,15332.468813
136,59,15007.553614
136,63,14956.698363
136,65,14519.652663
136,66,14485.048497
136,67,14400.797891
136,70,14230.836167
136,78,14205.482237
137,45,20314.248681
137,47,19537.498012
137,48,18001.978330
137,49,17383.682188
137,50,17198.379195
137,51,16755.758019
137,52,16318.567797
137,53,15775.548744
137,55,15301.880640
137,59,15007.553614
137,61,14790.796874
137,63,14485.426216
137,66,14408.132973
137,67,14355.056195
137,70,14204.382504
138,45,19927.412866
138,47,19537.498012
138,48,18001.978330
138,49,17383.682188
138,50,16859.455408
138,51,16755.758019
138,52,16318.567797
138,53,15775.548744
138,55,15301.880640
138,59,15007.553614
138,61,14790.796874
138,63,14485.426216
138,66,14408.132973
138,67,14355.056195
138,70,14204.382504
139,45,19927.412866
139,47,18776.742609
139,48,18001.978330
139,49,17383.682188
139,50,16859.455408
139,51,16755.758019
139,52,16264.496620
139,53,15762.679978
139,55,15188.686705
139,59,14989.323656
139,61,14790.796874
139,63,14466.521626
139,66,14265.757305
139,70,14197.804131
140,45,19927.412866
140,46,19434.385373
140,47,18776.742609
140,48,18001.978330
140,49,17383.682188
140,50,16859.455408
140,51,16755.758019
140,52,16264.496620
140,53,15762.679978
140,55,15188.686705
140,59,14989.323656
140,61,14790.796874
140,63,14466.521626
140,66,14265.757305
140,70,14197.804131
141,44,23727.038077
141,45,19271.425504
141,47,18087.267503
141,48,18001.978330
141,49,17383.682188
141,50,16859.455408
141,51,16598.636075
141,52,16190.719117
141,53,15762.679978
141,55,15188.686705
141,59,14989.323656
141,61,14720.816649
141,62,14455.519826
141,66,14265.757305
141,70,14159.208066
142,44,23727.038077
142,45,19271.425504
142,47,18087.267503
142,48,18001.978330
142,49,17383.682188
142,50,16859.455408
142,51,16598.636075
142,52,16190.719117
142,53,15762.679978
142,55,15188.686705
142,59,14989.323656
142,61,14720.816649
142,62,14455.519826
142,66,14265.757305
142,70,14159.208066
143,44,23727.038077
143,45,19271.425504
143,47,18087.267503
143,48,18001.978330
143,49,17383.682188
143,50,16859.455408
143,51,16468.595052
143,52,16156.438653
143,53,15762.679978
143,54,15420.391562
143,55,15188.686705
143,59,14910.291158
143,61,14708.478088
143,62,14446.170099
143,66,14264.232147
143,70,14048.163777
144,44,23727.038077
144,45,19271.425504
144,47,18087.267503
144,48,18001.978330
144,49,17383.682188
144,50,16859.455408
144,51,16468.595052
144,52,16156.438653
144,53,15762.679978
144,54,15420.391562
144,55,15188.686705
144,59,14910.291158
144,61,14708.478088
144,62,14446.170099
144,66,14264.232147
144,70,14048.163777
145,44,23727.038077
145,45,19271.425504
145,47,18087.267503
145,48,18001.978330
145,49,17383.682188
145,50,16859.455408
145,51,16468.595052
145,52,15315.740126
145,55,15174.554059
145,58,15045.787154
145,59,14910.291158
145,61,14699.636938
145,62,14441.817138
145,66,14264.232147
145,70,14048.163777
146,44,23727.038077
146,45,19271.425504
146,47,17779.510385
146,49,17383.682188
146,50,16859.455408
146,51,16468.595052
146,52,15315.740126
146,55,15174.554059
146,58,15045.787154
146,59,14910.291158
146,61,14699.636938
146,62,14441.817138
146,66,14264.232147
146,70,13996.009919
147,44,19651.825460
147,45,19271.425504
147,47,17779.510385
147,49,17383.682188
147,50,16679.969162
147,51,16468.595052
147,52,15174.120679
147,55,15146.150536
147,58,15025.401461
147,59,14886.186609
147,60,14569.006036
147,62,14434.643929
147,66,14264.232147
147,70,13996.009919
148,43,20116.555388
148,44,19651.825460
148,45,19271.425504
148,47,17779.510385
148,49,17383.682188
148,50,16498.228028
148,51,16468.595052
148,52,15174.120679
148,55,15146.150536
148,58,15025.401461
148,59,14886.186609
148,60,14569.006036
148,62,14434.643929
148,66,14264.232147
148,70,13996.009919
149,43,20116.555388
149,44,19651.825460
149,45,19271.425504
149,47,17779.510385
149,49,17383.682188
149,50,16498.228028
149,51,16468.595052
149,52,15172.840676
149,55,15146.150536
149,57,15023.619282
149,59,14867.956650
149,60,14542.994849
149,62,14434.643929
149,65,14423.108959
149,66,14201.961503
149,69,13944.283411
150,43,20116.555388
150,44,19651.825460
150,45,19271.425504
150,47,17779.510385
150,49,17383.682188
150,50,16498.228028
150,51,16468.595052
150,52,15172.840676
150,55,15146.150536
150,57,15023.619282
150,59,14867.956650
150,60,14542.994849
150,62,14434.643929
150,65,14409.861099
150,66,14201.961503
150,69,13944.283411
151,43,20116.555388
151,44,19651.825460
151,45,19271.425504
151,47,17779.510385
151,49,17361.200749
151,50,16498.228028
151,51,16468.595052
151,52,15172.840676
151,55,15146.075722
151,57,15012.075045
151,59,14838.345977
151,60,14529.989240
151,62,14431.947875
151,63,14302.149545
151,66,14201.961503
151,69,13944.240777
152,43,20116.555388
152,44,19651.825460
152,45,19271.425504
152,47,17779.510385
152,49,17361.200749
152,50,16498.228028
152,51,16468.595052
152,52,15172.840676
152,55,15146.075722
152,57,15012.075045
152,59,14838.345977
152,60,14529.989240
152,62,14431.947875
152,63,14302.149545
152,66,14201.961503
152,69,13944.240777
153,43,20116.555388
153,44,19401.450266
153,45,19271.425504
153,46,19021.325972
153,47,17779.510385
153,49,17361.200749
153,50,16498.228028
153,51,16468.595052
153,52,14989.423034
153,59,14786.775631
153,60,14529.989240
153,62,14431.026556
153,63,14302.149545
153,66,14201.961503
153,69,13930.790903
154,43,20116.555388
154,44,19401.450266
154,45,19271.425504
154,46,19021.325972
154,47,17779.510385
154,49,17361.200749
154,50,16498.228028
154,51,16468.595052
154,52,14989.423034
154,54,14848.547762
154,59,14786.775631
154,60,14529.989240
154,62,14431.026556
154,63,14302.149545
154,66,14201.961503
154,67,14141.891466
154,69,13930.790903
155,43,20116.555388
155,44,19401.450266
155,45,19271.425504
155,46,19021.325972
155,47,17779.510385
155,49,17361.200749
155,50,16498.228028
155,51,16426.907035
155,52,14987.220367
155,54,14848.547762
155,59,14786.775631
155,60,14509.197951
155,62,14367.139902
155,63,14302.149545
155,64,14124.781032
155,68,13846.992281
156,43,20116.555388
156,44,19401.450266
156,45,19271.425504
156,46,19021.325972
156,47,17779.510385
156,49,17361.200749
156,50,16498.228028
156,51,16426.907035
156,52,14987.220367
156,54,14848.547762
156,59,14786.775631
156,60,14509.197951
156,62,14367.139902
156,63,14302.149545
156,64,14124.781032
156,68,13846.992281
157,43,20116.555388
157,44,19401.450266
157,45,19271.425504
157,46,19021.325972
157,47,17779.510385
157,49,17361.200749
157,50,16148.699875
157,52,14974.509608
157,54,14846.527133
157,58,14687.222917
157,59,14495.091772
157,61,14306.863288
157,63,14040.982410
157,67,13826.307423
158,43,20116.555388
158,44,19401.450266
158,45,19271.425504
158,46,18959.476199
158,47,17779.510385
158,49,17361.200749
158,50,16148.699875
158,52,14974.509608
158,54,14846.527133
158,58,14687.222917
158,59,14495.091772
158,61,14306.863288
158,63,14040.982410
158,64,14008.614408
158,67,13826.307423
159,43,20116.555388
159,44,19401.450266
159,45,18994.891610
159,46,18959.476199
159,47,17779.510385
159,49,17361.200749
159,50,16148.699875
159,52,14962.224035
159,54,14836.707095
159,56,14726.946463
159,58,14687.222917
159,59,14495.091772
159,60,14241.182299
159,63,14023.483178
159,64,14008.614408
159,67,13826.307423
160,43,20116.555388
160,44,19401.450266
160,45,18945.959439
160,47,17779.510385
160,49,17361.200749
160,50,16148.699875
160,52,14962.224035
160,54,14836.707095
160,56,14726.946463
160,58,14687.222917
160,59,14495.091772
160,60,14241.182299
160,63,14023.483178
160,64,14008.614408
160,67,13826.307423
161,43,20116.555388
161,44,19401.450266
161,45,18945.959439
161,47,17779.510385
161,49,17361.200749
161,50,15918.898915
161,51,14933.940568
161,54,14777.619518
161,56,14722.278095
161,58,14679.583196
161,59,14386.444351
161,60,14228.474284
161,63,14020.955380
161,64,14008.614408
161,67,13826.307423
162,42,20679.298360
162,43,20116.555388
162,44,19401.450266
162,45,18945.959439
162,47,17779.510385
162,48,17580.810708
162,49,17361.200749
162,50,15918.898915
162,51,14933.940568
162,54,14777.619518
162,56,14722.278095
162,58,14679.583196
162,59,14386.444351
162,60,14228.474284
162,63,14020.955380
162,64,14008.614408
162,67,13826.307423
163,41,20447.864452
163,43,20116.555388
163,44,19401.450266
163,45,18365.860452
163,47,17779.510385
163,48,17580.810708
163,49,17361.200749
163,50,15918.898915
163,51,14933.940568
163,54,14771.077480
163,56,14711.925349
163,58,14659.299877
163,59,14311.805198
163,60,14228.474284
163,63,13975.329747
163,67,13824.932858
164,41,20447.864452
164,43,20116.555388
164,44,19218.568326
164,45,18365.860452
164,47,17779.510385
164,48,17580.810708
164,49,17361.200749
164,50,15623.864734
164,51,14798.947449
164,54,14771.077480
164,56,14711.925349
164,58,14659.299877
164,59,14311.805198
164,60,14228.474284
164,63,13975.329747
164,67,13824.932858
165,41,20447.864452
165,43,20116.555388
165,44,19216.018941
165,45,18365.860452
165,47,17779.510385
165,48,17580.810708
165,49,16985.042740
165,50,15623.864734
165,51,14798.947449
165,54,14738.204657
165,56,14679.801913
165,58,14659.299877
165,59,14311.805198
165,60,14228.474284
165,62,13927.547837
165,67,13824.932858
166,41,20447.864452
166,43,20116.555388
166,44,19216.018941
166,45,18365.860452
166,47,17779.510385
166,48,17580.810708
166,49,16985.042740
166,50,15623.864734
166,51,14798.947449
166,54,14738.204657
166,56,14679.801913
166,58,14659.299877
166,59,14311.805198
166,60,14228.474284
166,62,13927.547837
166,67,13824.932858
167,41,20447.864452
167,43,20116.555388
167,44,19216.018941
167,45,18365.860452
167,47,17779.510385
167,48,17580.810708
167,49,15510.379044
167,51,14798.947449
167,54,14737.616189
167,56,14615.903471
167,59,14306.183447
167,60,14217.740262
167,62,13927.547837
167,67,13824.932858
168,41,20447.864452
168,43,20116.555388
168,44,19216.018941
168,45,18365.860452
168,47,17779.510385
168,48,17580.810708
168,49,15510.379044
168,51,14798.947449
168,54,14737.616189
168,56,14615.903471
168,59,14306.183447
168,60,14217.740262
168,62,13927.547837
168,67,13824.932858
169,41,20447.864452
169,43,20116.555388
169,44,19090.285845
169,45,18365.860452
169,47,17779.510385
169,48,17453.708294
169,49,15442.986496
169,51,14794.372739
169,54,14709.117098
169,55,14666.479231
169,56,14615.903471
169,59,14306.183447
169,60,14217.740262
169,62,13927.547837
169,67,13809.998515
170,41,20447.864452
170,42,19850.169880
170,44,19090.285845
170,45,18365.860452
170,47,17779.510385
170,48,17453.708294
170,49,15442.986496
170,51,14794.372739
170,53,14649.050107
170,56,14615.903471
170,59,14306.183447
170,60,14217.740262
170,62,13927.547837
170,67,13809.998515
171,41,19911.235041
171,42,19850.169880
171,44,19090.285845
171,45,18365.860452
171,47,17779.510385
171,48,17363.001924
171,49,15428.496781
171,51,14743.972982
171,53,14649.050107
171,56,14606.070311
171,59,14306.183447
171,60,14217.740262
171,62,13913.118608
171,67,13809.998515
172,41,19911.235041
172,42,19850.169880
172,44,19090.285845
172,45,18365.860452
172,46,17324.058814
172,49,15428.496781
172,51,14743.972982
172,53,14649.050107
172,56,14606.070311
172,59,14306.183447
172,60,14217.740262
172,62,13913.118608
172,67,13809.998515
173,41,19911.235041
173,42,19670.531717
173,44,19090.285845
173,45,18365.860452
173,46,17111.733287
173,49,15428.496781
173,51,14725.959966
173,53,14643.842521
173,56,14606.070311
173,59,14306.183447
173,60,14217.224069
173,62,13851.730840
173,67,13809.998515
174,41,19911.235041
174,42,19670.531717
174,44,19090.285845
174,45,18365.860452
174,46,17111.733287
174,48,17029.419030
174,49,15428.496781
174,51,14725.959966
174,53,14643.842521
174,56,14606.070311
174,59,14306.183447
174,60,14177.308673
174,62,13851.730840
174,67,13809.998515
175,41,19911.235041
175,42,19670.531717
175,43,19611.372467
175,44,19090.285845
175,45,18365.860452
175,46,17111.733287
175,48,16939.004439
175,49,15398.301443
175,51,14711.211336
175,52,14678.046565
175,53,14639.052453
175,56,14602.179169
175,59,14256.724184
175,60,14177.308673
175,62,13831.897994
175,67,13809.998515
176,41,19911.235041
176,42,19670.531717
176,43,19611.372467
176,44,19090.285845
176,45,18365.860452
176,46,17111.733287
176,48,16939.004439
176,49,15398.301443
176,51,14620.190748
176,56,14602.179169
176,57,14596.355859
176,59,14256.724184
176,60,14177.308673
176,61,14176.401990
176,62,13831.897994
176,67,13809.998515
177,41,19911.235041
177,42,19670.531717
177,43,19611.372467
177,44,19090.285845
177,45,18365.860452
177,46,17111.733287
177,48,16939.004439
177,49,15294.770499
177,51,14609.498431
177,56,14591.512355
177,59,14256.724184
177,60,14177.308673
177,61,13826.144096
177,67,13805.290132
178,41,19911.235041
178,42,19670.531717
178,43,19611.372467
178,44,19090.285845
178,45,18365.860452
178,46,17111.733287
178,48,16939.004439
178,49,15294.770499
178,51,14609.498431
178,53,14575.445132
178,59,14256.724184
178,60,14177.308673
178,61,13826.144096
178,67,13805.290132
179,40,20118.187582
179,41,19911.235041
179,42,19670.531717
179,43,19611.372467
179,44,19090.285845
179,45,18365.860452
179,46,17111.733287
179,48,16877.849352
179,49,15294.770499
179,51,14564.618522
179,54,14502.564767
179,59,14245.003450
179,60,14177.308673
179,61,13826.144096
179,65,13817.762559
179,67,13757.331830
180,40,20118.187582
180,41,19911.235041
180,42,19670.531717
180,43,19611.372467
180,44,19090.285845
180,45,18365.860452
180,46,17111.733287
180,48,16877.849352
180,49,15294.770499
180,51,14564.618522
180,54,14502.564767
180,58,14417.829615
180,59,14245.003450
180,60,14177.308673
180,61,13826.144096
180,65,13738.743102
181,40,20118.187582
181,41,19911.235041
181,42,19670.531717
181,43,19565.440676
181,44,19090.285845
181,45,18365.860452
181,46,16953.603965
181,48,16850.685380
181,49,15294.770499
181,51,14564.618522
181,54,14498.226708
181,58,14359.144703
181,59,14227.794138
181,60,14177.308673
181,61,13826.144096
181,65,13738.743102
182,40,20118.187582
182,41,19911.235041
182,42,19670.531717
182,43,19565.440676
182,44,19090.285845
182,45,18365.860452
182,46,16953.603965
182,48,16850.685380
182,49,15294.770499
182,51,14564.618522
182,54,14498.226708
182,58,14359.144703
182,59,14227.794138
182,60,14177.308673
182,61,13826.144096
182,65,13738.743102
183,40,20118.187582
183,41,19911.235041
183,42,19670.531717
183,43,19565.440676
183,44,19090.285845
183,45,18365.860452
183,46,16868.716834
183,48,16830.665399
183,49,15225.422812
183,51,14564.618522
183,54,14488.000002
183,58,14358.922023
183,59,14227.794138
183,60,14175.600377
183,61,13782.539830
183,65,13730.599124
184,40,20118.187582
184,41,19911.235041
184,42,19645.515088
184,43,19565.440676
184,44,19090.285845
184,45,18365.860452
184,46,16868.716834
184,48,16830.665399
184,49,15225.422812
184,51,14564.618522
184,54,14488.000002
184,58,14358.922023
184,59,14227.794138
184,60,14175.600377
184,61,13782.539830
184,65,13730.599124
185,40,20118.187582
185,41,19911.235041
185,42,19645.515088
185,43,19565.440676
185,44,19090.285845
185,45,18365.860452
185,46,16839.134217
185,48,16703.317367
185,49,15225.422812
185,51,14529.551175
185,54,14426.097759
185,58,14334.078576
185,59,14207.686338
185,60,14174.148756
185,61,13782.539830
185,65,13710.413516
186,40,20118.187582
186,41,19911.235041
186,42,19516.147319
186,44,19090.285845
186,45,18365.860452
186,46,16839.134217
186,48,16703.317367
186,49,15225.422812
186,50,15172.955636
186,51,14529.551175
186,52,14512.933498
186,54,14426.097759
186,56,14265.651025
186,59,14207.686338
186,60,14174.148756
186,61,13782.539830
186,65,13710.413516
187,40,20118.187582
187,41,19911.235041
187,42,19516.147319
187,43,19509.019949
187,44,19090.285845
187,45,18365.860452
187,46,16839.134217
187,48,16703.317367
187,49,15204.014974
187,50,15172.955636
187,51,14501.573860
187,54,14397.976313
187,56,14265.651025
187,59,14207.686338
187,60,14174.148756
187,61,13775.579272
187,65,13697.914640
188,40,20118.187582
188,41,19911.235041
188,42,19516.147319
188,43,19509.019949
188,44,19090.285845
188,45,18365.860452
188,46,16839.134217
188,48,16703.317367
188,49,15204.014974
188,50,15172.955636
188,51,14501.573860
188,54,14397.976313
188,56,14265.651025
188,59,14207.686338
188,60,14174.148756
188,61,13775.579272
188,65,13697.914640
188,66,13694.857332
189,40,20118.187582
189,41,19911.235041
189,42,19516.147319
189,43,19509.019949
189,44,19090.285845
189,45,18365.860452
189,46,16839.134217
189,48,16703.317367
189,49,15204.014974
189,50,15125.334058
189,51,14501.573860
189,54,14378.234259
189,56,14254.958708
189,59,14207.686338
189,60,14174.106121
189,61,13755.834155
189,65,13697.914640
189,66,13694.857332
190,40,20118.187582
190,41,19911.235041
190,42,19516.147319
190,43,19509.019949
190,44,19090.285845
190,45,18365.860452
190,46,16839.134217
190,48,16703.317367
190,49,15204.014974
190,50,15125.334058
190,51,14501.573860
190,54,14378.234259
190,55,14124.471035
190,61,13755.834155
190,65,13697.914640
190,66,13694.857332
191,40,20118.187582
191,41,19911.235041
191,42,19516.147319
191,43,19509.019949
191,44,19090.285845
191,45,18365.860452
191,46,16839.134217
191,48,16586.462448
191,49,15147.281142
191,50,15049.805743
191,51,14495.072189
191,54,14377.567330
191,55,14094.959888
191,61,13729.089868
191,65,13695.803629
191,66,13694.857332
192,40,20118.187582
192,41,19817.077903
192,42,19516.147319
192,43,19468.206340
192,44,19090.285845
192,45,18365.860452
192,46,16839.134217
192,48,16586.462448
192,49,15147.281142
192,50,15049.805743
192,51,14495.072189
192,54,14377.567330
192,55,14094.959888
192,61,13729.089868
192,65,13695.803629
192,66,13694.857332
193,40,19876.386057
193,41,19817.077903
193,42,19516.147319
193,43,19468.206340
193,44,19090.285845
193,45,18365.860452
193,46,16682.925330
193,48,16485.319251
193,49,15147.281142
193,50,15049.805743
193,51,14483.552503
193,54,14372.868809
193,55,14094.959888
193,61,13729.089868
193,65,13692.890472
194,40,19876.386057
194,41,19815.021976
194,42,19516.147319
194,43,19468.206340
194,44,19090.285845
194,45,18365.860452
194,46,16682.925330
194,48,16485.319251
194,49,15147.281142
194,50,15049.805743
194,51,14483.552503
194,54,14372.868809
194,55,14094.959888
194,61,13729.089868
194,65,13692.890472
195,40,19550.949765
195,42,19516.147319
195,43,19451.094233
195,44,19090.285845
195,45,18365.860452
195,46,16682.925330
195,48,16461.164324
195,49,14984.627040
195,51,14483.552503
195,53,14341.470829
195,55,14093.703837
195,58,13825.684017
195,60,13727.189717
195,65,13688.613213
196,40,19550.949765
196,42,19516.147319
196,43,19451.094233
196,44,19090.285845
196,45,18365.860452
196,46,16682.925330
196,48,16461.164324
196,49,14984.627040
196,51,14483.552503
196,53,14341.470829
196,55,14093.703837
196,58,13825.684017
196,60,13727.189717
196,65,13688.613213
196,66,13686.485836
197,40,19550.949765
197,42,19516.147319
197,43,19451.094233
197,44,19090.285845
197,45,18365.860452
197,46,16675.057308
197,48,16415.884271
197,49,14984.627040
197,51,14483.552503
197,53,14325.456544
197,55,14088.166325
197,58,13825.684017
197,60,13719.274009
197,65,13658.851872
198,40,19550.949765
198,42,19406.238777
198,44,19090.285845
198,45,18365.860452
198,46,16675.057308
198,48,16415.884271
198,49,14984.627040
198,50,14439.664553
198,53,14325.456544
198,55,14088.166325
198,58,13825.684017
198,60,13719.274009
198,65,13658.851872
198,66,13622.189581
199,40,19550.949765
199,42,19406.238777
199,43,19120.476272
199,44,19090.285845
199,45,18365.860452
199,46,16675.057308
199,48,16408.478039
199,49,14984.627040
199,50,14439.664553
199,53,14325.456544
199,54,14285.640011
199,55,14082.849757
199,58,13825.684017
199,60,13717.273989
199,65,13658.851872
199,66,13622.189581
200,40,19550.949765
200,42,19406.238777
200,43,19120.476272
200,44,19090.285845
200,45,18365.860452
200,46,16675.057308
200,48,16408.478039
200,49,14984.627040
200,50,14439.664553
200,53,14325.456544
200,54,14285.640011
200,55,14082.849757
200,58,13777.712938
200,60,13717.273989
200,65,13658.851872
200,66,13622.189581
201,40,19550.949765
201,42,19406.238777
201,43,19120.476272
201,44,19090.285845
201,45,18365.860452
201,46,16675.057308
201,48,16408.478039
201,49,14950.314149
201,50,14435.176946
201,53,14313.641790
201,54,14230.029730
201,55,14012.415352
201,58,13769.134196
201,60,13716.180907
201,65,13658.097372
201,66,13622.189581
202,40,19550.949765
202,42,19406.238777
202,43,19120.476272
202,44,19090.285845
202,45,18365.860452
202,46,15270.548062
202,49,14950.314149
202,50,14435.176946
202,53,14313.641790
202,54,14230.029730
202,55,14012.415352
202,58,13769.134196
202,60,13716.180907
202,65,13658.097372
202,66,13622.189581
203,40,19550.949765
203,42,19406.238777
203,43,19120.476272
203,44,19090.285845
203,45,18365.860452
203,46,15270.548062
203,47,15052.168555
203,49,14950.314149
203,50,14433.433441
203,53,14261.065788
203,54,14170.286129
203,55,14012.415352
203,58,13768.681193
203,59,13701.779500
203,65,13658.097372
203,66,13622.189581
204,40,19550.949765
204,42,19406.238777
204,43,19120.476272
204,44,19090.285845
204,45,18365.860452
204,46,15270.548062
204,47,15052.168555
204,48,14843.571375
204,50,14433.433441
204,53,14261.065788
204,54,14170.286129
204,55,14012.415352
204,58,13768.681193
204,59,13701.779500
204,65,13658.097372
204,66,13622.189581
205,39,20895.702510
205,40,19550.949765
205,42,19406.238777
205,43,19120.476272
205,44,19090.285845
205,45,18357.794876
205,46,15270.548062
205,47,15026.462172
205,48,14843.571375
205,50,14431.259559
205,53,14261.065788
205,54,14170.286129
205,55,13962.367940
205,58,13758.550492
205,59,13691.298077
205,65,13658.097372
205,66,13622.189581
206,39,20895.702510
206,40,19550.949765
206,42,19406.238777
206,43,19120.476272
206,44,19029.839159
206,45,18357.794876
206,46,15270.548062
206,47,15026.462172
206,48,14805.371321
206,50,14431.259559
206,53,14261.065788
206,54,14170.286129
206,55,13962.367940
206,58,13758.550492
206,59,13691.298077
206,65,13658.097372
206,66,13622.189581
207,39,20895.702510
207,40,19550.949765
207,42,19406.238777
207,43,19120.476272
207,44,19029.839159
207,45,18357.794876
207,46,15270.548062
207,47,15026.462172
207,48,14803.324740
207,50,14427.833040
207,53,14261.065788
207,54,14163.802783
207,55,13922.206782
207,58,13740.731917
207,59,13690.830588
207,65,13658.097372
207,66,13622.135044
208,39,20895.702510
208,40,19550.949765
208,42,19406.238777
208,43,19120.476272
208,44,19029.839159
208,45,18357.794876
208,46,15270.548062
208,47,15026.462172
208,48,14722.175305
208,50,14427.833040
208,53,14261.065788
208,54,14163.802783
208,55,13922.206782
208,58,13740.731917
208,59,13690.830588
208,65,13658.097372
208,66,13622.135044
209,39,20895.702510
209,40,19550.949765
209,41,19544.424008
209,42,19406.238777
209,43,19120.476272
209,44,19029.839159
209,45,18357.794876
209,46,15270.548062
209,47,14931.484500
209,48,14722.175305
209,50,14326.370305
209,53,14261.065788
209,54,14163.802783
209,55,13922.206782
209,58,13740.731917
209,59,13690.830588
209,65,13598.236424
210,39,20895.702510
210,40,19550.949765
210,41,19544.424008
210,42,19406.238777
210,43,19120.476272
210,44,19029.839159
210,45,18357.794876
210,46,15270.548062
210,47,14931.484500
210,48,14722.175305
210,50,14326.370305
210,53,14261.065788
210,54,14163.802783
210,55,13922.206782
210,58,13740.731917
210,59,13690.830588
210,65,13598.236424
211,39,20895.702510
211,40,19550.949765
211,41,19544.424008
211,42,19406.238777
211,43,19120.476272
211,44,19016.295136
211,45,18357.794876
211,46,15167.001971
211,47,14900.487884
211,48,14722.175305
211,50,14325.127455
211,53,14244.797027
211,54,14149.177471
211,55,13916.678329
211,58,13740.731917
211,59,13673.779579
211,64,13591.032187
212,39,20722.277856
212,40,19550.949765
212,41,19544.424008
212,42,19406.238777
212,43,18996.956170
212,45,18357.794876
212,46,15167.001971
212,47,14900.487884
212,48,14722.175305
212,50,14325.127455
212,53,14244.797027
212,54,14149.177471
212,55,13916.678329
212,58,13740.731917
212,59,13673.779579
212,64,13591.032187
213,39,20722.277856
213,40,19550.949765
213,41,19544.424008
213,42,19406.238777
213,43,18996.956170
213,45,18357.794876
213,46,15167.001971
213,47,14834.508039
213,48,14722.175305
213,50,14325.127455
213,53,14244.797027
213,54,14138.724382
213,55,13916.678329
213,58,13734.307306
213,59,13670.648205
213,64,13578.063934
214,39,20722.277856
214,40,19550.949765
214,41,19544.424008
214,42,19406.238777
214,43,18996.956170
214,45,18357.794876
214,46,15121.758840
214,47,14834.508039
214,48,14650.318364
214,50,14325.127455
214,53,14244.797027
214,54,14138.724382
214,55,13916.678329
214,58,13734.307306
214,59,13670.648205
214,60,13634.114886
214,64,13578.063934
215,39,20722.277856
215,40,19550.949765
215,41,19544.424008
215,42,19406.238777
215,43,18996.956170
215,45,18357.794876
215,46,15121.758840
215,47,14820.303848
215,48,14650.318364
215,50,14265.812329
215,53,14243.375866
215,54,14138.724382
215,55,13914.558980
215,58,13734.307306
215,59,13652.692859
215,60,13615.593686
215,64,13578.063934
216,39,20722.277856
216,40,19550.949765
216,41,19544.424008
216,42,19406.238777
216,43,18996.956170
216,45,18357.794876
216,46,15121.758840
216,47,14820.303848
216,48,14592.927652
216,50,14265.812329
216,53,14203.401221
216,54,14138.724382
216,55,13914.558980
216,58,13734.307306
216,59,13652.692859
216,60,13615.593686
216,62,13583.673167
216,64,13578.063934
217,39,20722.277856
217,40,19550.949765
217,41,19544.424008
217,42,19406.238777
217,43,18996.956170
217,45,18357.794876
217,46,15121.758840
217,47,14820.303848
217,48,14591.163351
217,50,14206.043433
217,53,14199.286113
217,54,14138.724382
217,55,13914.558980
217,58,13734.307306
217,59,13652.692859
217,60,13615.593686
217,62,13583.673167
217,63,13559.680936
218,39,20722.277856
218,40,19550.949765
218,41,19544.424008
218,42,19406.238777
218,43,18996.956170
218,45,18357.794876
218,46,15121.758840
218,47,14820.303848
218,48,14591.163351
218,49,14576.583695
218,50,14206.043433
218,53,13987.154687
218,55,13914.558980
218,58,13734.307306
218,59,13652.692859
218,60,13615.593686
218,62,13583.673167
218,63,13559.680936
219,39,20722.277856
219,40,19550.949765
219,41,19544.424008
219,42,19406.238777
219,43,18996.956170
219,44,18988.985143
219,45,18357.794876
219,46,15121.758840
219,47,14820.303848
219,48,14513.356001
219,50,14206.043433
219,53,13892.757721
219,58,13734.307306
219,59,13647.409470
219,60,13615.593686
219,62,13583.673167
219,63,13554.206776
220,39,20722.277856
220,40,19479.664654
220,42,19363.821021
220,43,18996.956170
220,44,18933.408215
220,45,18357.794876
220,46,15121.758840
220,47,14820.303848
220,48,14513.356001
220,50,14206.043433
220,53,13892.757721
220,58,13734.307306
220,59,13647.409470
220,60,13615.593686
220,62,13583.673167
220,63,13554.206776
221,39,20722.277856
221,40,19479.664654
221,42,19363.821021
221,43,18996.956170
221,44,18933.408215
221,45,18357.794876
221,46,15121.758840
221,47,14808.895104
221,48,14513.356001
221,50,14181.649888
221,53,13892.757721
221,56,13831.244657
221,58,13734.307306
221,59,13598.713624
221,61,13496.611714
222,39,20722.277856
222,40,19479.664654
222,42,19183.483968
222,43,18996.956170
222,44,18933.408215
222,45,18357.794876
222,46,15121.758840
222,47,14808.895104
222,48,14513.356001
222,50,14181.649888
222,53,13892.757721
222,56,13831.244657
222,58,13734.307306
222,59,13598.713624
222,60,13557.402479
222,61,13496.611714
223,39,20722.277856
223,40,19479.664654
223,42,19183.483968
223,43,18975.664891
223,44,18933.408215
223,45,18357.794876
223,46,15046.344694
223,47,14798.267461
223,48,14505.614332
223,50,14181.649888
223,53,13848.978825
223,56,13822.910031
223,58,13734.307306
223,59,13598.713624
223,60,13557.402479
223,61,13496.611714
224,39,20722.277856
224,40,19479.664654
224,42,19183.483968
224,43,18975.664891
224,44,18933.408215
224,45,18357.794876
224,46,15046.344694
224,47,14798.267461
224,48,14505.614332
224,50,14181.649888
224,53,13848.978825
224,56,13822.910031
224,58,13734.307306
224,59,13598.713624
224,60,13557.402479
224,61,13496.611714
225,39,20722.277856
225,40,19479.664654
225,42,19183.483968
225,43,18975.664891
225,44,18933.408215
225,45,18357.794876
225,46,15039.742782
225,47,14798.267461
225,48,14496.920525
225,50,14126.235928
225,53,13839.806773
225,56,13822.910031
225,58,13727.138074
225,59,13598.713624
225,60,13521.308859
225,61,13496.611714
226,39,20722.277856
226,40,19479.664654
226,41,19442.246959
226,42,19183.483968
226,43,18975.664891
226,44,18933.408215
226,45,16582.491543
226,46,15039.742782
226,47,14798.267461
226,48,14496.920525
226,50,14126.235928
226,53,13839.806773
226,56,13822.910031
226,58,13710.344261
226,59,13598.713624
226,60,13521.308859
226,61,13496.611714
227,39,20722.277856
227,40,19479.664654
227,41,19442.246959
227,42,19183.483968
227,43,18975.664891
227,44,18886.376281
227,45,16582.491543
227,46,14762.510318
227,48,14496.920525
227,50,14111.880824
227,53,13839.806773
227,56,13822.910031
227,58,13709.503585
227,59,13598.713624
227,60,13521.308859
227,61,13491.447691
228,39,20722.277856
228,40,19361.978460
228,42,18982.768370
228,43,18901.148332
228,44,18886.376281
228,45,16582.491543
228,46,14762.510318
228,48,14496.920525
228,50,14111.880824
228,53,13839.806773
228,56,13822.910031
228,58,13709.503585
228,59,13598.713624
228,60,13521.308859
228,61,13491.447691
229,38,22443.132805
229,39,20374.088899
229,40,19361.978460
229,42,18982.768370
229,43,18901.148332
229,44,18886.376281
229,45,16419.685055
229,46,14762.510318
229,48,14477.773052
229,50,14042.574960
229,53,13839.806773
229,56,13822.030259
229,58,13691.615800
229,59,13499.183088
229,60,13472.538222
230,38,22443.132805
230,39,20374.088899
230,40,19198.198597
230,42,18982.768370
230,43,18901.148332
230,44,18886.376281
230,45,16419.685055
230,46,14762.510318
230,48,14477.773052
230,50,14042.574960
230,53,13839.806773
230,56,13822.030259
230,58,13601.239938
230,59,13499.183088
230,60,13472.538222
231,38,22443.132805
231,39,20374.088899
231,40,19198.198597
231,42,18982.768370
231,43,18901.148332
231,44,18886.376281
231,45,16419.685055
231,46,14762.510318
231,48,14477.773052
231,50,14019.420279
231,53,13839.806773
231,55,13781.024149
231,58,13601.239938
231,59,13493.884166
231,60,13453.841814
232,38,22443.132805
232,39,20374.088899
232,40,19198.198597
232,42,18982.768370
232,43,18901.148332
232,44,18886.376281
232,45,16419.685055
232,46,14762.510318
232,48,14477.773052
232,50,14019.420279
232,53,13839.806773
232,55,13781.024149
232,58,13601.239938
232,59,13493.884166
232,60,13453.841814
233,38,22443.132805
233,39,20374.088899
233,40,19198.198597
233,42,18982.768370
233,43,18901.148332
233,44,18772.873646
233,45,16419.685055
233,46,14688.165062
233,48,14477.773052
233,50,14009.782462
233,53,13817.996975
233,55,13780.913708
233,58,13572.061949
233,59,13483.147103
233,60,13430.459109
234,38,22443.132805
234,39,20374.088899
234,40,19198.198597
234,42,18982.768370
234,43,18589.583856
234,44,18564.590222
234,45,16419.685055
234,46,14688.165062
234,48,14477.773052
234,50,14009.782462
234,53,13817.996975
234,55,13780.913708
234,58,13572.061949
234,59,13483.147103
234,60,13430.459109
235,38,22443.132805
235,39,20374.088899
235,40,19198.198597
235,42,18982.768370
235,43,18100.249525
235,45,16419.685055
235,46,14682.573714
235,48,14477.773052
235,49,13959.485228
235,53,13817.996975
235,55,13780.706251
235,58,13567.284224
235,59,13428.247977
236,38,22443.132805
236,39,20263.437420
236,40,19198.198597
236,42,18982.768370
236,43,18100.249525
236,45,16419.685055
236,46,14682.573714
236,48,14477.773052
236,49,13953.963180
236,53,13817.996975
236,55,13780.706251
236,58,13567.284224
236,59,13428.247977
236,61,13386.349634
237,38,22443.132805
237,39,20263.437420
237,40,19120.159442
237,42,18403.330103
237,43,18100.249525
237,45,15089.468360
237,46,14656.572122
237,48,14438.607268
237,49,13953.491827
237,53,13817.996975
237,55,13780.706251
237,57,13373.837848
238,38,22443.132805
238,39,20263.437420
238,40,19120.159442
238,42,18403.330103
238,43,18100.249525
238,45,15089.468360
238,46,14656.572122
238,48,14438.607268
238,49,13953.491827
238,51,13894.373678
238,53,13817.996975
238,55,13780.706251
238,57,13373.837848
239,38,22443.132805
239,39,20263.437420
239,40,19120.159442
239,42,18356.253885
239,43,18100.249525
239,45,15003.703822
239,46,14617.310616
239,48,14435.655747
239,49,13953.491827
239,51,13838.132247
239,53,13817.996975
239,55,13768.022967
239,57,13372.941876
240,38,22443.132805
240,39,20263.437420
240,40,19120.159442
240,42,18356.253885
240,43,18100.249525
240,45,15003.703822
240,46,14617.310616
240,48,14435.655747
240,49,13953.491827
240,51,13838.132247
240,53,13817.996975
240,55,13726.014800
240,57,13372.941876
241,38,22443.132805
241,39,20263.437420
241,40,19120.159442
241,42,18356.253885
241,43,18100.249525
241,45,14998.607596
241,46,14586.356127
241,48,14431.722527
241,49,13943.363676
241,50,13850.121559
241,51,13830.347176
241,53,13816.508839
241,55,13726.014800
241,57,13371.061007
241,58,13326.088107
242,38,22443.132805
242,39,20263.437420
242,40,19120.159442
242,42,18356.253885
242,43,18100.249525
242,45,14998.607596
242,46,14586.356127
242,48,14015.200968
242,49,13943.363676
242,50,13850.121559
242,51,13830.347176
242,53,13816.508839
242,55,13726.014800
242,57,13371.061007
242,58,13326.088107
243,38,22443.132805
243,39,20263.437420
243,40,19120.159442
243,42,18356.253885
243,43,18100.249525
243,45,14998.607596
243,46,14586.356127
243,48,14015.200968
243,49,13903.105183
243,50,13850.121559
243,51,13805.752500
243,55,13720.210264
243,57,13371.061007
243,58,13326.088107
244,38,22443.132805
244,39,20263.437420
244,40,19120.159442
244,41,18951.734425
244,42,18356.253885
244,43,18100.249525
244,45,14998.607596
244,46,14586.356127
244,48,14015.200968
244,49,13903.105183
244,50,13850.121559
244,51,13788.412418
244,52,13777.322971
244,55,13720.210264
244,57,13371.061007
244,58,13326.088107
245,38,22443.132805
245,39,20263.437420
245,40,19120.159442
245,41,18951.734425
245,42,18356.253885
245,43,18100.249525
245,45,14998.607596
245,46,14586.356127
245,48,13944.009512
245,49,13903.105183
245,50,13818.029164
245,51,13736.279436
245,55,13720.193288
245,57,13362.119030
245,58,13324.002929
246,38,22443.132805
246,39,20263.437420
246,40,19120.159442
246,41,18951.734425
246,42,18356.253885
246,43,18100.249525
246,45,14998.607596
246,46,14535.789102
246,48,13944.009512
246,49,13759.719274
246,51,13736.279436
246,55,13720.193288
246,57,13362.119030
246,58,13324.002929
247,38,22443.132805
247,39,20263.437420
247,40,19120.159442
247,41,18951.734425
247,42,18182.359020
247,43,17983.818681
247,44,17798.467051
247,45,14964.630868
247,46,14535.789102
247,48,13944.009512
247,49,13758.944601
247,51,13733.181881
247,55,13705.110672
247,57,13338.334490
247,58,13322.650102
248,38,22443.132805
248,39,20263.437420
248,40,19120.159442
248,41,18951.734425
248,42,18182.359020
248,43,17983.818681
248,44,17798.467051
248,45,14964.630868
248,46,14535.789102
248,48,13944.009512
248,49,13758.944601
248,51,13733.181881
248,53,13727.170607
248,55,13705.110672
248,57,13338.334490
248,58,13322.650102
249,38,22443.132805
249,39,20263.437420
249,40,18812.615950
249,42,18182.359020
249,43,17983.818681
249,44,15411.422035
249,45,14964.630868
249,46,14535.789102
249,48,13943.777484
249,49,13745.402643
249,51,13733.181881
249,53,13727.170607
249,54,13659.339443
249,57,13336.755477
249,58,13322.650102
250,38,22443.132805
250,39,20263.437420
250,40,18805.379829
250,42,18182.359020
250,43,17983.818681
250,44,15411.422035
250,45,14442.572705
250,48,13943.777484
250,49,13745.402643
250,51,13733.181881
250,53,13727.170607
250,54,13623.615870
250,57,13336.755477
250,58,13322.650102
251,38,22443.132805
251,39,20263.437420
251,40,18805.379829
251,42,18182.359020
251,43,17983.818681
251,44,15368.556511
251,45,14426.981401
251,48,13943.777484
251,49,13741.745704
251,51,13731.652226
251,53,13623.123229
251,57,13336.073791
251,58,13322.650102
251,60,13237.655758
252,38,22443.132805
252,39,20263.437420
252,40,18805.379829
252,42,18182.359020
252,43,17983.818681
252,44,15368.556511
252,45,14426.981401
252,47,14401.875940
252,48,13943.777484
252,49,13741.745704
252,51,13731.652226
252,53,13623.123229
252,54,13618.148819
252,55,13609.060477
252,57,13336.073791
252,58,13322.650102
252,60,13237.655758
253,38,22443.132805
253,39,20263.437420
253,40,18805.379829
253,42,18182.359020
253,43,17983.818681
253,44,15368.556511
253,45,14426.981401
253,47,14398.822106
253,48,13905.120949
253,49,13741.516071
253,51,13731.652226
253,52,13554.016340
253,57,13326.954138
253,58,13308.873412
253,60,13237.655758
254,38,22443.132805
254,39,20263.437420
254,40,18805.379829
254,42,18182.359020
254,43,17983.818681
254,44,15368.556511
254,45,14426.981401
254,47,14398.822106
254,48,13905.120949
254,49,13741.516071
254,51,13731.652226
254,52,13554.016340
254,57,13326.954138
254,58,13308.873412
254,60,13237.655758
255,38,22443.132805
255,39,20263.437420
255,40,18805.379829
255,42,18182.359020
255,43,17983.818681
255,44,15355.364741
255,45,14426.981401
255,47,14394.999864
255,48,13901.732033
255,49,13735.356278
255,51,13704.652929
255,52,13546.298382
255,56,13289.158842
255,60,13237.655758
256,38,22443.132805
256,39,20263.437420
256,40,18805.379829
256,42,18182.359020
256,43,17983.818681
256,44,15355.364741
256,45,14426.981401
256,47,14394.999864
256,48,13901.732033
256,49,13735.356278
256,51,13704.652929
256,52,13546.298382
256,56,13289.158842
256,60,13237.655758
257,38,22443.132805
257,39,20263.437420
257,40,18805.379829
257,42,18182.359020
257,43,17812.138011
257,44,15319.659860
257,45,14426.981401
257,47,14374.273847
257,48,13863.860547
257,49,13708.218174
257,51,13704.652929
257,52,13523.065747
257,56,13287.393739
257,60,13237.655758
258,38,22443.132805
258,39,20263.437420
258,40,18805.379829
258,41,18765.419253
258,42,18182.359020
258,43,17812.138011
258,44,15049.451410
258,45,14373.197742
258,48,13863.860547
258,49,13708.218174
258,51,13704.652929
258,52,13523.065747
258,56,13287.393739
258,60,13237.655758
259,38,22443.132805
259,39,20263.437420
259,40,18805.379829
259,41,17642.429858
259,44,14960.047245
259,45,14373.197742
259,48,13826.456023
259,49,13706.314940
259,51,13686.515054
259,52,13504.999225
259,56,13280.773397
259,60,13237.655758
260,38,22443.132805
260,39,20263.437420
260,40,18805.379829
260,41,17642.429858
260,44,14960.047245
260,45,14373.197742
260,48,13826.456023
260,49,13706.314940
260,51,13686.515054
260,52,13504.999225
260,56,13280.773397
260,60,13237.655758
261,38,22443.132805
261,39,20263.437420
261,40,18805.379829
261,41,17601.208582
261,44,14960.047245
261,45,14373.197742
261,48,13826.456023
261,49,13706.314940
261,51,13686.515054
261,52,13500.566693
261,56,13280.773397
261,60,13233.578048
262,38,22044.951950
262,39,20263.437420
262,40,18805.379829
262,41,17601.208582
262,44,14960.047245
262,45,14373.197742
262,48,13826.456023
262,49,13706.314940
262,51,13686.515054
262,52,13500.566693
262,56,13280.773397
262,60,13233.578048
263,38,22044.951950
263,39,20263.437420
263,40,18805.379829
263,41,17574.693232
263,44,14916.358563
263,45,14373.197742
263,48,13825.206924
263,49,13689.749795
263,51,13686.515054
263,52,13493.104732
263,56,13280.773397
263,58,13278.397210
263,60,13226.953747
264,38,22044.951950
264,39,20263.437420
264,40,18805.379829
264,41,17574.693232
264,44,14916.358563
264,45,14373.197742
264,46,14192.111171
264,48,13825.206924
264,49,13689.749795
264,51,13686.515054
264,52,13493.104732
264,56,13280.773397
264,58,13262.057520
264,60,13226.953747
265,38,22044.951950
265,39,20263.437420
265,40,18805.379829
265,41,17574.693232
265,44,14880.074633
265,45,14373.197742
265,46,14186.778802
265,48,13825.206924
265,49,13658.811236
265,52,13493.104732
265,56,13280.773397
265,58,13259.638483
265,60,13226.953747
266,38,22044.951950
266,39,20263.437420
266,40,18805.379829
266,41,17574.693232
266,44,14880.074633
266,45,14373.197742
266,46,14186.778802
266,47,14065.268557
266,48,13825.206924
266,49,13658.811236
266,52,13493.104732
266,56,13280.773397
266,58,13259.638483
266,60,13226.953747
267,38,21945.108008
267,39,20263.437420
267,40,18805.379829
267,41,17574.693232
267,44,14880.074633
267,45,14364.306815
267,46,14186.778802
267,47,13883.845488
267,48,13822.205900
267,49,13658.811236
267,52,13490.706544
267,56,13249.626408
267,60,13226.953747
268,38,21945.108008
268,39,20263.437420
268,40,18805.379829
268,41,17574.693232
268,44,14880.074633
268,45,14364.306815
268,46,14186.778802
268,47,13883.845488
268,48,13822.205900
268,49,13658.811236
268,52,13490.706544
268,56,13249.626408
268,58,13245.370739
268,60,13226.953747
269,38,21945.108008
269,39,20263.437420
269,40,18800.557376
269,41,17465.571934
269,44,14878.008001
269,45,14364.306815
269,46,14139.107727
269,47,13830.633089
269,48,13817.079405
269,49,13656.846254
269,52,13488.689074
269,56,13215.663863
270,38,21945.108008
270,39,20263.437420
270,40,18800.557376
270,41,17465.571934
270,44,14878.008001
270,45,14364.306815
270,46,14139.107727
270,47,13830.633089
270,48,13817.079405
270,49,13656.846254
270,52,13488.689074
270,56,13215.663863
270,57,13207.532167
271,38,21945.108008
271,39,20263.437420
271,40,18800.557376
271,41,17375.953075
271,43,14755.508808
271,45,14350.132797
271,46,14129.326481
271,47,13830.633089
271,48,13816.497670
271,49,13656.846254
271,52,13488.689074
271,56,13215.592076
271,57,13207.532167
272,38,21945.108008
272,39,20263.437420
272,40,18800.557376
272,41,17375.953075
272,43,14755.508808
272,45,14350.132797
272,46,14129.326481
272,47,13830.633089
272,48,13816.497670
272,49,13656.846254
272,52,13488.689074
272,55,13474.310550
272,56,13215.592076
272,57,13207.532167
273,38,21945.108008
273,39,20263.437420
273,40,18800.557376
273,41,17375.953075
273,43,14755.508808
273,45,14350.132797
273,46,14123.945445
273,47,13830.633089
273,48,13815.546124
273,49,13649.519700
273,52,13488.689074
273,55,13467.726096
273,56,13215.592076
273,57,13207.532167
274,38,21945.108008
274,39,20263.437420
274,40,18800.557376
274,41,17375.953075
274,43,14755.508808
274,45,14350.132797
274,46,14123.945445
274,47,13830.633089
274,48,13815.546124
274,49,13649.519700
274,51,13553.587259
274,52,13488.689074
274,55,13467.726096
274,56,13215.592076
274,57,13207.532167
275,38,21945.108008
275,39,20263.437420
275,40,18800.557376
275,41,17375.953075
275,43,14755.508808
275,45,14349.230657
275,46,14106.605911
275,47,13830.633089
275,48,13815.546124
275,49,13649.519700
275,51,13551.190695
275,52,13469.550126
275,55,13451.253347
275,56,13209.541857
275,57,13183.518375
276,38,21323.431424
276,39,20263.437420
276,40,18800.557376
276,41,17375.953075
276,43,14755.508808
276,45,14349.230657
276,46,14106.605911
276,47,13830.633089
276,48,13815.546124
276,49,13649.519700
276,50,13645.747325
276,51,13551.190695
276,52,13469.550126
276,55,13451.253347
276,56,13209.541857
276,57,13183.518375
277,38,21323.431424
277,39,20263.437420
277,40,18800.557376
277,41,17375.953075
277,43,14755.508808
277,45,14349.230657
277,46,14052.967678
277,47,13773.335943
277,49,13648.179437
277,50,13637.633327
277,51,13544.269468
277,52,13458.685067
277,55,13405.495978
277,56,13209.541857
277,57,13183.518375
278,38,21323.431424
278,39,20263.437420
278,40,18800.557376
278,41,17375.953075
278,43,14755.508808
278,45,14349.230657
278,46,14052.967678
278,47,13773.335943
278,49,13609.146914
278,51,13544.269468
278,52,13458.685067
278,55,13405.495978
278,56,13209.541857
278,57,13183.518375
279,38,21323.431424
279,39,20263.437420
279,40,18800.557376
279,41,17375.953075
279,43,14755.508808
279,45,14340.591879
279,46,14052.967678
279,47,13746.451978
279,49,13587.646104
279,51,13536.843410
279,52,13455.976533
279,55,13402.119302
279,56,13208.307780
279,57,13167.310763
280,38,21323.431424
280,39,20263.437420
280,40,18800.557376
280,41,17375.953075
280,43,14755.508808
280,44,14607.399840
280,45,14340.591879
280,46,14052.967678
280,47,13746.451978
280,49,13587.646104
280,51,13536.843410
280,52,13455.976533
280,55,13402.119302
280,56,13208.307780
280,57,13167.310763
281,38,21323.431424
281,39,20263.437420
281,40,18409.810462
281,41,17375.953075
281,43,14755.508808
281,44,14487.343794
281,45,14318.386151
281,46,14052.967678
281,47,13746.451978
281,49,13514.931382
281,52,13455.976533
281,55,13395.891511
281,56,13208.307780
281,57,13167.310763
282,38,21323.431424
282,39,20263.437420
282,40,18409.810462
282,41,17375.953075
282,43,14755.508808
282,44,14487.343794
282,45,14318.386151
282,46,14052.967678
282,47,13746.451978
282,49,13514.931382
282,52,13455.976533
282,55,13395.891511
282,56,13208.307780
282,57,13167.310763
283,38,21323.431424
283,39,20263.437420
283,40,18409.810462
283,41,17362.181859
283,42,14519.582492
283,43,14288.194290
283,46,13738.211771
283,49,13499.546936
283,52,13446.827150
283,55,13395.891511
283,56,13199.213731
283,57,13167.310763
284,38,21323.431424
284,39,20263.437420
284,40,18409.810462
284,41,17362.181859
284,42,14519.582492
284,43,14288.194290
284,46,13738.211771
284,49,13499.546936
284,52,13446.827150
284,55,13395.891511
284,56,13199.213731
284,57,13167.310763
285,38,21323.431424
285,39,20263.437420
285,40,18409.810462
285,41,17362.181859
285,42,14519.582492
285,43,14281.407653
285,45,13967.370988
285,46,13738.211771
285,49,13499.546936
285,52,13414.523678
285,55,13393.648484
285,56,13199.213731
285,57,13167.310763
285,58,13153.981066
286,38,21323.431424
286,39,20263.437420
286,40,17914.125979
286,41,17362.181859
286,42,14519.582492
286,43,14281.407653
286,45,13967.370988
286,46,13738.211771
286,49,13499.546936
286,51,13452.850400
286,52,13414.523678
286,55,13393.648484
286,56,13199.213731
286,57,13167.310763
286,58,13153.981066
287,38,21323.431424
287,39,20263.437420
287,40,17914.125979
287,41,17362.181859
287,42,14519.582492
287,43,14274.032959
287,45,13951.196261
287,46,13707.550737
287,49,13499.546936
287,51,13432.469602
287,52,13357.452699
287,56,13198.123997
287,57,13158.778794
287,58,13151.959689
288,38,21323.431424
288,39,20263.437420
288,40,17914.125979
288,41,17362.181859
288,42,14519.582492
288,43,14274.032959
288,45,13951.196261
288,46,13707.550737
288,49,13499.546936
288,50,13453.890069
288,51,13432.469602
288,52,13357.452699
288,56,13198.123997
288,57,13158.778794
288,58,13151.959689
289,38,21323.431424
289,39,20263.437420
289,40,17914.125979
289,41,17362.181859
289,42,14519.582492
289,43,14274.032959
289,45,13863.670304
289,46,13700.291441
289,49,13499.546936
289,50,13403.464264
289,52,13353.354047
289,56,13198.123997
289,57,13140.322265
290,38,21323.431424
290,39,20263.437420
290,40,17914.125979
290,41,17362.181859
290,42,14519.582492
290,43,14274.032959
290,45,13863.670304
290,46,13700.291441
290,47,13652.342101
290,49,13499.546936
290,50,13403.464264
290,52,13353.354047
290,56,13198.123997
290,57,13140.322265
291,38,21323.431424
291,39,20263.437420
291,40,17914.125979
291,41,17362.181859
291,42,14467.049275
291,43,14269.216459
291,45,13863.670304
291,46,13693.103060
291,47,13652.342101
291,49,13489.456954
291,50,13403.464264
291,52,13353.354047
291,56,13198.123997
291,57,13124.018640
292,38,21323.431424
292,39,20263.437420
292,40,17914.125979
292,41,17362.181859
292,42,14467.049275
292,43,14269.216459
292,45,13863.670304
292,46,13634.730255
292,48,13417.211638
292,50,13384.322511
292,52,13353.354047
292,55,13334.526861
292,56,13198.123997
292,57,13124.018640
293,37,21520.980435
293,38,21323.431424
293,39,20263.437420
293,40,17914.125979
293,41,17362.181859
293,42,14388.595610
293,43,14258.676133
293,45,13783.663191
293,46,13634.284223
293,47,13407.507019
293,50,13384.322511
293,52,13302.488605
293,56,13198.123997
293,57,13124.018640
294,37,21520.980435
294,38,21323.431424
294,39,20263.437420
294,40,17914.125979
294,41,15461.649950
294,42,14388.595610
294,43,14258.676133
294,45,13783.663191
294,46,13634.284223
294,47,13407.507019
294,50,13384.322511
294,52,13302.488605
294,56,13198.123997
294,57,13124.018640
295,37,21520.980435
295,38,21323.431424
295,39,20263.437420
295,40,17914.125979
295,41,15376.157227
295,42,14388.595610
295,43,14199.823078
295,45,13783.663191
295,46,13631.194535
295,47,13379.725082
295,50,13377.137148
295,52,13302.476721
295,56,13179.082170
295,57,13124.018640
296,37,21520.980435
296,38,21323.431424
296,39,20263.437420
296,40,17914.125979
296,41,15376.157227
296,42,14388.595610
296,43,14199.823078
296,45,13783.663191
296,46,13631.194535
296,47,13379.725082
296,50,13377.137148
296,52,13302.476721
296,56,13179.082170
296,57,13124.018640
297,37,21520.980435
297,38,21323.431424
297,39,20263.437420
297,40,17914.125979
297,41,15200.565960
297,42,14316.895907
297,43,14197.735314
297,45,13775.222358
297,46,13615.708269
297,47,13379.725082
297,50,13261.762350
297,56,13177.224664
297,57,13124.018640
298,37,21520.980435
298,38,21323.431424
298,39,20263.437420
298,40,17914.125979
298,41,15200.565960
298,42,14316.895907
298,43,14197.735314
298,44,14067.224353
298,45,13775.222358
298,46,13615.708269
298,47,13379.725082
298,50,13261.762350
298,56,13177.224664
298,57,13124.018640
299,37,21520.980435
299,38,21323.431424
299,39,20263.437420
299,40,17914.125979
299,41,14516.577063
299,42,14316.895907
299,43,14189.247228
299,44,14067.224353
299,45,13773.602517
299,46,13615.708269
299,47,13377.247342
299,50,13261.762350
299,56,13173.605000
299,57,13105.078117
300,37,21520.980435
300,38,21323.431424
300,39,20263.437420
300,40,17483.891369
300,41,14516.577063
300,42,14316.895907
300,43,14189.247228
300,44,14017.897977
300,45,13773.602517
300,46,13594.761994
300,47,13377.247342
300,50,13261.762350
300,56,13173.605000
300,57,13105.078117
301,37,21520.980435
301,38,21323.431424
301,39,19450.462427
301,40,17483.891369
301,41,14507.263038
301,42,14314.256790
301,43,14177.880632
301,44,14017.897977
301,45,13771.651283
301,46,13525.034332
301,47,13376.928066
301,50,13260.415339
301,56,13173.605000
301,57,13103.080686
302,37,21520.980435
302,38,21323.431424
302,39,19450.462427
302,40,17483.891369
302,41,14507.263038
302,42,14314.256790
302,43,14177.880632
302,44,14017.897977
302,45,13771.651283
302,46,13525.034332
302,47,13376.928066
302,50,13260.415339
302,55,13162.669798
302,57,13103.080686
302,58,13101.493966
303,37,21520.980435
303,38,21323.431424
303,39,17456.975681
303,40,15006.850537
303,41,14507.263038
303,42,14314.256790
303,43,14177.880632
303,44,13992.660116
303,45,13771.651283
303,46,13525.034332
303,47,13376.928066
303,50,13260.415339
303,55,13162.669798
303,57,13103.080686
303,58,13101.493966
304,37,21520.980435
304,38,21323.431424
304,39,17456.975681
304,40,15006.850537
304,41,14507.263038
304,42,14314.256790
304,43,14177.880632
304,44,13992.660116
304,45,13771.651283
304,46,13525.034332
304,47,13376.928066
304,50,13260.415339
304,55,13162.669798
304,57,13103.080686
304,58,13101.493966
305,37,21520.980435
305,38,21323.431424
305,39,17456.975681
305,40,15006.850537
305,41,14507.263038
305,42,14242.324852
305,43,14159.098057
305,44,13991.387146
305,45,13771.651283
305,46,13503.277740
305,47,13368.349102
305,50,13246.871762
305,55,13162.669798
305,57,13099.305937
306,37,21520.980435
306,38,21323.431424
306,39,17456.975681
306,40,15006.850537
306,41,14507.263038
306,42,14242.324852
306,43,14137.028921
306,44,13991.387146
306,45,13771.651283
306,46,13503.277740
306,47,13368.349102
306,50,13246.871762
306,55,13162.669798
306,57,13099.305937
307,37,21520.980435
307,38,21323.431424
307,39,17456.975681
307,40,14463.255034
307,42,14242.324852
307,43,14137.028921
307,44,13965.247367
307,45,13734.970932
307,46,13432.606023
307,47,13368.119895
307,50,13246.871762
307,55,13162.669798
307,57,13099.305937
308,37,21520.980435
308,38,21323.431424
308,39,17456.975681
308,40,14463.255034
308,42,14242.324852
308,43,14137.028921
308,44,13965.247367
308,45,13734.970932
308,46,13432.606023
308,47,13368.119895
308,50,13246.871762
308,55,13162.669798
308,57,13099.305937
308,58,13076.243330
309,37,21520.980435
309,38,21323.431424
309,39,17456.975681
309,40,14463.255034
309,42,14196.156600
309,43,14092.961308
309,44,13962.392106
309,45,13734.970932
309,46,13426.851882
309,47,13368.119895
309,50,13222.322581
309,55,13161.998406
309,57,13099.305937
309,58,13076.243330
310,37,21520.980435
310,38,21323.431424
310,39,17456.975681
310,40,14463.255034
310,42,14196.156600
310,43,14025.227709
310,44,13920.560370
310,45,13734.970932
310,46,13426.851882
310,47,13368.119895
310,50,13222.322581
310,55,13161.998406
310,57,13099.305937
310,58,13076.243330
311,37,21520.980435
311,38,21323.431424
311,39,17456.975681
311,40,14463.255034
311,42,14196.156600
311,43,13900.394353
311,45,13734.970932
311,46,13426.851882
311,47,13368.119895
311,50,13222.322581
311,55,13161.998406
311,57,13099.305937
311,58,13076.243330
312,37,21520.980435
312,38,21323.431424
312,39,17456.975681
312,40,14463.255034
312,42,14196.156600
312,43,13900.394353
312,45,13610.788224
312,46,13426.851882
312,47,13368.119895
312,50,13222.322581
312,55,13161.998406
312,57,13054.214618
313,37,21520.980435
313,38,15625.250424
313,40,14463.255034
313,42,14196.156600
313,43,13900.394353
313,45,13610.788224
313,46,13426.851882
313,47,13368.119895
313,50,13222.322581
313,55,13161.998406
313,57,13054.214618
314,37,21520.980435
314,38,15625.250424
314,40,14463.255034
314,42,14196.156600
314,43,13900.394353
314,45,13610.788224
314,46,13426.851882
314,47,13368.119895
314,50,13222.322581
314,55,13161.998406
314,57,13054.214618
315,37,21520.980435
315,38,15615.317620
315,40,14403.535740
315,42,14196.156600
315,43,13897.293449
315,45,13574.945064
315,46,13426.851882
315,47,13357.120916
315,50,13222.322581
315,55,13159.047294
315,57,13054.214618
316,37,21520.980435
316,38,15615.317620
316,40,14403.535740
316,42,14196.156600
316,43,13897.293449
316,45,13574.945064
316,46,13426.851882
316,47,13357.120916
316,50,13222.322581
316,51,13116.056795
316,57,13054.214618
317,37,21412.709993
317,38,15615.317620
317,40,14403.535740
317,42,14196.156600
317,43,13897.293449
317,44,13611.653940
317,45,13574.945064
317,46,13426.851882
317,47,13357.120916
317,50,13222.322581
317,51,13116.056795
317,57,13054.214618
318,37,16639.077079
318,38,15615.317620
318,40,14403.535740
318,41,13897.546925
318,43,13690.903561
318,44,13611.653940
318,45,13574.945064
318,46,13426.851882
318,47,13357.120916
318,49,13313.993193
318,50,13222.322581
318,51,13116.056795
318,53,13099.296644
318,57,13054.214618
318,58,13050.630467
319,37,16639.077079
319,38,15615.317620
319,40,14403.535740
319,41,13897.546925
319,43,13690.903561
319,44,13597.044355
319,45,13534.497434
319,46,13412.386868
319,47,13357.120916
319,49,13305.386165
319,50,13205.065685
319,51,13116.056795
319,53,13082.823895
319,57,13053.124884
319,58,13050.630467
320,37,16639.077079
320,38,15615.317620
320,40,14403.535740
320,41,13897.546925
320,43,13690.903561
320,44,13597.044355
320,45,13534.497434
320,46,13412.386868
320,47,13357.120916
320,49,13305.386165
320,50,13205.065685
320,51,13116.056795
320,53,13082.823895
320,57,13053.124884
320,58,13050.630467
321,37,16639.077079
321,38,15615.317620
321,40,14403.535740
321,41,13897.546925
321,43,13690.903561
321,44,13594.815397
321,45,13534.497434
321,46,13398.782084
321,47,13357.120916
321,49,13270.467492
321,50,13205.065685
321,51,13105.878622
321,53,13082.823895
321,57,13053.124884
321,58,13050.630467
322,37,16148.376985
322,38,15615.317620
322,40,14403.535740
322,41,13897.546925
322,43,13690.903561
322,44,13594.815397
322,45,13476.715136
322,46,13398.782084
322,47,13357.120916
322,49,13270.467492
322,50,13205.065685
322,51,13105.878622
322,53,13082.823895
322,57,13053.124884
322,58,13050.630467
