Generation,NV,TOC
1,54,24463.501193
1,55,23747.933593
1,56,23706.179623
1,57,22750.784533
1,65,21069.885278
1,74,20727.994818
1,79,18305.765490
1,97,17978.433163
1,108,17265.252076
1,109,17238.008654
1,123,16845.495765
1,126,16816.501889
1,144,16391.204783
1,149,16254.411718
1,154,16223.257595
1,162,16118.800403
2,54,24463.501193
2,55,23747.933593
2,56,23706.179623
2,57,22671.067834
2,62,22425.327964
2,65,21069.885278
2,69,20719.763001
2,72,18903.342389
2,79,18305.765490
2,84,18179.687753
2,97,17978.433163
2,99,17590.314869
2,104,17465.588489
2,106,17213.874564
2,108,16975.812298
2,116,16965.693408
2,118,16950.335591
2,123,16845.495765
2,126,16737.050044
2,128,16283.550002
2,149,16254.411718
2,151,16103.898427
2,164,15878.911417
3,47,23020.492415
3,50,23001.410793
3,53,22584.416129
3,55,21823.786410
3,60,20819.759652
3,65,20676.844724
3,66,20335.173964
3,68,19499.208038
3,70,19368.469112
3,71,18923.894270
3,72,18903.342389
3,79,18305.765490
3,84,18179.687753
3,89,18028.980803
3,95,17593.786189
3,98,17564.859076
3,104,17465.588489
3,106,17040.895363
3,108,16975.812298
3,111,16868.624926
3,122,16610.279414
3,128,16283.550002
3,137,16137.039171
3,143,15980.221790
3,150,15759.067811
4,47,23020.492415
4,50,23001.410793
4,53,22584.416129
4,54,22156.952789
4,55,21823.786410
4,60,20819.759652
4,61,20319.029522
4,63,20279.523299
4,66,20233.587177
4,68,19499.208038
4,70,19368.469112
4,71,18923.894270
4,72,18903.342389
4,73,18809.382631
4,78,18456.264214
4,79,18305.765490
4,84,18179.687753
4,89,18028.980803
4,93,17879.053831
4,95,17593.786189
4,96,17442.768069
4,100,17272.182969
4,104,17166.063226
4,105,17126.547528
4,106,17040.895363
4,108,16975.812298
4,111,16868.624926
4,116,16849.753632
4,121,16782.442449
4,122,16607.808514
4,126,16524.570024
4,128,16283.550002
4,133,15927.805837
4,141,15881.822105
4,147,15828.801778
4,150,15759.067811
4,156,15697.553063
5,47,23020.492415
5,48,22741.472491
5,53,22584.416129
5,54,21041.271365
5,55,20439.994128
5,61,20319.029522
5,63,20279.523299
5,66,20233.587177
5,68,19499.208038
5,70,19368.469112
5,71,18923.894270
5,72,18836.408148
5,73,18809.382631
5,75,18454.753439
5,76,18415.924408
5,79,18305.765490
5,82,18280.994049
5,84,17727.563318
5,95,17593.786189
5,96,17442.768069
5,100,17249.927946
5,104,17166.063226
5,105,17126.547528
5,106,17023.918804
5,108,16975.812298
5,109,16843.940121
5,114,16823.120142
5,115,16813.318398
5,118,16563.651370
5,124,16485.642768
5,127,16179.113262
5,133,15784.506226
5,150,15759.067811
5,156,15697.553063
6,46,23387.928090
6,47,23020.492415
6,48,22260.287576
6,49,22045.098105
6,52,21828.997126
6,54,21041.271365
6,55,20439.994128
6,57,20100.865612
6,59,20036.753881
6,60,19344.930981
6,71,18923.894270
6,72,18836.408148
6,73,18454.917769
6,75,18454.753439
6,76,18415.924408
6,79,18305.765490
6,82,18280.994049
6,83,18046.771580
6,84,17727.563318
6,88,17497.721891
6,96,17442.768069
6,100,17249.927946
6,102,17199.868665
6,104,17166.063226
6,105,17126.547528
6,106,17023.918804
6,108,16975.812298
6,109,16843.940121
6,114,16586.621236
6,118,16563.651370
6,121,16216.594689
6,127,16179.113262
6,128,16101.840808
6,133,15784.506226
6,139,15694.879906
7,46,23245.794434
7,47,22610.814817
7,48,22192.765361
7,49,22045.098105
7,50,21751.416241
7,54,21041.271365
7,55,20439.994128
7,57,20100.865612
7,59,20036.753881
7,60,19343.565917
7,65,19049.911333
7,71,18923.894270
7,72,18836.408148
7,73,18454.917769
7,75,18454.753439
7,76,18415.924408
7,77,18162.340262
7,82,17901.658695
7,84,17727.563318
7,88,17497.721891
7,96,17442.768069
7,97,17418.295194
7,99,17154.805049
7,102,16994.790916
7,103,16948.292196
7,105,16779.445734
7,110,16476.178591
7,113,16449.203043
7,114,16418.161567
7,119,16124.871259
7,125,15927.137621
7,130,15690.812303
7,139,15557.274078
7,141,15530.563317
8,46,23245.794434
8,47,22610.814817
8,48,22192.765361
8,49,22033.550271
8,50,21051.597754
8,52,20866.197102
8,54,20797.050562
8,55,20439.994128
8,57,19905.756544
8,59,19645.105116
8,60,19343.565917
8,61,19339.605096
8,63,19258.596073
8,65,18776.382772
8,70,18509.131218
8,73,18454.917769
8,75,18454.753439
8,76,18073.998133
8,77,18048.661001
8,79,17723.067753
8,83,17564.100342
8,88,17497.721891
8,94,17352.470917
8,96,16694.433973
8,106,16517.430441
8,110,16476.178591
8,113,16449.203043
8,114,16418.161567
8,119,16124.871259
8,125,15689.199548
8,139,15557.274078
8,141,15530.563317
9,46,23245.794434
9,47,21454.488541
9,50,21051.597754
9,52,20866.197102
9,53,20029.033628
9,57,19905.756544
9,59,19645.105116
9,60,19343.565917
9,61,19339.605096
9,62,19073.344303
9,65,18776.382772
9,70,18509.131218
9,71,18447.670746
9,73,18040.553350
9,79,17723.067753
9,81,17410.113104
9,88,17159.905131
9,94,17012.610057
9,96,16694.433973
9,105,16657.078753
9,106,16517.430441
9,110,16476.178591
9,112,16205.408630
9,117,16196.434611
9,119,16124.871259
9,125,15689.199548
9,139,15557.274078
9,141,15530.563317
10,46,22236.178805
10,47,21454.488541
10,48,21418.580142
10,50,21051.597754
10,51,20370.112630
10,53,20029.033628
10,57,19499.060114
10,58,19420.468358
10,60,19343.565917
10,61,19169.584605
10,62,19073.344303
10,63,18950.793556
10,65,18721.061552
10,68,18573.661231
10,70,18509.131218
10,71,18447.670746
10,72,18223.975165
10,73,17587.304076
10,81,17410.113104
10,87,17362.251358
10,88,17159.905131
10,92,17091.266583
10,94,17012.610057
10,96,16694.433973
10,105,16657.078753
10,106,16517.430441
10,110,16476.178591
10,112,16205.408630
10,117,16196.434611
10,119,16124.871259
10,125,15689.199548
10,129,15594.184114
10,139,15557.274078
10,141,15530.563317
11,46,22016.544173
11,47,21454.488541
11,48,21228.646504
11,50,21051.597754
11,51,20370.112630
11,53,20029.033628
11,55,19601.636791
11,57,19312.500713
11,61,19169.584605
11,62,19004.689648
11,63,18950.793556
11,65,18721.061552
11,67,18289.340133
11,71,18176.748685
11,73,17587.304076
11,81,17410.113104
11,87,17362.251358
11,88,17159.905131
11,92,17091.266583
11,94,17012.610057
11,96,16694.433973
11,105,16657.078753
11,106,16517.430441
11,108,16038.020958
11,125,15689.199548
11,129,15594.184114
11,139,15557.274078
11,141,15530.563317
12,44,22104.311019
12,46,22016.544173
12,47,21454.488541
12,48,21228.646504
12,50,21051.597754
12,51,20370.112630
12,53,20029.033628
12,55,19601.636791
12,57,19312.500713
12,59,19065.368326
12,62,19004.689648
12,63,18950.793556
12,64,18909.125858
12,65,18721.061552
12,67,18289.340133
12,69,18031.267034
12,73,17587.304076
12,77,17374.527823
12,86,17304.250306
12,88,17159.905131
12,92,17091.266583
12,94,17012.610057
12,96,16694.433973
12,105,16620.010148
12,106,15974.898205
12,124,15650.851386
12,127,15520.258566
12,128,15431.190024
12,140,15415.518710
13,44,22104.311019
13,45,22079.991992
13,46,22016.544173
13,47,21454.488541
13,48,21056.706219
13,49,20937.206108
13,51,20370.112630
13,53,20029.033628
13,55,19601.636791
13,57,19312.500713
13,59,19065.368326
13,61,18728.558491
13,65,18721.061552
13,67,18289.340133
13,69,17950.105573
13,71,17812.669113
13,73,17587.304076
13,77,17374.527823
13,86,17304.250306
13,88,17159.905131
13,92,17091.266583
13,94,17012.610057
13,96,16694.433973
13,97,16361.092735
13,106,15974.898205
13,111,15914.496760
13,113,15848.378262
13,116,15719.680553
13,123,15693.197670
13,124,15650.851386
13,127,15520.258566
13,128,15431.190024
13,140,15415.518710
13,141,15341.332490
13,145,15322.160703
14,44,22104.311019
14,45,22079.991992
14,46,22016.544173
14,47,21454.488541
14,48,21056.706219
14,49,20937.206108
14,51,20370.112630
14,53,20029.033628
14,55,19601.636791
14,57,19312.500713
14,59,19065.368326
14,61,18728.558491
14,63,18454.793501
14,67,18289.340133
14,69,17950.105573
14,71,17686.576971
14,73,17587.304076
14,77,17374.527823
14,85,17291.834987
14,88,17159.905131
14,89,16707.071739
14,94,16519.549771
14,97,16361.092735
14,102,16324.193772
14,106,15974.898205
14,111,15914.496760
14,113,15848.378262
14,116,15719.680553
14,123,15693.197670
14,124,15650.851386
14,126,15637.664752
14,127,15520.258566
14,128,15431.190024
14,139,15294.851902
15,44,22104.311019
15,45,22079.991992
15,46,22016.544173
15,47,21454.488541
15,48,21056.706219
15,49,20837.175498
15,51,20370.112630
15,53,20029.033628
15,55,19568.676506
15,57,19312.500713
15,59,19065.368326
15,61,18728.558491
15,63,18454.793501
15,67,18172.767313
15,69,17688.432143
15,71,17686.576971
15,73,17587.304076
15,77,17374.527823
15,83,17162.300295
15,88,17159.905131
15,89,16707.071739
15,94,16259.871055
15,98,16150.267795
15,101,16125.943670
15,106,15974.898205
15,111,15722.316412
15,116,15719.680553
15,123,15693.197670
15,124,15650.851386
15,126,15637.664752
15,127,15520.258566
15,128,15431.190024
15,139,15294.851902
15,145,15252.008833
16,44,22104.311019
16,45,22079.991992
16,46,22016.544173
16,47,21454.488541
16,48,21056.706219
16,49,20837.175498
16,50,20178.091407
16,53,20029.033628
16,55,19568.676506
16,57,19312.500713
16,58,19225.617953
16,59,19059.016913
16,61,18728.558491
16,63,18454.793501
16,64,18357.812449
16,67,18079.906391
16,69,17688.432143
16,71,17686.576971
16,73,17587.304076
16,75,17323.089792
16,83,17162.300295
16,88,17159.905131
16,89,16707.071739
16,94,16259.871055
16,98,16150.267795
16,101,16125.943670
16,106,15974.898205
16,110,15956.001721
16,111,15722.316412
16,116,15719.680553
16,123,15693.197670
16,124,15650.851386
16,126,15637.664752
16,127,15520.258566
16,128,15431.190024
16,135,15364.328537
16,139,15294.851902
16,145,15252.008833
17,44,22104.311019
17,45,22079.991992
17,46,22016.544173
17,47,20556.578337
17,50,20178.091407
17,53,20029.033628
17,54,19784.176341
17,55,19568.676506
17,57,19067.141257
17,58,19053.931006
17,61,18728.558491
17,63,18302.435173
17,67,18079.906391
17,68,18075.225552
17,69,17688.432143
17,71,17686.576971
17,73,17587.304076
17,75,17323.089792
17,83,17162.300295
17,86,17033.548039
17,89,16636.677127
17,94,16259.871055
17,98,16150.267795
17,101,16049.056706
17,102,15959.896466
17,109,15626.649639
17,122,15563.767929
17,126,15304.564231
17,133,15288.137821
17,138,15174.910717
17,141,15131.102316
18,44,22104.311019
18,45,22079.689450
18,46,21219.304291
18,47,20556.578337
18,50,20178.091407
18,53,20029.033628
18,54,19784.176341
18,55,19568.676506
18,57,19067.141257
18,58,19053.931006
18,60,19024.171634
18,61,18728.558491
18,62,18692.946732
18,63,18302.435173
18,67,18079.906391
18,68,17857.479167
18,69,17688.432143
18,71,17686.576971
18,73,17445.963319
18,75,17323.089792
18,79,17303.933117
18,83,17162.300295
18,86,17033.548039
18,89,16636.677127
18,94,16259.871055
18,98,16150.267795
18,101,16049.056706
18,102,15959.896466
18,109,15626.649639
18,122,15563.767929
18,126,15304.564231
18,132,15103.363362
19,44,22009.746489
19,46,21219.304291
19,47,20556.578337
19,48,20215.796178
19,50,19906.646331
19,54,19784.176341
19,55,19432.133529
19,56,19045.183680
19,60,19015.880643
19,61,18700.412973
19,62,18457.146174
19,63,18302.435173
19,66,18220.020388
19,67,18079.906391
19,68,17857.479167
19,69,17688.432143
19,71,17686.576971
19,73,17445.963319
19,75,17323.089792
19,79,17158.145015
19,84,16937.667565
19,89,16636.677127
19,94,16259.871055
19,98,16150.267795
19,101,16049.056706
19,102,15959.896466
19,105,15571.450248
19,121,15561.537417
19,126,15304.564231
19,132,15103.363362
20,44,22009.746489
20,45,20945.716794
20,47,20277.740438
20,48,20215.796178
20,50,19906.646331
20,51,19681.955898
20,55,19432.133529
20,56,19034.108077
20,59,18965.778044
20,61,18700.412973
20,62,18457.146174
20,63,18302.435173
20,65,18129.112581
20,67,18079.906391
20,68,17857.479167
20,69,17688.432143
20,71,17686.576971
20,73,17445.963319
20,75,17323.089792
20,79,17158.145015
20,84,16864.986520
20,86,16823.181020
20,89,16636.677127
20,91,16534.810993
20,92,16506.453227
20,94,16259.871055
20,98,16150.267795
20,101,16049.056706
20,102,15959.896466
20,105,15571.450248
20,111,15555.145630
20,126,15304.564231
20,132,15103.363362
21,44,22009.746489
21,45,20945.716794
21,47,20277.740438
21,48,20215.796178
21,49,20161.637527
21,50,19906.646331
21,51,19681.955898
21,52,19582.405638
21,55,19432.133529
21,56,19034.108077
21,58,18739.162279
21,59,18358.989046
21,63,18302.435173
21,65,18129.112581
21,67,17966.755958
21,68,17857.479167
21,69,17688.432143
21,71,17686.576971
21,73,17445.963319
21,75,17323.089792
21,79,17158.145015
21,80,16938.841825
21,84,16864.986520
21,86,16823.181020
21,89,16636.677127
21,91,16534.810993
21,92,16506.453227
21,94,16259.871055
21,98,16150.267795
21,101,16049.056706
21,102,15959.896466
21,105,15571.450248
21,111,15555.145630
21,116,15549.768661
21,126,15304.564231
21,132,15103.363362
22,44,22009.746489
22,45,20945.716794
22,46,20864.675319
22,47,20277.740438
22,48,20215.796178
22,49,20161.637527
22,50,19618.299438
22,52,19534.330875
22,54,18923.701351
22,57,18728.685210
22,59,18358.989046
22,62,18085.905046
22,63,18005.677466
22,66,17693.953093
22,69,17688.432143
22,71,17686.576971
22,72,17671.554856
22,73,17445.963319
22,75,17323.089792
22,79,17158.145015
22,80,16938.841825
22,81,16912.494541
22,84,16109.526249
22,94,16048.045442
22,100,15895.731623
22,104,15503.254062
22,110,15416.578154
22,125,15215.732671
22,130,15085.675891
23,44,22009.746489
23,45,20945.716794
23,46,20634.142342
23,47,20277.740438
23,48,20215.796178
23,49,20088.940616
23,50,19556.382236
23,52,19534.330875
23,54,18923.701351
23,57,18728.685210
23,59,18358.989046
23,62,18085.905046
23,63,18005.677466
23,64,17840.648851
23,66,17639.694611
23,67,17600.872846
23,68,17595.673547
23,69,17579.824727
23,71,17556.234764
23,72,17187.120570
23,76,17127.762804
23,77,16910.617985
23,84,16109.526249
23,94,16048.045442
23,100,15895.731623
23,104,15503.254062
23,110,15416.578154
23,123,15382.457582
23,125,15215.732671
23,130,15085.675891
23,135,15078.450018
23,136,15041.242155
24,44,21234.055660
24,45,20641.771752
24,46,20324.525709
24,47,20277.740438
24,48,20215.796178
24,49,20088.940616
24,50,19556.382236
24,52,19534.330875
24,53,19077.415519
24,54,18923.701351
24,57,18728.685210
24,59,18358.989046
24,62,18085.905046
24,63,18005.677466
24,64,17840.648851
24,66,17639.694611
24,67,17600.872846
24,68,17595.673547
24,69,17579.824727
24,71,17556.234764
24,72,17187.120570
24,73,16939.511160
24,76,16796.087209
24,81,16687.548192
24,84,16109.526249
24,90,15988.516166
24,100,15895.731623
24,104,15503.254062
24,110,15416.578154
24,117,15406.740730
24,118,15342.428108
24,125,15215.732671
24,130,15085.675891
24,135,15078.450018
24,136,15041.242155
25,44,21234.055660
25,45,20641.771752
25,46,20247.334390
25,48,20215.796178
25,49,20088.940616
25,50,19556.382236
25,52,19534.330875
25,53,19077.415519
25,54,18923.701351
25,57,18576.941021
25,58,18518.342498
25,59,18358.989046
25,60,18165.245186
25,62,18085.905046
25,63,18005.677466
25,64,17840.648851
25,66,17639.694611
25,67,17600.872846
25,68,17518.886779
25,72,17187.120570
25,73,16939.511160
25,76,16796.087209
25,81,16687.548192
25,83,16431.210933
25,84,16109.526249
25,90,15988.516166
25,100,15878.605625
25,104,15503.254062
25,110,15416.578154
25,117,15406.740730
25,118,15342.428108
25,125,15215.732671
25,126,15206.057892
25,130,15085.675891
25,135,15078.450018
25,136,15041.242155
26,44,21234.055660
26,45,20641.771752
26,46,20133.611890
26,49,20088.940616
26,50,19556.382236
26,52,19534.330875
26,53,19077.415519
26,54,18923.701351
26,57,18439.034865
26,59,18358.989046
26,60,18165.245186
26,62,18085.905046
26,63,18005.677466
26,64,17840.648851
26,66,17639.694611
26,67,17600.872846
26,68,17518.886779
26,72,17187.120570
26,73,16939.511160
26,76,16796.087209
26,78,16667.636610
26,81,16664.593379
26,83,16431.210933
26,84,16109.526249
26,90,15988.516166
26,100,15878.605625
26,104,15503.254062
26,110,15416.578154
26,117,15406.740730
26,118,15342.428108
26,121,14954.109373
27,44,21170.495349
27,45,20641.771752
27,46,20133.611890
27,49,19873.290634
27,50,19328.622446
27,53,19077.415519
27,54,18923.701351
27,57,18439.034865
27,59,18358.989046
27,60,18163.935665
27,62,18085.905046
27,63,17803.552437
27,66,17639.694611
27,67,17600.872846
27,68,17330.147136
27,72,17187.120570
27,73,16939.511160
27,75,16896.160097
27,76,16796.087209
27,78,16667.636610
27,81,16664.593379
27,82,16635.432726
27,83,15984.689959
27,87,15966.998733
27,100,15786.819108
27,104,15475.811150
27,108,15293.510085
27,115,15191.165582
27,120,14906.879411
28,44,21170.495349
28,45,20641.771752
28,46,20133.611890
28,49,19873.290634
28,50,19328.622446
28,53,19077.415519
28,54,18923.701351
28,56,18315.936162
28,59,18300.490842
28,60,18163.935665
28,62,17867.155397
28,63,17803.552437
28,66,17536.704915
28,68,17330.147136
28,72,17187.120570
28,73,16939.511160
28,75,16896.160097
28,76,16796.087209
28,78,16611.738013
28,83,15984.689959
28,87,15966.998733
28,100,15786.819108
28,104,15475.811150
28,106,15331.311647
28,108,15293.510085
28,115,15026.422384
28,120,14906.879411
29,44,21170.495349
29,45,20641.771752
29,46,20133.611890
29,49,19873.290634
29,50,19328.622446
29,52,19230.184321
29,53,19077.415519
29,54,18923.701351
29,55,18786.708056
29,56,18315.936162
29,57,18265.742868
29,58,18001.743871
29,62,17867.155397
29,63,17803.552437
29,66,17536.704915
29,68,16804.853817
29,76,16796.087209
29,78,16611.738013
29,83,15984.689959
29,87,15966.998733
29,100,15786.819108
29,104,15475.811150
29,106,15331.311647
29,108,15293.510085
29,115,15026.422384
29,120,14906.879411
30,44,21170.495349
30,45,20641.771752
30,46,20133.611890
30,48,19288.913799
30,52,19230.184321
30,53,19077.415519
30,54,18923.701351
30,55,18736.070064
30,56,18315.936162
30,57,18265.742868
30,58,18001.743871
30,61,17804.029884
30,62,17703.837669
30,66,17536.704915
30,67,17491.736848
30,68,16804.853817
30,76,16796.087209
30,78,16611.738013
30,81,16585.405589
30,83,15984.689959
30,87,15966.998733
30,100,15786.819108
30,104,15348.583149
30,106,15331.311647
30,108,15293.510085
30,115,15026.422384
30,120,14906.879411
31,44,21170.495349
31,45,20641.771752
31,46,20133.611890
31,48,19288.913799
31,52,18925.981313
31,53,18494.950762
31,56,18315.936162
31,57,18265.742868
31,58,18001.743871
31,61,17528.670206
31,63,17499.042154
31,65,17331.773686
31,68,16804.853817
31,76,16796.087209
31,78,16611.738013
31,81,16585.405589
31,82,16088.620397
31,83,15984.689959
31,86,15971.243779
31,87,15966.998733
31,100,15463.445198
31,104,15348.583149
31,106,15331.311647
31,108,15293.510085
31,115,15026.422384
31,120,14906.879411
32,44,21170.495349
32,45,20641.771752
32,46,20133.611890
32,48,19288.913799
32,52,18925.981313
32,53,18494.950762
32,55,18447.479355
32,56,18315.936162
32,57,18265.742868
32,58,18001.743871
32,61,17528.670206
32,63,17477.551931
32,65,17331.773686
32,66,17243.244115
32,68,16804.853817
32,69,16726.639225
32,78,16227.938269
32,82,16088.620397
32,83,15984.689959
32,86,15971.243779
32,87,15966.998733
32,95,15793.163054
32,98,15360.033135
32,103,15165.840149
32,107,15137.801582
32,112,14921.762427
32,118,14828.753962
32,122,14803.025504
33,44,21170.495349
33,45,20641.771752
33,46,20133.611890
33,48,19288.913799
33,50,19280.136355
33,51,18690.808889
33,53,18460.382014
33,55,18447.479355
33,56,18315.936162
33,57,18265.742868
33,58,18001.743871
33,61,17528.670206
33,63,17477.551931
33,65,17331.773686
33,66,17243.244115
33,67,16933.513091
33,68,16682.987505
33,75,16475.541911
33,77,16432.835346
33,78,16227.938269
33,81,16125.917766
33,82,15983.043485
33,86,15971.243779
33,87,15966.998733
33,95,15793.163054
33,98,15360.033135
33,103,15165.840149
33,107,15137.801582
33,112,14921.762427
33,118,14828.753962
33,122,14803.025504
34,44,21170.495349
34,45,20641.771752
34,46,20133.611890
34,48,19288.913799
34,49,18916.249241
34,51,18579.094938
34,52,18468.858477
34,53,18460.382014
34,55,18447.479355
34,56,18119.999071
34,58,18001.743871
34,61,17528.670206
34,63,17477.551931
34,65,17331.773686
34,66,17243.244115
34,67,16933.513091
34,68,16682.987505
34,72,16565.390929
34,75,16475.541911
34,77,16294.070080
34,78,16227.938269
34,81,16125.917766
34,82,15983.043485
34,86,15971.243779
34,87,15966.998733
34,95,15694.445350
34,98,15360.033135
34,102,15286.826469
34,103,15165.840149
34,107,15137.801582
34,112,14921.762427
34,118,14828.753962
34,122,14803.025504
35,44,21170.495349
35,45,20641.771752
35,46,20133.611890
35,47,19766.229449
35,48,19288.913799
35,49,18916.249241
35,50,18845.667561
35,51,18579.094938
35,52,18468.858477
35,53,18460.382014
35,55,17709.763262
35,61,17528.670206
35,62,17409.924461
35,65,16973.357095
35,67,16933.513091
35,68,16682.987505
35,72,16565.390929
35,75,16475.541911
35,77,16294.070080
35,78,16227.938269
35,81,16125.917766
35,82,15983.043485
35,86,15971.243779
35,87,15966.998733
35,95,15694.445350
35,98,15360.033135
35,102,15286.826469
35,103,15165.840149
35,107,15137.801582
35,112,14921.762427
35,118,14828.753962
35,122,14803.025504
36,44,21170.495349
36,45,19905.777704
36,47,19766.229449
36,48,19288.913799
36,49,18916.249241
36,50,18845.667561
36,51,18579.094938
36,52,18468.858477
36,53,18460.382014
36,55,17709.763262
36,61,17528.670206
36,62,17409.924461
36,63,17179.768126
36,65,16973.357095
36,67,16827.300770
36,68,16682.987505
36,72,16565.390929
36,75,16475.541911
36,77,16294.070080
36,78,16227.938269
36,80,16104.828274
36,82,15700.892667
36,95,15694.445350
36,96,15676.118089
36,98,15360.033135
36,102,15286.826469
36,103,15165.840149
36,107,15137.801582
36,112,14921.762427
36,118,14828.753962
36,122,14803.025504
37,44,21170.495349
37,45,19905.777704
37,47,19442.832400
37,48,19288.913799
37,49,18916.249241
37,50,18845.667561
37,51,18579.094938
37,52,18468.858477
37,53,18460.382014
37,54,18307.106556
37,55,17709.763262
37,61,17528.670206
37,62,17409.924461
37,63,17179.768126
37,65,16973.357095
37,67,16827.300770
37,68,16682.987505
37,72,16565.390929
37,73,16405.979329
37,77,16294.070080
37,78,16227.938269
37,80,16104.828274
37,81,15998.898228
37,82,15700.892667
37,95,15694.445350
37,96,15234.452529
37,102,15111.248292
37,105,15052.004181
37,112,14858.312947
37,117,14760.012600
37,118,14758.837371
37,121,14749.430817
38,44,21170.495349
38,45,19905.777704
38,47,19442.832400
38,48,19288.913799
38,49,18916.249241
38,50,18845.667561
38,51,18579.094938
38,52,18468.858477
38,53,18460.382014
38,54,18307.106556
38,55,17709.763262
38,59,17556.275175
38,61,17345.171306
38,63,17179.768126
38,65,16973.357095
38,66,16463.336545
38,73,16405.979329
38,77,16192.490325
38,80,16104.828274
38,81,15998.898228
38,82,15700.892667
38,90,15543.503210
38,96,15234.452529
38,102,15111.248292
38,105,15052.004181
38,109,15045.058253
38,112,14858.312947
38,117,14760.012600
38,118,14758.837371
38,121,14749.430817
38,126,14731.489741
39,44,20581.650548
39,45,19905.777704
39,47,19442.832400
39,48,19288.913799
39,49,18916.249241
39,50,18845.667561
39,51,18579.094938
39,52,18468.858477
39,53,18460.382014
39,54,18040.919991
39,55,17709.763262
39,59,16982.291762
39,64,16404.826941
39,77,15908.624332
39,82,15700.892667
39,90,15543.503210
39,95,15353.461806
39,96,15234.452529
39,102,15111.248292
39,105,15052.004181
39,109,15045.058253
39,110,14912.479543
39,112,14858.312947
39,117,14760.012600
39,118,14758.837371
39,121,14749.430817
39,126,14731.489741
40,44,20561.523301
40,45,19698.228000
40,47,19442.832400
40,48,19288.913799
40,49,18916.249241
40,50,18845.667561
40,51,18445.229246
40,54,18040.919991
40,55,17709.763262
40,57,17649.006769
40,59,16982.291762
40,61,16927.802387
40,64,16404.826941
40,76,16008.313591
40,77,15908.624332
40,81,15900.226678
40,82,15700.892667
40,90,15543.503210
40,95,15353.461806
40,96,15234.452529
40,102,15111.248292
40,105,15052.004181
40,109,15045.058253
40,110,14912.479543
40,112,14858.312947
40,117,14760.012600
40,118,14758.837371
40,121,14749.430817
40,124,14655.110760
41,44,19964.138756
41,45,19698.228000
41,47,19442.832400
41,48,19154.545552
41,49,18916.249241
41,50,18845.667561
41,51,18445.229246
41,52,18218.435879
41,54,18040.919991
41,55,17709.763262
41,57,17649.006769
41,59,16982.291762
41,61,16927.802387
41,64,16404.826941
41,76,16008.313591
41,77,15908.624332
41,81,15900.226678
41,82,15700.892667
41,90,15543.503210
41,95,15353.461806
41,96,15234.452529
41,102,15111.248292
41,105,15052.004181
41,109,15045.058253
41,110,14912.479543
41,112,14858.312947
41,117,14760.012600
41,118,14758.837371
41,121,14749.430817
41,124,14655.110760
42,44,19964.138756
42,45,19698.228000
42,47,19442.832400
42,48,18789.183869
42,51,18445.229246
42,52,17972.650401
42,55,17709.763262
42,57,17649.006769
42,59,16982.291762
42,61,16927.802387
42,64,16404.826941
42,76,16008.313591
42,77,15908.624332
42,78,15899.055776
42,82,15700.892667
42,90,15543.503210
42,95,15353.461806
42,96,15234.452529
42,102,15111.248292
42,105,15052.004181
42,109,15045.058253
42,110,14912.479543
42,112,14858.312947
42,117,14760.012600
42,118,14758.837371
42,121,14749.430817
42,124,14655.110760
43,43,21323.735276
43,44,19964.138756
43,45,19698.228000
43,47,19442.832400
43,48,18789.183869
43,49,18754.526353
43,51,18445.229246
43,52,17972.650401
43,55,17709.763262
43,57,17649.006769
43,58,17246.317807
43,59,16982.291762
43,61,16927.802387
43,64,16404.826941
43,70,16317.507981
43,71,16264.897680
43,73,16244.747761
43,75,16157.128193
43,76,16008.313591
43,77,15908.624332
43,78,15899.055776
43,82,15700.892667
43,87,15437.015928
43,95,15151.873508
43,102,15058.347060
43,103,14964.880904
43,107,14838.733269
43,109,14792.970001
43,113,14646.823966
43,124,14621.708737
44,43,21323.735276
44,44,19964.138756
44,45,19698.228000
44,47,19442.832400
44,48,18789.183869
44,49,18754.526353
44,51,18445.229246
44,52,17972.650401
44,55,17700.867832
44,57,17489.925404
44,58,17246.317807
44,59,16982.291762
44,61,16798.715264
44,64,16404.826941
44,70,15897.146427
44,77,15628.020179
44,87,15437.015928
44,95,15151.873508
44,102,15058.347060
44,103,14964.880904
44,107,14838.733269
44,109,14792.970001
44,113,14646.823966
44,124,14621.708737
45,42,21693.245729
45,43,21323.735276
45,44,19964.138756
45,45,19698.228000
45,46,19475.561810
45,47,19442.832400
45,48,18789.183869
45,49,18754.526353
45,51,18445.229246
45,52,17972.650401
45,55,17700.867832
45,56,17553.864648
45,57,17258.839621
45,58,17246.317807
45,59,16982.291762
45,60,16502.322320
45,64,16404.826941
45,67,16085.087941
45,70,15897.146427
45,77,15628.020179
45,84,15502.031626
45,87,15437.015928
45,95,15151.873508
45,102,15058.347060
45,103,14964.880904
45,107,14838.733269
45,109,14792.970001
45,113,14646.823966
45,124,14621.708737
46,42,21693.245729
46,43,21323.735276
46,44,19964.138756
46,45,19698.228000
46,46,19475.561810
46,47,19150.625319
46,48,18789.183869
46,49,18754.526353
46,51,18445.229246
46,52,17972.650401
46,53,17588.395884
46,56,17553.864648
46,57,17258.839621
46,58,16413.298618
46,64,16404.826941
46,66,16282.448563
46,67,16085.087941
46,70,15897.146427
46,72,15481.750271
46,87,15437.015928
46,95,15151.873508
46,102,15058.347060
46,103,14964.880904
46,107,14838.733269
46,109,14792.970001
46,113,14646.823966
46,124,14621.708737
47,42,21693.245729
47,43,21323.735276
47,44,19964.138756
47,45,19653.570500
47,46,19349.634609
47,47,18864.045935
47,48,18789.183869
47,49,18754.526353
47,51,17734.677162
47,52,17513.510433
47,53,17387.655495
47,56,17229.977022
47,58,16413.298618
47,64,16404.826941
47,66,16282.448563
47,67,16085.087941
47,70,15897.146427
47,72,15481.750271
47,87,15169.397294
47,95,15151.873508
47,102,15058.347060
47,103,14964.880904
47,107,14838.733269
47,109,14792.970001
47,113,14646.823966
47,124,14621.708737
48,42,21354.419882
48,43,21323.735276
48,44,19964.138756
48,45,19356.663009
48,46,19281.205955
48,47,18864.045935
48,48,18789.183869
48,49,18627.744605
48,51,17734.677162
48,52,17513.510433
48,53,17387.655495
48,55,17064.040759
48,57,16341.286445
48,66,16282.448563
48,67,16085.087941
48,70,15897.146427
48,72,15481.750271
48,83,15411.370460
48,86,15309.623796
48,87,15169.397294
48,95,15151.873508
48,99,14985.588681
48,103,14964.880904
48,107,14838.733269
48,109,14792.970001
48,113,14646.823966
48,119,14594.921711
49,42,21354.419882
49,43,21323.735276
49,44,19964.138756
49,45,19356.663009
49,46,19113.715884
49,47,18782.640077
49,49,18445.057958
49,51,17734.677162
49,52,17364.038370
49,54,17271.277315
49,55,17064.040759
49,57,16341.286445
49,66,16282.448563
49,67,16085.087941
49,70,15897.146427
49,72,15481.750271
49,83,15411.370460
49,85,15288.568142
49,87,15169.397294
49,95,15151.873508
49,99,14985.588681
49,103,14964.880904
49,107,14838.733269
49,109,14792.970001
49,113,14646.823966
49,119,14594.921711
49,122,14529.673495
50,42,21354.419882
50,43,21323.735276
50,44,19964.138756
50,45,19356.663009
50,46,19113.715884
50,47,18782.640077
50,49,18445.057958
50,51,17734.677162
50,52,17364.038370
50,54,17271.277315
50,55,16990.848873
50,57,16341.286445
50,65,15990.031722
50,70,15897.146427
50,72,15481.750271
50,82,15150.460447
50,99,14985.588681
50,103,14964.880904
50,107,14838.733269
50,109,14792.970001
50,113,14646.823966
50,119,14594.921711
50,122,14529.673495
51,42,21347.246728
51,43,21323.735276
51,44,19687.174229
51,45,19356.663009
51,46,19113.715884
51,47,18782.640077
51,48,18696.212535
51,49,18445.057958
51,51,17734.677162
51,52,17364.038370
51,54,17271.277315
51,55,16990.848873
51,57,16341.286445
51,65,15990.031722
51,70,15799.709852
51,72,15481.750271
51,82,15150.460447
51,86,15047.614770
51,89,15020.991419
51,95,14954.876921
51,107,14838.733269
51,109,14792.970001
51,113,14646.823966
51,119,14594.921711
51,122,14529.673495
51,123,14505.233014
52,42,21347.246728
52,43,21323.735276
52,44,19687.174229
52,45,19356.663009
52,46,19113.715884
52,47,18782.640077
52,48,18696.212535
52,49,18015.341930
52,51,17718.700790
52,52,17364.038370
52,54,17271.277315
52,55,16990.848873
52,57,16341.286445
52,65,15990.031722
52,70,15799.709852
52,72,15481.750271
52,82,15089.091481
52,83,14996.296210
52,86,14909.249188
52,103,14802.633594
52,105,14639.093963
52,111,14613.654302
52,117,14522.302332
52,118,14428.803488
53,42,21347.246728
53,43,21323.735276
53,44,19687.174229
53,45,19356.663009
53,46,19113.715884
53,47,18782.640077
53,48,18696.212535
53,49,18015.341930
53,51,17718.700790
53,52,17364.038370
53,54,17271.277315
53,55,16990.848873
53,57,16341.286445
53,61,16268.539185
53,65,15990.031722
53,70,15799.709852
53,72,15481.750271
53,75,15474.029146
53,82,15089.091481
53,83,14996.296210
53,86,14909.249188
53,103,14802.633594
53,105,14639.093963
53,111,14600.335495
53,112,14565.297594
53,117,14522.302332
53,118,14428.803488
54,42,21347.246728
54,43,19755.244349
54,44,19687.174229
54,45,19356.663009
54,46,19113.715884
54,47,18782.640077
54,48,18685.437921
54,49,18015.341930
54,51,17616.330527
54,52,17364.038370
54,54,17260.740735
54,55,16990.848873
54,57,16341.286445
54,61,16268.539185
54,64,16082.112447
54,65,15990.031722
54,70,15799.709852
54,71,15530.798488
54,72,15481.750271
54,75,15474.029146
54,82,15089.091481
54,83,14996.296210
54,86,14909.249188
54,103,14802.633594
54,105,14639.093963
54,109,14622.353125
54,111,14600.335495
54,112,14565.297594
54,117,14522.302332
54,118,14428.803488
55,42,21347.246728
55,43,19755.244349
55,44,19687.174229
55,45,19356.663009
55,46,19013.843920
55,47,18782.640077
55,48,18685.437921
55,49,17967.970228
55,51,17616.330527
55,52,17364.038370
55,54,17260.740735
55,55,16990.848873
55,57,16341.286445
55,61,16268.539185
55,64,16082.112447
55,65,15990.031722
55,70,15799.709852
55,71,15530.798488
55,72,15481.750271
55,75,15474.029146
55,82,15089.091481
55,83,14996.296210
55,86,14909.249188
55,103,14802.633594
55,105,14639.093963
55,107,14578.439638
55,111,14550.220917
55,117,14522.302332
55,118,14428.803488
56,42,21347.246728
56,43,19755.244349
56,44,19687.174229
56,45,19243.231440
56,46,19013.843920
56,47,18722.752900
56,48,18685.437921
56,49,17967.970228
56,50,17929.502203
56,51,17616.330527
56,52,17316.184541
56,54,17260.740735
56,55,16990.848873
56,57,16341.286445
56,61,16268.539185
56,64,16082.112447
56,65,15990.031722
56,70,15799.709852
56,71,15530.798488
56,72,15481.750271
56,75,15474.029146
56,79,15203.701790
56,82,15089.091481
56,83,14996.296210
56,86,14909.249188
56,103,14802.633594
56,104,14712.918831
56,105,14639.093963
56,107,14578.439638
56,109,14516.188956
56,118,14428.803488
57,41,21945.788869
57,42,21347.246728
57,43,19755.244349
57,44,19562.996024
57,45,19243.231440
57,46,19013.843920
57,47,18722.752900
57,48,18685.437921
57,49,17967.970228
57,50,17929.502203
57,51,17616.330527
57,52,17316.184541
57,54,17260.740735
57,55,16990.848873
57,57,16341.286445
57,61,16268.539185
57,64,16082.112447
57,65,15990.031722
57,70,15799.709852
57,71,15530.798488
57,72,15481.750271
57,75,15474.029146
57,78,14978.843743
57,86,14909.249188
57,103,14682.608047
57,105,14616.068617
57,106,14519.095195
57,109,14445.236546
57,116,14270.259407
58,41,21945.788869
58,42,21347.246728
58,43,19755.244349
58,44,19562.996024
58,45,19243.231440
58,46,19013.843920
58,47,18722.752900
58,48,18685.437921
58,49,17967.970228
58,50,17929.502203
58,51,17616.330527
58,52,17316.184541
58,54,17260.740735
58,55,16990.848873
58,57,16341.286445
58,61,16268.539185
58,64,16082.112447
58,65,15990.031722
58,70,15799.709852
58,71,15530.798488
58,72,15481.750271
58,75,15474.029146
58,78,14978.843743
58,86,14909.249188
58,103,14682.608047
58,105,14616.068617
58,106,14519.095195
58,108,14427.479169
58,116,14270.259407
59,41,21609.933574
59,42,21245.581802
59,43,19755.244349
59,44,19562.996024
59,45,19243.231440
59,46,19013.843920
59,47,18722.752900
59,48,18685.437921
59,49,17967.970228
59,50,17929.502203
59,51,17616.330527
59,52,17313.804945
59,54,17260.740735
59,55,16990.848873
59,57,16341.286445
59,61,16268.539185
59,64,16082.112447
59,65,15990.031722
59,70,15799.709852
59,71,15530.798488
59,72,15481.750271
59,75,15474.029146
59,77,15414.166556
59,78,14978.843743
59,86,14909.249188
59,103,14682.608047
59,105,14616.068617
59,106,14519.095195
59,108,14427.479169
59,116,14270.259407
60,41,21609.933574
60,42,21245.581802
60,43,19755.244349
60,44,19562.996024
60,45,19243.231440
60,46,19013.843920
60,47,18722.752900
60,48,18685.437921
60,49,17967.970228
60,50,17929.502203
60,51,17616.330527
60,52,17313.804945
60,54,17260.740735
60,55,16969.600106
60,57,16341.286445
60,61,16268.539185
60,64,16082.112447
60,65,15990.031722
60,66,15927.198867
60,70,15799.709852
60,71,15530.798488
60,72,15481.750271
60,75,15474.029146
60,77,15414.166556
60,78,14978.843743
60,86,14909.249188
60,103,14682.608047
60,105,14616.068617
60,106,14519.095195
60,108,14427.479169
60,112,14405.963808
60,116,14270.259407
61,41,21609.933574
61,42,21244.726877
61,43,19755.244349
61,44,19562.996024
61,45,19243.231440
61,46,19013.843920
61,47,18722.752900
61,48,18685.437921
61,49,17967.970228
61,50,17929.502203
61,51,17616.330527
61,52,17313.804945
61,54,17260.740735
61,55,16969.600106
61,56,16923.821574
61,57,16341.286445
61,61,16268.539185
61,63,16194.359072
61,64,16082.112447
61,65,15990.031722
61,66,15927.198867
61,70,15799.709852
61,71,15530.798488
61,72,15481.750271
61,75,15474.029146
61,77,15414.166556
61,78,14978.843743
61,86,14909.249188
61,103,14682.608047
61,105,14616.068617
61,106,14519.095195
61,108,14427.479169
61,112,14405.963808
61,116,14270.259407
62,41,21609.933574
62,42,21229.660066
62,43,19755.244349
62,44,19506.658931
62,45,19243.231440
62,46,19013.843920
62,47,18722.752900
62,48,18685.437921
62,49,17967.970228
62,50,17929.502203
62,51,17616.330527
62,52,17313.804945
62,54,17020.677381
62,55,16969.600106
62,56,16923.821574
62,57,16341.286445
62,60,16299.825733
62,61,16268.539185
62,63,16194.359072
62,64,16082.112447
62,65,15990.031722
62,66,15927.198867
62,70,15799.709852
62,71,15530.798488
62,72,15481.750271
62,75,15414.983275
62,77,15396.057525
62,78,14900.735493
62,86,14772.053596
62,100,14629.043636
62,102,14618.226442
62,105,14510.017244
62,106,14273.598762
62,114,14234.989846
63,41,21609.933574
63,42,21229.660066
63,43,19755.244349
63,44,19506.658931
63,45,19243.231440
63,46,19013.843920
63,47,18722.752900
63,48,18685.437921
63,49,17967.970228
63,50,17929.502203
63,51,17616.330527
63,52,17313.804945
63,54,17020.677381
63,55,16969.600106
63,56,16923.821574
63,57,16341.286445
63,60,16299.825733
63,61,16268.539185
63,63,16194.359072
63,64,16082.112447
63,65,15990.031722
63,66,15927.198867
63,70,15799.709852
63,71,15530.798488
63,72,15481.750271
63,74,15436.181155
63,75,15414.983275
63,77,15084.389530
63,78,14900.735493
63,86,14772.053596
63,100,14629.043636
63,102,14618.226442
63,105,14510.017244
63,106,14273.598762
63,114,14234.989846
64,41,21609.933574
64,42,21229.660066
64,43,19755.244349
64,44,19506.658931
64,45,19243.231440
64,46,18861.306541
64,47,18722.752900
64,48,18685.437921
64,49,17967.970228
64,50,17929.502203
64,51,17616.330527
64,52,17313.804945
64,54,17020.677381
64,55,16969.600106
64,56,16923.821574
64,57,16341.286445
64,60,16299.825733
64,61,16268.539185
64,63,16194.359072
64,64,16082.112447
64,65,15990.031722
64,66,15927.198867
64,70,15799.709852
64,71,15530.798488
64,72,15481.750271
64,74,15436.181155
64,75,15414.983275
64,77,15084.389530
64,78,14900.735493
64,86,14772.053596
64,100,14629.043636
64,101,14435.361416
64,106,14273.598762
64,114,14234.989846
65,41,21609.933574
65,42,21229.660066
65,43,19755.244349
65,44,19506.658931
65,45,19243.231440
65,46,18861.306541
65,47,18722.752900
65,48,18579.931222
65,49,17967.970228
65,50,17929.502203
65,51,17616.330527
65,52,17313.804945
65,54,17020.677381
65,55,16969.600106
65,56,16923.821574
65,57,16341.286445
65,60,16299.825733
65,61,16268.539185
65,63,16194.359072
65,64,16082.112447
65,65,15990.031722
65,66,15927.198867
65,70,15799.709852
65,71,15530.798488
65,72,15481.750271
65,74,15436.181155
65,75,15414.983275
65,77,15084.389530
65,78,14900.735493
65,86,14772.053596
65,99,14735.201257
65,100,14629.043636
65,101,14435.361416
65,106,14273.598762
65,114,14234.989846
66,41,21609.933574
66,42,21229.660066
66,43,19596.068005
66,44,19506.658931
66,45,19243.231440
66,46,18861.306541
66,47,18722.752900
66,48,18212.990265
66,49,17967.970228
66,50,17929.502203
66,51,17616.330527
66,52,17313.804945
66,54,17020.677381
66,55,16969.600106
66,56,16903.774096
66,57,16341.286445
66,60,16299.825733
66,61,16268.539185
66,62,16100.100942
66,64,16076.429069
66,65,15990.031722
66,66,15927.198867
66,70,15799.709852
66,71,15530.798488
66,72,15481.750271
66,74,15436.181155
66,75,15414.983275
66,77,15084.389530
66,78,14900.735493
66,86,14772.053596
66,93,14622.640870
66,101,14435.361416
66,106,14273.598762
66,114,14234.989846
67,41,21609.933574
67,42,21229.660066
67,43,19333.603810
67,45,19243.231440
67,46,18861.306541
67,47,18722.752900
67,48,18212.990265
67,49,17967.970228
67,50,17859.244797
67,51,17616.330527
67,52,17313.804945
67,54,17020.677381
67,55,16969.600106
67,56,16903.774096
67,57,16341.286445
67,60,16299.825733
67,61,16268.539185
67,62,16100.100942
67,64,16076.429069
67,65,15990.031722
67,66,15927.198867
67,70,15799.709852
67,71,15363.036567
67,74,15341.325748
67,75,15052.303136
67,78,14900.735493
67,86,14772.053596
67,93,14595.380990
67,101,14435.361416
67,106,14273.598762
67,112,14211.073943
68,41,21609.933574
68,42,21136.304744
68,43,19333.603810
68,45,19243.231440
68,46,18807.204006
68,47,18722.752900
68,48,18178.558276
68,49,17930.747598
68,50,17859.244797
68,51,17616.330527
68,52,17313.804945
68,53,17135.914597
68,54,17020.677381
68,55,16969.600106
68,56,16903.774096
68,57,16341.286445
68,60,16299.825733
68,61,16268.539185
68,62,16100.100942
68,64,16076.429069
68,65,15990.031722
68,66,15927.198867
68,70,15799.709852
68,71,15363.036567
68,74,15341.325748
68,75,15052.303136
68,78,14900.735493
68,86,14772.053596
68,93,14595.380990
68,101,14435.361416
68,106,14273.598762
68,112,14211.073943
69,41,21609.933574
69,42,20946.810013
69,43,19333.603810
69,44,19182.233848
69,45,18738.182373
69,47,18722.752900
69,48,18036.934575
69,49,17930.747598
69,50,17859.244797
69,51,17616.330527
69,52,17313.804945
69,53,17135.914597
69,54,17020.677381
69,55,16969.600106
69,56,16857.753143
69,57,16341.286445
69,60,16299.825733
69,61,16268.539185
69,62,16048.551289
69,64,15903.908852
69,70,15512.611160
69,71,15363.036567
69,74,15341.325748
69,75,15052.303136
69,78,14900.735493
69,86,14772.053596
69,93,14595.380990
69,101,14435.361416
69,106,14273.598762
69,112,14211.073943
70,41,21609.933574
70,42,20946.810013
70,43,19333.603810
70,44,19113.212429
70,45,18624.529203
70,46,18384.823826
70,48,18036.934575
70,49,17930.747598
70,50,17859.244797
70,51,17616.330527
70,52,17313.804945
70,53,17135.914597
70,54,17020.677381
70,55,16969.600106
70,56,16717.015690
70,57,16341.286445
70,60,16299.825733
70,61,16204.641552
70,62,16048.551289
70,64,15903.908852
70,65,15902.003183
70,69,15800.473666
70,70,15512.611160
70,71,15363.036567
70,74,15341.325748
70,75,15052.303136
70,78,14900.735493
70,86,14772.053596
70,93,14595.380990
70,101,14435.361416
70,106,14273.598762
70,112,14211.073943
71,41,21609.933574
71,42,20946.810013
71,43,19333.603810
71,44,19113.212429
71,45,18624.529203
71,46,18384.823826
71,48,17883.777832
71,50,17859.244797
71,51,17616.330527
71,52,17313.804945
71,53,17135.914597
71,54,17020.677381
71,55,16766.275405
71,56,16717.015690
71,57,16341.286445
71,60,16230.758823
71,61,16175.593233
71,62,16048.551289
71,64,15903.908852
71,65,15902.003183
71,68,15766.779869
71,70,15512.611160
71,71,15363.036567
71,74,15341.325748
71,75,15052.303136
71,78,14900.735493
71,86,14772.053596
71,93,14595.380990
71,100,14561.507047
71,101,14435.361416
71,105,14323.862751
71,106,14252.540030
71,112,14211.073943
72,41,21609.933574
72,42,20946.810013
72,43,19333.603810
72,44,19113.212429
72,45,18624.529203
72,46,18248.233232
72,48,17552.911848
72,52,17313.804945
72,53,17135.914597
72,54,17020.677381
72,55,16766.275405
72,56,16717.015690
72,57,16341.286445
72,60,16230.758823
72,61,16175.593233
72,62,16048.551289
72,64,15903.908852
72,65,15902.003183
72,67,15799.438355
72,68,15766.779869
72,70,15512.611160
72,71,15363.036567
72,73,15291.319501
72,74,15024.730372
72,78,14900.735493
72,86,14652.765517
72,90,14536.928259
72,100,14393.291959
72,105,14251.541167
72,112,14211.073943
73,41,21609.933574
73,42,20946.810013
73,43,19333.603810
73,44,19113.212429
73,45,18624.529203
73,46,18224.402658
73,48,17552.911848
73,52,17313.804945
73,53,17135.914597
73,54,17020.677381
73,55,16766.275405
73,56,16717.015690
73,57,16341.286445
73,60,16230.758823
73,61,16175.593233
73,62,16048.551289
73,64,15903.908852
73,65,15902.003183
73,67,15799.438355
73,68,15766.779869
73,70,15512.611160
73,71,15363.036567
73,73,15291.319501
73,74,14905.918113
73,78,14900.735493
73,86,14652.765517
73,90,14536.928259
73,99,14369.114961
73,105,14251.541167
73,112,14211.073943
74,41,21609.933574
74,42,20946.810013
74,43,19333.603810
74,44,19113.212429
74,45,18624.529203
74,46,18224.402658
74,48,17552.911848
74,52,17313.804945
74,53,17135.914597
74,54,17020.677381
74,55,16766.275405
74,56,16439.539278
74,57,16341.286445
74,60,16230.758823
74,61,16175.593233
74,62,15915.263440
74,63,15864.193206
74,67,15584.831375
74,70,15512.611160
74,71,15363.036567
74,73,15291.319501
74,74,14905.918113
74,78,14900.735493
74,86,14652.765517
74,90,14536.928259
74,99,14369.114961
74,105,14251.541167
74,112,14211.073943
75,41,21387.214646
75,42,20946.810013
75,43,19333.603810
75,44,19113.212429
75,45,18624.529203
75,46,18224.402658
75,48,17552.911848
75,52,17313.804945
75,53,17135.914597
75,54,17020.677381
75,55,16766.275405
75,56,16439.539278
75,57,16341.286445
75,60,16230.758823
75,61,16175.593233
75,62,15915.263440
75,63,15864.193206
75,67,15584.831375
75,70,15512.611160
75,71,15363.036567
75,73,15291.319501
75,74,14905.918113
75,78,14900.735493
75,86,14652.765517
75,90,14536.928259
75,99,14369.114961
75,101,14348.924829
75,103,14308.759353
75,105,14251.541167
75,112,14211.073943
76,41,21387.214646
76,42,20946.810013
76,43,19333.603810
76,44,19113.212429
76,45,18624.529203
76,46,18224.402658
76,48,17552.911848
76,52,17313.804945
76,53,17135.914597
76,54,17020.677381
76,55,16539.763399
76,56,16439.539278
76,57,16341.286445
76,60,16230.758823
76,61,16175.593233
76,62,15915.263440
76,63,15864.193206
76,67,15584.831375
76,70,15512.611160
76,71,15363.036567
76,73,15291.319501
76,74,14905.918113
76,78,14900.735493
76,83,14605.991629
76,90,14536.928259
76,99,14369.114961
76,101,14348.924829
76,103,14308.759353
76,105,14251.541167
76,112,14211.073943
77,41,21387.214646
77,42,20946.810013
77,43,19333.603810
77,44,19113.212429
77,45,18624.529203
77,46,18087.834297
77,48,17552.911848
77,50,17526.279137
77,52,17313.804945
77,53,17135.914597
77,54,17020.677381
77,55,16539.763399
77,56,16439.539278
77,57,16341.286445
77,60,16230.758823
77,61,16175.593233
77,62,15915.263440
77,63,15864.193206
77,67,15584.831375
77,70,15512.611160
77,71,15363.036567
77,73,15291.319501
77,74,14905.918113
77,77,14827.274763
77,83,14543.445377
77,90,14536.928259
77,95,14448.824132
77,98,14256.028413
77,104,14241.438327
77,112,14160.563176
78,41,21387.214646
78,42,20946.810013
78,43,19254.721660
78,44,19113.212429
78,45,18624.529203
78,46,18087.834297
78,48,17552.911848
78,50,17526.279137
78,51,17439.731468
78,52,16755.500815
78,55,16539.763399
78,56,16439.539278
78,57,16341.286445
78,60,16230.758823
78,61,16175.593233
78,62,15915.263440
78,63,15864.193206
78,65,15717.623011
78,67,15584.831375
78,70,15512.611160
78,71,15363.036567
78,73,15291.319501
78,74,14905.918113
78,77,14827.274763
78,83,14543.445377
78,90,14536.928259
78,91,14401.007055
78,98,14256.028413
78,104,14241.438327
78,112,14160.563176
79,41,21387.214646
79,42,20946.810013
79,43,19254.721660
79,44,19113.212429
79,45,18624.529203
79,46,18087.834297
79,47,17813.812307
79,48,17461.986286
79,51,17439.731468
79,52,16755.500815
79,55,16539.763399
79,56,16439.539278
79,57,16341.286445
79,60,16230.758823
79,61,16175.593233
79,62,15915.263440
79,63,15864.193206
79,64,15818.558197
79,65,15717.623011
79,67,15584.831375
79,70,15512.611160
79,71,15363.036567
79,73,15291.319501
79,74,14905.918113
79,77,14827.274763
79,83,14543.445377
79,90,14536.928259
79,91,14401.007055
79,93,14342.249355
79,98,14256.028413
79,104,14241.438327
79,112,14160.563176
80,41,21387.214646
80,42,20946.810013
80,43,19254.721660
80,44,19113.212429
80,45,18624.529203
80,46,18087.834297
80,47,17705.648707
80,48,17461.986286
80,51,17439.731468
80,52,16755.500815
80,55,16539.763399
80,56,16439.539278
80,57,16341.286445
80,59,15966.134188
80,62,15915.263440
80,63,15864.193206
80,64,15818.558197
80,65,15717.623011
80,67,15584.831375
80,70,15512.611160
80,71,15363.036567
80,73,15291.319501
80,74,14905.918113
80,77,14827.274763
80,83,14543.445377
80,90,14536.928259
80,91,14401.007055
80,93,14342.249355
80,98,14256.028413
80,104,14241.438327
80,112,14160.563176
81,41,21387.214646
81,42,20504.888418
81,43,19254.721660
81,44,19113.212429
81,45,18624.529203
81,46,18087.834297
81,47,17576.141502
81,48,17461.986286
81,51,17439.731468
81,52,16755.500815
81,55,16539.763399
81,56,16439.539278
81,57,16341.286445
81,59,15966.134188
81,62,15915.263440
81,63,15864.193206
81,64,15818.558197
81,65,15717.623011
81,67,15584.831375
81,70,15512.611160
81,71,15363.036567
81,73,15291.319501
81,74,14905.918113
81,77,14827.274763
81,83,14543.445377
81,90,14536.928259
81,91,14401.007055
81,93,14342.249355
81,98,14256.028413
81,104,14241.438327
81,105,14239.309835
81,112,14160.563176
82,41,21387.214646
82,42,20504.888418
82,43,19226.516613
82,44,19113.212429
82,45,18416.267992
82,46,17927.865829
82,47,17576.141502
82,48,17461.986286
82,51,17439.731468
82,52,16755.500815
82,55,16539.763399
82,56,16439.539278
82,57,16341.286445
82,59,15966.134188
82,62,15915.263440
82,63,15833.414664
82,64,15818.558197
82,65,15717.623011
82,67,15584.831375
82,70,15512.611160
82,71,15363.036567
82,73,15291.319501
82,74,14853.966378
82,75,14822.787087
82,83,14524.226282
82,86,14311.544039
82,93,14295.455908
82,98,14256.028413
82,104,14194.107874
82,111,14102.248360
83,41,21206.685624
83,42,20504.888418
83,43,19226.516613
83,44,19113.212429
83,45,18416.267992
83,46,17927.865829
83,47,17576.141502
83,48,17461.986286
83,51,17439.731468
83,52,16755.500815
83,55,16532.728314
83,56,16439.539278
83,57,16341.286445
83,59,15966.134188
83,61,15926.461972
83,62,15915.263440
83,63,15833.414664
83,64,15818.558197
83,65,15717.623011
83,67,15584.831375
83,70,15512.611160
83,71,15363.036567
83,72,15356.151391
83,73,15291.319501
83,74,14853.966378
83,75,14822.787087
83,83,14524.226282
83,86,14311.544039
83,93,14295.455908
83,98,14256.028413
83,104,14194.107874
83,111,14102.248360
84,41,21206.685624
84,42,20504.888418
84,43,19226.516613
84,44,19113.212429
84,45,18416.267992
84,46,17927.865829
84,47,17576.141502
84,48,17461.986286
84,49,17451.861324
84,51,17439.731468
84,52,16755.500815
84,55,16532.728314
84,56,16439.539278
84,57,16341.286445
84,59,15966.134188
84,61,15926.461972
84,62,15915.263440
84,63,15833.414664
84,64,15709.861412
84,66,15356.454222
84,72,15356.151391
84,73,15291.319501
84,74,14853.966378
84,75,14822.787087
84,82,14787.078380
84,83,14524.226282
84,86,14311.544039
84,93,14295.455908
84,97,14172.873842
84,111,14102.248360
85,41,21206.685624
85,42,20504.888418
85,43,18929.390885
85,44,18662.429872
85,45,18416.267992
85,46,17699.677479
85,47,17469.452971
85,48,17461.986286
85,49,17206.261572
85,50,16923.231611
85,52,16755.500815
85,55,16532.728314
85,56,16439.539278
85,57,16341.286445
85,59,15966.134188
85,61,15926.461972
85,62,15915.263440
85,63,15833.414664
85,64,15557.816499
85,66,15356.454222
85,72,15356.151391
85,73,15291.319501
85,74,14853.966378
85,75,14822.787087
85,82,14787.078380
85,83,14524.226282
85,86,14311.544039
85,93,14183.136365
85,94,14169.834776
85,98,14131.576182
85,100,14077.332188
86,41,21206.685624
86,42,20504.888418
86,43,18821.065980
86,44,18662.429872
86,45,18325.779485
86,46,17699.677479
86,47,17469.452971
86,48,17274.660672
86,49,16957.596338
86,50,16923.231611
86,52,16755.500815
86,55,16532.728314
86,56,16439.539278
86,57,16341.286445
86,59,15966.134188
86,61,15926.461972
86,62,15915.263440
86,63,15833.414664
86,64,15557.816499
86,66,15356.454222
86,72,15356.151391
86,73,15291.319501
86,74,14853.966378
86,75,14822.787087
86,82,14787.078380
86,83,14524.226282
86,86,14311.544039
86,93,14183.136365
86,94,14169.834776
86,98,14131.576182
86,100,14077.332188
87,41,21206.685624
87,42,20504.888418
87,43,18821.065980
87,44,18662.429872
87,45,18325.779485
87,46,17327.613530
87,48,17122.053423
87,49,16957.596338
87,50,16923.231611
87,52,16755.500815
87,53,16463.170115
87,56,16439.539278
87,57,16053.392188
87,59,15966.134188
87,61,15926.461972
87,62,15915.263440
87,63,15833.414664
87,64,15557.816499
87,66,15356.454222
87,69,15045.991841
87,73,14793.304691
87,80,14566.627203
87,83,14516.823487
87,86,14311.544039
87,91,14124.919597
87,98,14096.899274
87,100,14077.332188
87,108,14009.605056
88,41,19862.708980
88,43,18821.065980
88,44,18662.429872
88,45,18101.619372
88,46,17327.613530
88,48,17122.053423
88,49,16957.596338
88,50,16923.231611
88,51,16835.358404
88,52,16755.500815
88,53,16463.170115
88,56,16439.539278
88,57,16053.392188
88,59,15966.134188
88,61,15926.461972
88,62,15915.263440
88,63,15833.414664
88,64,15557.816499
88,66,15356.454222
88,69,15045.991841
88,73,14793.304691
88,77,14728.162008
88,80,14566.627203
88,83,14516.823487
88,86,14311.544039
88,91,14124.919597
88,98,14096.899274
88,100,14077.332188
88,105,14070.277211
88,108,14009.605056
89,41,19862.708980
89,43,18821.065980
89,44,18662.429872
89,45,17178.566052
89,48,17122.053423
89,49,16957.596338
89,50,16923.231611
89,51,16835.358404
89,52,16375.028427
89,53,16186.129987
89,55,15781.301400
89,60,15779.364346
89,64,15557.816499
89,66,15356.454222
89,69,15045.991841
89,73,14793.304691
89,77,14728.162008
89,80,14566.627203
89,83,14516.823487
89,86,14311.544039
89,88,14215.744953
89,91,14124.919597
89,98,14096.899274
89,100,14077.332188
89,105,14070.277211
89,108,14009.605056
90,41,19862.708980
90,43,18821.065980
90,44,18327.405145
90,45,17178.566052
90,48,17122.053423
90,49,16957.596338
90,50,16923.231611
90,51,16095.121407
90,55,15781.301400
90,60,15779.364346
90,64,15515.713821
90,66,15356.454222
90,69,15045.991841
90,73,14793.304691
90,77,14728.162008
90,80,14566.627203
90,83,14516.823487
90,86,14311.544039
90,88,14215.744953
90,91,14124.919597
90,98,14096.899274
90,100,14077.332188
90,105,14070.277211
90,108,14009.605056
91,41,19801.736762
91,43,18821.065980
91,44,18327.405145
91,45,17178.566052
91,47,16833.420863
91,50,16350.480890
91,51,16095.121407
91,53,15959.407568
91,55,15781.301400
91,60,15779.364346
91,61,15729.165298
91,64,15515.713821
91,66,15356.454222
91,69,15045.991841
91,73,14712.568222
91,80,14566.627203
91,83,14516.823487
91,86,14311.544039
91,88,14215.744953
91,91,14124.919597
91,95,14090.313536
91,100,14077.332188
91,105,14009.125207
92,41,19801.736762
92,43,18821.065980
92,44,18327.405145
92,45,17178.566052
92,47,16833.420863
92,50,16350.480890
92,51,16095.121407
92,52,15907.628130
92,55,15781.301400
92,57,15654.182541
92,61,15403.874111
92,65,15240.299594
92,69,15045.991841
92,73,14712.568222
92,74,14601.114036
92,77,14591.714095
92,78,14500.547220
92,83,14406.625442
92,86,14311.544039
92,88,14215.744953
92,89,14084.690734
92,95,14078.442674
92,100,14021.971284
92,103,13977.244926
93,41,19801.736762
93,43,18821.065980
93,44,18327.405145
93,45,17178.566052
93,47,16833.420863
93,50,16350.480890
93,51,16095.121407
93,52,15907.628130
93,54,15800.633803
93,55,15781.301400
93,57,15654.182541
93,61,15403.874111
93,65,15240.299594
93,67,15221.010411
93,69,15045.991841
93,72,14967.318570
93,73,14712.568222
93,74,14601.114036
93,77,14591.714095
93,78,14500.547220
93,82,14437.164520
93,83,14406.625442
93,86,14311.544039
93,88,14215.744953
93,89,14084.690734
93,95,14078.442674
93,100,14021.971284
93,103,13977.244926
94,41,19801.736762
94,43,18821.065980
94,44,18207.759418
94,45,17178.566052
94,46,17061.908484
94,47,16833.420863
94,50,16350.480890
94,51,16095.121407
94,52,15907.628130
94,54,15800.633803
94,55,15781.301400
94,57,15654.182541
94,59,15561.415095
94,60,15230.653671
94,67,15091.676738
94,69,15045.991841
94,71,14920.279235
94,73,14712.568222
94,74,14601.114036
94,77,14591.714095
94,78,14500.547220
94,82,14437.164520
94,83,14406.625442
94,86,14311.544039
94,88,14215.744953
94,89,14084.690734
94,95,14078.442674
94,100,14021.971284
94,103,13977.244926
95,41,19801.736762
95,43,18821.065980
95,44,17719.817524
95,45,17178.566052
95,46,17061.908484
95,47,16833.420863
95,49,16793.006728
95,50,16350.480890
95,51,15805.480723
95,54,15772.068575
95,56,15771.457958
95,57,15654.182541
95,59,15561.415095
95,60,15230.653671
95,67,15091.676738
95,69,15045.991841
95,71,14920.279235
95,73,14712.568222
95,74,14601.114036
95,77,14591.714095
95,78,14500.547220
95,82,14221.174734
95,88,14215.744953
95,89,14084.690734
95,95,14078.442674
95,100,14021.971284
95,103,13977.244926
96,40,21961.339878
96,41,19801.736762
96,43,18821.065980
96,44,17636.351105
96,45,17178.566052
96,46,17061.908484
96,47,16833.420863
96,49,16793.006728
96,50,16350.480890
96,51,15805.480723
96,54,15772.068575
96,55,15688.822936
96,57,15530.806283
96,59,15358.415864
96,60,15230.653671
96,67,15091.676738
96,69,15015.234705
96,71,14920.279235
96,73,14712.568222
96,74,14601.114036
96,77,14591.714095
96,78,14500.547220
96,80,14469.695398
96,82,14221.174734
96,88,14215.744953
96,89,14084.690734
96,95,14078.442674
96,100,14021.971284
96,103,13977.244926
97,40,21961.339878
97,41,19801.736762
97,43,18821.065980
97,44,17636.351105
97,45,17178.566052
97,46,17061.908484
97,47,16833.420863
97,48,16768.565735
97,50,16350.480890
97,51,15704.856351
97,55,15688.822936
97,57,15530.806283
97,59,15358.415864
97,60,15230.653671
97,66,15026.647558
97,69,15015.234705
97,71,14920.279235
97,73,14712.568222
97,74,14601.114036
97,77,14591.714095
97,78,14500.547220
97,80,14469.695398
97,82,14221.174734
97,88,14215.744953
97,89,14084.690734
97,95,14078.442674
97,100,14021.971284
97,103,13977.244926
98,40,21961.339878
98,41,19801.736762
98,43,18821.065980
98,44,17636.351105
98,45,17178.566052
98,46,17061.908484
98,47,16833.420863
98,48,16702.330677
98,49,16545.403440
98,50,16350.480890
98,51,15704.856351
98,55,15688.822936
98,57,15530.806283
98,59,15358.415864
98,60,15230.653671
98,65,14956.002436
98,71,14920.279235
98,73,14712.568222
98,74,14601.114036
98,77,14591.714095
98,78,14500.547220
98,80,14469.695398
98,82,14221.174734
98,88,14215.744953
98,89,14084.690734
98,95,14078.442674
98,100,14021.971284
98,103,13977.244926
99,40,21961.339878
99,41,19801.736762
99,42,18495.951889
99,44,17636.351105
99,45,17126.155613
99,46,17003.847392
99,47,16833.420863
99,48,16648.698796
99,49,16545.403440
99,50,16350.480890
99,51,15704.856351
99,55,15688.822936
99,57,15530.806283
99,58,15505.002943
99,59,15358.415864
99,60,15230.653671
99,65,14956.002436
99,71,14920.279235
99,73,14712.568222
99,74,14601.114036
99,77,14591.714095
99,78,14500.547220
99,80,14469.695398
99,82,14221.174734
99,88,14215.744953
99,89,14084.690734
99,95,14078.442674
99,98,14043.466458
99,100,14021.971284
99,103,13977.244926
100,40,21961.339878
100,41,19801.736762
100,42,18495.951889
100,44,17636.351105
100,45,16793.970766
100,46,16734.927963
100,48,16648.698796
100,49,16545.403440
100,50,16197.654489
100,51,15704.856351
100,55,15612.224079
100,57,15530.806283
100,58,15505.002943
100,59,15358.415864
100,60,15230.653671
100,65,14956.002436
100,70,14845.211057
100,73,14712.568222
100,74,14601.114036
100,77,14591.714095
100,78,14500.547220
100,80,14469.695398
100,82,14221.174734
100,88,14215.744953
100,89,14084.690734
100,95,14078.442674
100,98,14043.466458
100,100,14021.971284
100,103,13977.244926
101,40,21961.339878
101,41,19801.736762
101,42,18495.951889
101,44,17636.351105
101,45,16793.970766
101,46,16734.927963
101,48,16648.698796
101,49,16545.403440
101,50,16197.654489
101,51,15704.856351
101,55,15612.224079
101,57,15530.806283
101,58,15505.002943
101,59,15358.415864
101,60,15230.653671
101,65,14956.002436
101,70,14845.211057
101,73,14712.568222
101,74,14601.114036
101,77,14591.714095
101,78,14500.547220
101,80,14469.695398
101,82,14221.174734
101,88,14215.744953
101,89,14084.690734
101,95,14078.442674
101,98,14043.466458
101,100,14021.971284
101,103,13977.244926
102,40,21961.339878
102,41,19801.736762
102,42,18495.951889
102,44,17636.351105
102,45,16793.970766
102,46,16734.927963
102,47,16720.945563
102,48,16635.421525
102,49,16545.403440
102,50,16197.654489
102,51,15704.856351
102,55,15612.224079
102,57,15530.806283
102,58,15505.002943
102,59,15358.415864
102,60,15230.653671
102,65,14956.002436
102,70,14845.211057
102,72,14777.581756
102,73,14712.568222
102,74,14601.114036
102,77,14591.714095
102,78,14500.547220
102,80,14469.695398
102,82,14221.174734
102,88,14215.744953
102,89,14084.690734
102,95,14078.442674
102,98,14043.466458
102,100,14021.971284
102,103,13977.244926
103,40,21961.339878
103,41,19801.736762
103,42,18495.951889
103,44,17636.351105
103,45,16793.970766
103,46,16734.927963
103,47,16720.945563
103,48,16635.421525
103,49,16545.403440
103,50,16197.654489
103,51,15704.856351
103,55,15612.224079
103,57,15523.997373
103,58,15494.131772
103,59,15358.415864
103,60,15230.653671
103,65,14956.002436
103,70,14845.211057
103,72,14777.581756
103,73,14712.568222
103,74,14601.114036
103,76,14587.362858
103,78,14500.547220
103,80,14469.695398
103,82,14221.174734
103,88,14215.744953
103,89,14084.690734
103,95,14078.442674
103,98,14043.466458
103,100,14021.971284
103,103,13977.244926
104,40,21961.339878
104,41,19801.736762
104,42,18495.951889
104,44,17290.355774
104,45,16793.970766
104,46,16734.927963
104,47,16720.945563
104,48,16635.421525
104,49,16545.403440
104,50,16197.654489
104,51,15704.856351
104,55,15612.224079
104,57,15523.997373
104,58,15494.131772
104,59,15358.415864
104,60,15230.653671
104,65,14956.002436
104,70,14845.211057
104,72,14777.581756
104,73,14712.568222
104,74,14539.253203
104,78,14330.909324
104,80,14307.520855
104,82,14221.174734
104,88,14197.172241
104,89,14063.192632
104,95,14043.133420
104,98,14010.450979
104,99,13976.220467
104,101,13885.678186
105,40,21961.339878
105,41,19801.736762
105,42,17895.003182
105,43,17345.228217
105,44,17290.355774
105,45,16793.970766
105,46,16734.927963
105,47,16720.945563
105,48,16635.421525
105,49,16545.403440
105,50,16197.654489
105,51,15704.856351
105,55,15612.224079
105,57,15523.997373
105,58,15494.131772
105,59,15358.415864
105,60,15230.653671
105,65,14956.002436
105,70,14845.211057
105,72,14777.581756
105,73,14712.568222
105,74,14539.253203
105,78,14330.909324
105,80,14307.520855
105,82,14221.174734
105,85,14155.011561
105,89,14063.192632
105,95,14043.133420
105,98,14010.450979
105,99,13976.220467
105,101,13885.678186
106,40,21961.339878
106,41,18890.338419
106,42,17895.003182
106,43,17345.228217
106,44,17204.379796
106,45,16793.970766
106,46,16734.927963
106,47,16720.945563
106,48,16635.421525
106,49,16545.403440
106,50,16197.654489
106,51,15704.856351
106,55,15612.224079
106,57,15523.997373
106,58,15494.131772
106,59,15358.415864
106,60,15230.653671
106,65,14956.002436
106,70,14845.211057
106,72,14777.581756
106,73,14712.568222
106,74,14539.253203
106,78,14330.909324
106,80,14307.520855
106,82,14221.174734
106,85,14155.011561
106,89,14063.192632
106,95,14043.133420
106,98,14010.450979
106,99,13976.220467
106,101,13885.678186
107,40,21961.339878
107,41,18291.453301
107,42,17695.993051
107,43,17345.228217
107,44,17204.379796
107,45,16686.733074
107,48,16635.421525
107,49,16545.403440
107,50,16083.248800
107,51,15704.856351
107,55,15612.224079
107,57,15523.997373
107,58,15494.131772
107,59,15358.415864
107,60,15230.653671
107,65,14956.002436
107,70,14845.211057
107,72,14777.581756
107,73,14712.568222
107,74,14539.253203
107,78,14330.909324
107,80,14307.520855
107,82,14221.174734
107,85,14155.011561
107,89,14063.192632
107,95,14043.133420
107,98,14010.450979
107,99,13976.220467
107,101,13885.678186
108,40,21593.943125
108,41,18291.453301
108,42,17695.993051
108,43,17345.228217
108,44,17204.379796
108,45,16686.733074
108,48,16635.421525
108,49,16545.403440
108,50,16083.248800
108,51,15704.856351
108,54,15615.913220
108,55,15612.224079
108,57,15523.997373
108,58,15494.131772
108,59,15358.415864
108,60,15230.653671
108,65,14956.002436
108,70,14845.211057
108,72,14777.581756
108,73,14712.568222
108,74,14539.253203
108,78,14330.909324
108,80,14307.520855
108,82,14221.174734
108,85,14155.011561
108,89,14063.192632
108,95,14043.133420
108,98,14010.450979
108,99,13976.220467
108,101,13885.678186
109,40,21593.943125
109,41,18291.453301
109,42,17695.993051
109,43,17345.228217
109,44,17204.379796
109,45,16686.733074
109,48,16612.340435
109,49,16545.403440
109,50,16083.248800
109,51,15704.856351
109,54,15615.913220
109,55,15612.224079
109,57,15523.997373
109,58,15494.131772
109,59,15358.415864
109,60,15230.653671
109,65,14956.002436
109,70,14845.211057
109,71,14743.261630
109,73,14712.568222
109,74,14539.253203
109,77,14257.634938
109,82,14221.174734
109,83,14084.618762
109,89,14063.192632
109,95,14043.133420
109,96,13970.916378
109,101,13885.678186
110,40,21593.943125
110,41,18291.453301
110,42,17695.993051
110,43,16992.543156
110,45,16686.733074
110,48,16612.340435
110,49,16545.403440
110,50,16083.248800
110,51,15704.856351
110,54,15615.913220
110,55,15612.224079
110,57,15441.833208
110,59,15358.415864
110,60,15135.282545
110,65,14956.002436
110,70,14845.211057
110,71,14743.261630
110,73,14712.568222
110,74,14539.253203
110,77,14257.634938
110,82,14221.174734
110,83,14084.618762
110,89,14063.192632
110,95,14043.133420
110,96,13970.916378
110,99,13893.525817
110,101,13885.678186
111,40,21593.943125
111,41,17871.660548
111,42,17620.722397
111,43,16992.543156
111,45,16686.733074
111,48,16612.340435
111,49,16545.403440
111,50,16083.248800
111,51,15704.856351
111,54,15615.913220
111,55,15612.224079
111,57,15441.833208
111,59,15358.415864
111,60,15135.282545
111,65,14956.002436
111,70,14845.211057
111,71,14743.261630
111,73,14712.568222
111,74,14539.253203
111,77,14257.634938
111,82,14221.174734
111,83,14084.618762
111,89,14063.192632
111,95,14043.133420
111,96,13970.916378
111,99,13893.525817
111,101,13885.678186
112,40,21593.943125
112,41,17871.660548
112,42,17471.059017
112,43,16992.543156
112,45,16686.733074
112,48,16612.340435
112,49,16545.403440
112,50,16083.248800
112,51,15704.856351
112,54,15615.913220
112,55,15612.224079
112,57,15441.833208
112,59,15358.415864
112,60,15135.282545
112,65,14956.002436
112,70,14845.211057
112,71,14743.261630
112,72,14472.240028
112,77,14257.634938
112,82,14221.174734
112,83,14084.618762
112,89,14063.192632
112,95,14043.133420
112,96,13970.916378
112,98,13916.045450
112,99,13887.361003
112,101,13885.678186
113,40,21593.943125
113,41,17871.660548
113,42,17471.059017
113,43,16992.543156
113,45,16686.733074
113,48,16612.340435
113,49,16545.403440
113,50,16083.248800
113,51,15704.856351
113,54,15615.913220
113,55,15612.224079
113,57,15441.833208
113,59,15358.415864
113,60,15135.282545
113,63,15127.843311
113,65,14956.002436
113,70,14845.211057
113,71,14743.261630
113,72,14472.240028
113,77,14257.634938
113,82,14221.174734
113,83,14084.618762
113,89,14063.192632
113,95,14043.133420
113,96,13970.916378
113,98,13916.045450
113,99,13887.361003
113,101,13885.678186
114,40,21593.943125
114,41,17704.893580
114,42,17471.059017
114,43,16992.543156
114,45,16686.733074
114,46,16510.430779
114,50,16083.248800
114,51,15704.856351
114,54,15615.913220
114,55,15612.224079
114,57,15441.833208
114,59,15358.415864
114,60,15135.282545
114,63,15127.843311
114,65,14956.002436
114,70,14845.211057
114,71,14743.261630
114,72,14394.668304
114,77,14246.823361
114,82,13968.088324
114,98,13916.045450
114,99,13791.807345
115,40,21593.943125
115,41,17704.893580
115,42,17451.716159
115,43,16992.543156
115,44,16209.709156
115,50,16083.248800
115,51,15704.856351
115,54,15615.913220
115,55,15612.224079
115,57,15441.833208
115,59,15358.415864
115,60,15135.282545
115,63,15127.843311
115,65,14956.002436
115,70,14845.211057
115,71,14743.261630
115,72,14394.668304
115,77,14246.823361
115,82,13968.088324
115,97,13876.529854
115,99,13791.807345
116,40,21593.943125
116,41,17704.893580
116,42,17451.716159
116,43,16992.543156
116,44,16209.709156
116,50,16083.248800
116,51,15704.856351
116,54,15615.913220
116,55,15612.224079
116,57,15441.833208
116,59,15358.415864
116,60,15135.282545
116,63,15127.843311
116,65,14956.002436
116,70,14845.211057
116,71,14743.261630
116,72,14394.668304
116,75,14385.471455
116,77,14246.823361
116,82,13968.088324
116,97,13876.529854
116,99,13791.807345
117,40,21593.943125
117,41,17704.893580
117,42,17451.716159
117,43,16992.543156
117,44,16209.709156
117,50,16083.248800
117,51,15704.856351
117,54,15615.913220
117,55,15612.224079
117,57,15441.833208
117,59,15293.976459
117,60,15135.282545
117,63,15127.843311
117,65,14956.002436
117,70,14845.211057
117,71,14743.261630
117,72,14394.668304
117,75,14385.471455
117,77,14246.823361
117,82,13968.088324
117,97,13876.529854
117,99,13791.807345
118,39,21940.046111
118,40,21593.943125
118,41,17704.893580
118,42,17451.716159
118,43,16992.543156
118,44,16204.799229
118,50,16083.248800
118,51,15704.856351
118,54,15615.913220
118,55,15612.224079
118,57,15441.833208
118,59,15293.976459
118,60,15135.282545
118,63,15127.843311
118,65,14956.002436
118,70,14845.211057
118,71,14743.261630
118,72,14394.668304
118,75,14385.471455
118,77,14246.823361
118,82,13968.088324
118,88,13880.694873
118,97,13876.529854
118,99,13791.807345
119,39,21940.046111
119,40,21593.943125
119,41,17704.893580
119,42,17451.716159
119,43,16992.543156
119,44,16204.799229
119,45,16174.453213
119,46,16061.820641
119,51,15704.856351
119,54,15615.913220
119,55,15612.224079
119,57,15441.833208
119,59,15293.976459
119,60,15135.282545
119,63,15127.843311
119,65,14922.752890
119,70,14655.322057
119,71,14384.411350
119,75,14335.145463
119,77,14246.823361
119,82,13968.088324
119,87,13843.177889
119,99,13754.475078
120,39,21940.046111
120,40,21593.943125
120,41,17704.893580
120,42,17451.716159
120,43,16992.543156
120,44,16204.799229
120,45,16174.453213
120,46,16061.820641
120,51,15704.856351
120,54,15615.913220
120,55,15612.224079
120,57,15441.833208
120,59,15293.976459
120,60,15135.282545
120,63,15127.843311
120,65,14922.752890
120,70,14655.322057
120,71,14384.411350
120,75,14335.145463
120,77,14246.823361
120,82,13968.088324
120,87,13843.177889
120,99,13754.475078
121,39,21940.046111
121,40,21593.943125
121,41,17704.893580
121,42,17451.716159
121,43,16992.543156
121,44,16117.346661
121,46,16061.820641
121,51,15704.856351
121,54,15615.913220
121,55,15612.224079
121,57,15441.833208
121,59,15293.976459
121,60,15135.282545
121,63,15127.843311
121,65,14922.752890
121,70,14655.322057
121,71,14384.411350
121,75,14335.145463
121,77,14246.823361
121,82,13968.088324
121,87,13843.177889
121,99,13754.475078
122,39,21940.046111
122,40,21593.943125
122,41,17607.278439
122,42,17451.716159
122,43,16177.326870
122,44,16117.346661
122,46,16061.820641
122,51,15704.856351
122,54,15615.913220
122,55,15612.224079
122,57,15441.833208
122,59,15293.976459
122,60,15135.282545
122,63,15127.843311
122,65,14922.752890
122,70,14655.322057
122,71,14384.411350
122,75,14335.145463
122,77,14246.823361
122,82,13968.088324
122,87,13843.177889
122,96,13832.745566
122,99,13754.475078
123,39,21940.046111
123,40,21593.943125
123,41,17574.767971
123,42,17451.716159
123,43,16177.326870
123,44,16117.346661
123,46,16061.820641
123,50,15771.122153
123,51,15704.856351
123,54,15615.913220
123,55,15612.224079
123,57,15415.792590
123,58,15370.195039
123,59,15293.976459
123,60,15135.282545
123,63,15127.843311
123,65,14922.752890
123,70,14655.322057
123,71,14384.411350
123,75,14335.145463
123,77,14246.823361
123,82,13968.088324
123,87,13843.177889
123,93,13794.937046
123,99,13754.475078
124,39,21940.046111
124,40,18107.711140
124,41,17574.767971
124,42,17451.716159
124,43,16177.326870
124,44,16117.346661
124,45,16086.260496
124,46,16061.820641
124,48,16021.322870
124,49,15899.061988
124,50,15771.122153
124,51,15704.856351
124,54,15615.913220
124,55,15612.224079
124,57,15415.792590
124,58,15370.195039
124,59,15293.976459
124,60,15135.282545
124,63,15127.843311
124,64,14895.290206
124,70,14655.322057
124,71,14320.003166
124,77,14246.823361
124,78,14126.553811
124,82,13968.088324
124,87,13843.177889
124,92,13708.327594
125,39,21940.046111
125,40,18107.711140
125,41,17574.767971
125,42,17451.716159
125,43,16177.326870
125,44,16117.346661
125,45,16086.260496
125,46,16061.820641
125,48,16021.322870
125,49,15899.061988
125,50,15771.122153
125,51,15704.856351
125,54,15615.913220
125,55,15612.224079
125,57,15415.792590
125,58,15370.195039
125,59,15293.976459
125,60,15135.282545
125,63,15127.843311
125,64,14895.290206
125,70,14655.322057
125,71,14320.003166
125,77,14246.823361
125,78,14126.553811
125,82,13968.088324
125,84,13847.341375
125,87,13843.177889
125,89,13829.201988
125,92,13708.327594
126,39,21940.046111
126,40,17920.894142
126,41,17574.767971
126,42,17451.716159
126,43,16177.326870
126,44,16117.346661
126,45,16086.260496
126,46,16061.820641
126,47,16061.048426
126,48,16021.322870
126,49,15842.252569
126,50,15771.122153
126,51,15704.856351
126,52,15694.423607
126,54,15615.913220
126,55,15583.498867
126,56,15554.869476
126,57,15415.792590
126,58,15370.195039
126,59,15293.976459
126,60,15135.282545
126,63,15127.843311
126,64,14895.290206
126,70,14655.322057
126,71,14320.003166
126,77,14246.823361
126,78,14126.553811
126,82,13968.088324
126,84,13847.341375
126,87,13843.177889
126,89,13829.201988
126,92,13708.327594
127,39,21940.046111
127,40,17920.894142
127,41,17574.767971
127,42,17279.454347
127,43,16177.326870
127,44,16117.346661
127,45,16086.260496
127,46,16061.820641
127,47,16061.048426
127,48,16021.322870
127,49,15842.252569
127,50,15771.122153
127,51,15704.856351
127,52,15694.423607
127,54,15615.913220
127,55,15583.498867
127,56,15554.869476
127,57,15415.792590
127,58,15370.195039
127,59,15293.976459
127,60,15135.282545
127,63,15127.843311
127,64,14895.290206
127,70,14655.322057
127,71,14320.003166
127,77,14246.823361
127,78,14126.553811
127,82,13968.088324
127,84,13847.341375
127,87,13843.177889
127,89,13829.201988
127,92,13708.327594
128,39,21940.046111
128,40,17920.894142
128,41,17574.767971
128,42,17038.149854
128,43,16177.326870
128,44,16117.346661
128,45,16086.260496
128,46,16061.820641
128,47,16061.048426
128,48,16021.322870
128,49,15842.252569
128,50,15771.122153
128,51,15704.856351
128,52,15694.423607
128,54,15615.913220
128,55,15583.498867
128,56,15539.007530
128,57,15415.792590
128,58,15370.195039
128,59,15293.976459
128,60,15135.282545
128,63,15127.843311
128,64,14895.290206
128,70,14655.322057
128,71,14320.003166
128,77,14246.823361
128,78,14126.553811
128,82,13968.088324
128,84,13847.341375
128,87,13843.177889
128,89,13829.201988
128,92,13708.327594
129,39,21940.046111
129,40,17920.894142
129,41,17067.175843
129,42,17038.149854
129,43,16177.326870
129,44,16117.346661
129,45,16084.222663
129,46,16061.820641
129,47,16061.048426
129,48,16021.322870
129,49,15842.252569
129,50,15771.122153
129,51,15704.856351
129,52,15694.423607
129,54,15615.913220
129,55,15500.355692
129,57,15415.792590
129,58,15370.195039
129,59,15293.976459
129,60,15135.282545
129,63,15127.843311
129,64,14750.129375
129,70,14634.619658
129,71,14237.466069
129,77,14214.303974
129,78,14116.687363
129,82,13968.088324
129,84,13847.341375
129,86,13839.481719
129,89,13762.180979
129,92,13685.292438
130,39,21940.046111
130,40,17920.894142
130,41,17067.175843
130,42,17038.149854
130,43,16177.326870
130,44,16117.346661
130,45,16084.222663
130,46,15989.487760
130,49,15842.252569
130,50,15771.122153
130,51,15704.856351
130,52,15694.423607
130,54,15615.913220
130,55,15500.355692
130,56,15462.446844
130,57,15415.792590
130,58,15370.195039
130,59,15132.419559
130,63,15127.843311
130,64,14750.129375
130,70,14634.619658
130,71,14237.466069
130,77,14214.303974
130,78,14116.687363
130,82,13968.088324
130,84,13847.341375
130,86,13839.481719
130,89,13762.180979
130,92,13685.292438
131,39,21940.046111
131,40,17920.894142
131,41,17067.175843
131,42,17038.149854
131,43,16177.326870
131,44,16117.346661
131,45,16084.222663
131,46,15913.477352
131,48,15858.668596
131,49,15842.252569
131,50,15611.731275
131,52,15485.785032
131,56,15462.446844
131,57,15415.792590
131,58,15370.195039
131,59,15132.419559
131,63,15127.843311
131,64,14750.129375
131,70,14634.619658
131,71,14237.466069
131,77,14214.303974
131,78,14116.687363
131,82,13968.088324
131,84,13847.341375
131,86,13826.353279
131,87,13713.242956
131,92,13685.292438
132,39,21940.046111
132,40,17920.894142
132,41,17067.175843
132,42,17038.149854
132,43,16177.326870
132,44,16117.346661
132,45,16084.222663
132,46,15913.477352
132,48,15858.668596
132,49,15842.252569
132,50,15611.731275
132,52,15485.785032
132,55,15399.752269
132,58,15370.195039
132,59,15132.419559
132,63,15127.843311
132,64,14750.129375
132,70,14634.619658
132,71,14237.466069
132,77,14214.303974
132,78,14116.687363
132,82,13968.088324
132,84,13847.341375
132,86,13826.353279
132,87,13713.242956
132,92,13685.292438
133,39,21940.046111
133,40,17920.894142
133,41,17067.175843
133,42,17038.149854
133,43,16177.326870
133,44,16117.346661
133,45,16084.222663
133,46,15913.477352
133,48,15858.668596
133,49,15842.252569
133,50,15611.731275
133,52,15485.785032
133,55,15399.752269
133,58,15370.195039
133,59,15132.419559
133,63,15127.843311
133,64,14750.129375
133,70,14634.619658
133,71,14237.466069
133,77,14214.303974
133,78,14116.687363
133,82,13968.088324
133,84,13847.341375
133,86,13826.353279
133,87,13713.242956
133,92,13685.292438
134,39,21170.591704
134,40,17920.894142
134,41,17067.175843
134,42,17037.569050
134,43,16177.326870
134,44,16117.346661
134,45,16084.222663
134,46,15913.477352
134,48,15858.668596
134,49,15842.252569
134,50,15611.731275
134,52,15485.785032
134,55,15399.752269
134,57,15253.708914
134,59,15132.419559
134,63,15127.843311
134,64,14592.849965
134,71,14205.152436
134,78,14066.347556
134,82,13968.088324
134,83,13791.246867
134,87,13713.242956
134,92,13685.292438
135,39,21170.591704
135,40,17920.894142
135,41,17067.175843
135,42,17037.569050
135,43,16177.326870
135,44,16117.346661
135,45,16008.608628
135,46,15913.477352
135,48,15823.904973
135,50,15611.731275
135,52,15485.785032
135,55,15399.752269
135,57,15253.708914
135,59,15132.419559
135,63,15127.843311
135,64,14592.849965
135,71,14205.152436
135,78,14066.347556
135,82,13968.088324
135,83,13791.246867
135,87,13713.242956
135,92,13685.292438
136,39,21170.591704
136,40,17920.894142
136,41,17067.175843
136,42,17037.569050
136,43,16177.326870
136,44,15877.393143
136,48,15810.924664
136,50,15611.731275
136,52,15485.785032
136,54,15465.961609
136,55,15399.752269
136,57,15253.708914
136,59,15132.419559
136,63,15127.843311
136,64,14592.849965
136,71,14205.152436
136,78,14066.347556
136,82,13968.088324
136,83,13791.246867
136,87,13713.242956
136,92,13685.292438
137,39,21170.591704
137,40,17920.894142
137,41,17067.175843
137,42,17037.569050
137,43,16177.326870
137,44,15877.393143
137,48,15810.924664
137,49,15760.939410
137,50,15611.731275
137,52,15485.785032
137,54,15465.961609
137,55,15399.752269
137,57,15253.708914
137,59,15132.419559
137,61,15090.943911
137,64,14592.849965
137,71,14205.152436
137,78,14066.347556
137,82,13968.088324
137,83,13791.246867
137,87,13713.242956
137,92,13685.292438
138,39,21170.591704
138,40,17920.894142
138,41,17067.175843
138,42,17037.569050
138,43,16177.326870
138,44,15877.393143
138,47,15841.684557
138,48,15810.924664
138,49,15746.127541
138,50,15611.731275
138,52,15477.224483
138,54,15367.228080
138,57,15253.708914
138,59,15132.419559
138,60,15111.965781
138,61,15090.943911
138,64,14592.849965
138,71,14205.152436
138,78,14066.347556
138,82,13968.088324
138,83,13791.246867
138,87,13713.242956
138,92,13685.292438
139,39,21170.591704
139,40,17920.894142
139,41,17067.175843
139,42,17037.569050
139,43,16177.326870
139,44,15877.393143
139,47,15841.684557
139,48,15810.924664
139,49,15746.127541
139,50,15611.731275
139,51,15587.534789
139,52,15477.224483
139,53,15415.560438
139,54,15367.228080
139,57,15253.708914
139,59,15030.283269
139,60,15001.899831
139,63,14537.672422
139,70,14202.368527
139,78,14039.573281
139,82,13771.454948
139,84,13667.976383
139,91,13643.512250
140,39,21170.591704
140,40,17920.894142
140,41,17067.175843
140,42,17037.569050
140,43,16177.326870
140,44,15877.393143
140,47,15841.684557
140,48,15810.924664
140,49,15746.127541
140,50,15611.731275
140,51,15587.534789
140,52,15477.224483
140,53,15415.560438
140,54,15367.228080
140,56,15270.208165
140,57,15253.708914
140,59,15030.283269
140,60,15001.899831
140,63,14537.672422
140,70,14202.368527
140,77,14035.002687
140,78,13911.133697
140,82,13771.454948
140,84,13667.976383
140,91,13643.512250
141,39,21170.591704
141,40,17920.894142
141,41,17067.175843
141,42,17037.569050
141,43,16177.326870
141,44,15877.393143
141,47,15841.684557
141,48,15810.924664
141,49,15746.127541
141,50,15611.731275
141,51,15587.534789
141,52,15477.224483
141,53,15415.560438
141,54,15367.228080
141,56,15270.208165
141,57,15253.708914
141,59,15030.283269
141,60,15001.899831
141,63,14537.672422
141,70,14202.368527
141,77,14035.002687
141,78,13911.133697
141,82,13771.454948
141,84,13667.976383
141,91,13643.512250
142,39,21170.591704
142,40,17920.894142
142,41,17067.175843
142,42,16846.556553
142,43,16177.326870
142,44,15877.393143
142,47,15841.684557
142,48,15810.924664
142,49,15746.127541
142,50,15611.731275
142,51,15587.534789
142,52,15477.224483
142,53,15415.560438
142,54,15367.228080
142,56,15270.208165
142,57,15253.708914
142,59,15030.283269
142,60,15001.899831
142,63,14537.672422
142,70,14202.368527
142,77,14035.002687
142,78,13911.133697
142,80,13890.931248
142,82,13771.454948
142,84,13667.976383
142,91,13643.512250
143,39,21170.591704
143,40,17920.894142
143,41,17067.175843
143,42,16846.556553
143,43,16177.326870
143,44,15877.393143
143,47,15841.684557
143,48,15810.924664
143,49,15582.707007
143,52,15477.224483
143,53,15396.046600
143,54,15367.228080
143,56,15270.208165
143,57,15253.708914
143,59,15030.283269
143,60,15001.899831
143,63,14537.672422
143,70,14202.368527
143,77,14035.002687
143,78,13911.133697
143,80,13890.931248
143,82,13771.454948
143,84,13667.976383
143,91,13643.512250
144,39,21167.644794
144,40,17920.894142
144,41,17067.175843
144,42,16846.556553
144,43,16177.326870
144,44,15877.393143
144,47,15841.684557
144,48,15810.924664
144,49,15582.707007
144,52,15477.224483
144,53,15396.046600
144,54,15367.228080
144,56,15270.208165
144,57,15253.708914
144,58,14894.750210
144,63,14537.672422
144,69,14176.622163
144,77,13808.073246
144,82,13771.454948
144,84,13638.953937
144,90,13638.222905
145,39,21167.644794
145,40,17920.894142
145,41,17067.175843
145,42,16846.556553
145,43,16177.326870
145,44,15877.393143
145,45,15867.145243
145,47,15841.684557
145,48,15810.924664
145,49,15582.707007
145,52,15446.980657
145,53,15342.607180
145,56,15270.208165
145,57,15253.708914
145,58,14894.750210
145,63,14537.672422
145,69,14176.622163
145,77,13808.073246
145,82,13771.454948
145,84,13638.953937
145,90,13638.222905
146,39,21167.644794
146,40,17920.894142
146,41,17067.175843
146,42,16846.556553
146,43,16177.326870
146,44,15877.393143
146,45,15867.145243
146,47,15841.684557
146,48,15804.427845
146,49,15582.707007
146,52,15423.132652
146,53,15342.607180
146,56,15270.208165
146,57,15253.708914
146,58,14894.750210
146,63,14537.672422
146,69,14176.622163
146,77,13808.073246
146,82,13771.454948
146,84,13638.953937
146,90,13638.222905
147,39,21167.644794
147,40,17920.894142
147,41,17067.175843
147,42,16846.556553
147,43,16177.326870
147,44,15877.393143
147,45,15867.145243
147,47,15841.684557
147,48,15804.427845
147,49,15582.707007
147,52,15423.132652
147,53,15342.607180
147,55,15084.196758
147,57,14964.708359
147,58,14894.750210
147,63,14537.672422
147,69,14176.622163
147,77,13808.073246
147,82,13771.454948
147,84,13638.953937
147,90,13638.222905
148,39,21167.644794
148,40,17920.894142
148,41,17067.175843
148,42,16846.556553
148,43,16177.326870
148,44,15877.393143
148,45,15867.145243
148,47,15829.099054
148,48,15804.427845
148,49,15582.707007
148,52,15423.132652
148,53,15342.607180
148,55,15084.196758
148,57,14964.708359
148,58,14894.750210
148,63,14537.672422
148,69,14176.622163
148,77,13808.073246
148,82,13771.454948
148,84,13638.953937
148,90,13638.222905
149,39,21167.644794
149,40,17920.894142
149,41,17067.175843
149,42,16846.556553
149,43,16177.326870
149,44,15786.186234
149,48,15739.453885
149,49,15582.707007
149,51,15485.748416
149,52,15423.132652
149,53,15342.607180
149,55,15023.322006
149,56,14845.598223
149,62,14415.637799
149,69,14176.622163
149,76,13785.922626
149,82,13771.454948
149,83,13545.755891
150,39,21156.380530
150,40,17920.894142
150,41,17067.175843
150,42,16846.556553
150,43,16177.326870
150,44,15786.186234
150,46,15699.327753
150,49,15582.707007
150,51,15485.748416
150,52,15423.132652
150,53,15288.036744
150,55,15023.322006
150,56,14845.598223
150,62,14415.637799
150,69,14176.622163
150,76,13785.922626
150,82,13771.454948
150,83,13545.755891
151,39,21156.380530
151,40,17920.894142
151,41,17067.175843
151,42,16846.556553
151,43,16177.326870
151,44,15786.186234
151,46,15699.327753
151,49,15582.707007
151,51,15485.748416
151,52,15423.132652
151,53,15288.036744
151,55,15023.322006
151,56,14845.598223
151,62,14415.637799
151,69,14176.622163
151,76,13785.922626
151,82,13771.454948
151,83,13545.755891
152,39,21156.380530
152,40,17893.029614
152,41,17011.225109
152,42,16788.173564
152,43,16177.326870
152,44,15786.186234
152,46,15699.327753
152,49,15582.707007
152,51,15485.748416
152,52,15423.132652
152,53,15288.036744
152,55,15023.322006
152,56,14845.598223
152,62,14415.637799
152,69,14176.622163
152,76,13785.922626
152,82,13771.454948
152,83,13545.755891
153,39,21156.380530
153,40,17893.029614
153,41,17011.225109
153,42,16788.173564
153,43,16177.326870
153,44,15786.186234
153,46,15699.327753
153,49,15461.486655
153,52,15423.132652
153,53,15288.036744
153,54,15231.639620
153,55,15023.322006
153,56,14845.598223
153,62,14415.637799
153,69,14176.622163
153,76,13785.922626
153,82,13771.454948
153,83,13545.755891
154,39,21156.380530
154,40,17893.029614
154,41,17011.225109
154,42,16788.173564
154,43,16177.326870
154,44,15786.186234
154,45,15566.607818
154,48,15355.063477
154,52,15282.803097
154,54,15231.639620
154,55,14964.460073
154,56,14837.869087
154,62,14406.301127
154,69,14158.680374
154,76,13785.922626
154,81,13758.433493
154,82,13508.027823
155,39,21156.380530
155,40,17893.029614
155,41,17011.225109
155,42,16788.173564
155,43,16177.326870
155,44,15781.001806
155,45,15566.607818
155,48,15355.063477
155,52,15282.803097
155,53,15201.644461
155,55,14964.460073
155,56,14837.869087
155,62,14406.301127
155,69,14158.680374
155,76,13785.922626
155,81,13758.433493
155,82,13508.027823
156,39,21156.380530
156,40,17893.029614
156,41,17011.225109
156,42,16788.173564
156,43,16177.326870
156,44,15781.001806
156,45,15566.607818
156,48,15355.063477
156,52,15282.803097
156,53,15201.644461
156,55,14964.460073
156,56,14837.869087
156,62,14406.301127
156,69,14158.680374
156,76,13785.922626
156,81,13758.433493
156,82,13508.027823
157,39,21156.380530
157,40,17893.029614
157,41,17011.225109
157,42,16788.173564
157,43,16177.326870
157,44,15781.001806
157,45,15521.273719
157,47,15411.919516
157,48,15355.063477
157,52,15282.803097
157,53,15168.838351
157,55,14964.460073
157,56,14837.869087
157,62,14406.301127
157,69,14158.680374
157,76,13785.922626
157,81,13758.433493
157,82,13508.027823
158,39,21156.380530
158,40,17893.029614
158,41,17011.225109
158,42,16676.320976
158,43,15990.942386
158,44,15781.001806
158,45,15521.273719
158,47,15411.919516
158,48,15355.063477
158,52,15282.803097
158,53,15168.838351
158,55,14964.460073
158,56,14837.869087
158,62,14406.301127
158,69,14158.680374
158,76,13785.922626
158,81,13758.433493
158,82,13508.027823
159,39,21156.380530
159,40,17893.029614
159,41,17011.225109
159,42,16676.320976
159,43,15990.942386
159,44,15778.459944
159,45,15521.273719
159,47,15399.744798
159,48,15355.063477
159,50,15289.556268
159,51,15287.315462
159,52,15282.803097
159,53,15112.893421
159,54,14942.282530
159,56,14786.916176
159,62,14355.684597
159,69,14022.924288
159,76,13785.922626
159,81,13758.433493
159,82,13461.372679
160,39,21156.380530
160,40,17893.029614
160,41,17011.225109
160,42,16676.320976
160,43,15990.942386
160,44,15778.459944
160,45,15521.273719
160,47,15389.158816
160,48,15333.704104
160,50,15262.687955
160,53,15112.893421
160,54,14942.282530
160,56,14786.916176
160,62,14355.684597
160,69,14022.924288
160,76,13785.922626
160,81,13758.433493
160,82,13461.372679
161,39,21156.380530
161,40,17893.029614
161,41,17011.225109
161,42,16676.320976
161,43,15990.942386
161,44,15778.459944
161,45,15521.273719
161,47,15347.417077
161,48,15333.704104
161,50,15262.687955
161,51,15230.293664
161,53,15112.893421
161,54,14942.282530
161,56,14786.916176
161,62,14355.684597
161,69,14022.924288
161,76,13785.922626
161,81,13758.433493
161,82,13461.372679
162,39,21156.380530
162,40,17893.029614
162,41,16826.777970
162,42,16676.320976
162,43,15990.942386
162,44,15778.459944
162,45,15521.273719
162,47,15347.417077
162,48,15333.704104
162,50,15262.687955
162,51,15226.041192
162,53,15112.893421
162,54,14942.282530
162,56,14786.916176
162,62,14355.684597
162,69,14022.924288
162,76,13785.922626
162,81,13758.433493
162,82,13461.372679
163,39,21156.380530
163,40,17230.789310
163,41,16802.870815
163,42,16676.320976
163,43,15990.942386
163,44,15728.471249
163,45,15521.273719
163,47,15347.417077
163,48,15333.704104
163,50,15262.687955
163,51,15145.990967
163,53,15112.893421
163,54,14942.282530
163,56,14786.916176
163,62,14355.684597
163,69,14022.924288
163,76,13785.922626
163,81,13758.433493
163,82,13461.372679
164,39,21156.380530
164,40,17230.789310
164,41,16802.870815
164,42,16676.320976
164,43,15990.942386
164,44,15728.471249
164,45,15521.273719
164,47,15347.417077
164,48,15333.704104
164,49,15111.078760
164,51,15046.278626
164,54,14942.282530
164,56,14786.916176
164,62,14335.955955
164,69,13991.898553
164,76,13785.922626
164,81,13758.433493
164,82,13431.015881
165,39,21156.380530
165,40,17230.789310
165,41,16802.870815
165,42,16676.320976
165,43,15990.942386
165,44,15652.221568
165,45,15521.273719
165,47,15347.417077
165,48,15333.704104
165,49,15111.078760
165,51,15046.278626
165,53,15012.599116
165,54,14942.282530
165,56,14786.916176
165,62,14335.955955
165,69,13991.898553
165,76,13785.922626
165,81,13758.433493
165,82,13431.015881
166,39,21156.380530
166,40,17230.789310
166,41,16802.870815
166,42,16676.320976
166,43,15990.942386
166,44,15652.221568
166,45,15521.273719
166,47,15347.417077
166,48,15333.704104
166,49,15111.078760
166,51,15046.278626
166,53,15012.599116
166,54,14942.282530
166,56,14786.916176
166,62,14335.955955
166,69,13991.898553
166,76,13785.922626
166,81,13758.433493
166,82,13431.015881
167,39,21156.380530
167,40,17072.148393
167,41,16802.870815
167,42,16676.320976
167,43,15990.942386
167,44,15652.221568
167,45,15521.273719
167,47,15347.417077
167,48,15333.704104
167,49,15111.078760
167,51,15046.278626
167,53,15012.599116
167,54,14942.282530
167,56,14786.916176
167,62,14335.955955
167,69,13991.898553
167,76,13785.922626
167,81,13758.433493
167,82,13431.015881
168,39,21156.380530
168,40,17036.700288
168,41,16802.870815
168,42,16676.320976
168,43,15888.139346
168,44,15652.221568
168,45,15521.273719
168,46,15516.696507
168,47,15347.417077
168,48,15333.704104
168,49,15111.078760
168,51,15046.278626
168,53,15012.599116
168,54,14942.282530
168,56,14786.916176
168,62,14335.955955
168,69,13991.898553
168,76,13785.922626
168,81,13758.433493
168,82,13431.015881
169,39,21156.380530
169,40,17036.700288
169,41,16802.870815
169,42,16676.320976
169,43,15888.139346
169,44,15652.221568
169,45,15521.273719
169,46,15502.388890
169,47,15347.417077
169,48,15333.704104
169,49,14928.113945
169,53,14865.835520
169,56,14786.916176
169,62,14239.171415
169,69,13988.867338
169,76,13757.376811
169,82,13431.015881
170,39,21068.835978
170,40,17036.700288
170,41,16802.870815
170,42,16676.320976
170,43,15888.139346
170,44,15652.221568
170,45,15521.273719
170,46,15502.388890
170,47,15347.417077
170,48,15333.704104
170,49,14928.113945
170,53,14865.835520
170,56,14786.916176
170,62,14239.171415
170,69,13988.867338
170,76,13757.376811
170,82,13431.015881
171,39,21068.835978
171,40,17036.700288
171,41,16802.870815
171,42,16335.992078
171,43,15888.139346
171,44,15530.989394
171,45,15521.273719
171,46,15502.388890
171,47,15347.417077
171,48,15333.704104
171,49,14928.113945
171,53,14865.835520
171,56,14786.916176
171,62,14239.171415
171,69,13988.867338
171,76,13757.376811
171,82,13431.015881
172,39,21068.835978
172,40,17036.700288
172,41,16659.115104
172,42,16066.498700
172,43,15888.139346
172,44,15530.989394
172,45,15521.273719
172,46,15502.388890
172,47,15347.417077
172,48,15333.704104
172,49,14928.113945
172,53,14865.835520
172,56,14786.916176
172,62,14239.171415
172,69,13988.867338
172,76,13757.376811
172,82,13431.015881
173,39,21068.835978
173,40,17036.700288
173,41,16659.115104
173,42,16066.498700
173,43,15888.139346
173,44,15530.989394
173,45,15521.273719
173,46,15502.388890
173,47,15347.417077
173,48,15333.704104
173,49,14928.113945
173,53,14865.835520
173,56,14786.916176
173,61,14725.102342
173,62,14239.171415
173,69,13988.867338
173,76,13757.376811
173,82,13431.015881
174,39,21068.835978
174,40,17036.700288
174,41,16659.115104
174,42,16066.498700
174,43,15888.139346
174,44,15530.989394
174,45,15521.273719
174,46,15502.388890
174,47,15276.720151
174,48,14917.271528
174,53,14865.835520
174,56,14786.916176
174,61,14215.230364
174,69,13988.867338
174,76,13735.716775
174,82,13431.015881
175,39,21068.835978
175,40,17036.700288
175,41,16659.115104
175,42,16066.498700
175,43,15888.139346
175,44,15530.989394
175,45,15521.273719
175,46,15502.388890
175,47,15276.720151
175,48,14917.271528
175,53,14865.835520
175,56,14786.916176
175,59,14647.020070
175,61,14215.230364
175,69,13988.867338
175,76,13735.716775
175,82,13431.015881
176,39,21068.835978
176,40,17036.700288
176,41,16451.357000
176,42,16066.498700
176,43,15888.139346
176,44,15530.989394
176,45,15430.683637
176,47,15276.720151
176,48,14917.271528
176,53,14865.835520
176,56,14786.916176
176,59,14647.020070
176,61,14215.230364
176,69,13988.867338
176,76,13735.716775
176,82,13431.015881
177,39,20805.193771
177,40,17036.700288
177,41,16451.357000
177,42,16022.640127
177,43,15888.139346
177,44,15450.380532
177,45,15430.683637
177,47,15276.720151
177,48,14917.271528
177,53,14865.835520
177,56,14786.916176
177,59,14647.020070
177,61,14215.230364
177,69,13988.867338
177,75,13849.308294
177,76,13735.716775
177,81,13694.426861
177,82,13431.015881
178,39,20805.193771
178,40,17036.700288
178,41,16451.357000
178,42,16008.454120
178,43,15829.652428
178,44,15450.380532
178,45,15430.683637
178,47,15276.720151
178,48,14917.271528
178,53,14865.835520
178,56,14786.916176
178,59,14647.020070
178,60,14543.616660
178,61,14215.230364
178,69,13988.867338
178,75,13849.308294
178,76,13735.716775
178,81,13694.426861
178,82,13431.015881
179,39,20805.193771
179,40,17036.700288
179,41,16451.357000
179,42,16008.454120
179,43,15829.652428
179,44,15450.380532
179,45,15430.683637
179,46,15263.330006
179,48,14917.271528
179,53,14865.835520
179,55,14788.772172
179,56,14719.538600
179,57,14625.050057
179,60,14543.616660
179,61,14118.312377
179,69,13901.190871
179,75,13824.986037
179,76,13735.716775
179,81,13694.426861
179,82,13431.015881
180,39,17252.285178
180,40,17036.700288
180,41,16451.357000
180,42,15856.941912
180,43,15829.652428
180,44,15450.380532
180,45,15430.683637
180,46,15263.330006
180,48,14917.271528
180,53,14865.835520
180,55,14788.772172
180,56,14719.538600
180,57,14625.050057
180,60,14543.616660
180,61,14118.312377
180,69,13901.190871
180,75,13824.986037
180,76,13735.716775
180,81,13694.426861
180,82,13431.015881
181,38,17176.059253
181,40,16929.001198
181,41,16451.357000
181,42,15856.941912
181,43,15829.652428
181,44,15450.380532
181,45,15387.823367
181,46,15263.330006
181,48,14917.271528
181,53,14865.835520
181,55,14788.772172
181,56,14719.538600
181,57,14625.050057
181,60,14543.616660
181,61,14118.312377
181,69,13901.190871
181,75,13824.986037
181,76,13735.716775
181,81,13526.345778
181,82,13431.015881
181,88,13430.158971
182,38,17176.059253
182,40,16929.001198
182,41,16451.357000
182,42,15856.941912
182,43,15829.652428
182,44,15450.380532
182,45,15387.823367
182,46,15263.330006
182,48,14917.271528
182,53,14865.835520
182,54,14826.155110
182,55,14788.772172
182,56,14719.538600
182,57,14625.050057
182,60,14543.616660
182,61,14118.312377
182,69,13901.190871
182,75,13824.986037
182,76,13735.716775
182,77,13682.649553
182,81,13526.345778
182,82,13431.015881
182,88,13430.158971
183,38,17176.059253
183,39,16967.417391
183,40,16929.001198
183,41,16451.357000
183,42,15856.941912
183,43,15536.434595
183,44,15450.380532
183,45,15387.823367
183,46,15263.330006
183,48,14917.271528
183,53,14804.922077
183,55,14788.772172
183,56,14719.538600
183,57,14625.050057
183,60,14543.616660
183,61,14118.312377
183,69,13901.190871
183,75,13824.986037
183,76,13735.716775
183,77,13682.649553
183,81,13526.345778
183,82,13431.015881
183,86,13420.332516
184,38,17176.059253
184,39,16967.417391
184,40,16929.001198
184,41,16451.357000
184,42,15525.639248
184,44,15450.380532
184,45,15387.823367
184,46,15263.330006
184,48,14917.271528
184,53,14804.922077
184,55,14788.772172
184,56,14719.538600
184,57,14625.050057
184,60,14543.616660
184,61,14118.312377
184,69,13901.190871
184,75,13684.243990
184,77,13562.707409
184,79,13484.410419
184,82,13431.015881
184,86,13401.438461
185,38,17176.059253
185,39,16967.417391
185,40,16929.001198
185,41,16451.357000
185,42,15525.639248
185,44,15450.380532
185,45,15387.823367
185,46,15263.330006
185,48,14917.271528
185,53,14804.922077
185,55,14788.772172
185,56,14719.538600
185,57,14625.050057
185,60,14543.616660
185,61,14118.312377
185,69,13901.190871
185,75,13684.243990
185,77,13562.707409
185,79,13484.410419
185,82,13431.015881
185,86,13401.438461
186,38,17176.059253
186,39,16967.417391
186,40,16929.001198
186,41,15686.631301
186,42,15525.639248
186,44,15450.380532
186,45,15387.823367
186,46,15263.330006
186,48,14917.271528
186,53,14804.922077
186,55,14788.772172
186,56,14719.538600
186,57,14625.050057
186,60,14543.616660
186,61,14118.312377
186,69,13901.190871
186,75,13684.243990
186,77,13562.707409
186,79,13484.410419
186,82,13431.015881
186,86,13401.438461
187,38,17176.059253
187,39,16967.417391
187,40,16929.001198
187,41,15686.631301
187,42,15525.639248
187,44,15450.380532
187,45,15387.823367
187,46,15263.330006
187,48,14917.271528
187,53,14804.922077
187,55,14788.772172
187,56,14719.538600
187,57,14625.050057
187,60,14543.616660
187,61,14118.312377
187,69,13901.190871
187,75,13684.243990
187,77,13562.707409
187,79,13484.410419
187,82,13431.015881
187,86,13401.438461
188,38,17176.059253
188,39,16967.417391
188,40,16506.878855
188,41,15686.631301
188,42,15525.639248
188,44,15450.380532
188,45,15387.823367
188,46,15263.330006
188,48,14917.271528
188,53,14804.922077
188,55,14788.772172
188,56,14719.538600
188,57,14625.050057
188,60,14543.616660
188,61,14118.312377
188,69,13901.190871
188,75,13684.243990
188,77,13562.707409
188,79,13484.410419
188,82,13431.015881
188,86,13401.438461
189,38,17176.059253
189,39,16967.417391
189,40,16506.878855
189,41,15686.631301
189,42,15525.639248
189,44,15450.380532
189,45,15387.823367
189,46,15263.330006
189,48,14917.271528
189,53,14804.922077
189,55,14788.772172
189,56,14660.201137
189,57,14501.667105
189,61,14093.527637
189,69,13887.295316
189,73,13578.875536
189,77,13552.745502
189,79,13337.529376
190,38,17176.059253
190,39,16967.417391
190,40,16506.878855
190,41,15686.631301
190,42,15525.639248
190,44,15450.380532
190,45,15387.823367
190,46,15229.939091
190,48,14917.271528
190,52,14878.724948
190,53,14804.922077
190,55,14788.772172
190,56,14660.201137
190,57,14501.667105
190,61,14093.527637
190,68,14024.956594
190,69,13887.295316
190,72,13793.603191
190,73,13578.875536
190,77,13552.745502
190,79,13337.529376
191,38,17176.059253
191,39,16967.417391
191,40,16506.878855
191,41,15686.631301
191,42,15525.639248
191,44,15450.380532
191,45,15355.592877
191,46,15229.939091
191,47,15187.689492
191,48,14917.271528
191,52,14878.724948
191,53,14804.922077
191,55,14788.772172
191,56,14660.201137
191,57,14501.667105
191,61,14093.527637
191,68,14024.956594
191,69,13887.295316
191,72,13793.603191
191,73,13578.875536
191,77,13552.745502
191,79,13337.529376
192,38,17176.059253
192,39,16967.417391
192,40,16506.878855
192,41,15686.631301
192,42,15525.639248
192,44,15450.380532
192,45,15355.592877
192,46,15229.939091
192,47,15187.689492
192,48,14917.271528
192,52,14878.724948
192,53,14804.922077
192,55,14788.772172
192,56,14660.201137
192,57,14501.667105
192,61,14093.527637
192,68,14024.956594
192,69,13887.295316
192,72,13793.603191
192,73,13578.875536
192,77,13552.745502
192,79,13337.529376
193,38,17176.059253
193,39,16967.417391
193,40,16506.878855
193,41,15686.631301
193,42,15525.639248
193,44,15450.380532
193,45,15355.592877
193,46,15229.939091
193,47,15151.628456
193,48,14917.271528
193,52,14878.724948
193,53,14804.922077
193,55,14788.772172
193,56,14660.201137
193,57,14409.288436
193,61,14093.527637
193,68,14024.956594
193,69,13887.295316
193,72,13793.603191
193,73,13578.875536
193,77,13552.745502
193,79,13337.529376
194,38,17176.059253
194,39,16967.417391
194,40,16454.915343
194,41,15686.631301
194,42,15525.639248
194,44,15450.380532
194,45,15355.592877
194,46,15229.939091
194,47,15151.628456
194,48,14917.271528
194,51,14872.220642
194,53,14804.922077
194,54,14685.925168
194,56,14313.048918
194,61,14075.291025
194,68,13997.287801
194,69,13887.295316
194,72,13793.603191
194,73,13569.136455
194,77,13536.395910
194,79,13337.529376
195,38,17176.059253
195,39,16967.417391
195,40,16409.414891
195,41,15686.631301
195,42,15525.639248
195,44,15326.239627
195,46,15229.939091
195,47,15151.628456
195,48,14917.271528
195,51,14872.220642
195,53,14804.922077
195,54,14685.925168
195,56,14313.048918
195,61,14075.291025
195,68,13997.287801
195,69,13887.295316
195,72,13793.603191
195,73,13569.136455
195,77,13536.395910
195,79,13337.529376
196,38,17176.059253
196,39,16967.417391
196,40,16409.414891
196,41,15686.631301
196,42,15525.639248
196,44,15326.239627
196,46,15229.939091
196,47,15151.628456
196,48,14917.271528
196,49,14891.482451
196,51,14872.220642
196,53,14804.922077
196,54,14685.925168
196,56,14313.048918
196,61,14075.291025
196,68,13997.287801
196,69,13887.295316
196,72,13793.603191
196,73,13569.136455
196,77,13536.395910
196,79,13337.529376
197,38,17176.059253
197,39,16967.417391
197,40,16409.414891
197,41,15686.631301
197,42,15525.639248
197,44,15326.239627
197,46,15229.939091
197,47,15151.628456
197,48,14917.271528
197,49,14891.482451
197,51,14872.220642
197,53,14804.922077
197,54,14685.925168
197,56,14313.048918
197,61,14075.291025
197,68,13997.287801
197,69,13887.295316
197,72,13793.603191
197,73,13569.136455
197,77,13536.395910
197,79,13337.529376
198,38,17176.059253
198,39,16967.417391
198,40,16409.414891
198,41,15686.631301
198,42,15525.639248
198,43,15335.877799
198,44,15326.239627
198,46,15229.939091
198,47,15151.628456
198,48,14917.271528
198,49,14891.482451
198,51,14872.220642
198,53,14804.922077
198,54,14685.925168
198,56,14313.048918
198,61,14075.291025
198,68,13997.287801
198,69,13887.295316
198,72,13793.603191
198,73,13569.136455
198,77,13536.395910
198,79,13337.529376
199,38,17176.059253
199,39,16967.417391
199,40,16409.414891
199,41,15686.631301
199,42,15525.639248
199,43,15335.877799
199,44,15326.239627
199,46,15229.939091
199,47,15151.628456
199,48,14917.271528
199,49,14891.482451
199,50,14879.467021
199,51,14872.220642
199,53,14675.493709
199,56,14313.048918
199,61,14035.460953
199,68,13942.922632
199,69,13887.295316
199,72,13793.603191
199,73,13569.136455
199,76,13530.689391
199,79,13337.529376
200,38,17176.059253
200,39,16967.417391
200,40,16377.093409
200,41,15686.631301
200,42,15525.639248
200,43,15335.877799
200,44,15326.239627
200,45,15270.343264
200,46,15229.939091
200,47,15151.628456
200,48,14917.271528
200,49,14891.482451
200,50,14879.467021
200,51,14872.220642
200,53,14675.493709
200,56,14313.048918
200,61,14035.460953
200,68,13942.922632
200,69,13887.295316
200,72,13793.603191
200,73,13569.136455
200,76,13530.689391
200,79,13337.529376
201,38,17176.059253
201,39,16967.417391
201,40,16377.093409
201,41,15686.631301
201,42,15525.639248
201,43,15335.877799
201,44,15326.239627
201,45,15270.343264
201,46,15229.939091
201,47,15151.628456
201,48,14917.271528
201,49,14891.482451
201,50,14879.467021
201,51,14872.220642
201,53,14675.493709
201,56,14313.048918
201,61,14035.460953
201,67,13850.612251
201,72,13793.603191
201,73,13569.136455
201,76,13530.689391
201,79,13337.529376
202,38,17176.059253
202,39,16967.417391
202,40,16377.093409
202,41,15686.631301
202,42,15525.639248
202,43,15335.877799
202,44,15326.239627
202,45,15270.343264
202,46,15229.939091
202,47,15151.628456
202,48,14917.271528
202,49,14891.482451
202,50,14879.467021
202,51,14872.220642
202,53,14675.493709
202,56,14313.048918
202,61,14035.460953
202,66,13992.738927
202,67,13850.612251
202,72,13793.603191
202,73,13569.136455
202,76,13530.689391
202,79,13337.529376
203,38,17176.059253
203,39,16967.417391
203,40,15883.277589
203,41,15686.631301
203,42,15525.639248
203,43,15335.877799
203,44,15326.239627
203,45,15270.343264
203,46,15229.939091
203,47,15151.628456
203,48,14917.271528
203,49,14891.482451
203,50,14879.467021
203,51,14872.220642
203,53,14675.493709
203,56,14313.048918
203,61,14035.460953
203,66,13992.738927
203,67,13850.612251
203,72,13793.603191
203,73,13569.136455
203,76,13530.689391
203,79,13337.529376
204,38,17176.059253
204,39,16967.417391
204,40,15883.277589
204,41,15686.631301
204,42,15525.639248
204,43,15335.877799
204,44,15326.239627
204,45,15270.343264
204,46,15229.939091
204,47,15151.628456
204,48,14917.271528
204,49,14891.482451
204,50,14879.467021
204,51,14748.806823
204,53,14651.561910
204,56,14313.048918
204,60,14029.482888
204,66,13930.862990
204,67,13833.880588
204,72,13517.169137
204,79,13337.529376
205,38,17176.059253
205,39,16967.417391
205,40,15883.277589
205,41,15686.631301
205,42,15179.977767
205,47,14986.457367
205,48,14879.614978
205,50,14879.467021
205,51,14748.806823
205,53,14651.561910
205,56,14313.048918
205,60,14029.482888
205,66,13930.862990
205,67,13833.880588
205,72,13517.169137
205,79,13337.529376
206,38,17176.059253
206,39,16967.417391
206,40,15883.277589
206,41,15686.631301
206,42,15179.977767
206,47,14986.457367
206,48,14879.614978
206,50,14879.467021
206,51,14748.806823
206,53,14651.561910
206,56,14313.048918
206,60,14029.482888
206,66,13930.862990
206,67,13833.880588
206,72,13517.169137
206,79,13337.529376
207,38,17176.059253
207,39,16967.417391
207,40,15883.277589
207,41,15686.631301
207,42,15179.977767
207,47,14986.457367
207,48,14814.829549
207,51,14748.806823
207,53,14651.561910
207,56,14313.048918
207,60,14029.482888
207,66,13930.862990
207,67,13833.880588
207,72,13517.169137
207,79,13337.529376
208,37,18107.466314
208,38,17176.059253
208,39,16967.417391
208,40,15883.277589
208,41,15686.631301
208,42,15179.977767
208,47,14986.457367
208,48,14814.829549
208,51,14748.806823
208,53,14639.776973
208,56,14313.048918
208,60,14029.482888
208,66,13930.862990
208,67,13833.880588
208,72,13517.169137
208,79,13337.529376
209,37,18107.466314
209,38,17176.059253
209,39,16967.417391
209,40,15883.277589
209,41,15668.760086
209,42,15179.977767
209,47,14970.404905
209,48,14786.673980
209,51,14662.188236
209,53,14590.732166
209,56,14313.048918
209,60,14029.482888
209,66,13930.862990
209,67,13833.880588
209,71,13458.704728
209,77,13324.009681
210,37,17961.877307
210,38,17176.059253
210,39,16967.417391
210,40,15883.277589
210,41,15668.760086
210,42,15179.977767
210,45,14979.538228
210,46,14921.270836
210,48,14786.673980
210,51,14662.188236
210,53,14590.732166
210,56,14313.048918
210,60,14029.482888
210,66,13930.862990
210,67,13833.880588
210,70,13741.046994
210,71,13458.704728
210,77,13324.009681
211,37,17810.794395
211,38,17176.059253
211,39,16967.417391
211,40,15883.277589
211,41,15668.760086
211,42,15179.977767
211,45,14979.538228
211,46,14921.270836
211,48,14786.673980
211,51,14662.188236
211,53,14590.732166
211,56,14313.048918
211,60,14029.482888
211,66,13930.862990
211,67,13833.880588
211,70,13741.046994
211,71,13458.704728
211,77,13324.009681
212,37,17798.664084
212,38,17176.059253
212,39,16967.417391
212,40,15883.277589
212,41,15668.760086
212,42,15179.977767
212,45,14979.538228
212,46,14921.270836
212,48,14786.673980
212,51,14662.188236
212,53,14590.732166
212,56,14313.048918
212,60,14029.482888
212,66,13930.862990
212,67,13833.880588
212,70,13741.046994
212,71,13458.704728
212,77,13324.009681
213,37,17798.664084
213,38,17176.059253
213,39,16967.417391
213,40,15883.277589
213,41,15668.760086
213,42,15179.977767
213,45,14979.538228
213,46,14921.270836
213,48,14786.673980
213,51,14662.188236
213,53,14590.732166
213,56,14313.048918
213,60,14029.482888
213,66,13930.862990
213,67,13833.880588
213,70,13741.046994
213,71,13458.704728
213,77,13324.009681
214,37,17798.664084
214,38,17176.059253
214,39,16967.417391
214,40,15565.532259
214,42,15179.977767
214,45,14979.538228
214,46,14921.270836
214,48,14786.673980
214,51,14662.188236
214,53,14590.732166
214,55,14438.450312
214,56,14296.363945
214,60,14029.482888
214,66,13916.589875
214,67,13794.304990
214,69,13685.149984
214,70,13434.130380
214,77,13324.009681
215,37,17798.664084
215,38,17176.059253
215,39,16967.417391
215,40,15565.532259
215,42,15179.977767
215,43,15169.847682
215,45,14979.538228
215,46,14921.270836
215,48,14786.673980
215,51,14662.188236
215,53,14590.732166
215,55,14438.450312
215,56,14296.363945
215,60,14029.482888
215,66,13916.589875
215,67,13794.304990
215,69,13685.149984
215,70,13434.130380
215,77,13324.009681
216,37,17798.664084
216,38,17176.059253
216,39,15522.672663
216,40,15424.096646
216,42,15179.977767
216,43,15169.847682
216,45,14979.538228
216,46,14921.270836
216,48,14786.673980
216,51,14662.188236
216,53,14590.732166
216,55,14438.450312
216,56,14296.363945
216,60,14029.482888
216,66,13916.589875
216,67,13794.304990
216,69,13685.149984
216,70,13434.130380
216,77,13324.009681
217,37,17456.129924
217,38,17176.059253
217,39,15522.672663
217,40,15424.096646
217,42,15107.125045
217,45,14979.538228
217,46,14921.270836
217,48,14786.673980
217,51,14662.188236
217,53,14590.732166
217,55,14438.450312
217,56,14296.363945
217,60,14029.482888
217,66,13916.589875
217,67,13794.304990
217,69,13685.149984
217,70,13434.130380
217,77,13324.009681
218,37,17456.129924
218,38,17176.059253
218,39,15522.672663
218,40,15424.096646
218,42,15107.125045
218,45,14979.538228
218,46,14921.270836
218,48,14786.673980
218,49,14779.454047
218,51,14662.188236
218,53,14590.732166
218,55,14438.450312
218,56,14296.363945
218,60,14029.482888
218,66,13916.589875
218,67,13794.304990
218,69,13685.149984
218,70,13434.130380
218,77,13324.009681
219,37,17456.129924
219,38,17176.059253
219,39,15522.672663
219,40,15424.096646
219,41,15278.908750
219,42,15107.125045
219,45,14979.538228
219,46,14921.270836
219,47,14849.325244
219,48,14786.673980
219,49,14779.454047
219,51,14631.646821
219,53,14554.845438
219,55,14438.450312
219,56,14296.363945
219,60,13986.197233
219,66,13883.509521
219,67,13754.467889
219,69,13651.870967
219,70,13434.130380
219,77,13306.209313
220,37,17456.129924
220,38,17176.059253
220,39,15441.326683
220,40,15424.096646
220,41,15278.908750
220,42,15107.125045
220,45,14979.538228
220,46,14921.270836
220,47,14849.325244
220,48,14786.673980
220,49,14779.454047
220,51,14631.646821
220,53,14554.845438
220,55,14438.450312
220,56,14296.363945
220,60,13986.197233
220,66,13883.509521
220,67,13754.467889
220,69,13651.870967
220,70,13434.130380
220,74,13360.053132
220,77,13306.209313
221,37,17456.129924
221,38,17176.059253
221,39,15441.326683
221,40,15424.096646
221,41,15278.908750
221,42,15107.125045
221,45,14979.538228
221,46,14921.270836
221,47,14849.325244
221,48,14786.673980
221,49,14779.454047
221,51,14631.646821
221,53,14554.845438
221,55,14438.450312
221,56,14296.363945
221,60,13986.197233
221,66,13883.509521
221,67,13754.467889
221,69,13651.870967
221,70,13434.130380
221,74,13360.053132
221,77,13306.209313
222,37,17456.129924
222,38,17176.059253
222,39,15414.642621
222,41,15278.908750
222,42,15107.125045
222,45,14979.538228
222,46,14921.270836
222,47,14849.325244
222,48,14786.673980
222,49,14779.454047
222,51,14631.646821
222,53,14554.845438
222,55,14438.450312
222,56,14296.363945
222,60,13986.197233
222,66,13883.509521
222,67,13754.467889
222,69,13651.870967
222,70,13434.130380
222,74,13360.053132
222,77,13306.209313
223,37,17456.129924
223,38,17176.059253
223,39,15414.642621
223,41,15278.908750
223,42,15107.125045
223,45,14979.538228
223,46,14921.270836
223,47,14849.325244
223,48,14786.673980
223,49,14776.738777
223,51,14631.646821
223,53,14540.028164
223,55,14438.450312
223,56,14296.363945
223,60,13986.197233
223,66,13883.509521
223,67,13754.467889
223,69,13651.870967
223,70,13434.130380
223,74,13360.053132
223,77,13306.209313
224,37,17456.129924
224,38,17176.059253
224,39,15414.642621
224,41,15278.908750
224,42,15107.125045
224,45,14979.538228
224,46,14921.270836
224,47,14849.325244
224,48,14713.851772
224,51,14631.646821
224,53,14540.028164
224,54,14503.299898
224,55,14339.944314
224,56,14215.619949
224,60,13986.197233
224,66,13883.509521
224,67,13754.467889
224,69,13637.516327
224,70,13434.130380
224,74,13360.053132
224,77,13306.209313
225,37,17456.129924
225,38,17176.059253
225,39,15414.642621
225,40,15365.618875
225,41,15278.908750
225,42,15107.125045
225,45,14979.538228
225,46,14921.270836
225,47,14849.325244
225,48,14713.851772
225,51,14631.646821
225,53,14540.028164
225,54,14450.474546
225,55,14339.944314
225,56,14215.619949
225,60,13986.197233
225,66,13823.371705
225,67,13694.045801
225,69,13637.516327
225,70,13434.130380
225,74,13360.053132
225,77,13306.209313
226,37,17456.129924
226,38,17176.059253
226,39,15353.729284
226,41,15278.908750
226,42,15107.125045
226,45,14979.538228
226,46,14921.270836
226,47,14849.325244
226,48,14713.851772
226,51,14631.646821
226,53,14540.028164
226,54,14450.474546
226,55,14339.944314
226,56,14215.619949
226,60,13986.197233
226,66,13823.371705
226,67,13694.045801
226,69,13637.516327
226,70,13434.130380
226,74,13360.053132
226,77,13306.209313
227,37,17456.129924
227,38,17176.059253
227,39,15353.729284
227,41,15278.908750
227,42,15107.125045
227,45,14979.538228
227,46,14921.270836
227,47,14785.628046
227,48,14713.851772
227,50,14670.495914
227,51,14631.646821
227,53,14540.028164
227,54,14450.474546
227,55,14339.944314
227,56,14215.619949
227,60,13986.197233
227,66,13823.371705
227,67,13694.045801
227,69,13637.516327
227,70,13434.130380
227,74,13360.053132
227,77,13306.209313
228,37,17456.129924
228,38,17176.059253
228,39,15353.729284
228,41,15278.908750
228,42,15107.125045
228,43,15077.631925
228,45,14979.538228
228,46,14921.270836
228,47,14785.628046
228,48,14713.851772
228,50,14670.495914
228,51,14631.646821
228,53,14540.028164
228,54,14450.474546
228,55,14339.944314
228,56,14215.619949
228,60,13986.197233
228,66,13823.371705
228,67,13694.045801
228,69,13637.516327
228,70,13434.130380
228,74,13360.053132
228,77,13306.209313
229,37,17456.129924
229,38,17176.059253
229,39,15353.729284
229,40,15329.038090
229,41,15278.908750
229,42,15107.125045
229,43,15077.631925
229,44,15057.435147
229,45,14979.538228
229,46,14921.270836
229,47,14785.628046
229,48,14713.851772
229,50,14670.495914
229,51,14631.646821
229,52,14594.252699
229,53,14397.034031
229,55,14322.293274
229,56,14209.737626
229,60,13908.450355
229,65,13777.009901
229,67,13694.045801
229,68,13576.504592
229,70,13434.130380
229,74,13349.742029
229,77,13258.504219
230,37,17456.129924
230,38,17176.059253
230,39,15343.750877
230,40,15329.038090
230,41,15278.908750
230,42,15107.125045
230,43,15044.964756
230,45,14979.538228
230,46,14921.270836
230,47,14785.628046
230,48,14713.851772
230,50,14623.388939
230,52,14594.252699
230,53,14397.034031
230,55,14322.293274
230,56,14209.737626
230,60,13908.450355
230,65,13777.009901
230,67,13694.045801
230,68,13576.504592
230,70,13434.130380
230,74,13349.742029
230,77,13258.504219
231,37,17456.129924
231,38,17176.059253
231,39,15343.750877
231,40,15329.038090
231,41,15278.908750
231,42,15107.125045
231,43,15044.964756
231,44,14828.995120
231,47,14785.628046
231,48,14713.851772
231,50,14623.388939
231,52,14594.252699
231,53,14397.034031
231,55,14322.293274
231,56,14209.737626
231,60,13908.450355
231,65,13777.009901
231,67,13694.045801
231,68,13576.504592
231,70,13434.130380
231,74,13349.742029
231,75,13319.960594
231,77,13258.504219
232,36,18284.111838
232,37,17456.129924
232,38,17176.059253
232,39,15343.750877
232,40,15329.038090
232,41,15278.908750
232,42,15107.125045
232,43,15044.964756
232,44,14828.995120
232,45,14786.502179
232,46,14770.029372
232,48,14713.851772
232,49,14652.827139
232,50,14623.388939
232,52,14594.252699
232,53,14397.034031
232,55,14322.293274
232,56,14209.737626
232,60,13908.450355
232,65,13777.009901
232,67,13694.045801
232,68,13576.504592
232,70,13434.130380
232,74,13349.742029
232,75,13319.960594
232,77,13258.504219
233,36,18284.111838
233,37,17456.129924
233,38,17176.059253
233,39,15343.750877
233,40,15329.038090
233,41,15278.908750
233,42,15037.122125
233,44,14828.995120
233,45,14786.502179
233,46,14687.217435
233,49,14652.827139
233,50,14618.913062
233,52,14594.252699
233,53,14397.034031
233,55,14322.293274
233,56,14209.737626
233,60,13908.450355
233,65,13777.009901
233,67,13694.045801
233,68,13576.504592
233,70,13434.130380
233,74,13349.742029
233,75,13319.960594
233,77,13258.504219
234,36,18284.111838
234,37,17456.129924
234,38,17176.059253
234,39,15343.750877
234,40,15329.038090
234,41,15278.908750
234,42,15037.122125
234,44,14828.995120
234,45,14651.720360
234,49,14640.647321
234,50,14618.913062
234,52,14576.497179
234,53,14397.034031
234,55,14144.043373
234,60,13869.411247
234,65,13758.921045
234,67,13565.721465
234,69,13429.735723
234,73,13326.065748
234,75,13319.960594
234,77,13258.504219
235,36,18284.111838
235,37,17419.074481
235,38,17176.059253
235,39,15343.750877
235,40,15329.038090
235,41,15278.908750
235,42,15037.122125
235,44,14828.995120
235,45,14651.720360
235,48,14633.167510
235,50,14618.913062
235,52,14576.497179
235,53,14397.034031
235,55,14144.043373
235,60,13869.411247
235,65,13758.921045
235,67,13565.721465
235,69,13429.735723
235,73,13326.065748
235,75,13319.960594
235,77,13258.504219
236,36,18284.111838
236,37,17419.074481
236,38,17176.059253
236,39,15343.750877
236,40,15329.038090
236,41,15278.908750
236,42,15037.122125
236,44,14828.995120
236,45,14651.720360
236,47,14624.951487
236,48,14577.639438
236,51,14508.598957
236,53,14397.034031
236,55,14144.043373
236,60,13869.411247
236,65,13758.921045
236,67,13565.721465
236,69,13429.735723
236,73,13326.065748
236,75,13319.960594
236,77,13258.504219
237,36,18284.111838
237,37,17419.074481
237,38,17176.059253
237,39,15343.750877
237,40,15329.038090
237,41,15278.908750
237,42,15037.122125
237,44,14828.995120
237,45,14651.720360
237,47,14624.951487
237,48,14577.639438
237,51,14508.598957
237,52,14404.436658
237,53,14397.034031
237,55,14144.043373
237,60,13869.411247
237,65,13758.921045
237,67,13565.721465
237,69,13429.735723
237,73,13326.065748
237,75,13319.960594
237,77,13258.504219
238,36,18284.111838
238,37,17419.074481
238,38,15785.524951
238,39,15343.750877
238,40,15329.038090
238,41,15278.908750
238,42,15037.122125
238,44,14828.995120
238,45,14651.720360
238,46,14622.909948
238,47,14607.119192
238,48,14577.639438
238,51,14508.598957
238,52,14404.436658
238,53,14397.034031
238,55,14144.043373
238,60,13869.411247
238,65,13758.921045
238,67,13565.721465
238,69,13429.735723
238,73,13326.065748
238,75,13319.960594
238,76,13278.171888
238,77,13258.504219
239,36,18284.111838
239,37,17419.074481
239,38,15785.524951
239,39,15343.750877
239,40,15329.038090
239,41,15278.908750
239,42,15037.122125
239,44,14828.995120
239,45,14569.758797
239,51,14508.598957
239,52,14404.436658
239,53,14397.034031
239,55,14077.829329
239,57,13918.718695
239,60,13819.629784
239,65,13731.188460
239,67,13565.721465
239,69,13429.246876
239,71,13264.000670
239,76,13255.947017
239,77,13249.364168
240,36,18284.111838
240,37,17419.074481
240,38,15676.762429
240,39,15343.750877
240,40,15290.426857
240,41,15278.908750
240,42,15037.122125
240,44,14828.995120
240,45,14569.758797
240,46,14545.962382
240,51,14508.598957
240,52,14404.436658
240,53,14397.034031
240,55,14077.829329
240,57,13918.718695
240,60,13819.629784
240,65,13731.188460
240,67,13565.721465
240,69,13429.246876
240,71,13264.000670
240,76,13255.947017
240,77,13249.364168
241,36,18284.111838
241,37,17419.074481
241,38,15676.762429
241,39,15343.750877
241,40,15290.426857
241,41,15278.908750
241,42,15037.122125
241,44,14828.995120
241,45,14569.758797
241,46,14545.962382
241,51,14452.712918
241,52,14404.436658
241,53,14397.034031
241,55,14077.829329
241,57,13918.718695
241,60,13819.629784
241,65,13731.188460
241,67,13565.721465
241,69,13429.246876
241,71,13264.000670
241,76,13255.947017
241,77,13249.364168
242,36,18284.111838
242,37,17059.139083
242,38,15676.762429
242,39,15343.750877
242,40,15290.426857
242,41,15278.908750
242,42,15037.122125
242,44,14828.995120
242,45,14569.758797
242,46,14545.962382
242,50,14537.065539
242,51,14452.712918
242,52,14404.436658
242,53,14397.034031
242,55,14077.829329
242,57,13918.718695
242,60,13819.629784
242,65,13731.188460
242,67,13565.721465
242,69,13429.246876
242,71,13264.000670
242,76,13255.947017
242,77,13249.364168
243,36,18284.111838
243,37,15971.721184
243,38,15676.762429
243,39,15343.750877
243,40,15290.426857
243,41,15278.908750
243,42,15037.122125
243,44,14828.995120
243,45,14569.758797
243,46,14545.962382
243,49,14467.790976
243,51,14398.014239
243,53,14397.034031
243,55,14077.829329
243,57,13918.718695
243,60,13819.629784
243,65,13731.188460
243,67,13565.721465
243,69,13429.246876
243,71,13264.000670
243,76,13255.947017
243,77,13249.364168
244,36,18284.111838
244,37,15971.721184
244,38,15676.762429
244,39,15343.750877
244,40,15290.426857
244,41,15278.908750
244,42,15037.122125
244,44,14828.995120
244,45,14569.758797
244,46,14545.962382
244,49,14467.790976
244,51,14398.014239
244,53,14397.034031
244,55,14008.681288
244,57,13889.047349
244,59,13738.476679
244,65,13726.731381
244,67,13537.512169
244,69,13425.663964
244,70,13412.817931
244,71,13253.694734
244,76,13252.764218
244,77,13249.364168
245,36,18284.111838
245,37,15971.721184
245,38,15676.762429
245,39,15343.750877
245,40,15290.426857
245,41,15212.642783
245,42,15037.122125
245,44,14828.995120
245,45,14569.758797
245,46,14545.962382
245,48,14464.445852
245,51,14398.014239
245,53,14397.034031
245,55,14008.681288
245,57,13889.047349
245,59,13738.476679
245,65,13726.731381
245,67,13537.512169
245,69,13425.663964
245,70,13381.706743
245,71,13253.694734
245,76,13252.764218
245,77,13249.364168
245,78,13239.766685
246,36,18284.111838
246,37,15971.721184
246,38,15676.762429
246,39,15343.750877
246,40,15290.426857
246,41,15212.642783
246,42,15037.122125
246,44,14828.995120
246,45,14569.758797
246,46,14545.962382
246,48,14464.445852
246,51,14398.014239
246,53,14397.034031
246,55,14008.681288
246,57,13889.047349
246,59,13738.476679
246,65,13726.731381
246,67,13537.512169
246,69,13425.663964
246,70,13381.706743
246,71,13253.694734
246,76,13252.764218
246,77,13249.364168
246,78,13239.766685
247,36,16775.091134
247,37,15971.721184
247,38,15676.762429
247,39,15343.750877
247,40,15290.426857
247,41,15212.642783
247,42,15037.122125
247,44,14828.995120
247,45,14569.758797
247,46,14545.962382
247,48,14464.445852
247,51,14398.014239
247,53,14397.034031
247,55,14008.681288
247,57,13889.047349
247,59,13738.476679
247,65,13726.731381
247,67,13537.512169
247,69,13425.663964
247,70,13381.706743
247,71,13253.694734
247,76,13252.764218
247,77,13249.364168
247,78,13239.766685
248,36,16775.091134
248,37,15971.721184
248,38,15676.762429
248,39,15343.750877
248,40,15290.426857
248,41,15212.642783
248,42,15037.122125
248,43,14932.774316
248,44,14828.995120
248,45,14569.758797
248,46,14545.962382
248,48,14464.445852
248,51,14398.014239
248,53,14397.034031
248,55,14008.681288
248,57,13889.047349
248,59,13738.476679
248,65,13726.731381
248,67,13537.512169
248,69,13425.663964
248,70,13381.706743
248,71,13253.694734
248,76,13252.764218
248,77,13249.364168
248,78,13239.766685
249,36,16775.091134
249,37,15971.721184
249,38,15676.762429
249,39,15343.750877
249,40,15290.426857
249,41,15212.642783
249,42,15037.122125
249,43,14932.774316
249,44,14828.995120
249,45,14569.758797
249,46,14545.962382
249,48,14464.445852
249,49,14402.085135
249,50,14344.542490
249,55,14008.681288
249,57,13889.047349
249,59,13721.864371
249,65,13697.671050
249,67,13525.877076
249,69,13425.663964
249,70,13345.590037
249,71,13253.694734
249,75,13251.025292
249,76,13197.969349
250,36,16775.091134
250,37,15971.721184
250,38,15676.762429
250,39,15343.750877
250,40,15290.426857
250,41,15212.642783
250,42,15037.122125
250,43,14932.774316
250,44,14828.995120
250,45,14569.758797
250,46,14545.962382
250,48,14464.445852
250,49,14402.085135
250,50,14344.542490
250,55,14008.681288
250,57,13889.047349
250,59,13721.864371
250,65,13697.671050
250,67,13525.877076
250,69,13285.643626
250,71,13253.694734
250,75,13251.025292
250,76,13197.969349
251,36,16133.715719
251,37,15971.721184
251,38,15676.762429
251,39,15343.750877
251,40,15290.426857
251,41,15212.642783
251,42,15037.122125
251,43,14932.774316
251,44,14828.995120
251,45,14569.758797
251,46,14545.962382
251,48,14464.445852
251,49,14402.085135
251,50,14344.542490
251,55,14008.681288
251,57,13889.047349
251,59,13721.864371
251,65,13697.671050
251,66,13644.324633
251,67,13525.877076
251,69,13285.643626
251,71,13253.694734
251,75,13251.025292
251,76,13197.969349
252,36,16133.715719
252,37,15906.018003
252,38,15676.762429
252,39,15343.750877
252,40,15290.426857
252,41,15212.642783
252,42,15037.122125
252,43,14932.774316
252,44,14828.995120
252,45,14569.758797
252,46,14545.962382
252,48,14464.445852
252,49,14402.085135
252,50,14344.542490
252,55,14008.681288
252,57,13889.047349
252,59,13721.864371
252,65,13697.671050
252,66,13644.324633
252,67,13525.877076
252,69,13285.643626
252,71,13253.694734
252,75,13251.025292
252,76,13197.969349
253,36,16133.715719
253,37,15906.018003
253,38,15676.762429
253,39,15343.750877
253,40,15290.426857
253,41,15212.642783
253,42,15037.122125
253,43,14932.774316
253,44,14828.995120
253,45,14569.758797
253,46,14545.962382
253,47,14453.758092
253,48,14451.561877
253,49,14402.085135
253,50,14344.542490
253,54,14198.541785
253,55,14008.681288
253,57,13889.047349
253,59,13721.864371
253,65,13697.671050
253,66,13644.324633
253,67,13525.877076
253,69,13285.643626
253,71,13253.694734
253,75,13251.025292
253,76,13197.969349
254,36,16133.715719
254,37,15906.018003
254,38,15676.762429
254,39,15343.750877
254,40,15290.426857
254,41,15212.642783
254,42,15037.122125
254,43,14932.774316
254,44,14828.995120
254,45,14569.758797
254,46,14539.733983
254,47,14453.758092
254,48,14451.561877
254,49,14402.085135
254,50,14344.542490
254,52,14281.025244
254,54,14198.541785
254,55,13992.019687
254,56,13868.125747
254,59,13721.864371
254,64,13660.706040
254,66,13625.644431
254,67,13518.640045
254,69,13285.643626
254,71,13236.221805
254,74,13190.512762
255,36,16133.715719
255,37,15906.018003
255,38,15676.762429
255,39,15343.750877
255,40,15290.426857
255,41,15212.642783
255,42,15010.968946
255,43,14932.774316
255,44,14828.995120
255,45,14569.758797
255,46,14539.733983
255,47,14453.758092
255,48,14451.561877
255,49,14402.085135
255,50,14344.542490
255,51,14259.014059
255,54,14198.541785
255,55,13992.019687
255,56,13868.125747
255,59,13721.864371
255,64,13660.706040
255,66,13625.644431
255,67,13518.640045
255,69,13285.643626
255,71,13236.221805
255,74,13190.512762
256,36,16133.715719
256,37,15906.018003
256,38,15676.762429
256,39,15343.750877
256,40,15290.426857
256,41,15212.642783
256,42,14957.889979
256,43,14932.774316
256,44,14828.995120
256,45,14569.758797
256,46,14539.733983
256,47,14453.758092
256,48,14451.561877
256,49,14402.085135
256,50,14344.542490
256,51,14259.014059
256,54,14198.541785
256,55,13992.019687
256,56,13868.125747
256,59,13721.864371
256,64,13660.706040
256,66,13625.644431
256,67,13518.640045
256,69,13285.643626
256,71,13236.221805
256,74,13190.512762
257,36,16133.715719
257,37,15828.250723
257,38,15676.762429
257,39,15343.750877
257,40,15290.426857
257,41,15212.642783
257,42,14957.889979
257,43,14932.774316
257,44,14828.995120
257,45,14569.758797
257,46,14539.733983
257,47,14453.758092
257,48,14451.561877
257,49,14402.085135
257,50,14344.542490
257,51,14259.014059
257,54,14198.541785
257,55,13992.019687
257,56,13868.125747
257,59,13721.864371
257,64,13660.706040
257,66,13625.644431
257,67,13518.640045
257,68,13406.006633
257,69,13285.643626
257,71,13236.221805
257,74,13190.512762
258,36,16133.715719
258,37,15828.250723
258,38,15676.762429
258,39,15343.750877
258,40,15290.426857
258,41,15212.642783
258,42,14957.889979
258,43,14932.774316
258,44,14828.995120
258,45,14569.758797
258,46,14539.733983
258,47,14453.758092
258,48,14451.561877
258,49,14323.268638
258,51,14259.014059
258,54,14198.541785
258,55,13992.019687
258,56,13868.125747
258,59,13721.864371
258,64,13660.706040
258,66,13625.644431
258,67,13518.640045
258,68,13406.006633
258,69,13285.643626
258,71,13236.221805
258,74,13190.512762
259,36,16133.715719
259,37,15828.250723
259,38,15676.762429
259,39,15343.750877
259,40,15290.426857
259,41,15212.642783
259,42,14957.889979
259,43,14932.774316
259,44,14828.995120
259,45,14569.758797
259,46,14513.171909
259,47,14453.758092
259,48,14451.561877
259,49,14323.268638
259,51,14259.014059
259,54,14198.541785
259,55,13836.574490
259,59,13721.864371
259,64,13630.180119
259,66,13375.463707
259,68,13281.248970
259,71,13236.221805
259,74,13165.504148
260,36,16133.715719
260,37,15828.250723
260,38,15676.762429
260,39,15343.750877
260,40,15238.554954
260,41,15212.642783
260,42,14957.889979
260,43,14932.774316
260,44,14828.995120
260,45,14569.758797
260,46,14513.171909
260,47,14453.758092
260,48,14442.566264
260,49,14323.268638
260,51,14259.014059
260,54,14198.541785
260,55,13836.574490
260,59,13721.864371
260,62,13374.892509
260,64,13320.324428
260,68,13281.248970
260,71,13236.221805
260,74,13165.504148
260,79,13151.335962
261,36,16133.715719
261,37,15828.250723
261,38,15676.762429
261,39,15343.750877
261,40,15176.533819
261,42,14957.889979
261,43,14932.774316
261,44,14828.995120
261,45,14569.758797
261,46,14513.171909
261,47,14453.758092
261,48,14442.566264
261,49,14323.268638
261,51,14259.014059
261,54,14198.541785
261,55,13836.574490
261,59,13721.864371
261,62,13374.892509
261,64,13320.324428
261,68,13281.248970
261,71,13236.221805
261,74,13165.504148
261,79,13151.335962
262,36,16133.715719
262,37,15828.250723
262,38,15676.762429
262,39,15343.750877
262,40,15176.533819
262,42,14957.889979
262,43,14932.774316
262,44,14828.995120
262,45,14569.758797
262,46,14513.171909
262,47,14453.758092
262,48,14442.566264
262,49,14323.268638
262,51,14259.014059
262,54,14198.541785
262,55,13836.574490
262,59,13721.864371
262,62,13374.892509
262,64,13320.324428
262,68,13281.248970
262,71,13236.221805
262,74,13165.504148
262,79,13151.335962
263,36,16133.715719
263,37,15682.439810
263,38,15616.664250
263,39,15343.750877
263,40,15176.533819
263,42,14957.889979
263,43,14932.774316
263,44,14649.251022
263,45,14569.758797
263,46,14513.171909
263,47,14453.758092
263,48,14423.538212
263,49,14323.268638
263,51,14259.014059
263,54,14198.541785
263,55,13836.574490
263,59,13721.864371
263,62,13374.892509
263,64,13320.324428
263,68,13281.248970
263,71,13236.221805
263,74,13165.504148
263,79,13151.335962
264,36,16133.715719
264,37,15682.439810
264,38,15616.664250
264,39,15297.032179
264,40,15176.533819
264,42,14939.666352
264,43,14932.774316
264,44,14612.437838
264,45,14569.758797
264,46,14508.937019
264,47,14453.758092
264,48,14423.538212
264,49,14323.268638
264,50,14228.733657
264,54,14100.139208
264,55,13829.188203
264,59,13662.985143
264,62,13374.892509
264,64,13320.324428
264,68,13251.764837
264,71,13229.193010
264,74,13154.637618
264,79,13151.335962
265,36,16133.715719
265,37,15682.439810
265,38,15616.664250
265,39,15297.032179
265,40,15176.533819
265,42,14939.666352
265,43,14932.774316
265,44,14612.437838
265,45,14569.758797
265,46,14508.937019
265,47,14453.758092
265,48,14423.538212
265,49,14323.268638
265,50,14228.733657
265,54,14100.139208
265,55,13829.188203
265,59,13662.985143
265,62,13374.892509
265,64,13320.324428
265,67,13224.649669
265,74,13154.637618
265,79,13151.335962
266,36,16133.715719
266,37,15682.439810
266,38,15616.664250
266,39,15297.032179
266,40,15176.533819
266,42,14939.666352
266,43,14932.774316
266,44,14612.437838
266,45,14569.758797
266,46,14508.937019
266,47,14453.758092
266,48,14423.538212
266,49,14323.268638
266,50,14228.733657
266,54,14100.139208
266,55,13829.188203
266,59,13662.985143
266,62,13374.892509
266,64,13320.324428
266,67,13224.649669
266,74,13154.637618
266,79,13151.335962
267,36,16133.715719
267,37,15682.439810
267,38,15616.664250
267,39,15297.032179
267,40,15176.533819
267,42,14939.666352
267,43,14932.774316
267,44,14612.437838
267,45,14569.758797
267,46,14508.937019
267,47,14453.758092
267,48,14423.538212
267,49,14323.268638
267,50,14228.733657
267,54,14100.139208
267,55,13829.188203
267,59,13662.985143
267,62,13374.892509
267,64,13320.324428
267,67,13224.649669
267,74,13154.637618
267,79,13151.335962
268,36,16133.715719
268,37,15682.439810
268,38,15616.664250
268,39,15240.619067
268,40,15176.533819
268,42,14939.666352
268,43,14932.774316
268,44,14612.437838
268,45,14569.758797
268,46,14508.937019
268,47,14453.758092
268,48,14423.538212
268,49,14323.268638
268,50,14228.733657
268,54,14100.139208
268,55,13829.188203
268,59,13662.985143
268,62,13374.892509
268,64,13320.324428
268,67,13224.649669
268,74,13154.637618
268,79,13151.335962
269,36,16133.715719
269,37,15682.439810
269,38,15403.727907
269,39,15240.619067
269,40,15089.749587
269,42,14939.666352
269,43,14932.774316
269,44,14612.437838
269,45,14569.758797
269,46,14508.937019
269,47,14453.758092
269,48,14292.988235
269,50,14214.028957
269,54,14100.139208
269,55,13781.553783
269,59,13660.636369
269,62,13328.388215
269,64,13320.324428
269,66,13199.455287
269,74,13154.637618
269,79,13151.335962
270,36,16133.715719
270,37,15682.439810
270,38,15403.727907
270,39,15240.619067
270,40,15089.749587
270,42,14914.187043
270,44,14612.437838
270,45,14569.758797
270,46,14508.937019
270,47,14453.758092
270,48,14292.988235
270,50,14214.028957
270,54,14100.139208
270,55,13781.553783
270,59,13660.636369
270,62,13328.388215
270,64,13320.324428
270,66,13199.455287
270,74,13154.637618
270,79,13151.335962
271,36,16133.715719
271,37,15682.439810
271,38,15403.727907
271,39,15203.230128
271,40,15089.749587
271,42,14914.187043
271,44,14612.437838
271,45,14569.758797
271,46,14508.937019
271,47,14453.758092
271,48,14292.988235
271,50,14214.028957
271,54,14100.139208
271,55,13781.553783
271,59,13660.636369
271,62,13328.388215
271,64,13320.324428
271,66,13199.455287
271,74,13154.637618
271,79,13151.335962
272,36,16133.715719
272,37,15682.439810
272,38,15403.727907
272,39,15203.230128
272,40,15089.749587
272,42,14914.187043
272,44,14612.437838
272,45,14569.758797
272,46,14508.937019
272,47,14453.758092
272,48,14292.988235
272,50,14214.028957
272,54,14100.139208
272,55,13781.553783
272,59,13660.636369
272,62,13328.388215
272,64,13320.324428
272,66,13199.455287
272,74,13154.637618
272,79,13151.335962
273,36,16133.715719
273,37,15682.439810
273,38,15403.727907
273,39,15203.230128
273,40,15089.749587
273,41,15008.321518
273,42,14907.578875
273,44,14612.437838
273,45,14569.758797
273,46,14508.937019
273,47,14453.758092
273,48,14292.988235
273,50,14214.028957
273,54,14100.139208
273,55,13781.553783
273,59,13660.636369
273,62,13328.388215
273,64,13320.324428
273,66,13199.455287
273,74,13154.637618
273,79,13151.335962
274,36,16133.715719
274,37,15682.439810
274,38,15403.727907
274,39,15203.230128
274,40,15089.749587
274,41,15008.321518
274,42,14907.578875
274,44,14612.437838
274,45,14569.758797
274,46,14508.937019
274,47,14453.758092
274,48,14292.988235
274,50,14171.261306
274,53,14163.567098
274,54,14034.585433
274,55,13781.553783
274,59,13654.661467
274,62,13328.388215
274,64,13301.813062
274,66,13199.455287
274,72,13099.424016
275,36,16133.715719
275,37,15682.439810
275,38,15357.171288
275,39,15203.230128
275,40,15089.749587
275,41,14947.615816
275,42,14907.578875
275,44,14612.437838
275,45,14569.758797
275,46,14508.937019
275,47,14453.758092
275,48,14292.988235
275,50,14171.261306
275,53,14163.567098
275,54,14034.585433
275,55,13781.553783
275,59,13654.661467
275,62,13328.388215
275,64,13301.813062
275,66,13199.455287
275,72,13099.424016
276,36,16133.715719
276,37,15682.439810
276,38,15357.171288
276,39,15203.230128
276,40,15089.749587
276,41,14947.615816
276,42,14907.578875
276,43,14728.311946
276,44,14612.437838
276,45,14569.758797
276,46,14508.937019
276,47,14453.758092
276,48,14292.988235
276,50,14171.261306
276,53,14163.567098
276,54,14034.585433
276,55,13781.553783
276,59,13654.661467
276,62,13328.388215
276,64,13301.813062
276,66,13199.455287
276,72,13099.424016
277,36,16133.715719
277,37,15682.439810
277,38,15357.171288
277,39,15203.230128
277,40,15089.749587
277,41,14947.615816
277,42,14857.157543
277,43,14728.311946
277,44,14612.437838
277,45,14537.479808
277,46,14508.937019
277,47,14453.758092
277,48,14292.988235
277,50,14171.261306
277,53,14163.567098
277,54,14034.585433
277,55,13781.553783
277,59,13654.661467
277,62,13328.388215
277,64,13301.813062
277,66,13199.455287
277,70,13140.193105
277,72,13099.424016
278,36,16133.715719
278,37,15448.138546
278,38,15166.441476
278,40,15089.749587
278,41,14947.615816
278,42,14857.157543
278,43,14690.319836
278,44,14612.437838
278,45,14522.305765
278,46,14508.937019
278,47,14453.758092
278,48,14292.988235
278,50,14171.261306
278,53,14096.156155
278,54,14034.585433
278,55,13781.553783
278,59,13654.661467
278,62,13328.388215
278,64,13301.813062
278,66,13199.455287
278,70,13140.193105
278,72,13099.424016
279,36,16133.715719
279,37,15448.138546
279,38,15166.441476
279,40,15089.749587
279,41,14947.615816
279,42,14857.157543
279,43,14690.319836
279,44,14612.437838
279,45,14522.305765
279,46,14508.937019
279,47,14418.611773
279,48,14292.988235
279,50,14160.460760
279,53,14096.156155
279,54,13997.487533
279,55,13781.553783
279,59,13654.661467
279,62,13328.388215
279,64,13274.314129
279,66,13199.455287
279,70,13140.193105
279,71,13087.694042
280,36,16133.715719
280,37,15448.138546
280,38,15166.441476
280,40,15089.749587
280,41,14947.615816
280,42,14857.157543
280,43,14690.319836
280,44,14612.437838
280,45,14466.570153
280,47,14418.611773
280,48,14292.988235
280,50,14160.460760
280,53,14096.156155
280,54,13997.487533
280,55,13781.553783
280,59,13654.661467
280,62,13328.388215
280,64,13274.314129
280,66,13199.455287
280,70,13140.193105
280,71,13087.694042
281,36,16133.715719
281,37,15448.138546
281,38,15166.441476
281,40,15089.749587
281,41,14947.615816
281,42,14857.157543
281,43,14690.319836
281,44,14612.437838
281,45,14466.570153
281,47,14418.611773
281,48,14292.988235
281,50,14160.460760
281,53,14096.156155
281,54,13997.487533
281,55,13781.553783
281,59,13654.661467
281,62,13328.388215
281,64,13274.314129
281,66,13199.455287
281,70,13140.193105
281,71,13087.694042
282,36,16133.715719
282,37,15448.138546
282,38,15166.441476
282,39,15123.586819
282,40,15089.749587
282,41,14947.615816
282,42,14857.157543
282,43,14690.319836
282,44,14612.437838
282,45,14466.570153
282,47,14418.611773
282,48,14292.988235
282,50,14160.460760
282,53,14096.156155
282,54,13997.487533
282,55,13781.553783
282,59,13654.661467
282,62,13328.388215
282,64,13274.314129
282,66,13199.455287
282,70,13140.193105
282,71,13087.694042
283,36,16133.715719
283,37,15415.527291
283,38,15166.441476
283,39,15123.586819
283,40,15089.749587
283,41,14848.483163
283,42,14819.395248
283,43,14690.319836
283,44,14612.437838
283,45,14466.570153
283,47,14418.611773
283,48,14292.988235
283,50,14160.460760
283,53,14096.156155
283,54,13997.487533
283,55,13781.553783
283,59,13654.661467
283,62,13328.388215
283,64,13274.314129
283,66,13199.455287
283,70,13140.193105
283,71,13087.694042
284,36,16133.715719
284,37,15415.527291
284,38,15166.441476
284,39,15123.586819
284,40,15089.749587
284,41,14848.483163
284,42,14801.486354
284,43,14690.319836
284,44,14612.437838
284,45,14466.570153
284,47,14418.611773
284,48,14292.988235
284,50,14135.263549
284,53,14095.965403
284,54,13989.243536
284,55,13691.680650
284,58,13600.661316
284,62,13316.526341
284,64,13274.314129
284,66,13170.914114
284,69,13115.001988
284,71,13087.694042
285,35,17135.398495
285,36,16133.715719
285,37,15415.527291
285,38,15166.441476
285,39,15123.586819
285,40,15028.773543
285,41,14848.483163
285,42,14801.486354
285,43,14664.925532
285,44,14612.437838
285,45,14466.570153
285,47,14418.611773
285,48,14292.988235
285,50,14135.263549
285,53,14095.965403
285,54,13989.243536
285,55,13691.680650
285,58,13600.661316
285,62,13316.526341
285,64,13274.314129
285,66,13170.914114
285,69,13115.001988
285,71,13087.694042
286,35,17135.398495
286,36,16133.715719
286,37,15415.527291
286,38,15166.441476
286,39,15100.488649
286,40,15028.773543
286,41,14848.483163
286,42,14801.486354
286,43,14664.925532
286,44,14541.740164
286,45,14466.570153
286,47,14418.611773
286,48,14292.988235
286,50,14135.263549
286,53,14095.965403
286,54,13989.243536
286,55,13691.680650
286,58,13600.661316
286,62,13316.526341
286,64,13274.314129
286,66,13170.914114
286,69,13115.001988
286,71,13087.694042
286,74,13083.973617
286,76,13080.800740
287,35,17135.398495
287,36,16133.715719
287,37,15415.527291
287,38,15166.441476
287,39,15057.818126
287,40,15028.773543
287,41,14848.483163
287,42,14801.486354
287,43,14664.925532
287,44,14541.740164
287,45,14466.570153
287,47,14418.611773
287,48,14292.988235
287,50,14135.263549
287,53,14095.965403
287,54,13989.243536
287,55,13691.680650
287,58,13600.661316
287,62,13316.526341
287,64,13274.314129
287,66,13170.914114
287,69,13115.001988
287,71,13087.694042
287,74,13077.847170
288,35,17135.398495
288,36,16133.715719
288,37,15415.527291
288,38,15166.441476
288,39,15057.818126
288,40,15028.773543
288,41,14848.483163
288,42,14801.486354
288,43,14664.925532
288,44,14541.740164
288,45,14466.570153
288,47,14418.611773
288,48,14292.988235
288,50,14135.263549
288,53,14095.965403
288,54,13989.243536
288,55,13691.680650
288,58,13600.661316
288,62,13316.526341
288,64,13274.314129
288,66,13170.914114
288,69,13115.001988
288,71,13087.694042
288,74,13077.847170
289,35,17135.398495
289,36,16133.715719
289,37,15415.527291
289,38,15166.441476
289,39,14974.200536
289,41,14848.483163
289,42,14801.486354
289,43,14664.262210
289,44,14541.740164
289,45,14466.570153
289,47,14418.611773
289,48,14292.988235
289,50,14135.263549
289,53,14095.965403
289,54,13965.386163
289,55,13667.355211
289,58,13591.431774
289,62,13316.526341
289,64,13267.157206
289,66,13170.914114
289,69,13091.145436
289,71,13051.121958
290,35,17135.398495
290,36,16133.715719
290,37,15415.527291
290,38,15166.441476
290,39,14974.200536
290,41,14848.483163
290,42,14801.486354
290,43,14664.262210
290,44,14541.740164
290,45,14466.570153
290,47,14418.611773
290,48,14292.988235
290,50,14135.263549
290,53,14095.965403
290,54,13965.386163
290,55,13667.355211
290,58,13591.431774
290,62,13316.526341
290,64,13267.157206
290,66,13012.966429
291,35,17135.398495
291,36,16133.715719
291,37,15415.527291
291,38,15166.441476
291,39,14974.200536
291,41,14848.483163
291,42,14801.486354
291,43,14664.262210
291,44,14541.740164
291,45,14466.570153
291,47,14418.611773
291,48,14292.988235
291,50,14135.263549
291,53,14095.965403
291,54,13965.386163
291,55,13667.355211
291,58,13591.431774
291,62,13316.526341
291,64,13267.157206
291,66,13012.966429
292,35,17135.398495
292,36,16133.715719
292,37,15415.527291
292,38,15080.965867
292,39,14974.200536
292,41,14848.483163
292,42,14641.960534
292,44,14541.740164
292,45,14466.570153
292,47,14418.611773
292,48,14292.988235
292,50,14135.263549
292,53,14095.965403
292,54,13965.386163
292,55,13667.355211
292,58,13591.431774
292,62,13316.526341
292,64,13267.157206
292,66,13012.966429
293,35,17135.398495
293,36,16133.715719
293,37,15415.527291
293,38,15080.965867
293,39,14974.200536
293,41,14848.483163
293,42,14641.960534
293,44,14541.740164
293,45,14466.570153
293,47,14418.611773
293,48,14292.988235
293,50,14135.263549
293,53,14095.965403
293,54,13965.386163
293,55,13667.355211
293,58,13591.431774
293,62,13316.526341
293,64,13267.157206
293,66,13012.966429
294,35,17135.398495
294,36,16133.715719
294,37,15415.527291
294,38,15080.965867
294,39,14974.200536
294,41,14848.483163
294,42,14641.960534
294,44,14541.740164
294,45,14466.570153
294,47,14418.611773
294,48,14268.271557
294,50,14135.263549
294,53,13958.235904
294,55,13667.355211
294,58,13546.140047
294,59,13445.886788
294,62,13316.526341
294,64,13229.165231
294,66,12970.368628
295,35,17135.398495
295,36,15937.768938
295,37,15355.499439
295,38,15080.965867
295,39,14974.200536
295,41,14848.483163
295,42,14641.960534
295,44,14541.740164
295,45,14466.570153
295,47,14418.611773
295,48,14268.271557
295,50,14135.263549
295,53,13958.235904
295,55,13667.355211
295,58,13546.140047
295,59,13445.886788
295,62,13316.526341
295,64,13229.165231
295,66,12970.368628
296,35,17135.398495
296,36,15937.768938
296,37,15355.499439
296,38,15080.965867
296,39,14974.200536
296,41,14848.483163
296,42,14641.960534
296,44,14541.740164
296,45,14466.570153
296,47,14418.611773
296,48,14268.271557
296,50,14135.263549
296,53,13958.235904
296,55,13667.355211
296,58,13546.140047
296,59,13445.886788
296,62,13316.526341
296,63,13269.729790
296,64,13229.165231
296,66,12970.368628
297,35,17135.398495
297,36,15937.768938
297,37,15355.499439
297,38,15080.965867
297,39,14974.200536
297,41,14848.483163
297,42,14641.960534
297,44,14541.740164
297,45,14466.570153
297,47,14418.611773
297,48,14268.271557
297,50,14135.263549
297,53,13958.235904
297,55,13667.355211
297,58,13546.140047
297,59,13445.886788
297,62,13316.526341
297,63,13269.729790
297,64,13229.165231
297,66,12970.368628
298,35,17135.398495
298,36,15937.768938
298,37,15355.499439
298,38,15080.965867
298,39,14974.200536
298,41,14848.483163
298,42,14641.960534
298,44,14541.740164
298,45,14466.570153
298,47,14418.611773
298,48,14268.271557
298,50,14135.263549
298,53,13958.235904
298,55,13667.355211
298,57,13300.941469
298,58,13261.319089
298,64,13229.165231
298,66,12970.368628
299,35,17135.398495
299,36,15937.768938
299,37,15355.499439
299,38,15008.578049
299,39,14974.200536
299,41,14848.483163
299,42,14641.960534
299,44,14541.740164
299,45,14466.570153
299,47,14378.530598
299,48,14244.057009
299,50,14135.263549
299,53,13808.049835
299,55,13622.248066
299,57,13298.255815
299,58,13256.490627
299,63,13145.186864
299,65,13092.395987
299,66,12949.330990
300,35,17135.398495
300,36,15937.768938
300,37,15355.499439
300,38,15008.578049
300,39,14974.200536
300,41,14848.483163
300,42,14619.129475
300,44,14541.740164
300,45,14466.570153
300,47,14378.530598
300,48,14244.057009
300,50,14135.263549
300,53,13808.049835
300,55,13622.248066
300,57,13298.255815
300,58,13256.490627
300,63,13143.078672
300,65,13092.395987
300,66,12949.330990
301,35,16351.298797
301,36,15937.768938
301,37,15272.280619
301,38,15008.578049
301,39,14974.200536
301,41,14848.483163
301,42,14619.129475
301,44,14541.740164
301,45,14466.570153
301,47,14378.530598
301,48,14244.057009
301,50,14135.263549
301,53,13808.049835
301,55,13622.248066
301,57,13298.255815
301,58,13256.490627
301,63,13143.078672
301,65,13092.395987
301,66,12949.330990
302,35,16351.298797
302,36,15937.768938
302,37,15272.280619
302,38,15008.578049
302,39,14974.200536
302,41,14848.483163
302,42,14610.029760
302,43,14544.095826
302,44,14541.740164
302,45,14466.570153
302,47,14378.530598
302,48,14244.057009
302,50,14135.263549
302,53,13808.049835
302,55,13622.248066
302,57,13298.255815
302,58,13256.490627
302,62,13120.081253
302,65,13092.395987
302,66,12949.330990
303,35,16351.298797
303,36,15937.768938
303,37,15272.280619
303,38,15008.578049
303,39,14974.200536
303,41,14848.483163
303,42,14610.029760
303,43,14528.027972
303,45,14466.570153
303,47,14378.530598
303,48,14244.057009
303,50,14135.263549
303,53,13808.049835
303,55,13622.248066
303,57,13298.255815
303,58,13256.490627
303,62,13120.081253
303,65,13092.395987
303,66,12949.330990
304,35,16351.298797
304,36,15937.768938
304,37,15272.280619
304,38,15008.578049
304,39,14974.200536
304,41,14848.483163
304,42,14610.029760
304,43,14492.161016
304,45,14466.570153
304,47,14366.165189
304,48,14217.299892
304,50,14107.014917
304,53,13808.049835
304,55,13606.494162
304,57,13298.255815
304,58,13256.490627
304,62,13120.081253
304,64,13087.387407
304,66,12949.330990
305,35,16351.298797
305,36,15937.768938
305,37,15272.280619
305,38,15008.578049
305,39,14970.828150
305,41,14848.483163
305,42,14610.029760
305,43,14492.161016
305,45,14466.570153
305,47,14366.165189
305,48,14217.299892
305,50,14107.014917
305,53,13808.049835
305,55,13606.494162
305,57,13298.255815
305,58,13256.490627
305,62,13120.081253
305,64,13087.387407
305,66,12949.330990
305,70,12937.792768
306,35,16351.298797
306,36,15937.768938
306,37,15272.280619
306,38,15008.578049
306,39,14970.828150
306,41,14848.483163
306,42,14610.029760
306,43,14492.161016
306,45,14466.570153
306,47,14366.165189
306,48,14217.299892
306,50,14107.014917
306,53,13808.049835
306,55,13606.494162
306,57,13298.255815
306,58,13256.490627
306,62,13120.081253
306,64,13087.387407
306,66,12949.330990
306,70,12937.792768
307,35,16351.298797
307,36,15937.768938
307,37,15272.280619
307,38,15008.578049
307,39,14970.828150
307,41,14848.483163
307,42,14610.029760
307,43,14492.161016
307,45,14466.570153
307,47,14366.165189
307,48,14217.299892
307,50,14107.014917
307,53,13662.958851
307,55,13606.494162
307,57,13298.255815
307,58,13256.490627
307,62,13120.081253
307,64,13087.387407
307,66,12949.330990
307,70,12937.792768
308,35,16351.298797
308,36,15937.768938
308,37,15272.280619
308,38,14980.394400
308,39,14970.828150
308,41,14848.483163
308,42,14610.029760
308,43,14492.161016
308,44,14465.206034
308,47,14366.165189
308,48,14217.299892
308,50,14107.014917
308,53,13662.958851
308,55,13606.494162
308,57,13298.255815
308,58,13256.490627
308,62,13120.081253
308,64,13087.387407
308,66,12949.330990
308,70,12937.792768
309,35,16351.298797
309,36,15937.768938
309,37,15272.280619
309,38,14926.183750
309,41,14726.241691
309,42,14610.029760
309,43,14492.161016
309,44,14465.206034
309,45,14451.613026
309,47,14081.285994
309,53,13618.143653
309,55,13397.945823
309,56,13289.302907
309,58,13256.490627
309,61,13118.164755
309,63,13073.819386
309,66,12932.968243
310,34,17487.814726
310,35,16351.298797
310,36,15937.768938
310,37,15272.280619
310,38,14926.183750
310,41,14726.241691
310,42,14610.029760
310,43,14492.161016
310,44,14465.206034
310,45,14451.613026
310,47,14081.285994
310,53,13618.143653
310,55,13397.945823
310,56,13289.302907
310,58,13256.490627
310,61,13118.164755
310,63,13073.819386
310,65,13004.441423
310,66,12932.968243
311,34,17487.814726
311,35,16351.298797
311,36,15937.768938
311,37,15272.280619
311,38,14926.183750
311,41,14726.241691
311,42,14610.029760
311,43,14492.161016
311,44,14465.206034
311,45,14451.613026
311,47,14081.285994
311,53,13618.143653
311,55,13397.945823
311,56,13289.302907
311,58,13256.490627
311,61,13118.164755
311,63,13073.819386
311,65,13004.441423
311,66,12932.968243
312,34,17487.814726
312,35,16351.298797
312,36,15937.768938
312,37,15272.280619
312,38,14926.183750
312,41,14726.241691
312,42,14610.029760
312,43,14492.161016
312,44,14465.206034
312,45,14451.613026
312,47,14081.285994
312,53,13618.143653
312,55,13397.945823
312,56,13289.302907
312,58,13256.490627
312,61,13118.164755
312,63,13073.819386
312,65,13004.441423
312,66,12932.968243
313,34,17487.814726
313,35,16351.298797
313,36,15937.768938
313,37,15272.280619
313,38,14926.183750
313,41,14726.241691
313,42,14610.029760
313,43,14492.161016
313,44,14465.206034
313,45,14451.613026
313,47,14081.285994
313,53,13618.143653
313,55,13397.945823
313,56,13289.302907
313,58,13256.490627
313,61,13118.164755
313,63,13073.819386
313,65,12973.713732
313,66,12932.968243
314,34,17487.814726
314,35,16351.298797
314,36,15937.768938
314,37,15272.280619
314,38,14926.183750
314,40,14907.522947
314,41,14726.241691
314,42,14610.029760
314,43,14492.161016
314,44,14465.206034
314,45,14451.613026
314,47,14030.645220
314,52,13614.944985
314,55,13397.945823
314,56,13267.793951
314,57,13246.494263
314,60,13046.074875
314,65,12929.726951
315,34,17487.814726
315,35,16351.298797
315,36,15937.768938
315,37,15272.280619
315,38,14926.183750
315,40,14907.522947
315,41,14726.241691
315,42,14610.029760
315,43,14492.161016
315,44,14465.206034
315,45,14451.613026
315,47,14030.645220
315,52,13614.944985
315,55,13397.945823
315,56,13267.793951
315,57,13246.494263
315,60,13046.074875
315,65,12929.726951
315,66,12924.371133
316,34,17487.814726
316,35,16351.298797
316,36,15937.768938
316,37,15272.280619
316,38,14926.183750
316,40,14907.522947
316,41,14726.241691
316,42,14610.029760
316,43,14492.161016
316,44,14465.206034
316,45,14451.613026
316,47,14030.645220
316,52,13614.944985
316,55,13397.945823
316,56,13267.793951
316,57,13246.494263
316,60,13046.074875
316,65,12929.726951
316,66,12924.371133
317,34,17487.814726
317,35,16351.298797
317,36,15937.768938
317,37,15272.280619
317,38,14926.183750
317,40,14907.522947
317,41,14726.241691
317,42,14610.029760
317,43,14492.161016
317,44,14465.206034
317,45,14451.613026
317,47,14030.645220
317,52,13614.944985
317,55,13397.945823
317,56,13267.793951
317,57,13246.494263
317,60,13046.074875
317,64,13027.017349
317,65,12929.726951
317,66,12924.371133
318,34,17487.814726
318,35,16351.298797
318,36,15907.941295
318,37,15272.280619
318,38,14926.183750
318,40,14907.522947
318,41,14726.241691
318,42,14610.029760
318,43,14492.161016
318,44,14465.206034
318,45,14451.613026
318,47,14030.645220
318,52,13614.944985
318,55,13397.945823
318,56,13267.793951
318,57,13246.494263
318,60,13046.074875
318,63,12961.132969
318,65,12929.726951
318,66,12924.371133
319,34,17487.814726
319,35,16351.298797
319,36,15907.941295
319,37,15272.280619
319,38,14926.183750
319,40,14907.522947
319,41,14726.241691
319,42,14610.029760
319,43,14492.161016
319,44,14465.206034
319,45,14451.613026
319,46,14026.803253
319,52,13614.944985
319,55,13397.945823
319,56,13244.577765
319,60,13038.496452
319,63,12949.779653
319,65,12925.393519
319,66,12924.371133
320,34,17487.814726
320,35,16351.298797
320,36,15907.941295
320,37,15272.280619
320,38,14926.183750
320,39,14910.271000
320,40,14907.522947
320,41,14726.241691
320,42,14610.029760
320,43,14492.161016
320,44,14465.206034
320,45,14170.938803
320,46,14026.803253
320,52,13614.944985
320,55,13397.945823
320,56,13244.577765
320,60,13038.496452
320,63,12949.779653
320,65,12925.393519
320,66,12924.371133
320,67,12915.567659
321,34,17135.917081
321,35,16351.298797
321,36,15907.941295
321,37,15272.280619
321,38,14926.183750
321,39,14910.271000
321,40,14901.345763
321,41,14726.241691
321,42,14610.029760
321,43,14492.161016
321,44,14465.206034
321,45,14170.938803
321,46,14026.803253
321,52,13614.944985
321,55,13397.945823
321,56,13244.577765
321,60,13038.496452
321,63,12949.779653
321,65,12925.393519
321,66,12924.371133
321,67,12915.567659
322,34,17135.917081
322,35,16351.298797
322,36,15907.941295
322,37,15272.280619
322,38,14926.183750
322,39,14855.542081
322,41,14726.241691
322,42,14610.029760
322,43,14492.161016
322,44,14465.206034
322,45,14170.938803
322,46,14026.803253
322,52,13614.944985
322,55,13397.945823
322,56,13244.577765
322,60,13038.496452
322,63,12949.779653
322,65,12925.393519
322,66,12924.371133
322,67,12915.567659
323,34,17135.917081
323,35,16351.298797
323,36,15907.941295
323,37,15272.280619
323,38,14926.183750
323,39,14855.542081
323,41,14726.241691
323,42,14610.029760
323,43,14492.161016
323,44,14465.206034
323,45,14063.913355
323,46,14026.803253
323,52,13614.944985
323,55,13397.945823
323,56,13244.577765
323,60,13038.496452
323,63,12949.779653
323,65,12925.393519
323,66,12924.371133
323,67,12915.567659
324,34,17135.917081
324,35,16351.298797
324,36,15907.941295
324,37,15272.280619
324,38,14926.183750
324,39,14801.255746
324,41,14726.241691
324,42,14610.029760
324,43,14492.161016
324,44,14465.206034
324,45,14063.913355
324,46,14026.803253
324,52,13614.944985
324,53,13356.758822
324,56,13244.577765
324,58,13026.692105
324,63,12949.334478
324,65,12925.393519
324,66,12924.371133
324,67,12915.567659
325,34,17135.917081
325,35,16351.298797
325,36,15309.627341
325,37,15272.280619
325,38,14926.183750
325,39,14801.255746
325,41,14726.241691
325,42,14610.029760
325,43,14492.161016
325,44,14465.206034
325,45,14063.913355
325,46,14026.803253
325,52,13614.944985
325,53,13356.758822
325,56,13244.577765
325,58,13026.692105
325,63,12949.334478
325,65,12925.393519
325,66,12924.371133
325,67,12915.567659
326,34,16697.956105
326,35,16351.298797
326,36,15309.627341
326,37,15272.280619
326,38,14926.183750
326,39,14801.255746
326,41,14726.241691
326,42,14610.029760
326,43,14492.161016
326,44,14465.206034
326,45,14063.913355
326,46,14026.803253
326,52,13614.944985
326,53,13356.758822
326,56,13244.577765
326,58,13026.692105
326,59,13020.916027
326,62,12978.515765
326,63,12945.442382
326,65,12925.393519
326,66,12924.371133
326,67,12915.567659
327,34,16697.956105
327,35,16351.298797
327,36,15309.627341
327,37,15272.280619
327,38,14926.183750
327,39,14801.255746
327,41,14726.241691
327,42,14610.029760
327,43,14492.161016
327,44,14465.206034
327,45,14063.913355
327,46,14026.803253
327,52,13614.944985
327,53,13356.758822
327,56,13244.577765
327,58,13026.692105
327,59,13020.916027
327,62,12978.515765
327,63,12945.442382
327,65,12925.393519
327,66,12924.371133
327,67,12915.567659
328,34,16697.956105
328,35,16351.298797
328,36,15309.627341
328,37,15272.280619
328,38,14926.183750
328,39,14801.255746
328,41,14726.241691
328,42,14610.029760
328,43,14492.161016
328,44,14465.206034
328,45,14063.913355
328,46,14017.127146
328,52,13614.944985
328,53,13356.758822
328,56,13244.577765
328,58,13026.692105
328,59,13020.916027
328,62,12978.515765
328,63,12945.442382
328,65,12925.393519
328,66,12924.371133
328,67,12915.567659
