Generation,NV,TOC
1,56,26445.071751
1,60,25941.167267
1,62,25010.229492
1,65,23956.485093
1,67,23736.388359
1,72,23500.438325
1,81,23368.023123
1,90,22436.485339
1,111,22337.902614
1,112,22210.562171
1,113,21641.324444
1,116,21533.309395
1,131,20965.458243
1,138,20658.913597
1,141,20502.962434
2,54,26897.658533
2,55,26800.883667
2,56,26445.071751
2,58,25894.162429
2,60,25679.440910
2,62,25010.229492
2,65,23956.485093
2,67,23736.388359
2,70,23417.864013
2,74,23314.465527
2,75,22719.821210
2,90,22436.485339
2,110,22068.110202
2,112,21685.786742
2,113,21641.324444
2,116,21533.309395
2,121,21495.214258
2,129,21118.778803
2,131,20965.458243
2,138,20658.913597
2,141,20502.962434
2,177,20041.317198
2,185,19862.875793
3,54,26897.658533
3,55,25854.412933
3,57,25528.539501
3,61,24388.862239
3,65,23733.452013
3,66,23709.808228
3,70,23417.864013
3,74,23314.465527
3,75,22719.821210
3,76,22394.963471
3,82,22048.871125
3,85,21882.484003
3,105,21734.231007
3,108,21604.665896
3,116,21533.309395
3,117,21419.541389
3,125,21342.722909
3,129,21118.778803
3,131,20965.458243
3,136,20522.701147
3,141,20502.962434
3,144,20473.691572
3,145,20386.644767
3,156,20284.159464
3,159,20175.710539
3,176,19900.669847
3,183,19746.617135
4,49,27107.563215
4,54,26897.658533
4,55,25854.412933
4,57,25290.958954
4,61,24388.862239
4,65,23733.452013
4,66,23709.808228
4,69,23459.698828
4,70,23417.864013
4,74,22694.435186
4,76,22394.963471
4,82,22048.871125
4,85,21882.484003
4,86,21772.466528
4,93,21666.380477
4,101,21329.683963
4,108,20998.804415
4,112,20696.306931
4,119,20425.890547
4,127,20145.046910
4,136,20127.315623
4,146,19835.437970
4,164,19789.813276
4,167,19585.709721
5,49,27107.563215
5,50,26883.931727
5,53,26864.938560
5,55,25854.412933
5,56,25266.701571
5,61,24388.862239
5,65,23733.452013
5,66,23709.808228
5,69,23315.593901
5,70,23071.501658
5,74,22694.435186
5,76,22394.963471
5,80,22332.065175
5,82,22048.871125
5,85,21882.484003
5,86,21772.466528
5,93,21666.380477
5,101,21329.683963
5,108,20547.403811
5,115,20272.822267
5,118,20047.490829
5,129,19999.978602
5,136,19980.474386
5,146,19835.437970
5,153,19792.670225
5,154,19687.023001
5,165,19560.439584
6,48,27389.539322
6,49,27107.563215
6,50,26883.931727
6,51,26732.695880
6,53,26265.313897
6,55,25854.412933
6,56,25266.701571
6,59,25220.798942
6,60,24746.602547
6,61,24388.862239
6,62,23732.217620
6,66,23709.808228
6,69,23315.593901
6,70,23059.525562
6,74,22694.435186
6,76,22394.963471
6,80,21692.705480
6,93,21666.380477
6,95,21433.951762
6,101,21329.683963
6,107,20635.847789
6,108,20547.403811
6,115,20272.822267
6,118,20047.490829
6,129,19930.173983
6,134,19869.093067
6,146,19835.437970
6,147,19833.387830
6,153,19792.670225
6,154,19687.023001
6,159,19605.545200
6,163,19544.782488
6,164,19438.989818
7,48,27389.539322
7,49,27107.563215
7,50,26883.931727
7,51,26732.695880
7,52,26360.070208
7,53,26049.190801
7,54,25955.150547
7,55,25597.215219
7,56,25266.701571
7,58,25110.181540
7,60,24746.602547
7,61,24388.862239
7,62,23732.217620
7,66,23709.808228
7,67,23452.016179
7,69,23315.593901
7,70,23059.525562
7,72,22966.548378
7,74,22694.435186
7,76,22394.963471
7,80,21692.705480
7,92,21247.817239
7,95,21132.646963
7,103,20548.036287
7,106,20396.911222
7,115,20272.822267
7,116,19832.844365
7,121,19588.644683
7,153,19476.401720
7,156,19080.550295
8,48,27003.697162
8,49,26747.270536
8,51,26732.695880
8,52,26360.070208
8,53,26049.190801
8,54,25640.220541
8,55,25597.215219
8,56,25266.701571
8,58,25110.181540
8,59,25104.757600
8,60,24463.989178
8,61,24388.862239
8,62,23732.217620
8,66,23709.808228
8,67,23452.016179
8,69,23315.593901
8,70,23059.525562
8,72,22966.548378
8,74,22400.417724
8,76,22394.963471
8,80,21692.705480
8,92,21247.817239
8,95,21132.646963
8,103,20548.036287
8,106,20396.911222
8,115,20272.822267
8,116,19832.844365
8,121,19588.644683
8,123,19531.228973
8,153,19476.401720
8,156,19080.550295
9,48,27003.697162
9,49,26747.270536
9,51,26732.695880
9,52,25855.530050
9,54,25640.220541
9,55,25486.050507
9,56,25266.701571
9,58,25110.181540
9,59,25075.851080
9,60,24463.989178
9,61,24388.862239
9,62,23732.217620
9,66,23603.226063
9,67,23452.016179
9,69,23315.593901
9,70,23059.525562
9,72,22744.293720
9,74,22400.417724
9,76,22394.963471
9,77,21925.270852
9,79,21900.191040
9,80,21692.705480
9,87,21284.043105
9,92,21247.817239
9,95,21132.646963
9,97,20987.939339
9,103,20548.036287
9,106,20396.911222
9,115,20272.822267
9,116,19832.844365
9,121,19588.644683
9,123,19531.228973
9,131,19143.209773
9,149,19089.557404
9,154,18880.543414
10,48,27003.697162
10,49,26747.270536
10,51,26257.927432
10,52,25735.188947
10,53,25698.029131
10,54,25640.220541
10,55,25486.050507
10,56,24967.517491
10,58,24645.785617
10,60,24463.989178
10,61,24388.862239
10,62,23732.217620
10,66,23603.226063
10,67,23452.016179
10,69,23261.298983
10,70,23059.525562
10,72,22744.293720
10,74,22400.417724
10,76,22394.963471
10,77,21925.270852
10,79,21900.191040
10,80,21692.705480
10,81,21625.440790
10,87,21284.043105
10,90,21146.830555
10,91,20728.504021
10,102,20499.517539
10,106,19914.736244
10,110,19719.346669
10,115,19679.752422
10,121,19588.644683
10,123,19531.228973
10,131,19143.209773
10,149,19089.557404
10,154,18880.543414
10,162,18878.643193
11,48,27003.697162
11,49,26747.270536
11,50,26578.187653
11,51,26257.927432
11,52,25735.188947
11,53,25698.029131
11,54,25295.812334
11,56,24967.517491
11,58,24645.785617
11,59,24384.345252
11,62,23732.217620
11,66,23603.226063
11,67,23452.016179
11,69,23261.298983
11,70,23059.525562
11,72,22744.293720
11,74,22400.417724
11,76,22275.302361
11,77,21925.270852
11,79,21900.191040
11,80,21692.705480
11,81,21625.440790
11,86,21618.384650
11,87,21284.043105
11,89,21210.825587
11,90,21146.830555
11,91,20728.504021
11,100,20248.298901
11,106,19865.802095
11,108,19369.898259
11,129,18948.978382
11,149,18635.905082
12,48,27003.697162
12,49,26747.270536
12,50,26578.187653
12,51,26082.874178
12,52,25735.188947
12,53,24723.093254
12,58,24645.785617
12,59,24384.345252
12,60,23939.548231
12,62,23732.217620
12,63,23517.925770
12,67,23419.485005
12,69,23133.072705
12,70,22046.319935
12,72,21284.575216
12,74,20925.548881
12,83,20840.046993
12,87,20404.421825
12,90,20277.190233
12,99,20262.834762
12,100,20248.298901
12,101,19988.358021
12,102,19804.751291
12,108,19369.898259
12,129,18948.978382
12,149,18635.905082
13,48,27003.697162
13,49,25749.868067
13,52,25302.067368
13,53,24723.093254
13,54,24705.568446
13,55,24700.522741
13,58,24575.979680
13,59,24384.345252
13,60,23939.548231
13,62,23732.217620
13,63,23449.449553
13,64,23297.016249
13,67,23205.870603
13,68,22588.455103
13,70,22046.319935
13,72,21284.575216
13,74,20925.548881
13,83,20840.046993
13,84,20745.966015
13,87,20404.421825
13,90,20277.190233
13,99,20262.834762
13,100,19618.390258
13,105,19368.422581
13,114,19152.352910
13,129,18948.978382
13,149,18635.905082
14,48,27003.697162
14,49,25749.868067
14,52,25302.067368
14,53,24392.233989
14,55,23994.152289
14,60,23939.548231
14,62,23732.217620
14,63,23449.449553
14,64,23259.159315
14,65,22249.807141
14,69,21863.304312
14,72,21284.575216
14,73,21171.278923
14,74,20925.548881
14,81,20806.397240
14,84,20561.218861
14,87,20404.421825
14,90,19965.611595
14,96,19862.293343
14,98,19069.784800
14,116,18997.737699
14,120,18919.419092
14,124,18706.926932
14,149,18635.905082
14,152,18513.617342
15,48,27003.697162
15,49,25749.868067
15,52,24357.572504
15,53,24296.163646
15,54,23643.261748
15,59,22993.168236
15,64,22430.786505
15,65,22249.807141
15,67,22045.368358
15,69,21863.304312
15,71,21644.772825
15,72,21284.575216
15,73,21171.278923
15,74,20925.548881
15,81,20806.397240
15,82,20502.245450
15,86,20408.967600
15,87,20260.770376
15,90,19965.611595
15,96,19599.918341
15,98,19069.784800
15,116,18997.737699
15,118,18985.123541
15,120,18919.419092
15,124,18706.926932
15,129,18458.760781
16,48,27003.697162
16,49,25749.868067
16,50,25061.689108
16,52,24357.572504
16,53,23804.157938
16,54,23643.261748
16,59,22993.168236
16,60,22696.467917
16,64,22430.786505
16,65,22249.807141
16,67,22045.368358
16,69,21863.304312
16,71,21644.772825
16,72,21284.575216
16,73,21171.278923
16,74,20925.548881
16,80,20864.221685
16,81,20806.397240
16,82,20502.245450
16,86,20408.967600
16,87,20260.770376
16,90,19965.611595
16,95,19196.671374
16,97,19133.910237
16,98,19069.784800
16,101,18878.482038
16,103,18826.988878
16,120,18682.762456
16,124,18630.936219
16,127,18623.459090
16,129,18458.760781
16,136,18406.172661
17,48,27003.697162
17,49,25749.868067
17,50,25061.689108
17,51,24402.302518
17,52,24357.572504
17,53,23804.157938
17,54,23643.261748
17,59,22993.168236
17,60,22696.467917
17,63,22407.660799
17,64,22370.741916
17,65,22123.309580
17,67,22045.368358
17,69,21863.304312
17,71,21644.772825
17,72,21186.450091
17,73,21171.278923
17,74,20925.548881
17,76,20667.150728
17,82,20502.245450
17,85,20084.262247
17,88,20058.939332
17,90,19965.611595
17,93,19897.919298
17,95,19196.671374
17,97,19133.910237
17,98,19069.784800
17,101,18878.482038
17,103,18826.988878
17,117,18752.578865
17,120,18682.762456
17,124,18630.936219
17,127,18623.459090
17,129,18458.760781
17,131,18436.807756
17,136,18406.172661
18,48,27003.697162
18,49,25749.868067
18,50,25061.689108
18,51,24402.302518
18,52,24357.572504
18,53,23804.157938
18,54,23643.261748
18,55,23606.625618
18,58,23391.192668
18,59,22993.168236
18,60,22696.467917
18,62,22600.109821
18,63,22407.660799
18,64,22370.741916
18,65,22123.309580
18,67,22045.368358
18,68,21565.721885
18,72,21164.439691
18,74,20925.548881
18,76,20667.150728
18,82,20502.245450
18,85,20084.262247
18,88,20058.939332
18,90,19965.611595
18,93,19897.919298
18,95,19196.671374
18,97,18909.054548
18,101,18878.482038
18,103,18826.988878
18,117,18752.578865
18,120,18682.762456
18,124,18630.936219
18,127,18623.459090
18,129,18458.760781
18,131,18436.807756
18,136,18406.172661
18,146,18360.356138
19,48,27003.697162
19,49,25749.868067
19,50,25061.689108
19,51,24402.302518
19,52,24256.341046
19,53,23804.157938
19,54,23643.261748
19,55,23606.625618
19,58,23391.192668
19,59,22993.168236
19,60,22457.834133
19,63,21828.981796
19,68,21565.721885
19,72,21164.439691
19,74,20925.548881
19,76,20667.150728
19,77,20456.788074
19,80,20441.349067
19,85,20084.262247
19,88,20058.939332
19,90,19965.611595
19,92,19337.865100
19,94,19270.222427
19,95,19196.671374
19,97,18909.054548
19,101,18878.482038
19,103,18826.988878
19,114,18799.392177
19,117,18752.578865
19,120,18682.762456
19,124,18630.936219
19,126,18464.257204
19,129,18458.760781
19,131,18436.807756
19,136,18406.172661
19,146,18360.356138
20,48,27003.697162
20,49,25749.868067
20,50,24076.399853
20,52,24043.649455
20,53,23086.268807
20,54,22660.615365
20,60,22368.592421
20,63,21828.981796
20,65,21706.667780
20,68,21565.721885
20,69,21390.930266
20,70,21140.671148
20,74,20925.548881
20,76,20667.150728
20,77,20456.788074
20,80,20441.349067
20,85,20084.262247
20,88,20058.939332
20,90,19965.611595
20,92,19337.865100
20,94,19270.222427
20,95,19196.671374
20,97,18909.054548
20,101,18878.482038
20,103,18826.988878
20,114,18795.809819
20,117,18752.578865
20,120,18682.762456
20,124,18630.936219
20,126,18464.257204
20,129,18458.760781
20,131,18436.807756
20,136,18406.172661
20,146,18360.356138
21,48,27003.697162
21,49,25749.868067
21,50,24076.399853
21,51,24065.947426
21,52,23859.798961
21,53,23086.268807
21,54,22660.615365
21,59,22553.009919
21,60,22368.592421
21,62,22365.845796
21,63,21828.981796
21,65,21706.667780
21,66,21540.565337
21,68,21448.618687
21,69,21390.930266
21,70,21140.671148
21,74,20925.548881
21,76,20667.150728
21,77,20456.788074
21,80,20441.349067
21,83,20389.261171
21,85,20084.262247
21,88,20058.939332
21,90,19965.611595
21,92,19337.865100
21,94,19270.222427
21,95,19196.671374
21,97,18909.054548
21,101,18878.482038
21,103,18826.988878
21,114,18795.809819
21,117,18752.578865
21,120,18682.762456
21,122,18628.723080
21,126,18464.257204
21,129,18458.760781
21,131,18436.807756
21,136,18406.172661
21,138,18320.301927
22,48,26202.365474
22,49,25749.868067
22,50,24076.399853
22,51,24065.947426
22,52,23364.421558
22,53,23086.268807
22,54,22296.860548
22,60,22174.982131
22,62,21673.795211
22,65,21626.782691
22,66,21540.565337
22,67,21468.168668
22,68,21448.618687
22,69,21390.930266
22,70,21140.671148
22,72,20969.409280
22,74,20925.548881
22,75,20572.580519
22,77,20456.788074
22,80,20441.349067
22,83,20389.261171
22,85,20084.262247
22,88,20058.939332
22,90,19965.611595
22,92,19337.865100
22,94,19270.222427
22,95,19196.671374
22,97,18909.054548
22,101,18878.482038
22,103,18826.988878
22,114,18795.809819
22,117,18752.578865
22,120,18682.762456
22,122,18628.723080
22,126,18464.257204
22,129,18458.760781
22,131,18436.807756
22,136,18406.172661
22,138,18320.301927
23,48,26202.365474
23,49,25749.868067
23,50,24076.399853
23,51,24065.947426
23,52,23364.421558
23,53,23012.720288
23,54,22296.860548
23,56,22287.978845
23,59,21856.472272
23,62,21370.640532
23,68,21241.285129
23,69,20931.037332
23,74,20925.548881
23,75,20572.580519
23,77,20456.788074
23,80,20441.349067
23,83,20238.745618
23,85,20084.262247
23,88,20058.939332
23,90,19965.611595
23,92,19337.865100
23,94,19270.222427
23,95,19196.671374
23,97,18909.054548
23,101,18878.482038
23,103,18826.988878
23,114,18756.981043
23,117,18752.578865
23,120,18682.762456
23,122,18628.723080
23,126,18464.257204
23,129,18458.760781
23,131,18436.807756
23,136,18406.172661
23,138,18320.301927
23,141,18206.641123
24,47,26598.803439
24,48,26202.365474
24,49,25749.868067
24,50,23790.689863
24,52,23018.568125
24,53,23012.720288
24,54,22296.860548
24,56,22287.978845
24,59,21856.472272
24,62,21370.640532
24,66,21227.865438
24,69,20931.037332
24,74,20925.548881
24,75,20572.580519
24,77,20456.788074
24,80,20441.349067
24,83,20238.745618
24,85,20084.262247
24,86,20014.617431
24,90,19965.611595
24,92,19337.865100
24,94,19270.222427
24,95,19196.671374
24,97,18909.054548
24,101,18878.482038
24,103,18826.988878
24,114,18678.103433
24,117,18398.138553
24,129,18235.663113
24,137,17873.180017
25,47,26598.803439
25,48,26202.365474
25,49,25557.350967
25,50,23790.689863
25,52,23018.568125
25,53,23012.720288
25,54,22296.860548
25,56,22287.978845
25,59,21853.034828
25,62,21370.640532
25,66,21227.865438
25,69,20805.191324
25,72,20551.882405
25,77,20456.788074
25,78,20050.441423
25,83,19992.507573
25,90,19862.521907
25,92,19337.865100
25,94,19270.222427
25,95,19196.671374
25,97,18909.054548
25,101,18878.482038
25,103,18826.988878
25,114,18678.103433
25,117,18398.138553
25,118,18382.815806
25,125,18370.511543
25,129,18235.663113
25,137,17873.180017
26,47,26598.803439
26,48,26202.365474
26,49,25557.350967
26,50,23790.689863
26,51,23174.014973
26,52,23018.568125
26,53,23012.720288
26,54,22296.860548
26,56,22287.978845
26,57,22174.204942
26,59,21853.034828
26,62,21370.640532
26,63,21209.249309
26,66,20678.699510
26,67,20606.965392
26,69,20495.504881
26,77,20456.788074
26,78,20050.441423
26,83,19992.507573
26,84,19547.976969
26,92,19337.865100
26,94,19270.222427
26,95,19196.671374
26,97,18909.054548
26,101,18878.482038
26,103,18826.988878
26,114,18678.103433
26,117,18398.138553
26,118,18382.815806
26,120,18378.987879
26,125,18370.511543
26,129,18235.663113
26,137,17873.180017
27,47,26598.803439
27,48,26202.365474
27,49,25557.350967
27,50,23790.689863
27,51,23174.014973
27,52,23018.568125
27,53,23012.720288
27,54,22296.860548
27,56,22020.545658
27,59,21853.034828
27,62,21370.640532
27,63,21209.249309
27,66,20678.699510
27,67,20606.965392
27,69,20495.504881
27,77,20170.475450
27,78,20050.441423
27,83,19992.507573
27,84,19547.976969
27,92,19337.865100
27,94,19270.222427
27,95,19196.671374
27,97,18909.054548
27,101,18878.482038
27,103,18826.988878
27,114,18678.103433
27,117,18398.138553
27,118,18382.815806
27,120,18378.987879
27,125,18370.511543
27,128,18021.932058
27,137,17873.180017
28,47,26598.803439
28,48,25840.251833
28,49,25557.350967
28,50,23790.689863
28,51,23174.014973
28,52,23018.568125
28,53,22847.522513
28,54,22296.860548
28,56,22020.545658
28,59,21853.034828
28,60,21836.555354
28,62,21370.640532
28,63,21209.249309
28,66,20678.699510
28,67,20606.965392
28,69,20495.504881
28,77,20170.475450
28,78,20050.441423
28,83,19992.507573
28,84,19547.976969
28,91,19533.666724
28,92,19337.865100
28,94,19270.222427
28,95,19196.671374
28,97,18909.054548
28,101,18795.644430
28,108,18429.088599
28,117,18398.138553
28,118,18382.815806
28,119,18296.134363
28,121,17708.812286
29,47,26598.803439
29,48,25840.251833
29,49,25557.350967
29,50,23790.689863
29,51,23174.014973
29,52,23018.568125
29,53,22651.101118
29,54,22213.281381
29,56,21946.883215
29,58,21476.297021
29,61,21313.873794
29,63,21209.249309
29,66,20678.699510
29,67,20606.965392
29,69,20495.504881
29,76,19621.673937
29,84,19547.976969
29,91,19533.666724
29,92,19337.865100
29,94,19270.222427
29,95,19196.671374
29,97,18909.054548
29,101,18795.644430
29,108,18429.088599
29,117,18398.138553
29,118,18382.815806
29,119,18296.134363
29,121,17708.812286
30,47,26598.803439
30,48,25840.251833
30,49,25557.350967
30,50,23790.689863
30,51,23174.014973
30,52,22720.296382
30,53,22639.402761
30,54,22213.281381
30,56,21946.883215
30,58,21476.297021
30,61,21313.873794
30,63,21209.249309
30,64,21000.300767
30,65,20745.762049
30,66,20678.699510
30,67,20606.965392
30,68,20284.720687
30,76,19621.673937
30,83,19501.057368
30,92,19337.865100
30,94,19270.222427
30,95,19196.671374
30,97,18909.054548
30,101,18795.644430
30,104,18776.616917
30,108,18429.088599
30,117,18398.138553
30,118,18382.815806
30,119,18296.134363
30,121,17708.812286
31,47,26598.803439
31,48,25840.251833
31,49,23287.426848
31,50,22998.073523
31,52,22720.296382
31,53,22639.402761
31,54,22213.281381
31,56,21946.883215
31,58,21476.297021
31,61,21313.873794
31,63,20927.199745
31,64,20516.678129
31,68,20284.720687
31,73,20149.915886
31,76,19621.673937
31,79,19460.606645
31,86,19161.067356
31,88,19083.554163
31,96,19015.594385
31,97,18909.054548
31,98,18759.089398
31,108,18429.088599
31,117,18398.138553
31,118,18382.815806
31,119,18296.134363
31,121,17708.812286
32,47,26598.803439
32,48,25840.251833
32,49,23287.426848
32,50,22998.073523
32,52,22438.992571
32,53,22256.516420
32,54,22213.281381
32,55,22146.453836
32,56,21946.883215
32,58,21476.297021
32,61,21313.873794
32,62,20553.383870
32,64,20516.678129
32,68,20284.720687
32,73,20149.915886
32,76,19621.673937
32,79,19460.606645
32,86,19161.067356
32,87,18960.570057
32,94,18826.151940
32,97,18747.195646
32,107,18571.561567
32,108,18187.985627
32,118,18161.875340
32,121,17587.615993
33,47,26598.803439
33,48,25840.251833
33,49,23287.426848
33,50,22998.073523
33,52,22438.992571
33,53,22256.516420
33,54,22213.281381
33,55,22146.453836
33,56,21946.883215
33,57,21729.757276
33,58,21476.297021
33,61,21313.873794
33,62,20553.383870
33,64,20516.678129
33,68,20284.720687
33,72,19982.998583
33,75,19748.088484
33,76,19621.673937
33,79,19460.606645
33,83,19340.829771
33,86,19161.067356
33,87,18960.570057
33,94,18826.151940
33,97,18747.195646
33,107,18571.561567
33,108,18187.985627
33,118,18161.875340
33,121,17587.615993
34,47,26598.803439
34,48,25840.251833
34,49,23287.426848
34,50,22998.073523
34,52,22438.992571
34,53,22256.516420
34,54,22213.281381
34,55,22146.453836
34,56,21946.883215
34,57,21729.757276
34,58,21476.297021
34,59,21433.741531
34,61,21313.873794
34,62,20553.383870
34,64,20516.678129
34,68,20284.720687
34,72,19982.998583
34,75,19417.206678
34,83,19340.829771
34,86,19161.067356
34,87,18960.570057
34,94,18826.151940
34,97,18747.195646
34,107,18571.561567
34,108,18187.985627
34,118,18161.875340
34,121,17587.615993
35,47,26559.881829
35,48,25840.251833
35,49,23287.426848
35,50,22998.073523
35,51,22781.676302
35,52,22438.992571
35,53,22256.516420
35,54,22213.281381
35,55,22146.453836
35,56,21665.173762
35,57,21531.080132
35,58,21476.297021
35,59,21433.741531
35,61,20958.369346
35,62,20553.383870
35,64,20516.678129
35,66,20374.161214
35,68,20284.720687
35,72,19982.998583
35,75,19417.206678
35,83,19340.829771
35,86,19161.067356
35,87,18960.570057
35,94,18826.151940
35,97,18747.195646
35,100,18700.446427
35,107,18571.561567
35,108,18187.985627
35,118,18161.875340
35,121,17587.615993
36,47,26559.881829
36,48,25840.251833
36,49,23287.426848
36,50,22511.096558
36,52,22438.992571
36,53,22256.516420
36,54,22213.281381
36,55,22146.453836
36,56,21665.173762
36,57,21531.080132
36,58,21476.297021
36,59,21433.741531
36,61,20958.369346
36,62,20553.383870
36,64,20516.678129
36,66,20129.480647
36,68,19765.514827
36,72,19752.240979
36,75,19417.206678
36,83,19167.111557
36,86,18897.901887
36,91,18657.507998
36,93,18554.429400
36,103,18388.366709
36,108,18187.985627
36,115,18079.237178
36,121,17582.961460
37,47,26559.881829
37,48,25840.251833
37,49,23287.426848
37,50,22511.096558
37,52,22227.815380
37,54,21914.663464
37,55,21468.270483
37,58,21434.518890
37,59,21433.741531
37,61,20958.369346
37,62,20553.383870
37,64,20516.678129
37,66,20129.480647
37,68,19765.514827
37,72,19752.240979
37,75,19417.206678
37,83,19167.111557
37,85,18883.685516
37,91,18657.507998
37,93,18554.429400
37,103,18388.366709
37,108,18187.985627
37,115,18079.237178
37,121,17582.961460
38,47,26112.858527
38,48,25840.251833
38,49,23287.426848
38,50,22511.096558
38,52,22227.815380
38,53,21895.695051
38,55,21468.270483
38,57,21374.284641
38,61,20958.369346
38,62,20553.383870
38,64,20516.678129
38,66,20129.480647
38,68,19765.514827
38,72,19752.240979
38,73,19519.506208
38,75,19417.206678
38,83,19167.111557
38,85,18883.685516
38,87,18789.499237
38,91,18657.507998
38,93,18554.429400
38,103,18388.366709
38,108,18187.985627
38,115,18079.237178
38,121,17582.961460
39,47,25975.856180
39,48,25840.251833
39,49,23287.426848
39,50,22511.096558
39,52,22227.815380
39,53,21895.695051
39,55,21468.270483
39,57,21374.284641
39,60,20742.844458
39,62,20553.383870
39,64,20516.678129
39,66,20129.480647
39,68,19765.514827
39,71,19497.127736
39,75,19417.206678
39,81,19346.000643
39,83,19167.111557
39,85,18883.685516
39,87,18789.499237
39,91,18657.507998
39,93,18554.429400
39,102,18389.324151
39,103,18388.366709
39,108,18187.985627
39,115,18079.237178
39,121,17582.961460
40,47,25975.856180
40,48,25840.251833
40,49,23287.426848
40,50,22511.096558
40,52,22056.176345
40,53,21650.858141
40,55,21468.270483
40,57,21355.169713
40,60,20742.844458
40,62,20369.825269
40,63,20331.075067
40,66,19895.908531
40,68,19765.514827
40,69,19467.205810
40,75,19417.206678
40,81,19346.000643
40,82,18950.680285
40,85,18883.685516
40,87,18653.039188
40,89,18594.390403
40,91,18513.754972
40,100,18211.763126
40,107,18038.438996
40,114,18013.276550
40,121,17569.019180
41,47,25863.713973
41,48,25840.251833
41,49,23287.426848
41,50,22511.096558
41,51,22225.401061
41,52,22056.176345
41,53,21650.858141
41,55,21468.270483
41,57,21355.169713
41,59,20972.083308
41,60,20742.844458
41,62,20369.825269
41,63,20331.075067
41,66,19895.908531
41,68,19765.514827
41,69,19467.205810
41,73,19324.929143
41,77,18982.535134
41,82,18950.680285
41,85,18883.685516
41,87,18653.039188
41,89,18594.390403
41,91,18513.754972
41,100,18211.763126
41,107,18038.438996
41,114,18013.276550
41,121,17569.019180
42,47,24435.859010
42,48,24346.701086
42,49,22151.518018
42,51,21732.905754
42,53,21650.858141
42,55,21468.270483
42,57,21355.169713
42,58,21254.122796
42,59,20972.083308
42,60,20742.844458
42,62,20369.825269
42,63,20331.075067
42,65,20142.730795
42,66,19895.908531
42,68,19765.514827
42,69,19467.205810
42,73,19324.929143
42,77,18982.535134
42,82,18950.680285
42,85,18883.685516
42,87,18653.039188
42,89,18594.390403
42,91,18513.754972
42,100,18211.763126
42,107,18038.438996
42,114,18013.276550
42,121,17569.019180
43,47,24435.859010
43,48,24346.701086
43,49,22151.518018
43,51,21732.905754
43,53,21650.858141
43,54,21407.146412
43,57,21117.440807
43,59,20723.979931
43,62,20369.825269
43,63,20331.075067
43,65,19730.753264
43,69,19467.205810
43,73,19324.929143
43,77,18982.535134
43,80,18535.757374
43,91,18513.754972
43,100,18211.763126
43,107,18038.438996
43,114,18013.276550
43,121,17569.019180
44,47,24435.859010
44,48,22709.036942
44,49,22151.518018
44,51,21732.905754
44,53,21650.858141
44,54,21407.146412
44,56,21297.578211
44,57,21117.440807
44,59,20723.979931
44,62,20369.825269
44,63,20331.075067
44,65,19504.799907
44,67,19465.144982
44,72,19213.674216
44,75,18884.820726
44,78,18467.618686
44,88,18363.935527
44,99,18166.488262
44,106,17940.820199
44,120,17480.272293
45,47,24435.859010
45,48,22232.197708
45,49,21771.230013
45,51,21732.905754
45,53,21342.881402
45,55,21127.947235
45,57,20894.923732
45,59,20723.979931
45,60,20338.050708
45,63,20331.075067
45,64,19625.704863
45,65,19504.799907
45,67,19465.144982
45,72,19213.674216
45,75,18884.820726
45,78,18467.618686
45,88,18363.935527
45,99,18166.488262
45,106,17940.820199
45,120,17480.272293
46,47,24435.859010
46,48,22232.197708
46,49,21771.230013
46,51,21732.905754
46,53,21342.881402
46,54,20949.950122
46,56,20637.109265
46,60,20338.050708
46,61,20333.430176
46,63,20149.380753
46,64,19625.704863
46,65,19504.799907
46,67,19465.144982
46,72,19213.674216
46,75,18884.820726
46,78,18467.618686
46,88,18363.935527
46,99,18166.488262
46,100,18053.082098
46,101,18016.744327
46,102,17935.816389
46,103,17927.284280
46,114,17718.152907
46,120,17480.272293
47,47,24435.859010
47,48,22232.197708
47,49,21771.230013
47,50,21580.146671
47,53,20972.258971
47,54,20949.950122
47,56,20544.679012
47,60,20338.050708
47,61,20333.430176
47,63,20149.380753
47,64,19625.704863
47,65,19504.799907
47,67,19465.144982
47,72,19213.674216
47,74,19046.658227
47,75,18884.820726
47,78,18467.618686
47,88,18363.935527
47,99,18125.640989
47,100,17957.728382
47,102,17935.816389
47,103,17927.284280
47,114,17718.152907
47,120,17480.272293
47,128,17359.585382
48,47,24435.859010
48,48,21682.878623
48,50,21580.146671
48,53,20972.258971
48,54,20949.950122
48,55,20834.681683
48,56,20544.679012
48,57,20412.104552
48,60,20338.050708
48,61,19877.040607
48,64,19625.704863
48,65,19504.799907
48,67,19465.144982
48,72,19213.674216
48,73,18942.054657
48,75,18884.820726
48,78,18413.244848
48,88,18065.773712
48,100,17936.652125
48,101,17886.193333
48,105,17823.266204
48,113,17629.117038
48,118,17466.515593
48,127,17246.317882
49,47,23088.475232
49,48,21682.878623
49,50,21580.146671
49,53,20972.258971
49,54,20949.950122
49,55,20834.681683
49,56,20544.679012
49,57,20412.104552
49,60,20338.050708
49,61,19877.040607
49,64,19625.704863
49,65,19504.799907
49,67,19465.144982
49,72,19053.086501
49,73,18942.054657
49,75,18884.820726
49,78,18413.244848
49,83,18216.747029
49,88,18065.773712
49,99,18000.374663
49,100,17936.652125
49,101,17886.193333
49,105,17823.266204
49,113,17629.117038
49,118,17466.515593
49,127,17246.317882
50,47,21992.581300
50,48,21682.878623
50,50,21580.146671
50,53,20972.258971
50,54,20949.950122
50,55,20834.681683
50,56,20544.679012
50,57,20412.104552
50,60,20338.050708
50,61,19877.040607
50,64,19625.704863
50,65,19504.799907
50,67,19465.144982
50,72,19053.086501
50,73,18833.712010
50,75,18787.167439
50,78,18413.244848
50,83,18216.747029
50,88,18065.773712
50,99,18000.374663
50,100,17936.652125
50,101,17886.193333
50,105,17823.266204
50,107,17777.204530
50,113,17629.117038
50,118,17466.515593
50,127,17246.317882
51,47,21992.581300
51,48,21682.878623
51,50,21568.932596
51,52,21488.503958
51,53,20972.258971
51,54,20949.950122
51,55,20834.681683
51,56,20544.679012
51,57,20412.104552
51,60,20338.050708
51,61,19877.040607
51,63,19763.979938
51,64,19625.704863
51,65,19504.799907
51,67,19408.369190
51,72,19053.086501
51,73,18833.712010
51,74,18768.603018
51,75,18495.449041
51,78,18413.244848
51,83,18065.266994
51,99,18000.374663
51,100,17936.652125
51,101,17886.193333
51,105,17823.266204
51,107,17777.204530
51,113,17629.117038
51,118,17466.515593
51,127,17246.317882
52,47,21992.581300
52,48,21682.878623
52,50,21568.932596
52,51,21373.879433
52,53,20972.258971
52,54,20949.950122
52,55,20806.994591
52,56,20544.679012
52,57,20412.104552
52,58,20237.384083
52,61,19877.040607
52,63,19722.966958
52,64,19625.704863
52,65,19111.926244
52,72,19053.086501
52,73,18833.712010
52,74,18768.603018
52,75,18495.449041
52,78,18413.244848
52,81,18388.545744
52,83,18065.266994
52,99,17950.647483
52,100,17764.341806
52,104,17698.983239
52,109,17516.352573
52,113,17385.571389
52,118,17280.984466
52,123,17177.085639
52,126,16987.019514
53,47,21992.581300
53,48,21682.878623
53,50,21568.932596
53,51,21373.879433
53,52,20872.579569
53,54,20452.700268
53,57,20412.104552
53,58,20090.555904
53,61,19877.040607
53,63,19722.966958
53,64,19321.448545
53,65,18882.768251
53,68,18590.258460
53,75,18495.449041
53,77,18356.060310
53,81,18224.936734
53,83,18065.266994
53,97,17677.440391
53,101,17618.234735
53,109,17516.352573
53,113,17385.571389
53,118,17280.984466
53,123,17177.085639
53,126,16987.019514
54,47,21992.581300
54,48,21682.878623
54,50,21568.932596
54,51,21373.879433
54,52,20872.579569
54,54,20452.700268
54,57,20412.104552
54,58,20090.555904
54,61,19877.040607
54,63,19722.966958
54,64,19321.448545
54,65,18882.768251
54,68,18590.258460
54,75,18495.449041
54,77,18356.060310
54,81,18224.936734
54,83,18065.266994
54,85,17943.411360
54,97,17677.440391
54,101,17605.725669
54,109,17516.352573
54,113,17385.571389
54,118,17280.984466
54,123,17177.085639
54,126,16987.019514
55,46,22851.934750
55,47,21992.581300
55,48,21682.878623
55,50,21568.932596
55,51,21373.879433
55,52,20430.814988
55,57,20412.104552
55,58,19873.766892
55,63,19722.966958
55,64,19321.448545
55,65,18882.768251
55,68,18590.258460
55,75,18495.449041
55,77,18356.060310
55,81,18224.936734
55,82,17969.338305
55,85,17943.411360
55,87,17777.969833
55,97,17677.440391
55,101,17605.725669
55,109,17516.352573
55,113,17385.571389
55,118,17280.984466
55,123,17177.085639
55,126,16987.019514
56,46,22851.934750
56,47,21992.581300
56,48,21682.878623
56,50,21512.559218
56,51,21060.896009
56,52,20344.701783
56,57,20194.678612
56,58,19873.766892
56,62,19264.628359
56,65,18882.768251
56,68,18590.258460
56,75,18495.449041
56,77,18356.060310
56,80,18314.983635
56,81,18224.936734
56,82,17969.338305
56,85,17762.825462
56,87,17665.554911
56,96,17628.200242
56,101,17507.992423
56,106,17405.975353
56,113,17329.124587
56,115,17149.174441
56,123,17131.293633
56,125,16932.703027
57,46,22851.934750
57,47,21992.581300
57,48,21682.878623
57,50,21512.559218
57,51,21060.896009
57,52,20344.701783
57,56,20272.183239
57,57,20194.678612
57,58,19873.766892
57,60,19813.532083
57,62,19264.628359
57,65,18882.768251
57,68,18590.258460
57,75,18495.449041
57,77,18356.060310
57,80,18314.983635
57,81,18224.936734
57,82,17969.338305
57,85,17762.825462
57,87,17665.554911
57,90,17569.702181
57,101,17507.992423
57,106,17405.975353
57,113,17329.124587
57,115,17149.174441
57,123,17131.293633
57,125,16932.703027
58,46,22851.934750
58,47,21992.581300
58,48,21682.878623
58,49,21674.692623
58,50,20408.555016
58,52,20344.701783
58,56,20272.183239
58,57,20194.678612
58,58,19873.766892
58,60,19813.532083
58,62,19264.628359
58,65,18882.768251
58,68,18590.258460
58,75,18442.224108
58,77,18356.060310
58,78,18263.639163
58,81,18224.936734
58,82,17969.338305
58,85,17762.825462
58,87,17665.554911
58,90,17569.702181
58,99,17541.066248
58,101,17457.118134
58,106,17405.975353
58,113,17329.124587
58,115,17149.174441
58,123,17131.293633
58,125,16932.703027
59,46,22473.033881
59,47,21992.581300
59,48,21682.878623
59,49,21674.692623
59,50,20408.555016
59,52,20344.701783
59,53,19931.391722
59,56,19592.490796
59,62,19264.628359
59,65,18882.768251
59,68,18590.258460
59,75,18442.224108
59,77,18356.060310
59,78,18263.639163
59,81,18224.936734
59,82,17969.338305
59,84,17818.195484
59,85,17762.825462
59,87,17665.554911
59,90,17569.702181
59,99,17541.066248
59,101,17457.118134
59,103,17395.820320
59,113,17329.124587
59,115,17149.174441
59,123,17131.293633
59,125,16932.703027
60,46,22473.033881
60,47,21992.581300
60,48,21682.878623
60,49,20820.518991
60,50,20408.555016
60,51,19957.133518
60,53,19931.391722
60,54,19778.019010
60,56,19207.643351
60,65,18882.768251
60,68,18590.258460
60,75,18442.224108
60,77,18356.060310
60,78,18263.639163
60,81,18224.936734
60,82,17969.338305
60,84,17818.195484
60,85,17762.825462
60,87,17665.554911
60,90,17569.702181
60,98,17358.361534
60,102,17315.856987
60,115,17108.659077
60,122,17068.470085
60,125,16848.154392
61,46,22473.033881
61,47,21992.581300
61,48,21682.878623
61,49,20820.518991
61,50,20318.493048
61,51,19957.133518
61,53,19931.391722
61,54,19573.725649
61,56,19207.643351
61,61,19188.380790
61,65,18835.365839
61,68,18590.258460
61,75,18442.224108
61,77,18356.060310
61,78,18263.639163
61,81,18141.679415
61,82,17969.338305
61,83,17569.362061
61,90,17246.622454
61,115,17108.659077
61,122,17068.470085
61,125,16848.154392
62,45,23194.867049
62,46,22473.033881
62,47,21992.581300
62,48,21036.743962
62,49,20820.518991
62,50,20318.493048
62,51,19957.133518
62,53,19666.969151
62,54,19573.725649
62,56,19207.643351
62,59,18953.316511
62,65,18694.174307
62,68,18590.258460
62,75,18442.224108
62,77,18356.060310
62,78,18263.639163
62,81,18141.679415
62,82,17969.338305
62,83,17569.362061
62,90,17246.622454
62,115,17108.659077
62,122,17068.470085
62,125,16848.154392
63,45,23194.867049
63,46,22473.033881
63,47,21992.581300
63,48,21036.743962
63,49,20462.911105
63,50,20318.493048
63,51,19957.133518
63,53,19666.969151
63,54,19573.725649
63,56,19207.643351
63,59,18953.316511
63,65,18694.174307
63,66,18678.305667
63,68,18590.258460
63,72,18324.629302
63,78,18263.639163
63,79,18138.463863
63,81,18020.111190
63,82,17969.338305
63,83,17569.362061
63,90,17246.622454
63,115,17108.659077
63,122,17068.470085
63,125,16848.154392
64,45,23194.867049
64,46,22473.033881
64,47,21992.581300
64,48,21036.743962
64,49,20393.738230
64,50,20318.493048
64,51,19838.697923
64,53,19666.969151
64,54,19573.725649
64,56,19207.643351
64,58,19108.738328
64,59,18953.316511
64,65,18694.174307
64,66,18678.305667
64,67,18460.635003
64,69,18365.456968
64,72,18324.629302
64,78,18258.237042
64,79,18138.463863
64,80,17889.831821
64,83,17391.101040
64,90,17246.622454
64,108,16977.613083
64,125,16785.860377
65,45,22755.265596
65,46,22473.033881
65,47,21992.581300
65,48,20718.216511
65,49,20198.970848
65,50,20184.623702
65,51,19838.697923
65,52,19436.407736
65,56,19207.643351
65,58,19108.738328
65,59,18953.316511
65,62,18709.482459
65,63,18666.627242
65,67,18460.635003
65,69,18365.456968
65,72,18324.629302
65,78,17938.243243
65,80,17889.831821
65,83,17391.101040
65,90,17246.622454
65,108,16977.613083
65,125,16785.860377
66,44,23070.868135
66,45,22755.265596
66,46,22473.033881
66,47,21992.581300
66,48,20340.962607
66,49,20198.970848
66,50,19626.671750
66,52,19436.407736
66,56,19207.643351
66,58,19108.738328
66,59,18953.316511
66,62,18709.482459
66,63,18666.627242
66,65,18564.820006
66,67,18460.635003
66,69,18338.663370
66,72,18324.629302
66,77,18094.734014
66,78,17693.815668
66,83,17391.101040
66,90,17246.622454
66,102,17075.736741
66,108,16977.613083
66,125,16785.860377
67,44,23070.868135
67,45,22755.265596
67,46,22473.033881
67,47,20809.141773
67,48,20340.962607
67,49,20184.205855
67,50,19626.671750
67,52,19436.407736
67,56,19207.643351
67,57,19140.100743
67,58,19108.738328
67,59,18953.316511
67,61,18767.293618
67,62,18709.482459
67,63,18666.627242
67,65,18564.820006
67,67,18292.195359
67,75,18100.516374
67,77,18094.734014
67,78,17693.815668
67,83,17391.101040
67,90,17246.622454
67,102,17075.736741
67,108,16977.613083
67,125,16785.860377
68,43,23505.916568
68,44,23070.868135
68,45,22755.265596
68,46,22473.033881
68,47,20109.923228
68,50,19626.671750
68,52,19229.436354
68,56,19207.643351
68,57,19140.100743
68,58,18939.178022
68,60,18617.966566
68,65,18564.820006
68,66,17973.214463
68,71,17895.162883
68,78,17581.649319
68,83,17239.728141
68,90,17172.675069
68,102,17006.361621
68,107,16926.759797
68,123,16724.600023
69,43,23505.916568
69,44,23070.868135
69,45,21428.378500
69,47,20109.923228
69,50,19626.671750
69,52,19229.436354
69,54,19007.350198
69,58,18939.178022
69,60,18617.966566
69,63,18403.430038
69,66,17973.214463
69,71,17834.208023
69,78,17581.649319
69,83,17239.728141
69,90,17172.675069
69,98,17160.627683
69,102,17006.361621
69,107,16926.759797
69,123,16724.600023
70,43,23505.916568
70,44,23070.868135
70,45,21428.378500
70,47,20109.923228
70,50,19448.845862
70,52,19229.436354
70,54,19007.350198
70,55,18990.331414
70,58,18939.178022
70,60,18617.966566
70,63,18403.430038
70,66,17973.214463
70,68,17812.445522
70,72,17670.702288
70,78,17581.649319
70,83,17239.728141
70,90,17172.675069
70,98,17160.627683
70,102,17006.361621
70,107,16926.759797
70,123,16724.600023
71,43,23505.916568
71,44,23070.868135
71,45,21428.378500
71,46,21322.212705
71,47,20109.923228
71,50,19448.845862
71,52,19229.436354
71,53,18899.450091
71,59,18702.229765
71,60,18617.966566
71,62,18495.626870
71,63,18403.430038
71,66,17973.214463
71,68,17812.445522
71,71,17739.789027
71,72,17670.702288
71,78,17581.649319
71,83,17239.728141
71,90,17172.675069
71,96,17158.708965
71,102,17006.361621
71,107,16926.759797
71,123,16724.600023
72,43,23505.916568
72,44,23070.868135
72,45,21428.378500
72,46,21322.212705
72,47,20109.923228
72,50,19448.845862
72,52,19229.436354
72,53,18899.450091
72,59,18702.229765
72,60,18617.966566
72,61,18613.573498
72,62,18495.626870
72,63,18403.430038
72,66,17973.214463
72,68,17812.445522
72,71,17739.789027
72,72,17670.702288
72,78,17581.649319
72,83,17239.728141
72,90,17172.675069
72,96,17158.708965
72,102,17006.361621
72,103,17004.242162
72,107,16926.759797
72,123,16724.600023
73,43,23505.916568
73,44,23070.868135
73,45,21428.378500
73,46,20481.158949
73,47,20109.923228
73,48,19972.670883
73,50,19448.845862
73,52,19229.436354
73,53,18899.450091
73,59,18702.229765
73,60,18373.662989
73,64,18043.525846
73,66,17973.214463
73,68,17812.445522
73,71,17739.789027
73,72,17670.702288
73,78,17581.649319
73,83,17239.728141
73,90,17172.675069
73,96,17158.708965
73,102,17006.361621
73,103,17004.242162
73,107,16926.759797
73,112,16925.117572
73,123,16724.600023
74,43,23505.916568
74,44,23070.868135
74,45,21428.378500
74,46,20481.158949
74,47,20109.923228
74,48,19972.670883
74,50,19447.435314
74,52,19229.436354
74,53,18810.610724
74,55,18668.871499
74,59,18563.591387
74,60,18373.662989
74,61,18204.413173
74,64,18043.525846
74,66,17973.214463
74,68,17812.445522
74,71,17739.789027
74,72,17670.702288
74,78,17581.649319
74,83,17239.728141
74,90,17172.675069
74,96,17158.708965
74,102,17006.361621
74,103,17004.242162
74,105,16906.342411
74,123,16724.600023
75,43,23505.916568
75,44,23070.868135
75,45,21428.378500
75,46,20481.158949
75,47,19697.858938
75,50,19162.887920
75,53,18810.610724
75,55,18668.871499
75,59,18563.591387
75,60,18373.662989
75,61,18204.413173
75,64,18043.525846
75,66,17973.214463
75,68,17812.445522
75,71,17739.789027
75,72,17670.702288
75,76,17560.294332
75,79,17488.209927
75,83,17239.728141
75,90,17172.675069
75,96,17158.708965
75,102,17006.361621
75,103,17004.242162
75,105,16906.342411
75,115,16869.949507
75,123,16724.600023
76,43,23505.916568
76,44,23070.868135
76,45,21428.378500
76,46,20481.158949
76,47,19666.776587
76,48,19521.021360
76,50,19162.887920
76,53,18810.610724
76,55,18668.871499
76,59,18563.591387
76,60,18373.662989
76,61,18204.413173
76,64,18043.525846
76,66,17973.214463
76,68,17812.445522
76,71,17594.863788
76,76,17560.294332
76,79,17488.209927
76,83,17239.728141
76,90,17172.675069
76,96,17158.708965
76,102,17006.361621
76,103,17004.242162
76,105,16906.342411
76,110,16904.125260
76,113,16864.265134
76,123,16724.600023
77,43,23505.916568
77,44,23070.868135
77,45,21403.362718
77,46,20178.186293
77,47,19648.579372
77,48,19521.021360
77,50,19162.887920
77,53,18810.610724
77,55,18668.871499
77,59,18563.591387
77,60,18373.662989
77,61,18204.413173
77,64,17919.095135
77,68,17812.445522
77,71,17594.863788
77,75,17491.131707
77,76,17486.504977
77,83,17239.728141
77,90,17172.675069
77,96,17158.708965
77,102,17006.361621
77,103,17004.242162
77,105,16906.342411
77,110,16904.125260
77,113,16864.265134
77,123,16724.600023
78,43,23505.916568
78,44,23070.868135
78,45,20228.151003
78,46,20132.953255
78,47,19518.870008
78,50,19162.887920
78,53,18810.610724
78,55,18668.871499
78,57,18607.958775
78,59,18491.652363
78,60,18373.662989
78,61,18204.413173
78,64,17919.095135
78,68,17812.445522
78,71,17594.863788
78,75,17491.131707
78,76,17486.504977
78,83,17239.728141
78,90,17172.675069
78,96,17158.708965
78,102,17006.361621
78,103,17004.242162
78,105,16906.342411
78,110,16904.125260
78,113,16864.265134
78,123,16724.600023
79,43,23505.916568
79,44,23070.868135
79,45,20228.151003
79,46,20132.953255
79,47,19454.519733
79,50,19162.887920
79,53,18810.610724
79,55,18668.871499
79,57,18607.958775
79,59,18400.836971
79,60,18373.662989
79,61,18204.413173
79,64,17919.095135
79,65,17843.441983
79,68,17812.445522
79,71,17594.863788
79,75,17491.131707
79,76,17486.504977
79,83,17239.728141
79,90,17172.675069
79,96,17158.708965
79,102,17006.361621
79,103,17004.242162
79,105,16906.342411
79,107,16881.684435
79,113,16864.265134
79,123,16724.600023
80,43,23505.916568
80,44,23070.868135
80,45,20228.151003
80,46,20132.953255
80,47,19454.519733
80,50,19162.887920
80,52,19050.553799
80,53,18810.610724
80,55,18668.871499
80,57,18607.958775
80,59,18388.177251
80,60,18373.662989
80,61,18204.413173
80,64,17919.095135
80,65,17843.441983
80,68,17812.445522
80,69,17701.882796
80,70,17608.380254
80,71,17594.863788
80,75,17491.131707
80,76,17486.504977
80,78,17439.473171
80,83,17239.728141
80,90,17172.675069
80,96,17158.708965
80,100,17101.822471
80,102,17006.361621
80,103,17004.242162
80,105,16906.342411
80,107,16881.684435
80,113,16864.265134
80,123,16724.600023
81,43,23505.916568
81,44,23070.868135
81,45,20228.151003
81,46,20132.953255
81,47,19454.519733
81,50,19162.887920
81,51,19017.981321
81,53,18766.728863
81,55,18636.232884
81,57,18607.958775
81,58,18564.773135
81,59,18388.177251
81,60,18184.038356
81,63,18175.944633
81,64,17919.095135
81,65,17843.441983
81,68,17812.445522
81,69,17674.020669
81,70,17608.380254
81,71,17594.863788
81,75,17491.131707
81,76,17486.504977
81,78,17439.473171
81,83,17239.728141
81,90,17172.675069
81,96,17158.708965
81,100,17101.822471
81,102,17006.361621
81,103,17004.242162
81,105,16906.342411
81,107,16881.684435
81,113,16864.265134
81,123,16724.600023
82,43,23505.916568
82,44,23070.868135
82,45,20228.151003
82,46,20132.953255
82,47,19454.519733
82,50,19162.887920
82,51,19017.981321
82,53,18577.269061
82,58,18564.773135
82,59,18388.177251
82,60,18184.038356
82,63,18153.510589
82,64,17919.095135
82,65,17843.441983
82,68,17812.445522
82,69,17674.020669
82,70,17608.380254
82,71,17594.863788
82,75,17491.131707
82,76,17486.504977
82,78,17439.473171
82,79,17280.488011
82,83,17239.728141
82,90,17172.675069
82,96,17158.708965
82,100,17101.822471
82,102,17006.361621
82,103,17004.242162
82,105,16906.342411
82,107,16881.684435
82,113,16864.265134
82,123,16724.600023
83,42,22677.563831
83,44,21854.328467
83,45,20228.151003
83,46,19808.095394
83,47,19428.572079
83,50,19162.887920
83,51,19017.981321
83,53,18577.269061
83,58,18564.773135
83,59,18388.177251
83,60,18184.038356
83,61,18142.735433
83,64,17919.095135
83,65,17843.441983
83,68,17812.445522
83,69,17674.020669
83,70,17608.380254
83,71,17594.863788
83,74,17566.562886
83,75,17491.131707
83,76,17486.504977
83,78,17439.473171
83,79,17280.488011
83,83,17185.873442
83,87,16981.415840
83,102,16888.697287
83,105,16790.879187
83,123,16724.600023
84,42,22677.563831
84,43,22316.251189
84,44,21854.328467
84,45,20106.956605
84,46,19808.095394
84,47,19428.572079
84,49,19321.817864
84,50,19162.887920
84,51,19017.981321
84,53,18577.269061
84,58,18564.773135
84,59,18388.177251
84,60,18184.038356
84,61,18142.735433
84,64,17919.095135
84,65,17799.834976
84,69,17674.020669
84,70,17608.380254
84,71,17594.863788
84,74,17524.709379
84,75,17491.131707
84,76,17486.504977
84,78,17439.473171
84,79,17280.488011
84,83,17185.873442
84,87,16981.415840
84,102,16888.697287
84,105,16790.879187
84,123,16724.600023
85,42,22677.563831
85,43,22316.251189
85,44,21854.328467
85,45,20106.956605
85,46,19808.095394
85,47,19428.572079
85,49,19321.817864
85,50,19162.887920
85,51,19017.981321
85,53,18577.269061
85,56,18502.259259
85,59,18282.634443
85,60,18184.038356
85,61,18142.735433
85,64,17919.095135
85,65,17799.834976
85,69,17674.020669
85,70,17608.380254
85,71,17594.863788
85,74,17524.709379
85,75,17491.131707
85,76,17486.504977
85,78,17439.473171
85,79,17280.488011
85,83,17185.873442
85,86,17060.023298
85,87,16981.415840
85,102,16888.697287
85,105,16790.879187
85,123,16724.600023
86,42,22677.563831
86,43,22207.034867
86,44,21854.328467
86,45,20106.956605
86,46,19808.095394
86,47,19428.572079
86,49,19321.817864
86,50,19162.887920
86,51,19017.981321
86,53,18577.269061
86,56,18502.259259
86,59,18282.634443
86,60,18184.038356
86,61,17988.348876
86,64,17919.095135
86,65,17799.834976
86,68,17597.457520
86,71,17594.863788
86,73,17545.168955
86,74,17524.709379
86,75,17491.131707
86,76,17486.504977
86,78,17431.385695
86,79,17280.488011
86,83,17185.873442
86,86,17060.023298
86,87,16981.415840
86,102,16888.697287
86,105,16790.879187
86,123,16724.600023
87,42,22677.563831
87,43,22207.034867
87,44,21854.328467
87,45,20088.122607
87,46,19808.095394
87,47,19428.572079
87,49,19321.817864
87,50,19162.887920
87,51,19017.981321
87,53,18577.269061
87,56,18502.259259
87,59,18282.634443
87,60,18184.038356
87,61,17988.348876
87,64,17855.496005
87,65,17799.834976
87,68,17597.457520
87,70,17533.107901
87,74,17524.709379
87,75,17448.124239
87,78,17083.497982
87,86,16907.884794
87,102,16888.697287
87,104,16650.532879
87,121,16577.766179
88,42,22677.563831
88,43,22148.503344
88,44,21854.328467
88,45,19795.052702
88,47,19428.572079
88,49,19321.817864
88,50,19162.887920
88,51,19017.981321
88,53,18577.269061
88,56,18502.259259
88,58,18496.624062
88,59,18282.634443
88,60,18184.038356
88,61,17988.348876
88,64,17855.496005
88,65,17799.834976
88,68,17597.457520
88,70,17533.107901
88,74,17524.709379
88,75,17448.124239
88,78,17083.497982
88,86,16907.884794
88,102,16888.697287
88,104,16650.532879
88,121,16577.766179
89,42,22677.563831
89,43,22148.503344
89,44,21854.328467
89,45,19795.052702
89,46,19310.504104
89,50,19162.887920
89,51,19017.981321
89,53,18577.269061
89,56,18502.259259
89,58,18496.624062
89,59,18011.021171
89,61,17988.348876
89,64,17855.496005
89,65,17799.834976
89,68,17597.457520
89,70,17533.107901
89,73,17426.276062
89,78,17083.497982
89,86,16907.884794
89,102,16888.697287
89,104,16650.532879
89,121,16577.766179
90,42,22677.563831
90,43,22148.503344
90,44,21854.328467
90,45,19795.052702
90,46,19310.504104
90,48,19166.892786
90,50,19162.887920
90,51,19017.981321
90,52,19006.812789
90,53,18577.269061
90,56,18502.259259
90,58,18496.624062
90,59,18011.021171
90,61,17988.348876
90,64,17855.496005
90,65,17799.834976
90,68,17597.457520
90,70,17533.107901
90,73,17426.276062
90,78,17083.497982
90,86,16907.884794
90,102,16888.697287
90,104,16650.532879
90,121,16577.766179
91,42,22677.563831
91,43,22148.503344
91,44,20501.757544
91,45,19795.052702
91,46,19310.504104
91,48,19038.440353
91,51,18895.013375
91,53,18577.269061
91,56,18502.259259
91,58,18496.624062
91,59,18011.021171
91,61,17988.348876
91,64,17855.496005
91,65,17799.834976
91,67,17494.335444
91,70,17356.340279
91,71,17148.156359
91,78,17083.497982
91,86,16835.008774
91,102,16566.811773
91,121,16550.449118
92,42,22677.563831
92,43,22148.503344
92,44,20501.757544
92,45,19795.052702
92,46,19310.504104
92,48,19038.440353
92,50,18895.047062
92,51,18895.013375
92,53,18577.269061
92,56,18502.259259
92,58,18466.677368
92,59,18011.021171
92,61,17707.850216
92,67,17494.335444
92,70,17274.866235
92,71,17148.156359
92,78,17083.497982
92,86,16835.008774
92,102,16566.811773
92,121,16550.449118
93,42,22655.802422
93,43,22148.503344
93,44,20501.757544
93,45,19795.052702
93,46,19309.406123
93,47,19281.182325
93,48,19038.440353
93,50,18895.047062
93,51,18895.013375
93,53,18577.269061
93,56,18502.259259
93,58,18416.457264
93,59,18011.021171
93,61,17707.850216
93,67,17494.335444
93,70,17274.866235
93,71,17148.156359
93,78,17083.497982
93,86,16835.008774
93,102,16566.811773
93,121,16550.449118
94,42,22655.802422
94,43,22148.503344
94,44,20501.757544
94,45,19795.052702
94,46,19309.406123
94,47,19281.182325
94,48,19038.440353
94,50,18895.047062
94,51,18895.013375
94,53,18577.269061
94,56,18433.258757
94,58,18416.457264
94,59,18011.021171
94,61,17707.850216
94,67,17494.335444
94,70,17274.866235
94,71,17148.156359
94,78,17083.497982
94,86,16835.008774
94,102,16566.811773
94,121,16550.449118
95,42,22655.802422
95,43,22148.503344
95,44,20501.757544
95,45,19499.913257
95,46,19309.406123
95,47,19281.182325
95,48,19038.440353
95,49,18944.879407
95,50,18895.047062
95,51,18806.452113
95,53,18577.269061
95,55,18431.745586
95,58,17915.113463
95,61,17707.850216
95,65,17342.856635
95,68,17310.350564
95,70,17185.862847
95,71,17148.156359
95,75,16828.773501
95,86,16744.647985
95,102,16566.811773
95,121,16523.665753
96,42,22655.802422
96,43,22148.503344
96,44,20111.645913
96,45,19499.913257
96,46,19309.406123
96,47,19281.182325
96,48,18978.311989
96,49,18944.879407
96,50,18895.047062
96,51,18704.877867
96,53,18577.269061
96,54,18443.700258
96,55,18431.745586
96,57,18208.150420
96,58,17915.113463
96,61,17707.850216
96,65,17342.856635
96,68,17310.350564
96,70,17185.862847
96,71,17148.156359
96,75,16828.773501
96,86,16744.647985
96,102,16566.811773
96,121,16523.665753
97,42,22655.802422
97,43,22148.503344
97,44,20111.645913
97,45,19499.913257
97,46,19309.406123
97,47,19281.182325
97,48,18978.311989
97,49,18861.562264
97,50,18840.011800
97,51,18704.877867
97,53,18577.269061
97,54,18443.700258
97,55,18431.745586
97,56,18272.481999
97,57,18208.150420
97,58,17915.113463
97,61,17707.850216
97,65,17342.856635
97,68,17310.350564
97,70,17185.862847
97,71,17148.156359
97,75,16828.773501
97,83,16787.182842
97,86,16744.647985
97,102,16566.811773
97,121,16523.665753
98,42,22655.802422
98,43,22148.503344
98,44,20111.645913
98,45,19470.304924
98,46,19309.406123
98,47,19281.182325
98,48,18978.311989
98,49,18861.562264
98,50,18840.011800
98,51,18687.481815
98,53,18577.269061
98,54,18443.700258
98,55,18431.745586
98,56,18272.481999
98,57,18208.150420
98,58,17915.113463
98,61,17707.850216
98,65,17342.856635
98,68,17310.350564
98,70,17185.862847
98,71,17148.156359
98,75,16828.773501
98,83,16787.182842
98,86,16744.647985
98,102,16566.811773
98,121,16523.665753
99,42,22655.802422
99,43,22148.503344
99,44,20111.645913
99,45,19315.226675
99,46,19102.047063
99,48,18978.311989
99,49,18709.413940
99,51,18687.481815
99,53,18577.269061
99,54,18443.700258
99,55,18431.745586
99,56,18272.481999
99,57,18208.150420
99,58,17915.113463
99,61,17707.850216
99,65,17342.856635
99,68,17310.350564
99,70,17185.862847
99,71,17148.156359
99,75,16828.773501
99,83,16787.182842
99,86,16744.647985
99,102,16566.811773
99,121,16523.665753
100,42,22655.802422
100,43,22148.503344
100,44,20111.645913
100,45,19137.948099
100,46,19102.047063
100,47,18911.005691
100,48,18732.947601
100,49,18709.413940
100,51,18687.481815
100,53,18577.269061
100,54,18443.700258
100,55,18431.745586
100,56,18272.481999
100,57,18208.150420
100,58,17915.113463
100,61,17510.168274
100,65,17232.607701
100,70,17051.780509
100,75,16828.773501
100,83,16787.182842
100,86,16744.647985
100,101,16496.289141
101,42,22655.802422
101,43,22148.503344
101,44,19556.539145
101,45,19137.948099
101,46,19102.047063
101,47,18911.005691
101,48,18732.947601
101,49,18709.413940
101,51,18687.481815
101,53,18577.269061
101,54,18443.700258
101,55,18178.686523
101,58,17915.113463
101,61,17510.168274
101,65,17232.607701
101,69,17057.265050
101,70,17051.780509
101,75,16828.773501
101,83,16787.182842
101,86,16744.647985
101,101,16496.289141
102,42,22655.802422
102,43,22148.503344
102,44,19556.539145
102,45,19137.948099
102,46,19102.047063
102,47,18911.005691
102,48,18732.947601
102,49,18709.413940
102,51,18687.481815
102,53,18305.438697
102,55,18178.686523
102,58,17915.113463
102,61,17510.168274
102,65,17232.607701
102,69,17057.265050
102,70,17051.780509
102,75,16828.773501
102,83,16787.182842
102,86,16744.647985
102,101,16496.289141
103,42,22655.802422
103,43,22148.503344
103,44,19556.539145
103,45,19137.948099
103,46,19102.047063
103,47,18911.005691
103,48,18732.947601
103,49,18709.413940
103,50,18429.651112
103,53,18305.438697
103,55,18178.686523
103,56,18020.912381
103,58,17915.113463
103,61,17510.168274
103,65,17232.607701
103,69,17057.265050
103,70,17051.780509
103,75,16828.773501
103,83,16787.182842
103,86,16744.647985
103,88,16624.175844
103,101,16496.289141
104,42,22655.802422
104,43,22148.503344
104,44,19556.539145
104,45,19137.948099
104,46,19102.047063
104,47,18911.005691
104,48,18732.947601
104,49,18709.413940
104,50,18429.651112
104,53,18305.438697
104,55,18178.686523
104,56,18020.912381
104,58,17915.113463
104,61,17452.755836
104,65,17129.199070
104,69,16939.145649
104,75,16828.773501
104,83,16787.182842
104,85,16704.641423
104,86,16657.112365
104,88,16508.174661
104,101,16482.127817
105,42,22655.802422
105,43,22148.503344
105,44,19556.539145
105,45,19137.948099
105,46,19102.047063
105,47,18572.564437
105,50,18429.651112
105,52,18384.545794
105,53,18305.438697
105,55,18178.686523
105,56,18020.912381
105,58,17915.113463
105,61,17452.755836
105,65,17129.199070
105,69,16939.145649
105,72,16747.768941
105,85,16704.641423
105,86,16657.112365
105,88,16508.174661
105,101,16482.127817
106,42,22655.802422
106,43,22148.503344
106,44,19556.539145
106,45,19137.948099
106,46,19102.047063
106,47,18572.564437
106,50,18429.651112
106,52,18384.545794
106,53,18305.438697
106,55,18178.686523
106,56,18020.912381
106,58,17915.113463
106,59,17882.909682
106,61,17452.755836
106,65,17129.199070
106,69,16939.145649
106,72,16747.768941
106,85,16704.641423
106,86,16657.112365
106,88,16508.174661
106,101,16482.127817
107,42,22655.802422
107,43,22148.503344
107,44,19556.539145
107,45,19137.948099
107,46,18802.377731
107,47,18572.564437
107,50,18429.651112
107,52,18384.545794
107,53,18305.438697
107,55,18021.238317
107,56,18020.912381
107,58,17915.113463
107,59,17882.909682
107,61,17452.755836
107,65,17129.199070
107,69,16939.145649
107,72,16747.768941
107,85,16704.641423
107,86,16657.112365
107,88,16508.174661
107,101,16482.127817
108,42,22655.802422
108,43,22148.503344
108,44,19209.584587
108,45,19127.187488
108,46,18802.377731
108,47,18572.564437
108,50,18429.651112
108,52,18196.324221
108,55,18021.238317
108,56,18020.912381
108,57,17977.466558
108,58,17761.097499
108,61,17427.603941
108,63,17113.582574
108,69,16939.145649
108,72,16744.320467
108,85,16637.498202
108,87,16400.260699
109,42,22655.802422
109,43,22148.503344
109,44,19209.584587
109,45,19127.187488
109,46,18802.377731
109,47,18572.564437
109,50,18429.651112
109,52,18196.324221
109,55,18021.238317
109,56,18020.912381
109,57,17977.466558
109,58,17761.097499
109,61,17427.603941
109,63,17113.582574
109,69,16939.145649
109,72,16744.320467
109,85,16637.498202
109,87,16400.260699
110,42,22655.802422
110,43,22148.503344
110,44,19209.584587
110,45,19003.702164
110,46,18783.380224
110,47,18572.564437
110,48,18414.880147
110,52,18196.324221
110,55,17755.888465
110,61,17427.603941
110,63,17113.582574
110,69,16939.145649
110,72,16744.320467
110,85,16637.498202
110,86,16497.372811
110,87,16400.260699
111,42,22655.802422
111,43,22148.503344
111,44,19209.584587
111,45,19003.702164
111,46,18783.380224
111,47,18572.564437
111,48,18414.880147
111,51,18044.441339
111,52,18041.912753
111,55,17755.888465
111,61,17427.603941
111,63,17113.582574
111,67,17104.822853
111,69,16939.145649
111,71,16926.760646
111,72,16744.320467
111,85,16637.498202
111,86,16497.372811
111,87,16400.260699
112,42,22655.802422
112,43,19359.740050
112,44,19209.584587
112,45,18853.818249
112,46,18783.380224
112,47,18572.564437
112,48,18414.880147
112,51,18044.441339
112,52,18041.912753
112,54,18025.119577
112,55,17755.888465
112,60,17290.088335
112,63,16989.864043
112,68,16795.642766
112,72,16744.320467
112,82,16735.130962
112,85,16445.922186
112,87,16344.275264
113,42,22655.802422
113,43,19359.740050
113,44,19209.584587
113,45,18853.818249
113,46,18772.553612
113,47,18572.564437
113,48,18414.880147
113,51,18044.441339
113,52,18041.912753
113,53,17878.560979
113,55,17755.888465
113,57,17451.339046
113,60,17290.088335
113,63,16989.864043
113,68,16795.642766
113,72,16744.320467
113,82,16664.255607
113,85,16445.922186
113,87,16344.275264
114,42,22655.802422
114,43,19339.754390
114,44,19209.584587
114,45,18853.818249
114,46,18772.553612
114,47,18572.564437
114,48,18414.880147
114,51,18044.441339
114,52,18041.912753
114,53,17878.560979
114,55,17755.888465
114,57,17451.339046
114,60,17290.088335
114,63,16989.864043
114,68,16795.642766
114,72,16744.320467
114,77,16566.994117
114,85,16445.922186
114,87,16344.275264
115,42,22655.802422
115,43,18992.093077
115,45,18853.818249
115,46,18772.553612
115,47,18572.564437
115,48,18414.880147
115,51,18044.441339
115,52,18041.912753
115,53,17878.560979
115,55,17755.888465
115,57,17451.339046
115,60,17290.088335
115,63,16989.864043
115,68,16795.642766
115,72,16744.320467
115,77,16566.994117
115,85,16445.922186
115,87,16344.275264
116,42,22655.802422
116,43,18992.093077
116,44,18923.902796
116,45,18853.818249
116,46,18589.127376
116,47,18572.564437
116,48,18414.880147
116,51,17870.069659
116,55,17604.191626
116,57,17363.901029
116,60,17290.088335
116,62,16966.196840
116,68,16740.480423
116,74,16714.683794
116,77,16566.994117
116,85,16445.922186
116,87,16344.275264
117,42,22655.802422
117,43,18992.093077
117,44,18923.902796
117,45,18853.818249
117,46,18589.127376
117,47,18572.564437
117,48,18414.880147
117,50,17956.100542
117,51,17870.069659
117,55,17604.191626
117,57,17363.901029
117,60,17290.088335
117,62,16966.196840
117,68,16740.480423
117,74,16714.683794
117,77,16566.994117
117,85,16445.922186
117,87,16344.275264
118,42,22655.802422
118,43,18992.093077
118,44,18923.902796
118,45,18820.577264
118,46,18589.127376
118,47,18572.564437
118,48,18414.880147
118,50,17956.100542
118,51,17870.069659
118,55,17604.191626
118,57,17363.901029
118,60,17290.088335
118,62,16966.196840
118,68,16740.480423
118,74,16714.683794
118,77,16566.994117
118,85,16445.922186
118,87,16344.275264
119,42,22655.802422
119,43,18992.093077
119,44,18923.902796
119,45,18820.577264
119,46,18589.127376
119,47,18572.564437
119,48,18414.880147
119,50,17956.100542
119,51,17870.069659
119,53,17748.930881
119,55,17604.191626
119,57,17363.901029
119,60,17290.088335
119,62,16966.196840
119,68,16740.480423
119,74,16714.683794
119,77,16566.994117
119,85,16445.922186
119,87,16344.275264
120,42,22655.802422
120,43,18992.093077
120,44,18904.029561
120,45,18820.577264
120,46,18589.127376
120,47,18572.564437
120,48,18414.880147
120,50,17956.100542
120,51,17870.069659
120,53,17748.930881
120,55,17504.552727
120,57,17282.884148
120,61,16888.550214
120,68,16627.668224
120,73,16451.379836
120,84,16376.304539
120,86,16320.972332
121,42,19570.157016
121,43,18992.093077
121,44,18904.029561
121,45,18820.577264
121,46,18589.127376
121,47,18572.564437
121,48,18397.984399
121,50,17956.100542
121,51,17870.069659
121,52,17807.313367
121,53,17748.930881
121,55,17504.552727
121,56,17241.942912
121,61,16888.550214
121,68,16627.668224
121,73,16451.379836
121,84,16376.304539
121,86,16320.972332
122,42,19570.157016
122,43,18881.167790
122,45,18820.577264
122,46,18589.127376
122,47,18572.564437
122,48,18397.984399
122,50,17956.100542
122,51,17870.069659
122,52,17807.313367
122,53,17748.930881
122,55,17504.552727
122,56,17241.942912
122,61,16888.550214
122,68,16627.668224
122,73,16451.379836
122,84,16376.304539
122,86,16320.972332
123,42,19003.108257
123,43,18881.167790
123,45,18820.577264
123,46,18589.127376
123,47,18518.953950
123,48,18396.737704
123,50,17956.100542
123,51,17870.069659
123,52,17807.313367
123,53,17748.930881
123,55,17504.552727
123,56,17241.942912
123,61,16888.550214
123,68,16627.668224
123,72,16433.123916
123,84,16376.304539
123,86,16320.972332
124,42,19003.108257
124,43,18881.167790
124,45,18721.590636
124,46,18589.127376
124,47,18518.953950
124,48,18396.737704
124,50,17956.100542
124,51,17870.069659
124,52,17661.809691
124,55,17467.792698
124,56,17233.751307
124,61,16767.854642
124,68,16604.559884
124,72,16433.123916
124,84,16305.659608
124,90,16148.233943
125,42,19003.108257
125,43,18881.167790
125,45,18721.590636
125,46,18572.046195
125,47,18518.953950
125,48,18396.737704
125,49,18374.943276
125,50,17956.100542
125,51,17870.069659
125,52,17661.809691
125,55,17467.792698
125,56,17233.751307
125,61,16767.854642
125,68,16604.559884
125,72,16433.123916
125,84,16305.659608
125,90,16148.233943
126,42,19003.108257
126,43,18881.167790
126,45,18721.590636
126,46,18396.210769
126,49,18374.943276
126,50,17956.100542
126,51,17870.069659
126,52,17661.809691
126,55,17467.792698
126,56,17233.751307
126,61,16767.854642
126,68,16604.559884
126,72,16433.123916
126,84,16305.659608
126,90,16148.233943
127,41,20708.398780
127,42,19003.108257
127,43,18881.167790
127,45,18721.590636
127,46,18396.210769
127,49,18374.943276
127,50,17956.100542
127,51,17870.069659
127,52,17661.809691
127,55,17467.792698
127,56,17233.751307
127,61,16767.854642
127,68,16604.559884
127,72,16433.123916
127,76,16220.834906
127,90,16148.233943
128,41,20708.398780
128,42,19003.108257
128,43,18881.167790
128,45,18721.590636
128,46,18396.210769
128,48,18287.305885
128,49,17781.993893
128,51,17525.347333
128,55,17355.508710
128,56,17111.762088
128,61,16759.059082
128,68,16604.559884
128,70,16393.119646
128,76,16220.834906
128,90,16148.233943
129,41,20708.398780
129,42,19003.108257
129,43,18881.167790
129,44,18804.576254
129,45,18721.590636
129,46,18396.210769
129,48,18287.305885
129,49,17781.993893
129,51,17525.347333
129,55,17355.508710
129,56,17111.762088
129,61,16759.059082
129,68,16604.559884
129,70,16393.119646
129,76,16220.834906
129,83,16184.469866
129,90,16148.233943
130,41,20708.398780
130,42,19003.108257
130,43,18881.167790
130,44,18804.576254
130,45,18721.590636
130,46,18325.197263
130,48,18287.305885
130,49,17781.993893
130,51,17525.347333
130,55,17355.508710
130,56,17111.762088
130,61,16759.059082
130,68,16604.559884
130,70,16393.119646
130,76,16220.834906
130,83,16184.469866
130,90,16148.233943
131,41,19884.493382
131,42,19003.108257
131,43,18632.185236
131,46,18325.197263
131,47,18302.664387
131,48,18269.171830
131,49,17781.993893
131,51,17525.347333
131,55,17355.508710
131,56,17111.762088
131,61,16759.059082
131,68,16604.559884
131,70,16393.119646
131,76,16220.834906
131,83,16184.469866
131,87,16171.203913
131,90,16148.233943
132,41,19884.493382
132,42,18872.881546
132,43,18632.185236
132,46,18325.197263
132,47,18302.664387
132,48,18068.048137
132,49,17781.993893
132,51,17525.347333
132,55,17231.034438
132,56,16998.196895
132,61,16751.370863
132,68,16535.806268
132,69,16335.183940
132,76,16220.834906
132,83,16162.787170
132,87,16130.328236
132,90,16102.970191
133,41,19884.493382
133,42,18773.756169
133,43,18632.185236
133,46,18325.197263
133,47,18302.664387
133,48,18068.048137
133,49,17781.993893
133,51,17525.347333
133,55,17231.034438
133,56,16998.196895
133,61,16751.370863
133,68,16535.806268
133,69,16335.183940
133,76,16220.834906
133,83,16162.787170
133,87,16130.328236
133,90,16102.970191
134,41,19884.493382
134,42,18773.756169
134,43,18632.185236
134,46,18325.197263
134,47,18302.664387
134,48,18068.048137
134,49,17781.993893
134,51,17525.347333
134,55,17231.034438
134,56,16998.196895
134,61,16751.370863
134,68,16535.806268
134,69,16335.183940
134,76,16220.834906
134,83,16162.787170
134,87,16130.328236
134,90,16102.970191
135,41,19884.493382
135,42,18773.756169
135,43,18632.185236
135,44,17923.554892
135,49,17781.993893
135,51,17525.347333
135,55,17231.034438
135,56,16998.196895
135,61,16751.370863
135,68,16535.806268
135,69,16335.183940
135,76,16220.834906
135,83,16162.787170
135,87,16130.328236
135,90,16102.970191
136,41,19884.493382
136,42,18773.756169
136,43,18619.518955
136,44,17923.554892
136,47,17878.889381
136,49,17781.993893
136,51,17525.347333
136,55,17108.998019
136,56,16976.514199
136,61,16751.370863
136,66,16611.645339
136,68,16416.121481
136,69,16335.183940
136,76,16163.805771
136,82,16093.663199
136,87,16088.579000
137,41,19884.493382
137,42,18773.756169
137,43,18619.518955
137,44,17923.554892
137,47,17878.889381
137,49,17781.993893
137,51,17525.347333
137,55,17108.998019
137,56,16976.514199
137,61,16751.370863
137,66,16611.645339
137,68,16416.121481
137,69,16335.183940
137,76,16163.805771
137,82,16093.663199
137,87,16088.579000
138,41,19747.985728
138,42,18773.756169
138,43,18619.518955
138,44,17923.554892
138,47,17878.889381
138,49,17781.993893
138,51,17525.347333
138,55,17108.998019
138,56,16976.514199
138,61,16751.370863
138,63,16728.262670
138,66,16611.645339
138,67,16430.919431
138,68,16416.121481
138,69,16335.183940
138,76,16163.805771
138,82,16093.663199
138,87,16088.579000
139,41,19747.985728
139,42,18773.756169
139,43,18619.518955
139,44,17923.554892
139,47,17878.889381
139,49,17781.993893
139,51,17525.347333
139,55,17108.998019
139,56,16976.514199
139,59,16940.376314
139,61,16751.370863
139,63,16728.262670
139,66,16611.645339
139,67,16430.919431
139,68,16416.121481
139,69,16335.183940
139,76,16163.805771
139,82,16093.663199
139,87,16088.579000
140,41,19747.985728
140,42,18773.756169
140,43,18619.518955
140,44,17923.554892
140,45,17845.369410
140,49,17781.993893
140,51,17525.347333
140,55,16867.045710
140,59,16735.227323
140,63,16728.262670
140,66,16600.481764
140,67,16430.919431
140,68,16416.121481
140,69,16335.183940
140,76,16163.805771
140,82,16093.663199
140,87,16088.579000
141,41,19395.148724
141,42,18773.756169
141,43,18503.753011
141,44,17923.554892
141,45,17845.369410
141,49,17781.993893
141,51,17525.347333
141,55,16867.045710
141,59,16735.227323
141,63,16728.262670
141,66,16600.481764
141,67,16430.919431
141,68,16416.121481
141,69,16335.183940
141,74,16295.098461
141,76,16163.805771
141,82,16093.663199
141,87,16088.579000
142,41,19395.148724
142,42,18773.756169
142,43,18503.753011
142,44,17923.554892
142,45,17845.369410
142,49,17781.993893
142,51,17525.347333
142,55,16867.045710
142,59,16735.227323
142,63,16728.262670
142,66,16600.481764
142,67,16430.919431
142,68,16416.121481
142,69,16335.183940
142,74,16295.098461
142,76,16163.805771
142,82,16093.663199
142,87,16088.579000
143,41,19395.148724
143,42,18773.756169
143,43,18503.753011
143,44,17923.554892
143,45,17845.369410
143,49,17781.993893
143,51,17525.347333
143,55,16867.045710
143,59,16735.227323
143,63,16728.262670
143,66,16600.481764
143,67,16430.919431
143,68,16416.121481
143,69,16335.183940
143,74,16295.098461
143,76,16163.805771
143,82,16093.663199
143,87,16088.579000
143,92,16083.151457
144,41,19395.148724
144,42,18773.756169
144,43,18503.753011
144,44,17923.554892
144,45,17845.369410
144,49,17781.993893
144,51,17525.347333
144,55,16867.045710
144,59,16735.227323
144,63,16728.262670
144,66,16395.726324
144,69,16321.211933
144,73,16259.954491
144,76,16163.805771
144,82,16054.897926
144,86,16041.388855
144,90,16021.232353
145,41,19395.148724
145,42,18773.756169
145,43,18503.753011
145,44,17923.554892
145,45,17845.369410
145,46,17690.937760
145,51,17525.347333
145,55,16867.045710
145,59,16735.227323
145,63,16728.262670
145,66,16395.726324
145,69,16321.211933
145,70,16311.778154
145,73,16259.954491
145,76,16163.805771
145,82,16054.897926
145,86,16041.388855
145,90,16021.232353
146,41,19395.148724
146,42,18773.756169
146,43,18503.753011
146,44,17923.554892
146,45,17845.369410
146,46,17690.937760
146,51,17525.347333
146,55,16867.045710
146,59,16735.227323
146,63,16728.262670
146,66,16395.726324
146,69,16321.211933
146,70,16311.778154
146,73,16259.954491
146,76,16163.805771
146,82,16054.897926
146,86,16041.388855
146,90,16021.232353
147,41,19395.148724
147,42,18773.756169
147,43,18503.753011
147,44,17923.554892
147,45,17743.150368
147,46,17690.937760
147,51,17525.347333
147,55,16867.045710
147,59,16735.227323
147,63,16728.262670
147,66,16395.726324
147,69,16321.211933
147,70,16311.778154
147,73,16259.954491
147,76,16163.805771
147,82,16054.897926
147,86,16041.388855
147,90,16021.232353
148,41,19395.148724
148,42,18773.756169
148,43,18503.753011
148,44,17923.554892
148,45,17743.150368
148,46,17690.937760
148,51,17525.347333
148,55,16867.045710
148,59,16735.227323
148,63,16576.676638
148,65,16319.245271
148,69,16283.188298
148,71,16205.662327
148,76,16163.805771
148,82,15947.873089
149,41,19375.782394
149,42,18463.442811
149,44,17923.554892
149,45,17743.150368
149,46,17690.937760
149,51,17525.347333
149,54,17364.723248
149,55,16867.045710
149,59,16735.227323
149,63,16576.676638
149,65,16319.245271
149,69,16283.188298
149,71,16205.662327
149,76,16163.805771
149,80,15973.362864
149,82,15947.873089
150,41,19375.782394
150,42,18463.442811
150,44,17923.554892
150,45,17743.150368
150,46,17690.937760
150,51,17525.347333
150,54,17364.723248
150,55,16867.045710
150,59,16735.227323
150,63,16576.676638
150,65,16319.245271
150,69,16283.188298
150,71,16205.662327
150,76,16163.805771
150,80,15973.362864
150,82,15947.873089
151,41,19375.782394
151,42,18463.442811
151,44,17923.554892
151,45,17743.150368
151,46,17690.937760
151,47,17602.126471
151,49,17600.900515
151,51,17525.347333
151,54,17364.723248
151,55,16867.045710
151,59,16735.227323
151,63,16576.676638
151,65,16319.245271
151,69,16283.188298
151,71,16205.662327
151,76,16163.805771
151,80,15973.362864
151,82,15947.873089
152,41,19375.782394
152,42,18428.830320
152,44,17923.554892
152,45,17743.150368
152,46,17690.937760
152,47,17602.126471
152,49,17600.900515
152,51,17525.347333
152,53,17237.893667
152,55,16801.941876
152,59,16674.084274
152,63,16535.746885
152,65,16319.245271
152,69,16283.188298
152,71,16205.662327
152,76,16163.805771
152,80,15962.537598
152,82,15947.873089
153,41,19375.782394
153,42,18381.049376
153,44,17923.554892
153,45,17743.150368
153,46,17690.937760
153,47,17602.126471
153,49,17600.900515
153,51,17525.347333
153,53,17237.893667
153,55,16801.941876
153,59,16674.084274
153,63,16535.746885
153,65,16319.245271
153,69,16283.188298
153,71,16205.662327
153,76,16163.805771
153,80,15962.537598
153,82,15947.873089
154,41,19375.782394
154,42,18381.049376
154,44,17857.578599
154,45,17743.150368
154,46,17690.937760
154,47,17602.126471
154,48,17575.507625
154,49,17533.508050
154,51,17525.347333
154,52,17414.838144
154,53,17237.893667
154,55,16801.941876
154,59,16674.084274
154,63,16535.746885
154,65,16319.245271
154,69,16283.188298
154,71,16205.662327
154,76,16163.805771
154,80,15962.537598
154,82,15947.873089
155,41,19375.782394
155,42,18138.476204
155,43,17747.726183
155,45,17743.150368
155,46,17670.156662
155,47,17602.126471
155,48,17575.507625
155,49,17533.508050
155,51,17504.851267
155,52,17414.838144
155,53,17237.893667
155,55,16801.941876
155,59,16674.084274
155,63,16535.746885
155,65,16319.245271
155,69,16283.188298
155,71,16205.662327
155,76,16163.805771
155,80,15962.537598
155,82,15947.873089
155,85,15943.675482
156,41,19375.782394
156,42,18138.476204
156,43,17747.726183
156,45,17685.040708
156,46,17670.156662
156,47,17602.126471
156,48,17502.122889
156,52,17414.838144
156,53,17237.893667
156,55,16801.941876
156,59,16674.084274
156,62,16394.874916
156,65,16314.408934
156,69,16279.613558
156,71,16132.311247
156,80,15952.859805
156,82,15947.873089
156,85,15943.675482
157,41,19375.782394
157,42,18138.476204
157,43,17747.726183
157,45,17685.040708
157,46,17462.736974
157,52,17414.838144
157,53,17237.893667
157,55,16801.941876
157,59,16674.084274
157,62,16394.874916
157,65,16314.408934
157,69,16279.613558
157,71,16132.311247
157,80,15952.859805
157,82,15947.873089
157,85,15943.675482
158,41,19375.782394
158,42,17985.119757
158,43,17747.726183
158,45,17685.040708
158,46,17462.736974
158,52,17414.838144
158,53,17237.893667
158,55,16801.941876
158,59,16674.084274
158,62,16394.874916
158,65,16314.408934
158,69,16279.613558
158,71,16132.311247
158,80,15952.859805
158,82,15947.873089
158,85,15943.675482
159,40,20083.282026
159,41,19213.904756
159,42,17985.119757
159,43,17747.726183
159,45,17685.040708
159,46,17354.851710
159,53,17237.893667
159,55,16801.941876
159,59,16674.084274
159,62,16394.874916
159,65,16314.408934
159,69,16279.613558
159,71,16132.311247
159,80,15952.859805
159,82,15947.873089
159,85,15943.675482
160,40,20083.282026
160,41,19213.904756
160,42,17917.740213
160,43,17747.726183
160,45,17685.040708
160,46,17354.851710
160,53,17237.893667
160,55,16682.253623
160,59,16643.111953
160,62,16302.659981
160,68,16183.882392
160,71,16132.311247
160,80,15940.377870
160,82,15839.292609
161,40,20083.282026
161,41,18325.024909
161,42,17917.740213
161,43,17747.726183
161,45,17685.040708
161,46,17354.851710
161,53,17237.893667
161,55,16682.253623
161,59,16643.111953
161,62,16302.659981
161,67,16233.698679
161,68,16183.882392
161,71,16132.311247
161,80,15940.377870
161,82,15839.292609
162,40,20083.282026
162,41,18325.024909
162,42,17917.740213
162,43,17747.726183
162,45,17685.040708
162,46,17354.851710
162,53,17237.893667
162,55,16682.253623
162,59,16643.111953
162,62,16302.659981
162,67,16233.698679
162,68,16183.882392
162,71,16132.311247
162,80,15940.377870
162,82,15839.292609
163,40,20083.282026
163,41,18325.024909
163,42,17917.740213
163,43,17747.726183
163,45,17685.040708
163,46,17354.851710
163,53,17237.893667
163,55,16682.253623
163,59,16643.111953
163,62,16302.659981
163,67,16233.698679
163,68,16183.882392
163,71,16132.311247
163,80,15940.377870
163,82,15839.292609
164,40,20083.282026
164,41,18325.024909
164,42,17917.740213
164,43,17747.726183
164,45,17685.040708
164,46,17186.870414
164,55,16579.945531
164,61,16283.938015
164,67,16163.586754
164,71,16080.705010
164,79,15882.240158
164,82,15830.695672
165,40,20083.282026
165,41,18325.024909
165,42,17917.740213
165,43,17747.726183
165,44,17669.148988
165,45,17660.952369
165,46,17186.870414
165,55,16579.945531
165,61,16283.938015
165,67,16163.586754
165,71,16080.705010
165,79,15882.240158
165,82,15830.695672
166,40,20083.282026
166,41,18325.024909
166,42,17639.622717
166,44,17550.108654
166,46,17186.870414
166,55,16579.945531
166,61,16283.938015
166,67,16163.586754
166,71,16080.705010
166,79,15882.240158
166,82,15830.695672
167,40,18834.715697
167,41,18191.297438
167,42,17639.622717
167,44,17550.108654
167,46,17186.870414
167,55,16579.945531
167,61,16283.938015
167,67,16163.586754
167,71,16080.705010
167,79,15882.240158
167,82,15780.153326
168,40,18736.827342
168,41,18191.297438
168,42,17639.622717
168,44,17550.108654
168,45,17379.794811
168,46,17186.870414
168,55,16579.945531
168,61,16283.938015
168,67,16119.460527
168,71,16046.931296
168,78,15822.965579
168,82,15773.504726
169,40,18736.827342
169,41,18191.297438
169,42,17639.622717
169,44,17550.108654
169,45,17379.794811
169,46,17186.870414
169,55,16579.945531
169,61,16283.938015
169,67,16119.460527
169,71,16046.931296
169,78,15822.965579
169,82,15773.504726
170,40,18736.827342
170,41,18191.297438
170,42,17639.622717
170,44,17389.105447
170,45,17379.794811
170,46,17186.870414
170,52,17181.249932
170,55,16579.945531
170,61,16283.938015
170,67,16119.460527
170,71,16046.931296
170,78,15822.965579
170,82,15773.504726
171,40,18736.827342
171,41,18191.297438
171,42,17639.622717
171,44,17389.105447
171,45,17379.794811
171,46,17186.870414
171,52,17181.249932
171,54,17137.003045
171,55,16579.945531
171,61,16283.938015
171,67,16119.460527
171,71,16046.931296
171,78,15822.965579
171,82,15773.504726
171,85,15712.833703
172,40,18736.827342
172,41,17738.456072
172,42,17639.622717
172,44,17389.105447
172,45,17379.794811
172,46,17186.870414
172,47,17184.168831
172,52,17181.249932
172,54,17066.687157
172,55,16555.910866
172,61,16283.938015
172,66,16273.331800
172,67,16080.683482
172,71,16046.931296
172,78,15822.965579
172,82,15773.504726
172,85,15673.116320
173,40,18736.827342
173,41,17738.456072
173,42,17639.622717
173,43,17561.690386
173,44,17389.105447
173,45,17286.593329
173,46,17186.870414
173,47,17184.168831
173,51,17120.121076
173,54,16976.089570
173,55,16555.910866
173,61,16283.938015
173,66,16273.331800
173,67,16080.683482
173,71,16046.931296
173,78,15822.965579
173,82,15773.504726
173,85,15673.116320
174,40,18736.827342
174,41,17738.456072
174,42,17639.622717
174,43,17561.690386
174,44,17389.105447
174,45,17286.593329
174,46,17182.699918
174,50,16898.083093
174,55,16555.910866
174,58,16524.100535
174,61,16283.938015
174,66,16106.605419
174,67,16080.683482
174,68,16071.479222
174,71,16046.931296
174,78,15822.965579
174,82,15773.504726
174,85,15673.116320
175,40,18736.827342
175,41,17738.456072
175,42,17639.622717
175,43,17561.690386
175,44,17389.105447
175,45,17188.372914
175,46,17182.699918
175,50,16898.083093
175,55,16555.910866
175,58,16524.100535
175,61,16283.938015
175,66,16106.605419
175,67,16080.683482
175,68,16071.479222
175,71,16046.931296
175,78,15822.965579
175,82,15773.504726
175,85,15673.116320
176,40,18683.195165
176,41,17616.035253
176,43,17561.690386
176,44,17389.105447
176,45,17188.372914
176,46,17182.699918
176,50,16898.083093
176,55,16555.910866
176,57,16481.108077
176,61,16283.938015
176,66,16078.215424
176,67,16032.653774
176,72,15924.348386
176,78,15822.965579
176,82,15750.609024
176,85,15673.116320
177,40,18683.195165
177,41,17616.035253
177,43,17561.690386
177,44,17389.105447
177,45,17188.372914
177,46,17182.699918
177,47,16819.487210
177,55,16555.910866
177,57,16481.108077
177,61,16283.938015
177,66,16078.215424
177,67,16032.653774
177,72,15924.348386
177,78,15822.965579
177,82,15750.609024
177,85,15673.116320
178,40,18683.195165
178,41,17616.035253
178,43,17484.199530
178,44,17389.105447
178,45,17136.027573
178,47,16819.487210
178,55,16555.910866
178,57,16481.108077
178,60,16289.045776
178,61,16193.635727
178,66,16078.215424
178,67,16032.653774
178,72,15924.348386
178,78,15822.965579
178,81,15673.070205
179,40,18429.736979
179,41,17561.816660
179,43,17484.199530
179,44,17389.105447
179,45,17136.027573
179,47,16819.487210
179,55,16555.910866
179,57,16479.823165
179,60,16289.045776
179,61,16193.635727
179,66,16078.215424
179,67,16032.653774
179,72,15924.348386
179,78,15822.965579
179,81,15673.070205
180,40,18429.736979
180,41,17561.816660
180,43,17484.199530
180,44,17389.105447
180,45,17100.610249
180,47,16687.745799
180,54,16535.456409
180,57,16479.823165
180,60,16169.433549
180,66,16078.215424
180,67,16014.770957
180,72,15924.348386
180,78,15822.965579
180,81,15643.115631
181,40,18429.736979
181,41,17561.816660
181,43,17484.199530
181,44,17205.257644
181,45,17100.610249
181,47,16687.745799
181,54,16535.456409
181,57,16479.823165
181,60,16169.433549
181,66,16078.215424
181,67,16014.770957
181,72,15924.348386
181,77,15764.939162
181,81,15643.115631
182,40,18429.736979
182,41,17561.816660
182,43,17484.199530
182,44,17205.257644
182,45,17089.283622
182,47,16687.745799
182,49,16683.836525
182,54,16535.456409
182,57,16479.823165
182,60,16169.433549
182,66,16078.215424
182,67,16014.770957
182,68,15970.823019
182,72,15924.348386
182,77,15764.939162
182,81,15643.115631
183,40,18429.736979
183,41,17561.816660
183,43,17484.199530
183,44,17205.257644
183,45,16998.520734
183,47,16687.745799
183,49,16683.836525
183,54,16535.456409
183,57,16479.823165
183,59,16293.608149
183,60,16169.433549
183,66,16078.215424
183,67,16014.770957
183,68,15970.823019
183,72,15924.348386
183,77,15764.939162
183,80,15681.346076
183,81,15643.115631
184,40,18429.736979
184,41,17561.816660
184,43,17484.199530
184,44,17205.257644
184,45,16998.520734
184,47,16687.745799
184,49,16608.495992
184,54,16535.456409
184,57,16479.823165
184,58,16428.091624
184,59,16110.110511
184,65,15994.626694
184,68,15970.823019
184,72,15924.348386
184,77,15764.939162
184,80,15646.144249
184,81,15640.771928
185,40,18429.736979
185,41,17561.816660
185,43,17484.199530
185,44,16961.087053
185,45,16838.520898
185,47,16687.745799
185,49,16608.495992
185,54,16535.456409
185,57,16479.823165
185,58,16428.091624
185,59,16110.110511
185,65,15994.626694
185,68,15970.823019
185,72,15924.348386
185,77,15764.939162
185,80,15646.144249
185,81,15640.771928
186,40,18429.736979
186,41,17561.816660
186,42,17554.617649
186,43,17484.199530
186,44,16961.087053
186,45,16838.520898
186,47,16687.745799
186,49,16608.495992
186,54,16535.456409
186,57,16479.823165
186,58,16428.091624
186,59,16110.110511
186,63,16060.243090
186,65,15994.626694
186,68,15970.823019
186,72,15924.348386
186,77,15764.939162
186,80,15646.144249
186,81,15640.771928
187,39,20052.065245
187,40,18429.736979
187,41,17561.816660
187,42,17554.617649
187,43,17484.199530
187,44,16961.087053
187,45,16838.520898
187,46,16635.552850
187,49,16608.495992
187,51,16542.463851
187,54,16535.456409
187,57,16479.823165
187,58,16428.091624
187,59,16110.110511
187,63,16060.243090
187,65,15994.626694
187,66,15973.414941
187,68,15970.823019
187,72,15924.348386
187,77,15764.939162
187,80,15646.144249
187,81,15640.771928
188,39,20052.065245
188,40,18429.736979
188,41,17561.816660
188,42,17459.273374
188,44,16961.087053
188,45,16838.520898
188,46,16635.552850
188,49,16608.495992
188,51,16542.463851
188,54,16535.456409
188,57,16479.823165
188,58,16412.258189
188,59,16108.509876
188,63,16034.608490
188,65,15944.189096
188,72,15861.931110
188,77,15735.784999
188,80,15646.144249
188,81,15605.162636
189,39,20052.065245
189,40,18429.736979
189,41,17561.816660
189,42,17459.273374
189,44,16961.087053
189,45,16838.520898
189,46,16635.552850
189,49,16608.495992
189,51,16542.463851
189,53,16464.776287
189,56,16418.024685
189,57,16276.347654
189,59,16108.509876
189,63,16034.608490
189,65,15944.189096
189,72,15861.931110
189,77,15735.784999
189,79,15726.171296
189,80,15646.144249
189,81,15605.162636
190,39,20052.065245
190,40,18429.736979
190,41,17561.816660
190,42,17459.273374
190,44,16961.087053
190,45,16838.520898
190,46,16635.552850
190,49,16608.495992
190,50,16552.490993
190,51,16542.463851
190,53,16464.776287
190,56,16418.024685
190,57,16276.347654
190,59,16108.509876
190,63,16034.608490
190,65,15944.189096
190,72,15861.931110
190,75,15771.754895
190,77,15735.784999
190,79,15726.171296
190,80,15644.063750
190,81,15605.162636
191,39,19647.261168
191,40,18429.736979
191,41,17561.816660
191,42,17459.273374
191,44,16961.087053
191,45,16838.520898
191,46,16635.552850
191,49,16608.495992
191,50,16552.490993
191,51,16542.463851
191,53,16464.776287
191,56,16418.024685
191,57,16276.347654
191,59,16108.509876
191,61,16094.001881
191,63,16034.608490
191,65,15944.189096
191,72,15861.931110
191,75,15771.754895
191,77,15735.784999
191,79,15602.958359
192,39,19647.261168
192,40,18429.736979
192,41,17561.816660
192,42,17454.371596
192,44,16940.820739
192,45,16838.520898
192,46,16635.552850
192,49,16472.414121
192,53,16464.776287
192,56,16262.220032
192,59,16108.509876
192,61,16094.001881
192,63,16034.608490
192,65,15842.050786
192,67,15820.237294
192,74,15741.018824
192,76,15720.864718
192,79,15602.958359
193,39,19647.261168
193,40,18429.736979
193,41,17561.816660
193,42,17454.371596
193,44,16940.820739
193,45,16838.520898
193,46,16635.552850
193,49,16472.414121
193,53,16464.776287
193,56,16262.220032
193,59,16108.509876
193,61,16094.001881
193,63,16034.608490
193,65,15842.050786
193,67,15820.237294
193,74,15741.018824
193,76,15720.864718
193,79,15602.958359
194,39,19339.737372
194,40,18429.736979
194,41,17561.816660
194,42,17454.371596
194,44,16940.820739
194,45,16838.520898
194,46,16635.552850
194,47,16593.724063
194,49,16472.414121
194,51,16441.925613
194,54,16431.030389
194,56,16262.220032
194,59,16108.509876
194,61,16094.001881
194,63,16034.608490
194,65,15842.050786
194,67,15820.237294
194,74,15741.018824
194,76,15720.864718
194,79,15602.958359
194,82,15557.642361
195,39,19339.737372
195,40,18429.736979
195,41,17510.311383
195,42,17454.371596
195,44,16940.820739
195,45,16838.520898
195,46,16635.552850
195,47,16593.724063
195,49,16472.414121
195,51,16441.925613
195,53,16366.981006
195,56,16262.220032
195,59,16108.509876
195,61,16094.001881
195,62,15915.737700
195,65,15842.050786
195,67,15820.237294
195,74,15741.018824
195,76,15720.864718
195,79,15602.958359
195,82,15557.642361
196,39,19339.737372
196,40,18429.736979
196,41,17510.311383
196,42,17380.387890
196,44,16940.820739
196,45,16838.520898
196,46,16635.552850
196,47,16593.724063
196,49,16453.095440
196,51,16426.052253
196,53,16366.981006
196,56,16237.576642
196,59,16051.748435
196,61,15887.501656
196,65,15820.438410
196,67,15787.343205
196,74,15741.018824
196,75,15655.385811
196,78,15588.713671
196,82,15557.642361
197,39,19339.737372
197,40,18429.736979
197,41,17510.311383
197,42,17380.387890
197,44,16940.820739
197,45,16838.520898
197,46,16569.155481
197,49,16453.095440
197,51,16426.052253
197,53,16366.981006
197,56,16237.576642
197,59,16051.748435
197,60,15954.716932
197,61,15887.501656
197,65,15820.438410
197,67,15787.343205
197,74,15741.018824
197,75,15655.385811
197,78,15588.713671
197,81,15420.853552
198,38,19995.583368
198,39,19339.737372
198,40,17745.640396
198,41,17510.311383
198,42,17380.387890
198,44,16940.820739
198,45,16838.520898
198,46,16569.155481
198,49,16374.809701
198,53,16366.981006
198,56,16237.576642
198,59,16051.748435
198,60,15954.716932
198,61,15887.501656
198,65,15820.438410
198,67,15787.343205
198,74,15741.018824
198,75,15655.385811
198,78,15588.713671
198,81,15420.853552
199,38,19995.583368
199,39,19339.737372
199,40,17745.640396
199,41,17510.311383
199,42,17348.923164
199,44,16940.820739
199,45,16838.520898
199,46,16569.155481
199,47,16532.187974
199,48,16509.379460
199,49,16374.809701
199,53,16366.981006
199,56,16237.576642
199,59,16051.748435
199,60,15954.716932
199,61,15887.501656
199,65,15820.438410
199,67,15787.343205
199,74,15741.018824
199,75,15655.385811
199,78,15588.713671
199,81,15420.853552
199,83,15398.505477
200,38,19995.583368
200,39,19339.737372
200,40,17629.764819
200,41,17510.311383
200,42,17348.923164
200,44,16821.386912
200,46,16569.155481
200,47,16532.187974
200,48,16509.379460
200,49,16374.809701
200,50,16348.148257
200,56,16237.576642
200,58,16024.144055
200,60,15954.716932
200,61,15841.523479
200,65,15761.978316
200,67,15683.397633
200,75,15655.385811
200,76,15520.330920
200,81,15420.853552
200,83,15398.505477
201,38,19995.583368
201,39,19339.737372
201,40,17366.702768
201,42,17348.923164
201,44,16699.357670
201,46,16569.155481
201,47,16532.187974
201,48,16509.379460
201,49,16374.809701
201,50,16348.148257
201,52,16339.083289
201,54,16266.447189
201,56,16237.576642
201,58,16024.144055
201,60,15954.716932
201,61,15841.523479
201,65,15761.978316
201,67,15683.397633
201,75,15655.385811
201,76,15520.330920
201,81,15420.853552
201,83,15398.505477
202,38,19995.583368
202,39,19339.737372
202,40,17366.702768
202,42,17348.923164
202,44,16699.357670
202,46,16569.155481
202,47,16532.187974
202,48,16509.379460
202,49,16374.809701
202,50,16348.148257
202,52,16339.083289
202,54,16266.447189
202,56,16237.576642
202,58,16024.144055
202,60,15954.716932
202,61,15841.523479
202,65,15761.978316
202,67,15683.397633
202,73,15632.927495
202,76,15520.330920
202,81,15420.853552
202,83,15398.505477
203,37,20514.369434
203,38,19829.783040
203,39,19339.737372
203,40,17366.702768
203,42,17348.923164
203,44,16699.357670
203,45,16690.513240
203,46,16569.155481
203,47,16532.187974
203,48,16509.379460
203,49,16374.809701
203,50,16348.148257
203,51,16329.959161
203,54,16266.447189
203,55,16221.576783
203,58,16024.144055
203,60,15954.716932
203,61,15841.523479
203,65,15761.978316
203,67,15683.397633
203,73,15632.927495
203,76,15520.330920
203,81,15420.853552
203,83,15398.505477
204,37,20514.369434
204,38,19829.783040
204,39,19339.737372
204,40,17366.702768
204,42,17348.923164
204,44,16699.357670
204,45,16690.513240
204,46,16569.155481
204,47,16532.187974
204,48,16509.379460
204,49,16374.809701
204,50,16348.148257
204,51,16329.959161
204,54,16266.447189
204,55,16192.949364
204,58,16024.144055
204,60,15837.061057
204,65,15761.978316
204,66,15639.947722
204,73,15632.927495
204,76,15490.350285
204,80,15362.020876
205,37,20514.369434
205,38,19829.783040
205,39,19081.782032
205,40,17366.702768
205,42,17243.403758
205,44,16699.357670
205,45,16690.513240
205,46,16569.155481
205,47,16532.187974
205,48,16509.379460
205,49,16374.809701
205,50,16348.148257
205,51,16329.959161
205,54,16266.447189
205,55,16192.949364
205,58,16024.144055
205,60,15837.061057
205,65,15761.978316
205,66,15639.947722
205,73,15632.927495
205,76,15490.350285
205,80,15362.020876
206,37,20514.369434
206,38,19829.783040
206,39,19081.782032
206,40,17366.702768
206,42,17243.403758
206,44,16699.357670
206,45,16690.513240
206,46,16569.155481
206,47,16504.163293
206,49,16297.676824
206,54,16266.447189
206,55,16192.949364
206,58,16024.144055
206,60,15837.061057
206,65,15761.978316
206,66,15639.947722
206,73,15632.927495
206,74,15620.807408
206,76,15490.350285
206,80,15362.020876
207,37,20514.369434
207,38,19829.783040
207,39,18841.733720
207,40,17366.702768
207,42,17243.403758
207,44,16699.357670
207,45,16690.513240
207,46,16569.155481
207,47,16504.163293
207,49,16297.676824
207,54,16266.447189
207,55,16192.949364
207,58,15856.536751
207,60,15837.061057
207,64,15793.307209
207,65,15761.978316
207,66,15639.947722
207,73,15632.927495
207,74,15620.807408
207,76,15490.350285
207,80,15362.020876
208,37,20514.369434
208,38,19829.783040
208,39,18841.733720
208,40,17366.702768
208,42,17243.403758
208,44,16699.357670
208,45,16690.513240
208,46,16569.155481
208,47,16504.163293
208,49,16297.676824
208,54,16120.726603
208,58,15835.992083
208,64,15780.862380
208,65,15761.978316
208,66,15631.710095
208,74,15620.807408
208,76,15490.350285
208,80,15362.020876
209,37,20514.369434
209,38,19829.783040
209,39,18611.947746
209,40,17366.702768
209,42,17243.403758
209,44,16699.357670
209,45,16690.513240
209,46,16569.155481
209,47,16504.163293
209,49,16297.676824
209,54,16120.726603
209,58,15835.992083
209,64,15780.862380
209,65,15761.978316
209,66,15631.710095
209,74,15620.807408
209,76,15490.350285
209,80,15362.020876
210,37,20514.369434
210,38,19829.783040
210,39,18611.947746
210,40,17366.702768
210,42,17243.403758
210,44,16699.357670
210,45,16690.513240
210,46,16569.155481
210,47,16504.163293
210,49,16297.676824
210,52,16242.964891
210,54,16120.726603
210,58,15835.992083
210,64,15780.862380
210,65,15761.978316
210,66,15631.710095
210,74,15620.807408
210,76,15490.350285
210,80,15362.020876
211,37,20514.369434
211,38,19829.783040
211,39,18611.947746
211,40,17366.702768
211,42,17181.944691
211,44,16699.357670
211,45,16667.552939
211,46,16569.155481
211,47,16504.163293
211,49,16297.676824
211,52,16242.964891
211,54,16120.726603
211,58,15835.992083
211,64,15780.862380
211,65,15761.978316
211,66,15631.710095
211,74,15620.807408
211,75,15597.208839
211,76,15490.350285
211,80,15362.020876
212,37,20514.369434
212,38,19457.993077
212,39,18611.947746
212,40,17366.702768
212,42,17181.944691
212,44,16699.357670
212,45,16667.552939
212,46,16569.155481
212,47,16469.792022
212,48,16442.588773
212,49,16297.676824
212,52,16242.964891
212,54,16112.797335
212,58,15822.816644
212,64,15701.051364
212,66,15552.574172
212,76,15490.350285
212,78,15308.476015
213,37,20514.369434
213,38,19457.993077
213,39,18611.947746
213,40,17366.702768
213,42,17142.841168
213,44,16699.357670
213,45,16667.552939
213,46,16569.155481
213,47,16469.792022
213,48,16324.338268
213,49,16297.676824
213,52,16242.964891
213,54,16112.797335
213,58,15822.816644
213,64,15701.051364
213,66,15552.574172
213,76,15490.350285
213,78,15308.476015
214,37,20514.369434
214,38,19457.993077
214,39,18611.947746
214,40,17366.702768
214,42,17142.841168
214,44,16699.357670
214,45,16667.552939
214,46,16569.155481
214,47,16469.792022
214,48,16324.338268
214,49,16297.676824
214,52,16242.964891
214,54,16112.797335
214,58,15822.816644
214,64,15701.051364
214,66,15552.574172
214,76,15490.350285
214,77,15484.301635
214,78,15308.476015
215,37,20514.369434
215,38,19457.993077
215,39,18611.947746
215,40,17366.702768
215,41,17211.575283
215,42,17142.841168
215,44,16699.357670
215,45,16586.768923
215,46,16569.155481
215,47,16469.792022
215,48,16324.338268
215,49,16297.676824
215,52,16242.964891
215,54,16112.797335
215,58,15822.816644
215,64,15701.051364
215,66,15552.574172
215,76,15490.350285
215,77,15296.209872
216,37,20514.369434
216,38,19457.993077
216,39,18551.317012
216,40,17366.702768
216,41,17211.575283
216,42,17142.841168
216,44,16699.357670
216,45,16586.768923
216,46,16569.155481
216,47,16430.357104
216,48,16324.338268
216,49,16297.676824
216,52,16152.031644
216,54,16086.647916
216,58,15822.816644
216,64,15683.585564
216,66,15552.574172
216,75,15468.605321
216,76,15261.873234
217,37,20514.369434
217,38,19457.993077
217,39,18551.317012
217,40,17366.702768
217,41,17211.575283
217,42,17142.841168
217,44,16699.357670
217,45,16586.768923
217,46,16569.155481
217,47,16411.025898
217,48,16324.338268
217,49,16297.676824
217,52,16152.031644
217,54,16086.647916
217,58,15822.816644
217,64,15683.585564
217,66,15552.574172
217,75,15468.605321
217,76,15261.873234
218,37,20514.369434
218,38,19457.993077
218,39,18551.317012
218,40,17366.702768
218,41,17178.993068
218,42,17142.841168
218,44,16699.357670
218,45,16586.768923
218,46,16569.155481
218,47,16411.025898
218,48,16324.338268
218,49,16297.676824
218,52,16152.031644
218,54,16086.647916
218,58,15822.816644
218,64,15683.585564
218,66,15552.574172
218,75,15468.605321
218,76,15261.873234
219,37,20514.369434
219,38,19457.993077
219,39,18551.317012
219,40,17366.702768
219,41,17178.993068
219,42,17142.841168
219,44,16699.357670
219,45,16586.768923
219,46,16569.155481
219,47,16340.341222
219,48,16324.338268
219,49,16297.676824
219,52,16152.031644
219,54,16086.647916
219,58,15822.816644
219,64,15683.585564
219,66,15552.574172
219,75,15468.605321
219,76,15261.873234
220,37,20514.369434
220,38,19457.993077
220,39,18551.317012
220,40,17366.702768
220,41,17178.993068
220,42,17142.841168
220,44,16699.357670
220,45,16586.768923
220,46,16569.155481
220,47,16297.589900
220,49,16294.097453
220,52,16078.280542
220,57,15814.921687
220,64,15676.533206
220,66,15521.761360
220,75,15228.229599
221,37,20514.369434
221,38,19457.993077
221,39,18551.317012
221,40,17366.702768
221,41,17178.993068
221,42,17093.828767
221,44,16699.357670
221,45,16586.768923
221,46,16569.155481
221,47,16297.589900
221,49,16247.936944
221,52,16078.280542
221,57,15814.921687
221,64,15676.533206
221,66,15521.761360
221,75,15228.229599
222,37,20514.369434
222,38,19457.993077
222,39,18551.317012
222,40,17300.356387
222,41,17178.993068
222,42,17093.828767
222,44,16699.357670
222,45,16586.768923
222,46,16569.155481
222,47,16297.589900
222,48,16274.598388
222,49,16247.936944
222,51,16236.614322
222,52,16078.280542
222,57,15814.921687
222,64,15676.533206
222,66,15521.761360
222,75,15228.229599
223,37,20514.369434
223,38,18463.655500
223,39,18451.293506
223,40,17300.356387
223,41,16764.137092
223,44,16699.357670
223,45,16586.768923
223,46,16542.578912
223,47,16297.589900
223,48,16274.598388
223,49,16247.936944
223,51,16236.614322
223,52,16078.280542
223,57,15814.921687
223,64,15676.533206
223,66,15521.761360
223,75,15228.229599
224,37,20514.369434
224,38,18463.655500
224,39,18451.293506
224,40,17189.925297
224,41,16764.137092
224,44,16652.586281
224,45,16586.768923
224,46,16542.578912
224,47,16258.439310
224,48,16197.179660
224,52,16062.995670
224,57,15814.921687
224,62,15785.967905
224,64,15676.533206
224,66,15502.919989
224,75,15228.229599
225,37,20514.369434
225,38,18463.655500
225,39,18451.293506
225,40,17128.307453
225,41,16764.137092
225,44,16652.586281
225,45,16586.768923
225,46,16542.578912
225,47,16258.439310
225,48,16197.179660
225,50,16163.510045
225,52,16062.995670
225,57,15814.921687
225,62,15785.967905
225,64,15676.533206
225,66,15502.919989
225,75,15228.229599
226,37,20514.369434
226,38,18463.655500
226,39,17466.918688
226,40,17128.307453
226,41,16764.137092
226,44,16652.586281
226,45,16586.768923
226,46,16542.578912
226,47,16258.439310
226,48,16197.179660
226,50,16163.510045
226,52,16062.995670
226,57,15814.921687
226,62,15785.967905
226,64,15676.533206
226,66,15502.919989
226,75,15228.229599
227,37,20514.369434
227,38,18463.655500
227,39,17358.136662
227,40,17128.307453
227,41,16764.137092
227,44,16652.586281
227,45,16586.768923
227,46,16542.578912
227,47,16258.439310
227,48,16197.179660
227,50,16163.510045
227,52,16062.995670
227,57,15814.921687
227,62,15785.967905
227,64,15676.533206
227,66,15502.919989
227,75,15228.229599
228,37,20514.369434
228,38,18463.655500
228,39,17358.136662
228,40,17128.307453
228,41,16764.137092
228,44,16652.586281
228,45,16586.768923
228,46,16542.578912
228,47,16190.031792
228,50,16163.510045
228,52,16062.995670
228,57,15801.202274
228,62,15785.967905
228,64,15676.533206
228,65,15481.638650
228,75,15228.229599
229,37,20514.369434
229,38,18463.655500
229,39,17358.136662
229,40,17128.307453
229,41,16764.137092
229,44,16652.586281
229,45,16586.768923
229,46,16112.540434
229,52,16004.462572
229,57,15801.202274
229,62,15785.967905
229,64,15676.533206
229,65,15481.638650
229,75,15228.229599
230,37,20514.369434
230,38,18463.655500
230,39,17358.136662
230,40,17128.307453
230,41,16764.137092
230,44,16652.586281
230,45,16546.624978
230,46,16112.540434
230,52,15896.675863
230,57,15801.202274
230,62,15785.967905
230,64,15676.533206
230,65,15481.638650
230,71,15420.293199
230,75,15228.229599
231,37,20514.369434
231,38,18463.655500
231,39,17358.136662
231,40,17128.307453
231,41,16764.137092
231,44,16652.586281
231,45,16546.624978
231,46,16112.540434
231,51,16024.820192
231,52,15896.675863
231,57,15801.202274
231,62,15785.967905
231,64,15676.533206
231,65,15481.638650
231,71,15420.293199
231,75,15228.229599
232,37,20514.369434
232,38,18300.013766
232,39,17358.136662
232,40,17128.307453
232,41,16764.137092
232,44,16652.586281
232,45,16546.624978
232,46,16112.540434
232,51,16024.718334
232,52,15886.844078
232,53,15886.395592
232,56,15750.808598
232,64,15430.683906
232,71,15410.649918
232,75,15134.153658
233,37,20514.369434
233,38,18300.013766
233,39,17358.136662
233,40,17128.307453
233,41,16764.137092
233,44,16652.586281
233,45,16448.004414
233,46,16112.540434
233,51,16024.718334
233,52,15886.844078
233,53,15886.395592
233,56,15750.808598
233,64,15430.683906
233,71,15410.649918
233,75,15134.153658
234,37,20514.369434
234,38,18300.013766
234,39,17358.136662
234,40,17128.307453
234,41,16693.986811
234,44,16652.586281
234,45,16448.004414
234,46,16112.540434
234,51,16024.718334
234,52,15886.844078
234,53,15886.395592
234,56,15750.808598
234,64,15430.683906
234,71,15410.649918
234,75,15134.153658
235,37,20514.369434
235,38,17284.967562
235,40,17128.307453
235,41,16693.986811
235,44,16652.586281
235,45,16448.004414
235,46,16112.540434
235,51,16024.718334
235,52,15886.844078
235,53,15886.395592
235,56,15750.808598
235,64,15430.683906
235,71,15410.649918
235,75,15134.153658
236,37,20514.369434
236,38,17284.967562
236,40,17128.307453
236,41,16693.986811
236,44,16605.393547
236,45,16423.457527
236,46,16112.540434
236,51,16024.718334
236,52,15886.844078
236,53,15878.103796
236,56,15570.684370
236,64,15417.996647
236,71,15410.649918
236,75,15134.153658
237,37,20514.369434
237,38,17284.967562
237,40,17128.307453
237,41,16693.986811
237,42,16614.674179
237,44,16605.393547
237,45,16423.457527
237,46,16078.891290
237,51,16024.718334
237,52,15886.844078
237,53,15878.103796
237,56,15570.684370
237,64,15417.996647
237,71,15410.649918
237,75,15134.153658
238,37,20514.369434
238,38,17284.967562
238,40,16950.479415
238,41,16693.986811
238,42,16614.674179
238,44,16605.393547
238,45,16423.457527
238,46,16078.891290
238,51,16024.718334
238,52,15886.844078
238,53,15878.103796
238,56,15570.684370
238,64,15417.996647
238,71,15410.649918
238,75,15134.153658
239,37,20514.369434
239,38,17284.967562
239,40,16788.039937
239,41,16693.986811
239,42,16614.674179
239,44,16605.393547
239,45,16423.457527
239,46,16078.891290
239,51,16024.718334
239,52,15886.844078
239,53,15873.833051
239,56,15570.684370
239,64,15417.996647
239,71,15410.649918
239,75,15134.153658
240,37,20514.369434
240,38,17251.639054
240,40,16788.039937
240,41,16615.163876
240,42,16614.674179
240,44,16605.393547
240,45,16347.667525
240,46,16076.964527
240,47,15985.127262
240,52,15798.107524
240,56,15543.105617
240,64,15417.996647
240,71,15379.786041
240,75,15134.153658
241,37,20514.369434
241,38,17251.639054
241,40,16751.405189
241,41,16513.561781
241,45,16347.667525
241,46,16076.964527
241,47,15985.127262
241,52,15798.107524
241,56,15543.105617
241,64,15417.996647
241,71,15379.786041
241,75,15134.153658
242,37,20514.369434
242,38,17251.639054
242,40,16751.405189
242,41,16513.561781
242,45,16347.667525
242,46,16076.964527
242,47,15985.127262
242,52,15798.107524
242,56,15543.105617
242,64,15417.996647
242,71,15379.786041
242,75,15134.153658
243,37,20514.369434
243,38,17251.639054
243,40,16751.405189
243,41,16513.561781
243,45,16347.667525
243,46,16076.964527
243,47,15985.127262
243,52,15798.107524
243,56,15543.105617
243,64,15417.996647
243,71,15379.786041
243,75,15134.153658
244,37,20514.369434
244,38,17251.639054
244,40,16700.346596
244,41,16513.133577
244,45,16347.667525
244,46,16076.964527
244,47,15985.127262
244,52,15798.107524
244,56,15543.105617
244,64,15417.996647
244,71,15371.184775
244,75,15109.285370
245,37,20514.369434
245,38,17251.639054
245,40,16607.088036
245,41,16513.133577
245,43,16504.612753
245,45,16347.667525
245,46,16076.964527
245,47,15985.127262
245,52,15798.107524
245,56,15543.105617
245,64,15417.996647
245,71,15371.184775
245,74,15150.211567
245,75,15109.285370
246,37,20514.369434
246,38,17222.063262
246,39,16952.725389
246,40,16607.088036
246,41,16513.133577
246,42,16505.250757
246,43,16484.153175
246,45,16347.667525
246,46,16076.964527
246,47,15985.127262
246,52,15798.107524
246,56,15543.105617
246,63,15443.661635
246,64,15417.996647
246,71,15371.184775
246,74,15150.211567
246,75,15109.285370
247,37,20514.369434
247,38,17222.063262
247,39,16952.725389
247,40,16607.088036
247,41,16513.133577
247,42,16505.250757
247,43,16484.153175
247,45,16347.667525
247,46,16076.964527
247,47,15985.127262
247,52,15798.107524
247,56,15543.105617
247,63,15443.661635
247,64,15417.996647
247,71,15371.184775
247,74,15150.211567
247,75,15109.285370
248,37,20514.369434
248,38,17222.063262
248,39,16952.725389
248,40,16534.729610
248,41,16513.133577
248,42,16505.250757
248,43,16484.153175
248,45,16347.667525
248,46,16015.511815
248,47,15985.127262
248,52,15782.111232
248,56,15543.105617
248,63,15428.665393
248,64,15417.996647
248,71,15360.072116
248,74,15150.211567
248,75,15093.397319
249,37,20514.369434
249,38,17222.063262
249,39,16952.725389
249,40,16534.729610
249,41,16513.133577
249,42,16505.250757
249,43,16484.153175
249,45,16347.667525
249,46,16015.511815
249,47,15985.127262
249,52,15782.111232
249,56,15543.105617
249,63,15428.665393
249,64,15417.996647
249,71,15360.072116
249,74,15150.211567
249,75,15093.397319
250,37,20514.369434
250,38,17222.063262
250,39,16952.725389
250,40,16534.729610
250,41,16513.133577
250,42,16505.250757
250,43,16484.153175
250,45,16347.667525
250,46,16015.511815
250,47,15985.127262
250,49,15930.501867
250,52,15782.111232
250,56,15543.105617
250,63,15428.665393
250,64,15417.996647
250,71,15360.072116
250,74,15150.211567
250,75,15093.397319
251,37,20514.369434
251,38,17222.063262
251,39,16952.725389
251,40,16534.729610
251,41,16513.133577
251,42,16505.250757
251,43,16484.153175
251,45,16347.667525
251,46,16015.511815
251,47,15985.127262
251,49,15930.501867
251,52,15782.111232
251,56,15543.105617
251,63,15428.665393
251,64,15417.996647
251,71,15360.072116
251,73,15101.040936
251,75,15093.397319
252,37,20514.369434
252,38,17222.063262
252,39,16952.725389
252,40,16534.729610
252,41,16513.133577
252,42,16505.250757
252,43,16399.141538
252,45,16347.667525
252,46,16015.511815
252,47,15956.840221
252,49,15930.501867
252,52,15760.897788
252,56,15541.322711
252,63,15408.726366
252,64,15406.848485
252,71,15360.072116
252,73,15101.040936
252,75,15093.397319
253,37,20514.369434
253,38,17077.419606
253,39,16952.725389
253,40,16534.729610
253,41,16513.133577
253,42,16409.056312
253,43,16399.141538
253,45,16347.667525
253,46,16015.511815
253,47,15956.840221
253,49,15930.501867
253,52,15760.897788
253,56,15541.322711
253,63,15408.726366
253,64,15406.848485
253,71,15360.072116
253,73,15101.040936
253,75,15093.397319
254,37,20514.369434
254,38,17077.419606
254,39,16952.725389
254,40,16534.729610
254,41,16513.133577
254,42,16409.056312
254,43,16399.141538
254,45,16347.667525
254,46,16015.511815
254,47,15956.840221
254,49,15930.501867
254,52,15760.897788
254,56,15541.322711
254,63,15408.726366
254,64,15406.848485
254,71,15360.072116
254,73,15101.040936
254,75,15093.397319
255,37,17460.228969
255,38,17077.419606
255,39,16952.725389
255,40,16517.731074
255,41,16458.962658
255,42,16409.056312
255,43,16399.141538
255,45,16347.667525
255,46,16015.511815
255,47,15956.840221
255,49,15930.501867
255,52,15760.897788
255,56,15541.322711
255,63,15408.726366
255,64,15406.848485
255,71,15360.072116
255,73,15101.040936
255,75,15093.397319
256,37,17460.228969
256,38,17077.419606
256,39,16519.369176
256,40,16517.731074
256,41,16458.962658
256,42,16409.056312
256,43,16331.962378
256,46,16000.407591
256,47,15876.351687
256,52,15656.244816
256,56,15541.322711
256,63,15408.726366
256,64,15295.368934
256,73,15101.040936
256,75,15093.397319
257,37,17460.228969
257,38,17077.419606
257,39,16507.919463
257,41,16458.962658
257,42,16378.130390
257,43,16331.962378
257,46,16000.407591
257,47,15876.351687
257,52,15656.244816
257,56,15541.322711
257,63,15408.726366
257,64,15295.368934
257,73,15101.040936
257,75,15093.397319
258,37,17460.228969
258,38,17077.419606
258,39,16507.919463
258,41,16458.962658
258,42,16378.130390
258,43,16331.962378
258,45,15924.706342
258,47,15876.351687
258,52,15656.244816
258,56,15541.322711
258,63,15408.726366
258,64,15295.368934
258,73,15101.040936
258,75,15093.397319
259,37,17460.228969
259,38,17044.598827
259,39,16338.188596
259,43,16331.962378
259,45,15924.706342
259,47,15876.351687
259,52,15656.244816
259,56,15541.322711
259,63,15408.726366
259,64,15295.368934
259,73,15101.040936
259,75,15093.397319
260,37,17460.228969
260,38,17044.598827
260,39,16338.188596
260,43,16331.962378
260,44,16263.897584
260,45,15924.706342
260,47,15876.351687
260,52,15627.584441
260,56,15541.322711
260,63,15268.424801
260,73,15101.040936
260,75,15054.547855
261,37,17460.228969
261,38,17044.598827
261,39,16338.188596
261,43,16331.962378
261,44,16263.897584
261,45,15924.706342
261,47,15876.351687
261,52,15627.584441
261,56,15541.322711
261,63,15268.424801
261,73,15101.040936
261,75,15054.547855
262,37,17460.228969
262,38,17044.598827
262,39,16338.188596
262,43,16331.962378
262,44,16263.897584
262,45,15924.706342
262,47,15876.351687
262,52,15627.584441
262,56,15541.322711
262,63,15268.424801
262,73,15101.040936
262,75,15054.547855
263,37,17460.228969
263,38,17044.598827
263,39,16338.188596
263,43,16324.073487
263,44,16263.897584
263,45,15902.965798
263,47,15876.351687
263,52,15627.584441
263,56,15541.322711
263,63,15268.424801
263,73,15101.040936
263,75,15054.547855
264,37,17460.228969
264,38,17015.451921
264,39,16278.047670
264,41,16228.907568
264,45,15902.122516
264,46,15862.491743
264,51,15601.994623
264,56,15525.877113
264,63,15268.424801
264,73,15101.040936
264,75,15054.547855
265,37,17460.228969
265,38,17015.451921
265,39,16278.047670
265,41,16228.907568
265,44,16122.060691
265,45,15902.122516
265,46,15862.491743
265,51,15601.994623
265,56,15525.877113
265,63,15268.424801
265,73,15101.040936
265,75,15054.547855
266,37,17460.228969
266,38,17015.451921
266,39,16278.047670
266,41,16228.907568
266,44,16122.060691
266,45,15902.122516
266,46,15862.491743
266,49,15852.340513
266,51,15601.994623
266,56,15525.877113
266,63,15268.424801
266,67,15255.590360
266,73,15101.040936
266,75,15054.547855
267,37,17460.228969
267,38,17015.451921
267,39,16278.047670
267,41,16228.907568
267,44,16122.060691
267,45,15902.122516
267,46,15862.491743
267,49,15852.340513
267,51,15601.994623
267,56,15525.877113
267,63,15268.424801
267,67,15255.590360
267,73,15101.040936
267,75,15054.547855
268,37,17460.228969
268,38,17015.451921
268,39,16278.047670
268,41,16228.907568
268,44,16122.060691
268,45,15902.122516
268,46,15862.491743
268,49,15793.844490
268,51,15601.483424
268,56,15525.877113
268,60,15482.047974
268,63,15227.545268
268,73,15101.040936
268,75,15048.326208
269,37,17460.228969
269,38,17015.451921
269,39,16278.047670
269,41,16228.907568
269,44,16122.060691
269,45,15902.122516
269,46,15862.491743
269,49,15793.844490
269,51,15601.483424
269,56,15525.877113
269,60,15482.047974
269,63,15227.545268
269,70,15209.440015
269,73,15101.040936
269,75,15048.326208
270,37,17460.228969
270,38,17015.451921
270,39,16269.155485
270,41,16228.907568
270,44,16122.060691
270,45,15902.122516
270,46,15862.491743
270,49,15793.844490
270,51,15601.483424
270,56,15525.877113
270,60,15482.047974
270,63,15227.545268
270,70,15209.440015
270,73,15101.040936
270,75,15048.326208
271,37,17460.228969
271,38,16912.009758
271,39,16269.155485
271,41,16228.907568
271,44,16122.060691
271,45,15902.122516
271,46,15862.491743
271,49,15793.844490
271,51,15601.483424
271,54,15584.449608
271,55,15551.575797
271,56,15525.877113
271,60,15482.047974
271,63,15227.545268
271,70,15209.440015
271,73,15101.040936
271,75,15048.326208
272,37,17460.228969
272,38,16912.009758
272,39,16269.155485
272,41,16228.907568
272,44,16122.060691
272,45,15902.122516
272,46,15862.491743
272,49,15793.844490
272,51,15601.483424
272,54,15467.876074
272,60,15438.105870
272,63,15227.545268
272,70,15209.440015
272,73,15079.262434
272,75,15028.514546
273,37,17460.228969
273,38,16912.009758
273,39,16269.155485
273,40,16234.509666
273,41,16228.907568
273,43,16166.382966
273,44,16122.060691
273,45,15902.122516
273,46,15862.491743
273,49,15793.844490
273,51,15601.483424
273,54,15467.876074
273,60,15438.105870
273,63,15227.545268
273,70,15209.440015
273,73,15079.262434
273,75,15028.514546
274,37,17460.228969
274,38,16912.009758
274,39,16269.155485
274,40,16234.509666
274,41,16228.907568
274,42,16203.315217
274,43,16166.382966
274,44,16122.060691
274,45,15902.122516
274,46,15862.491743
274,49,15793.844490
274,51,15601.483424
274,54,15467.876074
274,60,15438.105870
274,63,15227.545268
274,70,15209.440015
274,73,15079.262434
274,75,15028.514546
275,37,17460.228969
275,38,16912.009758
275,39,16269.155485
275,40,16234.509666
275,41,16228.907568
275,42,16203.315217
275,43,16166.382966
275,44,16122.060691
275,45,15902.122516
275,46,15862.491743
275,47,15857.970282
275,49,15793.844490
275,51,15601.483424
275,54,15467.876074
275,60,15438.105870
275,63,15227.545268
275,70,15209.440015
275,73,15079.262434
275,75,15028.514546
276,37,17460.228969
276,38,16602.233730
276,39,16269.155485
276,40,16234.509666
276,41,16228.907568
276,42,16203.315217
276,43,16166.382966
276,44,16122.060691
276,45,15902.122516
276,46,15862.491743
276,47,15847.349463
276,48,15775.888244
276,51,15586.055173
276,54,15467.876074
276,60,15390.574637
276,61,15195.284969
276,73,15079.262434
276,75,15015.415386
277,37,17460.228969
277,38,16602.233730
277,39,16269.155485
277,40,16234.509666
277,41,16228.907568
277,42,16203.315217
277,43,16166.382966
277,44,16122.060691
277,45,15850.467700
277,47,15779.816944
277,48,15775.888244
277,51,15586.055173
277,54,15467.876074
277,60,15390.574637
277,61,15195.284969
277,73,15079.262434
277,75,15015.415386
278,37,17460.228969
278,38,16602.233730
278,39,16269.155485
278,40,16234.509666
278,41,16228.907568
278,42,16203.315217
278,43,16166.382966
278,44,16122.060691
278,45,15850.467700
278,47,15779.816944
278,48,15775.888244
278,50,15693.541293
278,51,15586.055173
278,54,15467.876074
278,58,15448.788746
278,60,15390.574637
278,61,15195.284969
278,73,15079.262434
278,75,15015.415386
279,37,17460.228969
279,38,16602.233730
279,39,16269.155485
279,40,16234.509666
279,41,16206.451280
279,42,16203.315217
279,43,16166.382966
279,44,16122.060691
279,45,15850.467700
279,47,15779.816944
279,48,15775.888244
279,50,15693.541293
279,51,15586.055173
279,54,15467.876074
279,58,15448.788746
279,60,15390.574637
279,61,15195.284969
279,73,15079.262434
279,75,15015.415386
280,37,17460.228969
280,38,16602.233730
280,39,16269.155485
280,40,16233.527171
280,41,16206.451280
280,42,16203.315217
280,43,16166.382966
280,44,16122.060691
280,45,15850.467700
280,46,15800.346929
280,47,15779.816944
280,48,15775.888244
280,50,15693.541293
280,51,15562.202390
280,53,15451.012650
280,55,15420.308204
280,60,15353.977520
280,61,15195.284969
280,71,15157.750668
280,73,15079.262434
280,74,15005.823023
281,37,17460.228969
281,38,16602.233730
281,39,16269.155485
281,40,16233.527171
281,41,16206.451280
281,42,16203.315217
281,43,16166.382966
281,44,16122.060691
281,45,15850.467700
281,46,15800.346929
281,47,15779.816944
281,48,15775.888244
281,50,15693.541293
281,51,15562.202390
281,53,15451.012650
281,55,15420.308204
281,60,15353.977520
281,61,15195.284969
281,71,15157.750668
281,73,15079.262434
281,74,15005.823023
282,37,17460.228969
282,38,16602.233730
282,39,16214.858230
282,41,16201.282225
282,43,16164.766808
282,44,16122.060691
282,45,15850.467700
282,46,15800.346929
282,47,15779.816944
282,48,15775.888244
282,50,15692.210428
282,51,15562.202390
282,53,15451.012650
282,55,15420.308204
282,60,15353.977520
282,61,15195.284969
282,66,15120.177351
282,73,15079.262434
282,74,15005.823023
283,37,17460.228969
283,38,16602.233730
283,39,16214.858230
283,40,16131.320840
283,44,16122.060691
283,45,15850.467700
283,46,15800.346929
283,47,15779.816944
283,48,15775.888244
283,50,15692.210428
283,51,15562.202390
283,53,15451.012650
283,55,15420.308204
283,60,15353.977520
283,61,15195.284969
283,66,15120.177351
283,73,15079.262434
283,74,15005.823023
284,37,17460.228969
284,38,16602.233730
284,39,16214.858230
284,40,16101.289001
284,45,15850.467700
284,46,15800.346929
284,47,15779.816944
284,48,15775.888244
284,49,15647.112028
284,51,15555.047833
284,53,15430.540991
284,55,15420.308204
284,57,15325.728403
284,61,15195.284969
284,66,15120.177351
284,73,15079.262434
284,74,15005.823023
285,36,17748.710429
285,37,17063.110606
285,38,16602.233730
285,39,16214.858230
285,40,16101.289001
285,44,16041.031198
285,45,15850.467700
285,46,15800.346929
285,47,15779.816944
285,48,15775.888244
285,49,15647.112028
285,51,15555.047833
285,53,15430.540991
285,55,15420.308204
285,57,15325.728403
285,61,15195.284969
285,66,15120.177351
285,73,15079.262434
285,74,15005.823023
286,36,17748.710429
286,37,16984.584380
286,38,16602.233730
286,39,16214.858230
286,40,16101.289001
286,44,16041.031198
286,45,15850.467700
286,46,15800.346929
286,47,15779.816944
286,48,15775.888244
286,49,15647.112028
286,51,15555.047833
286,53,15430.540991
286,55,15420.308204
286,57,15325.728403
286,61,15195.284969
286,66,15120.177351
286,73,15079.262434
286,74,15005.823023
287,36,17748.710429
287,37,16984.584380
287,38,16554.241822
287,39,16214.858230
287,40,16101.289001
287,44,16041.031198
287,45,15850.467700
287,46,15800.346929
287,47,15779.816944
287,48,15775.888244
287,49,15640.763290
287,51,15555.047833
287,53,15430.540991
287,55,15420.308204
287,57,15325.728403
287,61,15195.284969
287,66,15120.177351
287,73,15079.262434
287,74,15005.823023
288,36,17748.710429
288,37,16984.584380
288,38,16409.710097
288,39,16139.196563
288,40,16101.289001
288,44,16041.031198
288,45,15850.467700
288,46,15800.346929
288,47,15779.816944
288,48,15760.716848
288,49,15640.763290
288,51,15551.150962
288,53,15430.540991
288,55,15298.199699
288,60,15154.910191
288,66,15120.177351
288,73,15067.484680
288,74,15005.823023
289,36,17748.710429
289,37,16984.584380
289,38,16409.710097
289,39,16139.196563
289,40,16101.289001
289,44,16041.031198
289,45,15850.467700
289,46,15800.346929
289,47,15779.816944
289,48,15760.716848
289,49,15640.763290
289,51,15551.150962
289,53,15430.540991
289,55,15298.199699
289,60,15154.910191
289,66,15120.177351
289,73,15067.484680
289,74,15005.823023
290,36,17748.710429
290,37,16984.584380
290,38,16409.710097
290,39,16139.196563
290,40,16101.289001
290,44,16041.031198
290,45,15850.467700
290,46,15800.346929
290,47,15779.816944
290,48,15760.716848
290,49,15640.763290
290,51,15551.150962
290,53,15430.540991
290,55,15298.199699
290,60,15154.910191
290,66,15120.177351
290,73,15067.484680
290,74,15005.823023
291,36,17748.710429
291,37,16984.584380
291,38,16409.710097
291,39,16139.196563
291,40,16101.289001
291,44,16041.031198
291,45,15850.467700
291,46,15800.346929
291,47,15779.816944
291,48,15625.467722
291,51,15551.150962
291,53,15430.540991
291,55,15298.199699
291,60,15154.910191
291,66,15120.177351
291,73,15067.484680
291,74,15005.823023
292,36,17748.710429
292,37,16984.584380
292,38,16409.710097
292,39,16065.749965
292,44,16041.031198
292,45,15850.467700
292,46,15753.283509
292,47,15718.109434
292,48,15523.015304
292,53,15407.078189
292,55,15298.199699
292,60,15154.910191
292,66,15120.177351
292,73,15045.672086
292,74,15005.823023
293,36,17748.710429
293,37,16984.584380
293,38,16409.710097
293,39,16065.749965
293,40,15959.225430
293,45,15850.467700
293,46,15753.283509
293,47,15718.109434
293,48,15523.015304
293,53,15407.078189
293,55,15298.199699
293,60,15154.910191
293,66,15120.177351
293,72,15096.457496
293,73,15045.672086
293,74,15005.823023
294,36,17748.710429
294,37,16984.200616
294,38,16409.710097
294,39,16065.749965
294,40,15959.225430
294,45,15850.467700
294,46,15753.283509
294,47,15718.109434
294,48,15523.015304
294,53,15407.078189
294,55,15298.199699
294,60,15154.910191
294,64,15129.594337
294,66,15120.177351
294,72,15096.457496
294,73,15045.672086
294,74,15005.823023
295,36,17748.710429
295,37,16984.200616
295,38,16409.710097
295,39,16065.749965
295,40,15959.225430
295,45,15850.467700
295,46,15753.283509
295,47,15573.008629
295,48,15523.015304
295,51,15419.568823
295,53,15407.078189
295,55,15298.199699
295,57,15243.732727
295,60,15154.910191
295,63,15137.348794
295,64,15129.594337
295,66,15120.177351
295,72,15096.457496
295,73,15045.672086
295,74,15005.823023
296,36,17748.710429
296,37,16984.200616
296,38,16409.710097
296,39,16065.749965
296,40,15959.225430
296,44,15928.834405
296,45,15850.467700
296,46,15753.283509
296,47,15573.008629
296,48,15523.015304
296,51,15419.568823
296,53,15407.078189
296,54,15388.180416
296,55,15248.540295
296,57,15196.821204
296,60,15154.910191
296,63,15137.348794
296,64,15129.594337
296,66,15120.177351
296,71,15048.254390
296,73,15045.672086
296,74,14998.153541
297,36,17748.710429
297,37,16984.200616
297,38,16409.710097
297,39,16065.749965
297,40,15959.225430
297,44,15928.834405
297,45,15850.467700
297,46,15753.283509
297,47,15573.008629
297,48,15523.015304
297,51,15419.568823
297,53,15407.078189
297,54,15388.180416
297,55,15242.662698
297,57,15196.821204
297,60,15154.910191
297,63,15137.348794
297,64,15129.594337
297,66,15120.177351
297,71,15048.254390
297,73,15045.672086
297,74,14998.153541
298,36,17748.710429
298,37,16984.200616
298,38,16409.710097
298,39,16065.749965
298,40,15959.225430
298,41,15953.178983
298,44,15928.834405
298,45,15850.467700
298,46,15753.283509
298,47,15573.008629
298,48,15523.015304
298,51,15419.568823
298,53,15407.078189
298,54,15388.180416
298,55,15242.662698
298,57,15196.821204
298,60,15154.910191
298,63,15137.348794
298,64,15129.594337
298,66,15120.177351
298,71,15048.254390
298,73,15045.672086
298,74,14998.153541
299,36,17748.710429
299,37,16984.200616
299,38,16409.710097
299,39,16065.749965
299,40,15959.225430
299,41,15953.178983
299,44,15928.834405
299,45,15850.467700
299,46,15753.283509
299,47,15573.008629
299,48,15523.015304
299,50,15388.540129
299,53,15235.221407
299,57,15196.821204
299,60,15154.910191
299,63,15137.348794
299,64,15129.594337
299,66,15120.177351
299,71,15048.254390
299,73,15045.672086
299,74,14998.153541
300,36,17748.710429
300,37,16984.200616
300,38,16409.710097
300,39,16065.749965
300,40,15959.225430
300,41,15928.636713
300,45,15850.467700
300,46,15753.283509
300,47,15573.008629
300,48,15523.015304
300,50,15388.540129
300,53,15231.599404
300,57,15196.821204
300,60,15154.910191
300,61,15068.311726
300,71,15048.254390
300,73,15038.967053
300,74,14982.258090
301,35,18552.641277
301,36,17748.710429
301,37,16590.899024
301,38,16409.710097
301,39,15989.822752
301,40,15959.225430
301,41,15928.636713
301,45,15850.467700
301,46,15753.283509
301,47,15573.008629
301,48,15427.536603
301,50,15388.540129
301,53,15231.599404
301,57,15196.821204
301,60,15154.910191
301,61,15068.311726
301,71,15048.254390
301,73,15038.967053
301,74,14982.258090
302,35,18552.641277
302,36,17748.710429
302,37,16590.899024
302,38,16409.710097
302,39,15989.822752
302,40,15959.225430
302,41,15928.636713
302,45,15850.467700
302,46,15753.283509
302,47,15573.008629
302,48,15427.536603
302,50,15388.540129
302,53,15231.599404
302,57,15196.821204
302,60,15154.910191
302,61,15068.311726
302,71,15048.254390
302,73,15038.967053
302,74,14982.258090
303,35,18552.641277
303,36,17748.710429
303,37,16590.899024
303,38,16409.710097
303,39,15989.822752
303,40,15959.225430
303,41,15928.636713
303,45,15850.467700
303,46,15753.283509
303,47,15573.008629
303,48,15427.536603
303,50,15388.540129
303,53,15231.599404
303,57,15196.821204
303,60,15154.910191
303,61,15068.311726
303,71,15048.254390
303,73,15038.967053
303,74,14982.258090
304,35,18552.641277
304,36,17748.710429
304,37,16590.899024
304,38,16409.710097
304,39,15989.822752
304,40,15959.225430
304,41,15928.636713
304,45,15850.467700
304,46,15753.283509
304,47,15553.176437
304,48,15427.536603
304,50,15388.540129
304,52,15179.858594
304,60,15102.482413
304,61,15068.311726
304,71,15036.771790
304,74,14978.757475
305,35,18552.641277
305,36,17657.392816
305,37,16590.899024
305,38,16409.710097
305,39,15989.822752
305,40,15917.513504
305,45,15850.467700
305,46,15753.283509
305,47,15553.176437
305,48,15388.107166
305,52,15179.858594
305,60,15102.482413
305,61,15068.311726
305,71,15036.771790
305,74,14978.757475
306,35,18552.641277
306,36,17657.392816
306,37,16590.899024
306,38,15971.090405
306,40,15917.513504
306,45,15850.467700
306,46,15753.283509
306,47,15553.176437
306,48,15388.107166
306,52,15179.858594
306,60,15102.482413
306,61,15068.311726
306,71,15036.771790
306,74,14978.757475
307,35,18552.641277
307,36,17657.392816
307,37,16590.899024
307,38,15971.090405
307,40,15917.513504
307,45,15850.467700
307,46,15753.283509
307,47,15553.176437
307,48,15388.107166
307,52,15179.858594
307,60,15102.482413
307,61,15068.311726
307,71,15036.771790
307,74,14978.757475
308,35,18552.641277
308,36,17657.392816
308,37,16590.899024
308,38,15971.090405
308,40,15786.260596
308,45,15772.422184
308,46,15731.903512
308,47,15504.476633
308,48,15375.756965
308,52,15147.344959
308,60,15061.150402
308,70,15007.591977
308,74,14973.565029
309,35,18552.641277
309,36,17657.392816
309,37,16590.899024
309,38,15971.090405
309,40,15786.260596
309,45,15772.422184
309,46,15731.903512
309,47,15504.476633
309,48,15375.756965
309,52,15147.344959
309,60,15061.150402
309,70,15007.591977
309,74,14973.565029
310,35,18552.641277
310,36,17657.392816
310,37,16590.899024
310,38,15971.090405
310,40,15786.260596
310,45,15772.422184
310,46,15581.881731
310,47,15504.476633
310,48,15375.756965
310,52,15147.344959
310,60,15061.150402
310,70,15007.591977
310,74,14973.565029
311,35,18552.641277
311,36,17657.392816
311,37,16590.899024
311,38,15971.090405
311,40,15786.260596
311,45,15772.422184
311,46,15581.881731
311,47,15504.476633
311,48,15375.756965
311,51,15308.463268
311,52,15147.344959
311,60,15061.150402
311,70,15007.591977
311,74,14973.565029
312,35,18552.641277
312,36,17657.392816
312,37,16590.899024
312,38,15971.090405
312,40,15738.007498
312,46,15581.881731
312,47,15504.476633
312,48,15375.756965
312,51,15308.463268
312,52,15122.338906
312,60,15050.865226
312,70,15007.591977
312,74,14954.115222
313,35,18552.641277
313,36,17657.392816
313,37,16069.393291
313,38,15971.090405
313,40,15738.007498
313,46,15581.881731
313,47,15504.476633
313,48,15375.756965
313,51,15308.463268
313,52,15122.338906
313,60,15050.865226
313,70,15007.591977
313,74,14954.115222
314,35,18552.641277
314,36,17657.392816
314,37,16020.169025
314,38,15971.090405
314,39,15899.953949
314,40,15738.007498
314,46,15581.881731
314,47,15504.476633
314,48,15375.756965
314,51,15308.463268
314,52,15122.338906
314,60,15050.865226
314,70,15007.591977
314,74,14954.115222
315,35,18552.641277
315,36,17657.392816
315,37,16020.169025
315,38,15971.090405
315,39,15899.953949
315,40,15738.007498
315,45,15718.850498
315,46,15581.881731
315,47,15504.476633
315,48,15375.756965
315,51,15308.463268
315,52,15122.338906
315,60,15050.865226
315,70,15007.591977
315,74,14954.115222
316,35,18552.641277
316,36,17657.392816
316,37,16020.169025
316,38,15971.090405
316,39,15899.953949
316,40,15738.007498
316,45,15616.905241
316,46,15581.881731
316,47,15503.661397
316,48,15375.756965
316,51,15279.392421
316,52,15094.883440
316,60,15042.483165
316,70,14948.529886
316,73,14901.257303
317,35,18552.641277
317,36,17657.392816
317,37,16020.169025
317,38,15971.090405
317,39,15899.953949
317,40,15738.007498
317,45,15616.905241
317,46,15581.881731
317,47,15503.661397
317,48,15375.756965
317,51,15279.392421
317,52,15094.883440
317,60,15042.483165
317,70,14948.529886
317,73,14901.257303
318,35,18552.641277
318,36,17657.392816
318,37,16020.169025
318,38,15971.090405
318,39,15899.953949
318,40,15738.007498
318,44,15713.644091
318,45,15616.905241
318,46,15581.881731
318,47,15503.661397
318,48,15375.756965
318,51,15279.392421
318,52,15094.883440
318,60,15042.483165
318,70,14948.529886
318,73,14901.257303
319,35,18552.641277
319,36,17657.392816
319,37,16020.169025
319,38,15911.095923
319,39,15899.953949
319,40,15738.007498
319,44,15713.644091
319,45,15616.905241
319,46,15581.881731
319,47,15503.661397
319,48,15375.756965
319,51,15279.392421
319,52,15094.883440
319,60,15042.483165
319,64,15023.356795
319,70,14948.529886
319,73,14901.257303
320,35,18552.641277
320,36,17657.392816
320,37,16020.169025
320,38,15911.095923
320,39,15851.118662
320,40,15738.007498
320,41,15694.871494
320,45,15612.258820
320,46,15549.035431
320,47,15500.240838
320,48,15375.756965
320,51,15268.318503
320,52,15094.883440
320,60,15034.616972
320,62,14947.392797
320,73,14901.257303
321,35,18552.641277
321,36,17657.392816
321,37,16020.169025
321,38,15812.832128
321,40,15738.007498
321,41,15694.871494
321,45,15612.258820
321,46,15549.035431
321,47,15500.240838
321,48,15375.756965
321,51,15268.318503
321,52,15094.883440
321,60,15034.616972
321,62,14947.392797
321,73,14901.257303
322,35,18552.641277
322,36,17657.392816
322,37,16020.169025
322,38,15812.832128
322,40,15738.007498
322,41,15674.606107
322,45,15612.258820
322,46,15549.035431
322,47,15500.240838
322,48,15375.756965
322,51,15268.318503
322,52,15094.883440
322,60,15034.616972
322,62,14947.392797
322,73,14901.257303
323,35,18552.641277
323,36,17657.392816
323,37,16020.169025
323,38,15812.832128
323,40,15738.007498
323,41,15663.730349
323,43,15637.605399
323,45,15612.258820
323,46,15549.035431
323,47,15500.240838
323,48,15375.756965
323,51,15268.318503
323,52,15094.883440
323,60,15034.616972
323,62,14947.392797
323,73,14864.299082
324,35,18552.641277
324,36,17657.392816
324,37,16020.169025
324,38,15812.832128
324,40,15738.007498
324,41,15663.730349
324,43,15584.670028
324,46,15542.777333
324,47,15500.240838
324,48,15371.866432
324,51,15268.318503
324,52,15094.525817
324,60,15003.133526
324,62,14947.392797
324,73,14864.299082
325,35,18552.641277
325,36,17657.392816
325,37,15928.655414
325,38,15812.832128
325,40,15738.007498
325,41,15663.730349
325,43,15584.670028
325,46,15542.777333
325,47,15500.240838
325,48,15371.866432
325,51,15268.318503
325,52,15094.525817
325,60,15003.133526
325,62,14947.392797
325,73,14864.299082
326,35,18552.641277
326,36,17657.392816
326,37,15928.655414
326,38,15812.832128
326,40,15738.007498
326,41,15663.730349
326,43,15584.670028
326,46,15542.777333
326,47,15500.240838
326,48,15371.866432
326,51,15268.318503
326,52,15094.525817
326,60,15003.133526
326,62,14947.392797
326,73,14864.299082
327,35,18552.641277
327,36,17657.392816
327,37,15928.655414
327,38,15812.832128
327,40,15738.007498
327,41,15663.730349
327,43,15584.670028
327,46,15542.777333
327,47,15500.240838
327,48,15371.866432
327,51,15268.318503
327,52,15094.525817
327,60,15003.133526
327,62,14947.392797
327,73,14864.299082
