Generation,NV,TOC
1,58,24821.729423
1,60,24774.235020
1,64,24048.363985
1,81,23515.770444
1,82,23390.668354
1,87,22426.296594
1,92,21836.584123
1,94,21655.733876
1,95,21414.010839
1,98,20896.560820
1,101,20696.545307
1,102,20600.853157
1,106,20288.424766
1,111,20252.922738
1,118,20008.337283
1,122,19658.021845
1,126,19524.376063
1,129,19277.268076
1,134,19051.367773
1,142,18556.871669
2,56,24412.503590
2,58,24027.119453
2,59,23241.048755
2,67,23193.330798
2,77,22613.773488
2,81,22019.073375
2,88,21565.822368
2,95,20523.054807
2,103,19863.157854
2,112,19849.263509
2,117,19222.479748
2,128,19186.410159
2,134,19051.367773
2,141,18963.730595
2,142,18556.871669
2,148,18506.334146
2,151,18433.645135
2,165,18380.567561
3,56,24412.503590
3,58,24027.119453
3,59,23241.048755
3,65,22826.727275
3,68,22543.831979
3,72,22250.139320
3,79,22107.226314
3,81,22019.073375
3,82,21068.021568
3,89,20779.169080
3,95,20523.054807
3,99,20226.848729
3,103,19654.121404
3,114,19260.871272
3,117,19222.479748
3,119,19047.272324
3,133,18163.366509
4,56,24412.503590
4,57,24052.035120
4,58,24027.119453
4,59,23241.048755
4,65,22826.727275
4,68,22543.831979
4,72,21708.249574
4,76,21253.685218
4,82,21068.021568
4,84,19965.752518
4,101,19851.199955
4,102,19762.283452
4,103,19654.121404
4,104,19575.237531
4,105,19444.650018
4,106,18835.934846
4,112,18614.297154
4,121,18388.074832
4,133,18163.366509
4,171,18034.256268
4,175,18021.239855
5,56,24004.929110
5,57,23338.296096
5,59,23114.027096
5,63,21922.619759
5,68,21877.063671
5,72,21708.249574
5,73,21491.271411
5,74,20809.786621
5,84,19965.752518
5,101,19851.199955
5,102,19762.283452
5,103,19134.109151
5,106,18835.934846
5,107,18818.203660
5,112,18614.297154
5,121,18388.074832
5,133,18163.366509
5,167,18139.432954
5,168,18135.325313
5,171,17716.362902
6,56,24004.929110
6,57,23338.296096
6,58,23167.529287
6,59,23114.027096
6,63,21922.619759
6,67,21907.961349
6,68,21877.063671
6,71,21775.955945
6,72,21708.249574
6,73,21491.271411
6,74,20809.786621
6,75,20762.068762
6,79,20507.074101
6,80,19978.186502
6,84,19965.752518
6,88,19849.925698
6,96,19828.316856
6,102,19533.354473
6,103,19134.109151
6,106,18835.934846
6,107,18818.203660
6,112,18614.297154
6,120,18316.244445
6,133,18163.366509
6,138,18086.997349
6,165,18078.716114
6,167,17865.494972
6,169,17802.228952
6,171,17716.362902
7,56,24004.929110
7,57,23338.296096
7,58,23167.529287
7,59,22934.231447
7,63,21922.619759
7,67,21907.961349
7,68,21877.063671
7,71,21775.955945
7,72,21252.517886
7,73,21088.704068
7,74,20809.786621
7,75,20556.218742
7,79,20507.074101
7,80,19978.186502
7,81,19779.045488
7,89,19709.895877
7,93,19704.763479
7,98,19628.539217
7,102,19533.354473
7,103,19134.109151
7,106,18835.934846
7,107,18818.203660
7,112,18614.297154
7,115,18584.086675
7,120,18316.244445
7,133,18163.366509
7,138,18086.997349
7,160,18033.600046
7,164,18023.057073
7,167,17612.737104
8,56,23968.959376
8,57,23338.296096
8,58,23167.529287
8,59,22775.859525
8,63,21922.619759
8,64,21423.717207
8,70,21399.550030
8,71,20896.848124
8,72,20808.350211
8,74,20427.799919
8,77,20274.403134
8,80,19978.186502
8,81,19779.045488
8,89,19709.895877
8,93,19704.763479
8,95,19479.021495
8,97,19191.188692
8,103,19134.109151
8,105,18901.613185
8,106,18835.934846
8,107,18605.448321
8,113,18468.948637
8,120,18316.244445
8,133,18163.366509
8,138,18086.997349
8,144,18040.217919
8,147,18032.830275
8,150,17919.276569
8,167,17612.737104
9,56,23968.959376
9,57,23338.296096
9,58,23024.282781
9,59,22682.397631
9,63,21922.619759
9,64,20978.590788
9,71,20896.848124
9,72,20807.375367
9,74,20427.799919
9,77,20274.403134
9,80,19978.186502
9,81,19779.045488
9,85,19601.320811
9,92,19594.510217
9,94,19260.805296
9,97,19191.188692
9,103,18718.511801
9,107,18605.448321
9,108,18485.060127
9,113,18468.948637
9,120,18316.244445
9,133,18163.366509
9,134,17996.814690
9,141,17714.060378
9,156,17655.148048
9,164,17593.573631
9,172,17539.142946
10,55,24025.889301
10,56,23968.959376
10,57,22992.501696
10,58,22509.875455
10,63,21922.619759
10,64,20978.590788
10,69,20554.497619
10,74,20427.799919
10,77,20274.403134
10,80,19978.186502
10,81,19779.045488
10,85,19601.320811
10,90,19573.607212
10,94,19260.805296
10,96,18708.976357
10,107,18605.448321
10,108,18485.060127
10,113,18468.948637
10,120,18316.244445
10,123,18251.724651
10,132,18004.001867
10,134,17996.814690
10,141,17714.060378
10,153,17572.729855
10,156,17535.512849
11,55,24025.889301
11,56,23968.959376
11,57,22474.521895
11,58,21750.264686
11,61,21274.959436
11,64,20978.590788
11,68,20846.149704
11,69,20554.497619
11,71,20529.299887
11,72,20092.188355
11,76,19810.639384
11,81,19779.045488
11,85,19601.320811
11,90,19560.755280
11,92,19295.218339
11,93,18992.388969
11,96,18708.976357
11,105,18703.671327
11,107,18605.448321
11,108,18485.060127
11,112,18260.759240
11,121,18229.006182
11,122,17571.607063
11,127,17552.831551
11,156,17535.512849
11,160,17486.557584
12,55,24025.889301
12,56,23968.959376
12,57,22474.521895
12,58,21750.264686
12,61,21274.959436
12,64,20978.590788
12,66,20432.308495
12,72,20092.188355
12,75,20037.412296
12,76,19810.639384
12,77,19556.411447
12,78,18930.741374
12,79,18881.366361
12,83,18831.639107
12,93,18595.753957
12,96,18421.348236
12,101,18218.398025
12,105,18175.498205
12,112,18114.454150
12,122,17571.607063
12,127,17552.831551
12,137,17288.276370
12,139,17246.728118
13,55,24025.889301
13,56,23530.258424
13,57,22474.521895
13,58,21750.264686
13,59,21203.114921
13,62,20436.388876
13,64,20066.754215
13,75,19587.090471
13,76,18494.591975
13,88,18010.479807
13,114,17660.187175
13,122,17571.607063
13,127,17552.831551
13,137,17288.276370
13,139,17246.728118
13,140,17169.467903
14,55,24025.889301
14,56,23530.258424
14,57,22474.521895
14,58,21750.264686
14,59,21203.114921
14,61,20642.039697
14,62,20436.388876
14,64,20066.754215
14,67,19419.767442
14,73,19232.983290
14,76,18494.591975
14,88,18010.479807
14,95,17837.577438
14,96,17566.120208
14,118,17024.172642
15,55,24025.889301
15,56,23342.494108
15,57,22139.429993
15,58,21750.264686
15,59,21203.114921
15,61,20642.039697
15,62,20436.388876
15,63,20142.578090
15,64,20066.754215
15,66,19938.393256
15,67,19419.767442
15,73,19232.983290
15,76,18494.591975
15,84,18134.025850
15,88,18010.479807
15,89,17981.600175
15,95,17837.577438
15,96,17566.120208
15,109,17468.533704
15,115,17429.487199
15,118,17024.172642
15,137,16999.854117
15,139,16998.111251
16,55,24025.889301
16,56,22038.929501
16,58,21452.366637
16,59,21203.114921
16,60,21152.642519
16,61,20165.786901
16,63,20142.578090
16,64,19626.283747
16,67,19419.767442
16,69,19391.437920
16,70,19066.344203
16,76,18494.591975
16,77,18483.222631
16,81,18315.404230
16,84,18134.025850
16,88,17874.840473
16,90,17600.628809
16,96,17566.120208
16,100,17256.770595
16,118,17024.172642
16,119,17022.264796
16,130,17010.175522
16,136,16966.528472
16,138,16939.993219
17,55,24025.889301
17,56,21580.296333
17,58,21452.366637
17,59,21009.754877
17,60,20484.394405
17,61,20165.786901
17,63,20053.676194
17,64,19327.996298
17,69,18909.090423
17,73,18704.121183
17,76,18494.591975
17,77,18483.222631
17,80,18412.120937
17,81,18315.404230
17,84,18134.025850
17,88,17874.840473
17,90,17600.628809
17,91,17247.160331
17,113,17000.727203
17,127,16867.243850
17,134,16744.823357
18,55,24025.889301
18,56,21580.296333
18,58,21452.366637
18,59,21007.083979
18,60,20484.394405
18,61,19987.567980
18,62,19959.176040
18,64,19327.996298
18,66,18519.130534
18,76,18494.591975
18,77,18483.222631
18,80,18412.120937
18,81,18315.404230
18,84,18134.025850
18,86,18060.172070
18,88,17874.840473
18,90,17600.628809
18,91,17247.160331
18,106,16988.101260
18,127,16867.243850
18,134,16724.793110
19,55,24025.889301
19,56,21580.296333
19,58,21452.366637
19,59,20370.080290
19,61,19976.928205
19,62,19959.176040
19,63,19944.323513
19,64,18925.275030
19,66,18519.130534
19,69,18311.199189
19,70,18089.623532
19,72,17801.383060
19,88,17541.340207
19,91,17247.160331
19,106,16988.101260
19,115,16849.215665
19,116,16809.058358
19,117,16682.878059
19,129,16666.403760
20,55,23461.023964
20,56,21580.296333
20,58,20815.269570
20,59,20192.934761
20,61,19976.928205
20,62,19959.176040
20,63,19591.965104
20,64,18925.275030
20,66,18519.130534
20,67,18318.623150
20,69,17924.496439
20,72,17801.383060
20,84,17644.816667
20,88,17541.340207
20,91,17247.160331
20,106,16988.101260
20,115,16849.215665
20,116,16603.655757
21,55,23461.023964
21,56,21580.296333
21,57,21068.890880
21,58,20815.269570
21,59,20192.934761
21,60,20006.377279
21,61,19646.953073
21,63,19591.965104
21,64,18925.275030
21,66,18519.130534
21,67,18318.623150
21,69,17924.496439
21,72,17801.383060
21,75,17749.180025
21,79,17650.683830
21,84,17644.816667
21,86,17591.859820
21,88,17541.340207
21,90,17509.599585
21,91,17154.514547
21,97,16931.573633
21,111,16773.678473
21,116,16603.655757
21,125,16595.609012
21,128,16584.784505
22,55,23461.023964
22,56,20826.621683
22,58,20815.269570
22,59,20163.462441
22,60,20006.377279
22,61,19646.953073
22,62,18772.208306
22,63,18375.285981
22,66,18361.458005
22,67,18318.623150
22,69,17924.496439
22,72,17801.383060
22,75,17749.180025
22,79,17650.683830
22,81,17641.077596
22,85,17558.777438
22,86,17329.024283
22,91,17154.514547
22,96,16931.722097
22,97,16931.573633
22,100,16908.051639
22,101,16894.672856
22,106,16777.537145
22,111,16773.678473
22,112,16757.744250
22,116,16603.655757
22,117,16596.113391
22,123,16577.662928
22,126,16493.829456
23,55,21822.732496
23,56,20674.566126
23,58,20472.693949
23,59,19596.912737
23,61,18856.982732
23,62,18772.208306
23,63,18375.285981
23,64,18070.742904
23,67,17817.954737
23,70,17806.934670
23,72,17801.383060
23,75,17749.180025
23,79,17650.683830
23,80,17423.911738
23,83,17408.347698
23,86,17329.024283
23,91,17154.514547
23,95,17089.509954
23,96,16931.722097
23,97,16931.573633
23,100,16908.051639
23,101,16894.672856
23,106,16777.537145
23,111,16773.678473
23,112,16757.744250
23,116,16603.655757
23,117,16596.113391
23,123,16577.662928
23,126,16493.829456
24,55,21822.732496
24,56,20674.566126
24,57,20276.108880
24,59,19596.912737
24,60,19309.437383
24,61,18856.982732
24,62,18772.208306
24,63,18375.285981
24,64,18070.742904
24,67,17817.954737
24,70,17806.934670
24,72,17801.383060
24,74,17800.977119
24,75,17749.180025
24,77,17680.246109
24,79,17650.683830
24,80,17423.911738
24,82,17372.874468
24,86,17329.024283
24,90,16752.079784
24,104,16698.195831
24,112,16526.981190
24,114,16501.785382
24,123,16483.985218
24,124,16464.406082
25,55,21088.723616
25,56,20674.566126
25,57,20276.108880
25,58,19317.478346
25,60,19309.437383
25,61,18856.982732
25,62,18772.208306
25,63,18111.982201
25,64,18070.742904
25,67,17817.954737
25,70,17806.934670
25,71,17625.246667
25,73,17502.715549
25,78,17429.635578
25,79,17294.677167
25,87,17267.192547
25,88,17232.922508
25,90,16752.079784
25,104,16698.195831
25,112,16526.981190
25,114,16501.785382
25,123,16483.985218
25,124,16464.406082
26,55,19714.127491
26,57,19342.116462
26,58,19317.478346
26,60,19309.437383
26,61,18856.982732
26,62,18772.208306
26,63,18111.982201
26,64,18070.742904
26,66,17964.520785
26,67,17817.954737
26,70,17806.934670
26,71,17625.246667
26,73,17502.715549
26,75,17409.900915
26,79,17294.677167
26,81,17283.290284
26,84,16940.573878
26,90,16752.079784
26,104,16442.156841
27,54,21854.415976
27,55,19714.127491
27,57,19342.116462
27,58,19317.478346
27,60,18736.951753
27,63,18111.982201
27,64,18070.742904
27,66,17964.520785
27,67,17817.954737
27,68,17519.748510
27,73,17502.715549
27,75,17409.900915
27,77,17101.705920
27,84,16940.573878
27,90,16752.079784
27,96,16678.318672
27,104,16442.156841
28,54,21854.415976
28,55,19714.127491
28,56,19628.501663
28,57,19342.116462
28,58,19317.478346
28,60,18736.951753
28,63,18111.982201
28,64,18070.742904
28,66,17599.683720
28,67,17515.471178
28,70,17372.413319
28,77,16898.863656
28,84,16816.141849
28,90,16752.079784
28,91,16628.875347
28,103,16593.438766
28,104,16442.156841
28,119,16255.439551
29,53,20740.884418
29,55,19714.127491
29,56,19628.501663
29,57,19342.116462
29,58,19317.478346
29,59,19189.871787
29,60,18736.951753
29,61,18623.335185
29,63,18111.982201
29,64,18070.742904
29,66,17548.382773
29,67,17431.437339
29,70,17218.736931
29,77,16898.863656
29,84,16816.141849
29,90,16579.558440
29,103,16424.893390
29,115,16173.919666
30,53,20740.884418
30,55,19714.127491
30,56,19628.501663
30,57,19342.116462
30,58,19186.538201
30,59,18865.916115
30,60,18736.951753
30,61,18263.726373
30,62,18192.485412
30,63,18111.982201
30,64,18070.742904
30,66,17548.382773
30,67,17431.437339
30,70,17218.736931
30,77,16898.863656
30,84,16816.141849
30,86,16715.405277
30,89,16671.823652
30,90,16579.558440
30,103,16424.893390
30,115,16173.919666
31,53,20740.884418
31,55,19714.127491
31,56,19628.501663
31,57,19342.116462
31,58,19091.381659
31,59,18865.916115
31,60,18736.951753
31,61,18263.726373
31,62,17989.774620
31,64,17583.679043
31,66,17548.382773
31,67,17431.437339
31,70,17218.736931
31,74,16987.261244
31,76,16954.793224
31,77,16898.863656
31,84,16816.141849
31,85,16629.648417
31,90,16579.558440
31,103,16424.893390
31,115,16173.919666
32,53,20740.884418
32,55,19714.127491
32,56,19094.144755
32,58,19091.381659
32,59,18865.916115
32,60,18736.951753
32,61,18263.726373
32,62,17989.774620
32,63,17213.880074
32,65,17161.835321
32,74,16987.261244
32,76,16954.793224
32,77,16898.863656
32,84,16816.141849
32,85,16629.648417
32,90,16579.558440
32,102,16433.668397
32,103,16387.658717
32,115,16173.919666
33,53,20740.884418
33,55,19714.127491
33,56,19094.144755
33,58,19091.381659
33,59,18712.841146
33,61,18263.726373
33,62,17989.774620
33,63,17213.880074
33,65,17161.835321
33,66,17013.565639
33,74,16987.261244
33,76,16954.793224
33,77,16898.863656
33,84,16816.141849
33,85,16629.648417
33,90,16579.558440
33,101,16433.156996
33,103,16387.658717
33,115,16173.919666
34,53,20740.884418
34,55,19620.828765
34,56,19094.144755
34,58,19091.381659
34,59,18712.841146
34,61,18263.726373
34,62,17989.774620
34,63,17213.880074
34,65,17161.835321
34,66,17013.565639
34,74,16987.261244
34,75,16955.690398
34,76,16855.271929
34,77,16775.462982
34,84,16741.823006
34,85,16629.648417
34,90,16538.834698
34,101,16407.794436
34,103,16343.438107
34,109,16263.911821
34,115,16075.339017
35,53,20740.884418
35,55,19620.828765
35,56,19094.144755
35,58,19091.381659
35,59,18610.008284
35,61,17330.415479
35,63,17213.880074
35,65,17161.835321
35,66,17013.565639
35,73,16871.477815
35,76,16855.271929
35,77,16775.462982
35,84,16741.823006
35,85,16629.648417
35,90,16538.834698
35,101,16407.794436
35,103,16343.438107
35,109,16263.911821
35,115,16075.339017
36,53,20740.884418
36,54,20333.372548
36,55,19611.552490
36,56,19094.144755
36,57,18529.114888
36,58,18279.785215
36,61,17330.415479
36,63,17213.880074
36,65,17161.835321
36,66,17013.565639
36,73,16871.477815
36,76,16855.271929
36,77,16775.462982
36,84,16741.823006
36,85,16629.648417
36,90,16538.834698
36,98,16460.947132
36,101,16251.333418
36,115,16075.339017
37,52,19758.595311
37,54,19562.240772
37,56,19094.144755
37,57,18529.114888
37,58,18279.785215
37,59,18031.846724
37,61,17330.415479
37,62,17207.787679
37,65,17161.835321
37,66,17013.565639
37,73,16871.477815
37,74,16589.136307
37,84,16536.786243
37,94,16522.979459
37,98,16460.947132
37,101,16251.333418
37,115,16075.339017
38,52,19758.595311
38,53,19470.576752
38,56,19094.144755
38,57,18529.114888
38,58,18279.785215
38,59,18031.846724
38,61,17045.562384
38,66,17013.565639
38,73,16871.477815
38,74,16589.136307
38,84,16536.786243
38,87,16486.771548
38,91,16447.164185
38,101,16251.333418
38,115,16075.339017
39,52,19758.595311
39,53,19470.576752
39,55,19177.815885
39,56,18972.196043
39,57,18529.114888
39,58,18279.785215
39,59,18031.846724
39,61,17045.562384
39,66,17013.565639
39,71,16889.643645
39,73,16500.625014
39,83,16385.443061
39,84,16346.083073
39,90,16336.119384
39,93,16278.244532
39,99,16121.133028
39,101,16090.015779
39,115,15989.190368
40,52,19758.595311
40,53,19184.620245
40,55,19177.815885
40,56,18972.196043
40,57,18460.806009
40,58,18279.785215
40,59,18031.846724
40,61,17045.562384
40,65,17013.084894
40,71,16889.643645
40,73,16500.625014
40,79,16431.892757
40,83,16385.443061
40,84,16346.083073
40,90,16336.119384
40,93,16278.244532
40,96,16159.394383
40,99,16121.133028
40,101,16090.015779
40,115,15989.190368
41,52,19758.595311
41,53,19184.620245
41,54,19034.683051
41,55,18945.231292
41,57,18256.676584
41,59,18031.846724
41,60,18010.662757
41,61,17045.562384
41,65,17013.084894
41,71,16889.643645
41,72,16862.473604
41,73,16500.625014
41,79,16431.892757
41,83,16385.443061
41,84,16346.083073
41,90,16336.119384
41,93,16278.244532
41,95,16184.061078
41,96,16159.394383
41,99,16121.133028
41,101,16090.015779
41,115,15989.190368
42,52,19758.595311
42,53,19184.620245
42,54,19034.683051
42,55,18945.231292
42,57,18256.676584
42,59,18031.846724
42,60,18010.662757
42,61,17045.562384
42,65,17013.084894
42,71,16836.010027
42,73,16500.625014
42,79,16431.892757
42,83,16385.443061
42,84,16346.083073
42,90,16298.698821
42,91,16293.096833
42,93,16278.244532
42,95,16184.061078
42,96,16159.394383
42,99,16121.133028
42,101,16090.015779
42,103,16061.103671
42,115,15989.190368
43,52,19758.595311
43,53,19038.870009
43,54,19034.683051
43,55,18945.231292
43,56,17838.309151
43,60,17387.719202
43,61,17045.562384
43,65,17013.084894
43,71,16836.010027
43,73,16500.625014
43,77,16409.282914
43,83,16385.443061
43,84,16346.083073
43,90,16298.698821
43,91,16293.096833
43,93,16278.244532
43,95,16184.061078
43,96,16159.394383
43,99,16121.133028
43,101,16090.015779
43,103,16061.103671
43,115,15989.190368
44,52,19758.595311
44,53,19038.870009
44,54,19034.683051
44,55,18945.231292
44,56,17838.309151
44,60,17387.719202
44,61,17045.562384
44,65,17013.084894
44,71,16836.010027
44,73,16500.625014
44,77,16409.282914
44,80,16380.370585
44,83,16316.640697
44,86,16297.924892
44,91,16194.340983
44,95,16184.061078
44,96,16159.394383
44,98,16071.491251
44,100,16022.690433
44,102,16013.180832
44,114,15929.881070
45,52,19758.595311
45,53,19038.870009
45,54,19034.683051
45,55,17904.005204
45,56,17838.309151
45,59,17677.786943
45,60,17273.095175
45,61,17045.562384
45,65,17013.084894
45,69,16976.748323
45,71,16836.010027
45,73,16500.625014
45,77,16409.282914
45,80,16380.370585
45,83,16316.640697
45,86,16297.924892
45,87,16261.582056
45,90,16258.883245
45,91,16194.340983
45,94,16166.912045
45,96,16159.394383
45,98,16071.491251
45,100,16022.690433
45,102,16013.180832
45,114,15929.881070
46,52,19758.595311
46,53,19038.870009
46,54,19034.683051
46,55,17904.005204
46,56,17838.309151
46,59,17677.786943
46,60,17273.095175
46,61,17045.562384
46,63,17034.020738
46,64,16730.863334
46,73,16500.625014
46,77,16409.282914
46,80,16380.370585
46,83,16316.640697
46,86,16297.924892
46,87,16261.582056
46,90,16258.883245
46,91,16194.340983
46,94,16166.912045
46,95,16101.571880
46,98,16071.491251
46,100,16022.690433
46,102,16013.180832
46,114,15929.881070
47,52,19162.303459
47,53,19038.870009
47,54,19034.683051
47,55,17904.005204
47,56,17838.309151
47,58,17467.190250
47,59,17155.600400
47,60,17055.574724
47,61,17045.562384
47,63,17032.852785
47,64,16730.863334
47,73,16500.625014
47,77,16409.282914
47,80,16380.370585
47,83,16316.640697
47,85,16218.374229
47,88,16203.893114
47,89,16189.718000
47,94,16166.912045
47,95,16101.571880
47,98,16071.491251
47,100,16022.690433
47,102,16013.180832
47,114,15929.881070
48,52,18820.902739
48,54,17831.218498
48,58,17323.520098
48,59,17155.600400
48,60,17055.574724
48,61,17045.562384
48,63,16838.701816
48,64,16730.863334
48,73,16500.625014
48,77,16409.282914
48,80,16360.526240
48,83,16316.640697
48,85,16218.374229
48,88,16203.893114
48,89,16189.718000
48,92,16073.487255
48,98,16071.491251
48,100,16022.690433
48,102,16013.180832
48,114,15929.881070
49,52,18820.902739
49,53,18121.209931
49,54,17831.218498
49,57,17628.838419
49,58,17323.520098
49,59,17155.600400
49,60,17055.574724
49,61,16948.046690
49,63,16838.701816
49,64,16730.863334
49,72,16718.680992
49,73,16500.625014
49,77,16409.282914
49,80,16360.526240
49,83,16316.640697
49,85,16136.572491
49,87,16086.918382
49,92,16026.784831
49,98,15966.922410
49,101,15955.848679
49,113,15828.205799
50,52,18820.902739
50,53,18121.209931
50,54,17831.218498
50,55,17722.305061
50,57,17628.838419
50,58,17323.520098
50,59,17155.600400
50,60,17055.574724
50,61,16948.046690
50,63,16838.701816
50,64,16562.356402
50,73,16500.625014
50,77,16409.282914
50,80,16360.526240
50,83,16316.640697
50,85,16136.572491
50,87,16086.918382
50,92,16026.784831
50,96,15942.628141
50,113,15828.205799
51,52,18820.902739
51,53,18121.209931
51,54,17587.542896
51,58,17323.520098
51,59,17155.600400
51,60,17055.574724
51,61,16948.046690
51,63,16838.701816
51,64,16562.356402
51,73,16500.625014
51,77,16409.282914
51,80,16360.526240
51,81,16352.258040
51,83,16180.161914
51,84,16173.832035
51,85,16136.572491
51,87,16086.918382
51,88,15997.948834
51,95,15978.058393
51,96,15942.628141
51,113,15828.205799
52,51,18778.426114
52,53,18121.209931
52,54,17556.556807
52,56,17516.827703
52,57,17389.846800
52,58,17323.520098
52,59,17155.600400
52,60,17055.574724
52,61,16948.046690
52,63,16680.829016
52,64,16562.356402
52,71,16471.161407
52,77,16409.282914
52,80,16360.526240
52,81,16158.861654
52,85,16136.572491
52,87,16086.918382
52,88,15997.948834
52,95,15978.058393
52,96,15942.628141
52,113,15828.205799
53,51,18778.426114
53,52,18410.564947
53,53,17857.729750
53,54,17556.556807
53,56,17404.227992
53,57,17138.455879
53,58,17024.461349
53,61,16613.826110
53,62,16486.578614
53,65,16431.445281
53,77,16391.093422
53,80,16360.526240
53,81,16158.861654
53,85,16136.572491
53,87,16086.918382
53,88,15997.948834
53,93,15908.963306
53,113,15828.205799
54,51,18100.991639
54,53,17857.729750
54,54,17556.556807
54,55,17421.814956
54,56,17404.227992
54,57,17002.118814
54,61,16613.826110
54,62,16486.578614
54,65,16424.008915
54,71,16414.372792
54,73,16279.938891
54,80,16214.927379
54,81,16113.705361
54,84,16000.207183
54,87,15935.590549
54,93,15850.038261
54,111,15812.819878
55,51,18100.991639
55,53,17857.729750
55,54,17556.556807
55,55,17421.814956
55,56,17404.227992
55,57,17002.118814
55,61,16613.826110
55,62,16486.578614
55,65,16424.008915
55,71,16414.372792
55,73,16274.064484
55,80,16214.927379
55,81,16113.705361
55,84,16000.207183
55,87,15935.590549
55,93,15850.038261
55,111,15812.819878
56,51,18078.227255
56,52,17678.130869
56,54,17556.556807
56,55,17210.834840
56,57,17002.118814
56,61,16608.499468
56,62,16486.578614
56,65,16424.008915
56,71,16275.640273
56,73,16274.064484
56,76,16259.729248
56,80,16214.927379
56,81,16113.705361
56,83,16040.024814
56,84,16000.207183
56,87,15935.590549
56,93,15836.153063
56,111,15812.819878
57,51,18078.227255
57,52,17678.130869
57,54,17556.556807
57,55,17210.834840
57,56,17116.199505
57,57,17002.118814
57,61,16608.499468
57,62,16486.578614
57,65,16424.008915
57,71,16228.210916
57,76,16218.004176
57,80,16214.927379
57,81,16113.705361
57,83,16040.024814
57,84,16000.207183
57,87,15935.590549
57,93,15836.153063
57,97,15818.201127
57,111,15812.819878
58,51,17903.165342
58,52,17678.130869
58,53,17653.014212
58,54,17556.556807
58,55,17210.834840
58,56,16946.366245
58,60,16833.247395
58,61,16608.499468
58,62,16486.578614
58,64,16426.815703
58,65,16424.008915
58,68,16382.501572
58,69,16353.101146
58,71,16228.210916
58,76,16218.004176
58,79,16150.677125
58,81,16113.705361
58,83,16040.024814
58,84,16000.207183
58,87,15935.590549
58,91,15789.140354
59,51,17903.165342
59,52,17613.088985
59,54,17556.556807
59,55,17210.834840
59,56,16863.801207
59,60,16285.722171
59,71,16168.352254
59,72,15966.711586
59,86,15914.398772
59,90,15624.571698
60,51,17903.165342
60,52,17613.088985
60,54,17342.711770
60,55,17210.834840
60,56,16863.801207
60,60,16285.722171
60,71,16168.352254
60,72,15966.711586
60,86,15914.398772
60,90,15624.571698
61,51,17903.165342
61,52,17613.088985
61,53,17349.937570
61,54,17232.857802
61,55,17210.834840
61,56,16863.801207
61,59,16675.610585
61,60,16285.722171
61,71,16168.352254
61,72,15966.711586
61,86,15914.398772
61,89,15866.324401
61,90,15624.571698
62,51,17903.165342
62,52,17613.088985
62,53,17335.267505
62,54,17232.857802
62,55,17210.834840
62,56,16863.801207
62,59,16675.610585
62,60,16285.722171
62,69,16260.886569
62,71,16168.352254
62,72,15966.711586
62,83,15931.967538
62,85,15889.553437
62,89,15866.324401
62,90,15624.571698
63,51,17688.977962
63,52,17334.619677
63,54,17232.857802
63,55,17210.834840
63,56,16863.801207
63,59,16675.610585
63,60,16285.722171
63,69,16249.682460
63,71,16168.352254
63,72,15966.711586
63,83,15931.967538
63,85,15889.553437
63,89,15866.324401
63,90,15624.571698
64,51,17688.977962
64,52,17334.619677
64,54,17232.857802
64,55,17208.346801
64,56,16863.801207
64,59,16257.638030
64,69,16196.048745
64,71,16161.383185
64,72,15923.044436
64,85,15853.212877
64,89,15589.370750
65,49,18258.174711
65,51,17688.977962
65,52,17334.619677
65,54,17232.857802
65,55,17151.288003
65,56,16863.801207
65,59,16257.638030
65,63,16189.413189
65,71,16161.383185
65,72,15923.044436
65,85,15853.212877
65,89,15589.370750
66,49,18258.174711
66,51,17688.977962
66,52,17334.619677
66,54,17201.409697
66,55,17151.288003
66,56,16863.801207
66,59,16257.638030
66,63,16189.413189
66,71,16161.383185
66,72,15923.044436
66,85,15853.212877
66,88,15805.724706
66,89,15589.370750
67,49,18258.174711
67,51,17688.977962
67,52,17334.619677
67,54,17201.409697
67,55,17151.288003
67,56,16863.801207
67,57,16840.285727
67,59,16257.638030
67,63,16189.413189
67,67,16180.356930
67,71,16161.383185
67,72,15923.044436
67,85,15853.212877
67,88,15805.724706
67,89,15589.370750
68,49,18258.174711
68,51,17214.454659
68,54,17201.409697
68,55,17151.288003
68,56,16863.801207
68,57,16840.285727
68,58,16820.239291
68,59,16257.638030
68,63,16189.413189
68,66,16149.811518
68,72,15923.044436
68,81,15849.598727
68,88,15805.724706
68,89,15589.370750
68,107,15587.089875
69,49,18258.174711
69,50,17343.164811
69,51,17214.454659
69,54,17201.409697
69,55,17151.288003
69,56,16863.801207
69,57,16840.285727
69,58,16804.651286
69,59,16250.542666
69,63,16152.700792
69,66,16137.012678
69,68,16038.847083
69,71,15758.373000
69,89,15589.370750
69,107,15523.718765
70,49,18258.174711
70,50,17343.164811
70,51,17214.454659
70,54,17050.413328
70,56,16793.736829
70,59,16250.542666
70,63,16152.700792
70,66,16137.012678
70,68,16038.847083
70,70,15966.954039
70,71,15758.373000
70,89,15589.370750
70,107,15523.718765
71,49,18258.174711
71,50,17343.164811
71,51,17175.403724
71,54,17050.413328
71,55,17005.185857
71,56,16793.736829
71,59,16250.542666
71,63,16152.700792
71,66,16137.012678
71,68,16038.847083
71,69,15983.424145
71,70,15966.954039
71,71,15758.373000
71,89,15589.370750
71,90,15539.756833
71,92,15503.363837
72,49,17488.791578
72,50,17343.164811
72,51,17175.403724
72,54,17050.413328
72,55,17005.185857
72,56,16793.736829
72,58,16769.071762
72,59,16250.542666
72,63,16152.700792
72,66,16137.012678
72,68,16038.847083
72,69,15983.424145
72,70,15966.954039
72,71,15758.373000
72,89,15589.370750
72,90,15539.756833
72,92,15503.363837
73,49,17488.791578
73,50,17343.164811
73,51,17174.989061
73,54,17050.413328
73,55,16974.849998
73,56,16793.736829
73,57,16713.463117
73,59,16250.542666
73,63,16152.700792
73,64,16144.001738
73,66,16137.012678
73,68,16038.847083
73,69,15979.648866
73,70,15966.954039
73,71,15758.373000
73,89,15589.370750
73,90,15539.756833
73,92,15503.363837
73,95,15438.856096
74,49,17409.519740
74,50,17343.164811
74,51,17174.989061
74,53,17108.592298
74,54,17050.413328
74,55,16815.285931
74,56,16793.736829
74,57,16595.769323
74,59,16250.542666
74,61,16248.953879
74,63,16152.700792
74,64,15993.225595
74,69,15894.974497
74,71,15727.712189
74,88,15526.253086
74,89,15521.119148
74,92,15471.105000
74,94,15388.106376
75,49,17409.519740
75,50,17343.164811
75,51,17174.989061
75,52,17001.864838
75,53,16868.413401
75,55,16815.285931
75,56,16556.899898
75,59,16250.542666
75,61,16248.953879
75,63,16152.700792
75,64,15993.225595
75,69,15894.974497
75,71,15727.712189
75,88,15526.253086
75,89,15521.119148
75,92,15471.105000
75,94,15388.106376
76,49,17409.519740
76,50,17343.164811
76,51,17174.989061
76,52,17001.864838
76,53,16868.413401
76,55,16815.285931
76,56,16556.899898
76,59,16250.542666
76,61,16248.953879
76,63,16152.700792
76,64,15993.225595
76,69,15894.974497
76,71,15727.712189
76,88,15526.253086
76,89,15521.119148
76,92,15471.105000
76,94,15388.106376
77,49,17409.519740
77,50,17164.930029
77,52,17001.864838
77,53,16868.413401
77,54,16747.722341
77,56,16556.899898
77,58,16544.572865
77,59,16250.542666
77,61,16248.953879
77,63,16152.700792
77,64,15993.225595
77,69,15894.974497
77,71,15727.712189
77,88,15526.253086
77,89,15521.119148
77,92,15471.105000
77,94,15388.106376
78,49,17345.818926
78,50,17064.628212
78,51,16800.614431
78,54,16494.274397
78,59,16250.542666
78,61,16248.953879
78,63,16152.700792
78,64,15993.225595
78,69,15894.974497
78,71,15727.712189
78,86,15708.798891
78,88,15526.253086
78,89,15521.119148
78,92,15471.105000
78,94,15388.106376
79,49,17345.818926
79,50,16982.515126
79,51,16800.614431
79,54,16376.517500
79,59,16250.542666
79,60,16116.000648
79,64,15993.225595
79,69,15690.858423
79,86,15643.599410
79,87,15308.712852
80,48,17229.374617
80,50,16982.515126
80,51,16771.552356
80,54,16376.517500
80,59,16250.542666
80,60,16116.000648
80,64,15993.225595
80,68,15959.883207
80,69,15690.858423
80,86,15643.599410
80,87,15308.712852
81,48,17229.374617
81,50,16982.515126
81,51,16771.552356
81,53,16652.825573
81,54,16376.517500
81,59,16250.542666
81,60,16116.000648
81,64,15993.225595
81,68,15959.883207
81,69,15690.858423
81,86,15643.599410
81,87,15308.712852
82,48,17229.374617
82,50,16824.792538
82,51,16771.552356
82,53,16652.825573
82,54,16367.185140
82,59,16250.542666
82,60,16116.000648
82,64,15993.225595
82,68,15959.883207
82,69,15690.858423
82,86,15643.599410
82,87,15308.712852
83,48,17229.374617
83,50,16824.792538
83,51,16771.552356
83,53,16652.825573
83,54,16367.185140
83,59,16250.542666
83,60,16116.000648
83,64,15993.225595
83,68,15959.883207
83,69,15690.858423
83,86,15643.599410
83,87,15308.712852
84,48,17229.374617
84,50,16669.064359
84,52,16609.660089
84,54,16352.048995
84,56,16334.538436
84,59,16160.517918
84,60,16065.287256
84,64,15988.951546
84,67,15965.105305
84,68,15959.883207
84,69,15690.858423
84,85,15618.269390
84,87,15308.712852
85,47,17925.797498
85,48,17229.374617
85,50,16669.064359
85,52,16609.660089
85,53,16555.244586
85,54,16336.975417
85,56,16334.538436
85,58,16280.042273
85,59,16160.517918
85,60,16065.287256
85,64,15988.951546
85,67,15965.105305
85,68,15959.883207
85,69,15690.858423
85,72,15688.427176
85,83,15540.246497
85,86,15536.285156
85,87,15308.712852
86,47,17925.797498
86,48,17229.374617
86,50,16669.064359
86,52,16514.722127
86,53,16493.740531
86,54,16336.975417
86,55,16332.740043
86,56,16311.175638
86,58,16280.042273
86,59,16160.517918
86,60,15959.726148
86,69,15690.858423
86,72,15688.427176
86,82,15438.314766
86,87,15308.712852
86,102,15282.622873
87,47,17925.797498
87,48,17229.374617
87,50,16669.064359
87,51,16666.036772
87,52,16514.722127
87,53,16493.740531
87,54,16336.975417
87,55,16332.740043
87,56,16311.175638
87,58,16280.042273
87,59,16160.517918
87,60,15959.726148
87,68,15718.234066
87,69,15690.858423
87,72,15688.427176
87,76,15647.920280
87,82,15438.314766
87,87,15308.712852
87,102,15282.622873
88,47,17925.797498
88,48,17229.374617
88,50,16669.064359
88,51,16666.036772
88,52,16514.722127
88,53,16493.740531
88,54,16336.975417
88,55,16332.740043
88,56,16281.018898
88,58,16280.042273
88,59,16160.517918
88,60,15959.726148
88,63,15906.178620
88,66,15662.328125
88,76,15647.920280
88,82,15438.314766
88,87,15308.712852
88,102,15282.622873
89,47,17925.797498
89,48,17229.374617
89,49,17001.014537
89,50,16669.064359
89,51,16666.036772
89,52,16514.722127
89,53,16493.740531
89,54,16336.975417
89,55,16301.349023
89,56,16230.501703
89,58,16111.203778
89,60,15959.726148
89,62,15896.714529
89,66,15632.775459
89,76,15605.360805
89,82,15375.422324
89,87,15308.712852
89,102,15282.622873
90,47,17925.797498
90,48,17229.374617
90,49,17001.014537
90,50,16669.064359
90,51,16666.036772
90,52,16491.606211
90,54,16289.480949
90,55,16229.095029
90,56,16164.581453
90,58,16111.203778
90,60,15959.726148
90,62,15896.714529
90,66,15632.775459
90,76,15605.360805
90,81,15513.282321
90,82,15375.422324
90,87,15308.712852
90,102,15282.622873
91,47,17925.797498
91,48,17229.374617
91,49,17001.014537
91,50,16669.064359
91,51,16665.112455
91,52,16491.606211
91,54,16289.480949
91,55,16229.095029
91,56,16164.581453
91,58,16111.203778
91,60,15959.726148
91,62,15871.521427
91,66,15632.775459
91,73,15543.623800
91,81,15513.282321
91,82,15375.422324
91,87,15308.712852
91,102,15282.622873
92,47,17925.797498
92,48,17229.374617
92,49,17001.014537
92,50,16669.064359
92,51,16665.112455
92,52,16491.606211
92,54,16289.480949
92,55,16229.095029
92,56,16164.581453
92,58,16111.203778
92,60,15959.726148
92,62,15871.521427
92,66,15632.775459
92,73,15543.623800
92,81,15513.282321
92,82,15375.422324
92,87,15308.712852
92,102,15282.622873
93,47,17925.797498
93,48,17229.374617
93,49,17001.014537
93,50,16669.064359
93,51,16665.112455
93,52,16491.606211
93,54,16289.480949
93,55,16229.095029
93,56,16164.581453
93,58,16111.203778
93,60,15959.726148
93,62,15871.521427
93,66,15632.775459
93,73,15543.623800
93,79,15476.959385
93,82,15375.422324
93,87,15308.712852
93,102,15282.622873
94,47,17925.797498
94,48,17229.374617
94,49,16794.937076
94,50,16669.064359
94,51,16665.112455
94,52,16415.431069
94,54,16289.480949
94,55,16229.095029
94,56,16129.627321
94,58,16097.270832
94,59,15936.506956
94,62,15871.521427
94,65,15622.482635
94,73,15512.496053
94,79,15476.959385
94,80,15273.112628
94,86,15256.091529
95,47,17925.797498
95,48,17229.374617
95,49,16681.189221
95,50,16669.064359
95,51,16665.112455
95,52,16415.431069
95,53,16398.831105
95,54,16289.480949
95,55,16229.095029
95,56,16129.627321
95,58,16097.270832
95,59,15936.506956
95,62,15871.521427
95,65,15622.482635
95,73,15512.496053
95,79,15476.959385
95,80,15273.112628
95,86,15256.091529
96,47,17925.797498
96,48,17229.374617
96,49,16681.189221
96,50,16669.064359
96,51,16665.112455
96,52,16415.431069
96,53,16398.831105
96,54,16289.480949
96,55,16229.095029
96,56,16129.627321
96,58,16097.270832
96,59,15936.506956
96,62,15871.521427
96,65,15622.482635
96,70,15576.845319
96,73,15512.496053
96,76,15483.188020
96,79,15476.959385
96,80,15273.112628
96,86,15256.091529
97,47,17864.447422
97,48,17229.374617
97,49,16681.189221
97,50,16669.064359
97,51,16665.112455
97,52,16350.460203
97,54,16289.480949
97,55,16224.967372
97,56,16129.627321
97,58,16097.270832
97,59,15936.506956
97,62,15871.521427
97,65,15622.482635
97,70,15576.845319
97,71,15519.390364
97,73,15512.496053
97,76,15483.188020
97,79,15476.959385
97,80,15273.112628
97,83,15243.344608
97,84,15217.229612
98,47,17864.447422
98,48,17229.374617
98,49,16681.189221
98,50,16669.064359
98,51,16519.601489
98,52,16350.460203
98,54,16289.480949
98,55,16224.967372
98,56,16129.627321
98,58,16097.270832
98,59,15936.506956
98,62,15871.521427
98,65,15622.482635
98,70,15576.845319
98,71,15519.390364
98,73,15512.496053
98,76,15483.188020
98,79,15476.959385
98,80,15273.112628
98,83,15243.344608
98,84,15217.229612
99,47,17864.447422
99,48,17229.374617
99,49,16681.189221
99,50,16669.064359
99,51,16519.601489
99,52,16350.460203
99,54,16216.897255
99,56,16129.627321
99,58,16097.270832
99,59,15936.506956
99,62,15871.521427
99,65,15577.724976
99,70,15495.937153
99,73,15481.297170
99,76,15433.380055
99,79,15403.339516
99,80,15273.112628
99,83,15243.344608
99,84,15217.229612
100,47,17864.447422
100,48,17171.247948
100,49,16681.189221
100,50,16669.064359
100,51,16519.601489
100,52,16350.460203
100,54,16216.897255
100,56,16129.627321
100,58,16097.270832
100,59,15936.506956
100,62,15871.521427
100,65,15577.724976
100,70,15495.937153
100,73,15481.297170
100,76,15433.380055
100,79,15403.339516
100,80,15273.112628
100,83,15243.344608
100,84,15217.229612
101,47,17864.447422
101,48,17171.247948
101,49,16681.189221
101,50,16669.064359
101,51,16519.601489
101,52,16350.460203
101,54,16216.897255
101,56,16129.627321
101,58,15973.737883
101,59,15936.506956
101,62,15871.521427
101,65,15577.724976
101,70,15495.937153
101,73,15481.297170
101,74,15477.311912
101,76,15433.380055
101,79,15403.339516
101,80,15273.112628
101,83,15243.344608
101,84,15217.229612
102,47,17026.856825
102,49,16681.189221
102,50,16669.064359
102,51,16390.876306
102,52,16350.460203
102,54,16216.897255
102,56,16129.627321
102,57,16096.372064
102,58,15973.737883
102,59,15936.506956
102,62,15871.521427
102,65,15577.724976
102,70,15495.937153
102,71,15468.980782
102,76,15433.380055
102,79,15403.339516
102,80,15273.112628
102,82,15200.633241
102,85,15169.612619
103,47,17026.856825
103,48,16804.586703
103,49,16639.527937
103,51,16390.876306
103,52,16350.460203
103,54,16216.897255
103,56,16129.627321
103,57,15961.488133
103,59,15936.506956
103,62,15871.521427
103,65,15577.724976
103,70,15495.937153
103,71,15468.980782
103,76,15433.380055
103,79,15403.339516
103,80,15273.112628
103,82,15200.633241
103,85,15169.612619
104,47,17026.856825
104,48,16804.586703
104,49,16639.527937
104,51,16277.158753
104,54,16197.101586
104,55,16134.463145
104,56,16129.627321
104,57,15961.488133
104,59,15936.506956
104,62,15841.966230
104,65,15499.293492
104,70,15442.595178
104,71,15380.720758
104,75,15364.244614
104,80,15184.977314
104,85,15079.970666
105,47,17026.856825
105,48,16804.586703
105,49,16639.527937
105,50,16324.551877
105,51,16277.158753
105,53,16113.561899
105,57,15961.488133
105,59,15936.506956
105,62,15841.966230
105,65,15499.293492
105,70,15442.595178
105,71,15380.720758
105,75,15364.244614
105,78,15339.369584
105,80,15184.977314
105,85,15079.970666
106,47,17026.856825
106,48,16804.586703
106,49,16639.527937
106,50,16324.551877
106,51,16277.158753
106,53,16113.561899
106,57,15961.488133
106,59,15936.506956
106,61,15843.026675
106,62,15841.966230
106,64,15757.258599
106,65,15499.293492
106,67,15464.695569
106,70,15442.595178
106,71,15237.958903
106,80,15184.977314
106,85,15079.970666
107,47,17026.856825
107,48,16763.485783
107,49,16639.527937
107,50,16324.551877
107,51,16277.158753
107,53,16111.888867
107,57,15961.488133
107,59,15936.506956
107,61,15843.026675
107,62,15825.968408
107,64,15757.258599
107,65,15499.293492
107,67,15464.695569
107,70,15442.595178
107,71,15237.958903
107,80,15184.977314
107,85,15079.970666
108,47,17026.856825
108,48,16763.485783
108,49,16600.438597
108,50,16324.551877
108,51,16261.386788
108,53,16111.888867
108,54,16062.918417
108,57,15961.488133
108,59,15936.506956
108,61,15843.026675
108,62,15825.968408
108,64,15757.258599
108,65,15499.293492
108,67,15464.695569
108,70,15442.595178
108,71,15237.958903
108,80,15184.977314
108,85,15079.970666
109,47,17026.856825
109,48,16763.485783
109,49,16600.438597
109,50,16324.551877
109,51,16261.386788
109,52,16015.927921
109,57,15961.488133
109,59,15936.506956
109,61,15843.026675
109,62,15825.968408
109,63,15808.580738
109,64,15743.821832
109,65,15499.293492
109,67,15408.759589
109,71,15226.691415
109,80,15184.977314
109,82,15134.596830
109,83,15118.449595
109,85,15079.970666
110,47,17026.856825
110,48,16736.892717
110,49,16600.438597
110,50,16324.551877
110,51,16138.288365
110,52,16015.927921
110,55,15871.553871
110,61,15843.026675
110,62,15825.968408
110,63,15808.580738
110,64,15743.821832
110,65,15499.293492
110,67,15408.759589
110,71,15226.691415
110,80,15184.977314
110,82,15134.596830
110,83,15118.449595
110,85,15079.970666
111,47,17026.856825
111,48,16736.892717
111,49,16600.438597
111,50,16324.551877
111,51,16138.288365
111,52,16015.927921
111,54,15991.826787
111,55,15871.553871
111,61,15843.026675
111,62,15810.589723
111,63,15784.053494
111,64,15743.821832
111,65,15499.293492
111,67,15408.759589
111,71,15226.691415
111,80,15184.977314
111,82,15134.596830
111,83,15118.449595
111,85,15079.970666
112,46,17463.043580
112,47,17026.856825
112,48,16736.892717
112,49,16600.438597
112,50,16324.551877
112,51,16138.288365
112,52,16015.927921
112,54,15991.826787
112,55,15871.553871
112,61,15843.026675
112,62,15810.589723
112,63,15784.053494
112,64,15743.821832
112,65,15499.293492
112,67,15408.759589
112,71,15226.691415
112,80,15184.977314
112,82,15134.596830
112,83,15118.449595
112,85,15079.970666
113,46,17463.043580
113,47,16903.204942
113,48,16252.877302
113,50,16229.134860
113,51,16138.288365
113,52,16015.927921
113,54,15887.088691
113,55,15871.553871
113,61,15843.026675
113,62,15810.589723
113,63,15784.053494
113,64,15743.821832
113,65,15499.293492
113,67,15408.759589
113,71,15226.691415
113,80,15184.977314
113,82,15113.921058
113,85,15079.970666
114,46,17463.043580
114,47,16903.204942
114,48,16196.095025
114,50,16177.258000
114,51,16138.288365
114,52,16015.927921
114,54,15887.088691
114,55,15871.553871
114,61,15843.026675
114,62,15810.589723
114,63,15784.053494
114,64,15673.795399
114,65,15499.293492
114,67,15335.872245
114,71,15153.670082
114,80,15096.739725
114,85,15067.841161
115,46,17463.043580
115,47,16903.204942
115,48,16196.095025
115,50,16177.258000
115,51,16118.533819
115,52,16015.927921
115,53,15999.870866
115,54,15887.088691
115,55,15833.236070
115,62,15810.589723
115,63,15750.339755
115,64,15673.795399
115,65,15499.293492
115,67,15335.872245
115,71,15153.670082
115,80,15096.739725
115,85,15067.841161
116,46,17303.474804
116,47,16903.204942
116,48,16196.095025
116,49,16073.734580
116,52,16015.927921
116,53,15999.870866
116,54,15887.088691
116,55,15833.236070
116,58,15831.187973
116,60,15824.650232
116,62,15810.589723
116,63,15750.339755
116,64,15673.795399
116,65,15499.293492
116,67,15335.872245
116,71,15153.670082
116,80,15096.739725
116,85,15067.841161
116,88,15060.890482
117,46,17303.474804
117,47,16903.204942
117,48,16196.095025
117,49,16073.734580
117,52,16009.613054
117,53,15999.870866
117,54,15887.088691
117,55,15833.236070
117,58,15736.253256
117,64,15673.795399
117,65,15499.293492
117,67,15335.872245
117,71,15153.670082
117,80,15096.739725
117,85,15067.841161
117,88,15060.890482
118,46,17303.474804
118,47,16903.204942
118,48,16196.095025
118,49,16073.734580
118,52,15941.037880
118,54,15887.088691
118,55,15833.236070
118,58,15736.253256
118,64,15671.283965
118,65,15499.293492
118,67,15335.872245
118,71,15153.670082
118,80,15053.616529
119,46,17303.474804
119,47,16734.986287
119,48,16161.935374
119,49,15953.896673
119,52,15923.557212
119,54,15854.635113
119,55,15786.631882
119,58,15677.672886
119,63,15648.763223
119,65,15436.193510
119,67,15332.854967
119,71,15076.518930
119,80,15017.825511
120,46,17303.474804
120,47,16734.986287
120,48,16161.935374
120,49,15953.896673
120,52,15923.557212
120,54,15854.635113
120,55,15786.631882
120,56,15784.368941
120,58,15677.672886
120,63,15648.763223
120,65,15436.193510
120,67,15332.854967
120,71,15076.518930
120,80,15017.825511
121,46,17303.474804
121,47,16734.986287
121,48,16161.935374
121,49,15953.896673
121,52,15923.557212
121,54,15854.635113
121,55,15786.631882
121,56,15784.368941
121,58,15677.672886
121,63,15648.763223
121,65,15436.193510
121,67,15332.854967
121,69,15015.891654
121,79,14989.445826
121,83,14948.798969
122,46,17303.474804
122,47,16734.986287
122,48,16161.935374
122,49,15953.896673
122,52,15923.557212
122,54,15854.635113
122,55,15786.631882
122,56,15784.368941
122,58,15677.672886
122,63,15648.763223
122,65,15436.193510
122,67,15332.854967
122,69,15015.891654
122,79,14989.445826
122,83,14948.798969
123,46,17303.474804
123,47,16446.175962
123,48,16146.339852
123,49,15953.896673
123,52,15923.557212
123,54,15854.635113
123,55,15786.631882
123,56,15784.368941
123,58,15677.672886
123,63,15648.763223
123,65,15436.193510
123,67,15332.854967
123,69,15015.891654
123,79,14989.445826
123,83,14948.798969
124,46,17205.967766
124,47,16446.175962
124,48,16146.339852
124,49,15953.896673
124,50,15914.856299
124,53,15738.801472
124,57,15631.211402
124,65,15389.691348
124,67,15332.854967
124,69,15015.891654
124,79,14949.525396
124,83,14926.166064
124,84,14880.266236
125,46,17090.707329
125,47,16446.175962
125,48,16146.339852
125,49,15953.896673
125,50,15914.856299
125,52,15767.703748
125,53,15738.801472
125,57,15631.211402
125,62,15573.420412
125,65,15389.691348
125,67,15332.854967
125,69,15015.891654
125,79,14949.525396
125,83,14926.166064
125,84,14880.266236
126,46,17090.707329
126,47,16446.175962
126,48,16146.339852
126,49,15953.896673
126,50,15858.095709
126,52,15767.703748
126,53,15738.801472
126,57,15631.211402
126,61,15628.791582
126,62,15573.420412
126,65,15389.691348
126,67,15332.854967
126,69,15015.891654
126,79,14949.525396
126,80,14924.495216
126,84,14873.909693
126,87,14815.068221
127,46,17090.707329
127,47,16446.175962
127,48,16101.485076
127,49,15953.896673
127,50,15858.095709
127,52,15767.703748
127,53,15738.801472
127,57,15631.211402
127,61,15628.791582
127,62,15573.420412
127,65,15389.691348
127,67,15332.854967
127,69,15015.891654
127,79,14949.525396
127,80,14924.495216
127,84,14873.909693
127,87,14815.068221
128,46,16632.207282
128,47,16446.175962
128,48,16101.485076
128,49,15953.896673
128,50,15858.095709
128,52,15767.703748
128,53,15738.801472
128,57,15631.211402
128,59,15509.411403
128,62,15487.972754
128,65,15389.691348
128,67,15332.854967
128,69,15015.891654
128,79,14949.525396
128,80,14924.495216
128,84,14873.909693
128,87,14815.068221
129,46,16632.207282
129,47,16446.175962
129,48,16101.485076
129,49,15953.896673
129,50,15858.095709
129,52,15767.703748
129,53,15738.801472
129,55,15669.814346
129,57,15625.029185
129,59,15509.411403
129,62,15478.544788
129,64,15352.642026
129,66,15317.576114
129,69,14967.068492
129,79,14937.344429
129,80,14888.756462
129,84,14873.909693
129,86,14803.409370
130,45,17910.972256
130,46,16632.207282
130,47,16375.824524
130,48,16101.485076
130,49,15953.896673
130,50,15858.095709
130,52,15767.703748
130,53,15738.801472
130,55,15669.814346
130,57,15625.029185
130,59,15509.411403
130,62,15478.544788
130,63,15474.612355
130,64,15352.642026
130,66,15317.576114
130,69,14967.068492
130,79,14937.344429
130,80,14888.756462
130,82,14832.129319
130,84,14798.161160
130,87,14753.237907
131,45,17910.972256
131,46,16632.207282
131,47,16187.317681
131,48,16082.083328
131,49,15953.896673
131,50,15858.095709
131,51,15826.765105
131,52,15767.703748
131,53,15738.801472
131,55,15669.814346
131,56,15655.403262
131,57,15625.029185
131,59,15509.411403
131,62,15478.544788
131,63,15474.612355
131,64,15352.642026
131,66,15317.576114
131,69,14967.068492
131,79,14937.344429
131,80,14888.756462
131,82,14832.129319
131,84,14798.161160
131,87,14753.237907
132,45,17910.972256
132,46,16632.207282
132,47,16187.317681
132,48,16082.083328
132,49,15953.896673
132,50,15858.095709
132,51,15826.765105
132,52,15767.703748
132,53,15738.801472
132,55,15669.814346
132,56,15655.403262
132,57,15625.029185
132,59,15509.411403
132,62,15478.544788
132,63,15474.612355
132,64,15352.642026
132,66,15317.576114
132,69,14967.068492
132,79,14932.470205
132,80,14888.756462
132,82,14832.129319
132,84,14798.161160
132,87,14753.237907
133,45,17910.972256
133,46,16632.207282
133,47,16187.317681
133,48,16082.083328
133,49,15953.896673
133,50,15858.095709
133,51,15793.677356
133,52,15705.647381
133,55,15669.814346
133,56,15655.403262
133,57,15625.029185
133,59,15509.411403
133,61,15449.952697
133,64,15352.642026
133,66,15317.576114
133,67,15312.750170
133,69,14967.068492
133,79,14932.470205
133,80,14888.756462
133,82,14832.129319
133,84,14798.161160
133,87,14753.237907
134,45,17910.972256
134,46,16632.207282
134,47,16187.317681
134,48,16082.083328
134,49,15946.679432
134,50,15858.095709
134,51,15793.677356
134,52,15705.647381
134,55,15669.814346
134,56,15610.137058
134,59,15509.411403
134,61,15393.986805
134,64,15352.642026
134,65,15293.891834
134,66,15213.493624
134,69,14967.068492
134,77,14895.232361
134,79,14863.776361
134,82,14814.043064
134,84,14716.318041
135,45,17910.972256
135,46,16632.207282
135,47,16185.292894
135,48,16082.083328
135,49,15946.679432
135,50,15760.736926
135,52,15705.647381
135,55,15669.814346
135,56,15610.137058
135,58,15543.308090
135,59,15509.411403
135,60,15493.204204
135,61,15393.986805
135,64,15352.642026
135,65,15293.891834
135,66,15213.493624
135,69,14967.068492
135,77,14895.232361
135,79,14863.776361
135,82,14814.043064
135,84,14716.318041
136,45,17910.972256
136,46,16632.207282
136,47,16070.141822
136,49,15946.679432
136,50,15760.736926
136,52,15705.647381
136,55,15669.814346
136,56,15610.137058
136,58,15543.308090
136,59,15509.411403
136,60,15493.204204
136,61,15393.986805
136,64,15352.642026
136,65,15293.891834
136,66,15213.493624
136,69,14967.068492
136,77,14895.232361
136,79,14863.776361
136,82,14814.043064
136,84,14716.318041
137,45,17716.872875
137,46,16632.207282
137,47,16070.141822
137,49,15930.565024
137,50,15760.736926
137,52,15705.647381
137,55,15669.814346
137,56,15610.137058
137,57,15530.611970
137,59,15509.411403
137,60,15493.204204
137,61,15393.986805
137,64,15352.642026
137,65,15293.891834
137,66,15213.493624
137,69,14967.068492
137,77,14895.232361
137,79,14863.776361
137,82,14814.043064
137,84,14716.318041
138,45,17716.872875
138,46,16632.207282
138,47,15870.592314
138,50,15760.736926
138,52,15705.647381
138,55,15669.814346
138,56,15610.137058
138,57,15530.611970
138,59,15509.411403
138,60,15493.204204
138,61,15393.986805
138,64,15352.642026
138,65,15293.891834
138,66,15213.493624
138,69,14967.068492
138,77,14895.232361
138,79,14863.776361
138,82,14814.043064
138,84,14716.318041
139,45,17716.872875
139,46,16632.207282
139,47,15870.592314
139,50,15760.736926
139,52,15705.647381
139,55,15669.814346
139,56,15610.137058
139,57,15430.186949
139,61,15391.045111
139,64,15326.074991
139,65,15173.405825
139,69,14967.068492
139,76,14810.255712
139,84,14709.002120
140,45,17716.872875
140,46,16632.207282
140,47,15870.592314
140,50,15760.736926
140,52,15705.647381
140,55,15669.814346
140,56,15610.137058
140,57,15430.186949
140,61,15391.045111
140,64,15324.237696
140,65,15173.405825
140,69,14967.068492
140,76,14810.255712
140,84,14709.002120
141,45,17716.872875
141,46,16632.207282
141,47,15870.592314
141,50,15760.736926
141,52,15705.647381
141,55,15669.814346
141,56,15610.137058
141,57,15430.186949
141,61,15391.045111
141,64,15324.237696
141,65,15173.405825
141,69,14967.068492
141,76,14810.255712
141,84,14709.002120
142,45,17716.872875
142,46,16632.207282
142,47,15870.592314
142,50,15760.736926
142,51,15744.643863
142,52,15705.647381
142,55,15669.814346
142,56,15610.137058
142,57,15430.186949
142,61,15391.045111
142,64,15324.237696
142,65,15173.405825
142,69,14967.068492
142,76,14810.255712
142,84,14709.002120
143,45,17716.872875
143,46,16603.901658
143,47,15870.592314
143,49,15843.003159
143,50,15760.736926
143,51,15744.643863
143,52,15705.647381
143,55,15669.814346
143,56,15610.137058
143,57,15430.186949
143,61,15391.045111
143,64,15324.237696
143,65,15173.405825
143,69,14967.068492
143,76,14810.255712
143,84,14709.002120
144,45,17716.872875
144,46,16603.901658
144,47,15870.592314
144,49,15770.071020
144,50,15760.736926
144,51,15744.643863
144,52,15705.647381
144,55,15565.797001
144,57,15430.186949
144,60,15388.229231
144,64,15083.024520
144,69,14967.068492
144,76,14810.255712
144,84,14709.002120
145,45,17716.872875
145,46,16603.901658
145,47,15870.592314
145,48,15807.042992
145,49,15766.927670
145,50,15760.736926
145,51,15744.643863
145,52,15705.647381
145,53,15675.566260
145,55,15565.797001
145,57,15430.186949
145,60,15388.229231
145,64,15083.024520
145,69,14967.068492
145,76,14810.255712
145,81,14796.321533
145,84,14709.002120
146,45,17716.872875
146,46,16603.901658
146,47,15870.592314
146,48,15807.042992
146,49,15766.927670
146,50,15760.736926
146,51,15744.643863
146,52,15705.647381
146,53,15675.566260
146,55,15565.797001
146,57,15430.186949
146,60,15388.229231
146,64,15083.024520
146,69,14967.068492
146,76,14810.255712
146,81,14796.321533
146,84,14709.002120
147,45,17716.872875
147,46,16603.901658
147,47,15870.592314
147,48,15807.042992
147,49,15766.927670
147,50,15760.736926
147,51,15744.643863
147,52,15705.647381
147,53,15675.566260
147,54,15658.774360
147,55,15565.797001
147,57,15430.186949
147,60,15388.229231
147,64,15083.024520
147,69,14967.068492
147,76,14810.255712
147,81,14796.321533
147,84,14709.002120
148,45,17716.872875
148,46,16603.901658
148,47,15870.592314
148,48,15807.042992
148,49,15766.927670
148,50,15760.736926
148,51,15744.643863
148,52,15705.647381
148,53,15675.566260
148,54,15658.774360
148,55,15565.797001
148,57,15430.186949
148,60,15388.229231
148,62,15361.549173
148,64,15083.024520
148,69,14967.068492
148,76,14810.255712
148,81,14796.321533
148,84,14709.002120
149,45,17716.872875
149,46,16603.901658
149,47,15870.592314
149,48,15807.042992
149,49,15766.927670
149,50,15760.736926
149,51,15744.643863
149,52,15596.082146
149,55,15565.797001
149,57,15430.186949
149,60,15331.952088
149,62,15321.543460
149,64,15061.208461
149,69,14952.643373
149,76,14810.255712
149,81,14796.321533
149,84,14709.002120
150,45,17716.872875
150,46,16159.323551
150,47,15870.592314
150,48,15807.042992
150,49,15766.927670
150,50,15760.736926
150,51,15719.227838
150,52,15596.082146
150,55,15565.797001
150,57,15430.186949
150,60,15331.952088
150,62,15321.543460
150,64,15061.208461
150,69,14952.643373
150,76,14810.255712
150,81,14796.321533
150,84,14709.002120
151,45,17716.872875
151,46,16159.323551
151,47,15870.592314
151,48,15807.042992
151,49,15766.927670
151,50,15760.736926
151,51,15635.100576
151,52,15596.082146
151,55,15565.797001
151,57,15430.186949
151,60,15331.952088
151,62,15321.543460
151,64,15061.208461
151,69,14952.643373
151,73,14946.004058
151,76,14810.255712
151,81,14796.321533
151,84,14709.002120
152,45,17077.326219
152,46,16159.323551
152,47,15851.455062
152,48,15807.042992
152,49,15766.927670
152,50,15760.736926
152,51,15635.100576
152,52,15596.082146
152,55,15565.797001
152,57,15430.186949
152,60,15331.952088
152,62,15321.543460
152,64,15061.208461
152,69,14952.643373
152,73,14946.004058
152,76,14810.255712
152,81,14796.321533
152,84,14709.002120
153,45,16718.111372
153,46,16152.236620
153,47,15851.455062
153,48,15807.042992
153,49,15725.121612
153,51,15635.100576
153,52,15596.082146
153,55,15565.797001
153,57,15430.186949
153,60,15331.952088
153,62,15321.543460
153,64,15061.208461
153,69,14952.643373
153,73,14946.004058
153,76,14810.255712
153,81,14796.321533
153,84,14709.002120
154,45,16718.111372
154,46,16152.236620
154,47,15790.682565
154,49,15725.121612
154,51,15600.572658
154,52,15596.082146
154,55,15565.797001
154,57,15423.595381
154,60,15331.952088
154,62,15300.399939
154,64,15021.060089
154,69,14918.503018
154,76,14783.338923
154,80,14738.058675
154,84,14709.002120
154,89,14662.927957
155,45,16718.111372
155,46,16152.236620
155,47,15790.682565
155,49,15725.121612
155,51,15600.572658
155,52,15596.082146
155,55,15565.797001
155,57,15423.595381
155,60,15331.952088
155,62,15300.399939
155,64,15021.060089
155,69,14918.503018
155,76,14783.338923
155,80,14738.058675
155,84,14709.002120
155,89,14662.927957
156,45,16718.111372
156,46,16152.236620
156,47,15790.682565
156,49,15725.121612
156,51,15600.572658
156,52,15596.082146
156,55,15565.797001
156,57,15423.595381
156,60,15331.952088
156,62,15300.399939
156,64,15021.060089
156,69,14918.503018
156,76,14783.338923
156,80,14738.058675
156,84,14709.002120
156,89,14662.927957
157,45,16718.111372
157,46,16152.236620
157,47,15790.682565
157,49,15725.121612
157,50,15684.242167
157,51,15600.572658
157,52,15596.082146
157,55,15565.797001
157,57,15423.595381
157,60,15331.952088
157,62,15300.399939
157,64,15021.060089
157,69,14918.503018
157,76,14783.338923
157,80,14738.058675
157,84,14709.002120
157,89,14662.927957
158,45,16718.111372
158,46,15746.083521
158,49,15658.884010
158,51,15482.140311
158,53,15389.431820
158,60,15331.952088
158,62,15300.399939
158,64,15021.060089
158,69,14918.503018
158,76,14783.338923
158,80,14738.058675
158,84,14709.002120
158,89,14662.927957
159,45,15973.930949
159,46,15746.083521
159,49,15658.884010
159,51,15479.600552
159,53,15348.734188
159,60,15331.952088
159,61,15279.788869
159,64,14967.124075
159,68,14906.712518
159,75,14765.430309
159,80,14720.915701
159,84,14661.322976
160,45,15973.930949
160,46,15746.083521
160,48,15668.322120
160,49,15658.884010
160,51,15479.600552
160,53,15348.734188
160,60,15331.952088
160,61,15279.788869
160,63,15224.183831
160,64,14967.124075
160,68,14906.712518
160,75,14765.430309
160,80,14720.915701
160,84,14661.322976
161,45,15973.930949
161,46,15746.083521
161,47,15745.691618
161,48,15668.322120
161,49,15658.884010
161,50,15571.979814
161,51,15479.600552
161,53,15348.734188
161,60,15331.952088
161,61,15279.788869
161,63,15224.183831
161,64,14967.124075
161,68,14906.712518
161,75,14765.430309
161,80,14720.915701
161,84,14661.322976
162,44,16484.963826
162,45,15973.930949
162,46,15746.083521
162,47,15745.691618
162,48,15668.322120
162,49,15658.884010
162,50,15571.979814
162,51,15479.600552
162,53,15348.734188
162,60,15331.952088
162,61,15279.788869
162,63,15224.183831
162,64,14967.124075
162,68,14906.712518
162,75,14765.430309
162,80,14720.915701
162,84,14661.322976
163,44,16484.963826
163,45,15973.930949
163,46,15746.083521
163,47,15745.691618
163,48,15668.322120
163,49,15658.884010
163,50,15571.979814
163,51,15479.600552
163,53,15348.734188
163,60,15331.952088
163,61,15279.788869
163,63,15224.183831
163,64,14967.124075
163,68,14906.712518
163,75,14765.430309
163,80,14720.915701
163,84,14661.322976
164,44,16484.963826
164,45,15935.277064
164,46,15746.083521
164,47,15745.691618
164,48,15668.322120
164,49,15658.884010
164,50,15571.979814
164,51,15444.080619
164,53,15343.352623
164,59,15303.346872
164,60,15246.704268
164,62,15216.653677
164,64,14943.837675
164,67,14872.046385
164,75,14731.282233
164,80,14720.059666
164,84,14603.484471
165,44,16484.963826
165,45,15935.277064
165,46,15746.083521
165,47,15745.691618
165,48,15668.322120
165,49,15658.884010
165,50,15571.979814
165,51,15444.080619
165,53,15343.352623
165,59,15303.346872
165,60,15246.704268
165,62,15216.653677
165,64,14943.837675
165,67,14872.046385
165,75,14731.282233
165,80,14720.059666
165,84,14603.484471
166,44,16484.963826
166,45,15935.277064
166,46,15746.083521
166,47,15745.691618
166,48,15668.322120
166,49,15658.884010
166,50,15571.979814
166,51,15444.080619
166,53,15343.352623
166,56,15310.631935
166,59,15303.346872
166,60,15246.704268
166,62,15216.653677
166,64,14943.837675
166,67,14872.046385
166,75,14731.282233
166,78,14723.822093
166,80,14720.059666
166,84,14603.484471
167,44,16484.963826
167,45,15935.277064
167,46,15746.083521
167,47,15732.132936
167,48,15668.322120
167,49,15658.884010
167,50,15571.979814
167,51,15444.080619
167,53,15343.352623
167,56,15310.631935
167,59,15303.346872
167,60,15246.704268
167,62,15216.653677
167,64,14943.837675
167,67,14872.046385
167,75,14731.282233
167,78,14723.822093
167,80,14720.059666
167,84,14603.484471
168,44,16484.963826
168,45,15935.277064
168,46,15746.083521
168,47,15732.132936
168,48,15668.322120
168,49,15658.884010
168,50,15571.979814
168,51,15444.080619
168,53,15343.352623
168,56,15310.631935
168,59,15303.346872
168,60,15246.704268
168,62,15216.653677
168,64,14943.837675
168,67,14872.046385
168,73,14830.275567
168,75,14731.282233
168,78,14723.822093
168,80,14720.059666
168,84,14603.484471
169,44,16484.963826
169,45,15935.277064
169,46,15746.083521
169,47,15732.132936
169,48,15668.322120
169,49,15643.614742
169,50,15571.979814
169,51,15444.080619
169,53,15343.352623
169,56,15310.631935
169,59,15231.979177
169,62,15107.932743
169,64,14943.837675
169,67,14853.879778
169,73,14830.275567
169,75,14719.865257
169,77,14686.141876
169,84,14603.484471
170,44,16484.963826
170,45,15935.277064
170,46,15746.083521
170,47,15732.132936
170,48,15668.322120
170,49,15643.614742
170,50,15571.979814
170,51,15373.253697
170,53,15343.352623
170,55,15283.295331
170,59,15231.979177
170,62,15107.932743
170,64,14943.837675
170,67,14853.879778
170,73,14830.275567
170,75,14719.865257
170,77,14686.141876
170,84,14603.484471
171,44,16484.963826
171,45,15935.277064
171,46,15746.083521
171,47,15732.132936
171,48,15668.322120
171,49,15643.614742
171,50,15571.979814
171,51,15373.253697
171,53,15343.352623
171,55,15283.295331
171,59,15231.979177
171,62,15107.932743
171,63,15042.485216
171,64,14943.837675
171,67,14853.879778
171,73,14830.275567
171,75,14719.865257
171,77,14686.141876
171,84,14603.484471
172,44,16484.963826
172,45,15935.277064
172,46,15746.083521
172,47,15732.132936
172,48,15668.322120
172,49,15590.026572
172,50,15571.979814
172,51,15373.253697
172,53,15300.836374
172,55,15283.295331
172,56,15270.348720
172,59,15231.979177
172,62,15107.932743
172,63,15042.485216
172,64,14943.837675
172,67,14853.879778
172,73,14830.275567
172,75,14719.865257
172,77,14686.141876
172,84,14603.484471
173,44,16484.963826
173,45,15935.277064
173,46,15746.083521
173,47,15732.132936
173,48,15668.322120
173,49,15590.026572
173,50,15571.979814
173,51,15373.253697
173,53,15300.836374
173,55,15283.295331
173,56,15270.348720
173,58,15217.111986
173,62,15107.932743
173,63,15042.485216
173,64,14943.837675
173,67,14853.879778
173,73,14830.275567
173,75,14719.865257
173,77,14686.141876
173,84,14603.484471
174,44,16484.963826
174,45,15935.277064
174,46,15746.083521
174,47,15732.132936
174,48,15668.322120
174,49,15590.026572
174,50,15571.979814
174,51,15373.253697
174,53,15300.836374
174,55,15283.295331
174,56,15182.036330
174,61,15076.480090
174,63,15042.485216
174,64,14921.148673
174,67,14850.886199
174,73,14666.916631
174,83,14575.084001
175,44,16484.963826
175,45,15935.277064
175,46,15746.083521
175,47,15732.132936
175,48,15668.322120
175,49,15590.026572
175,50,15503.122376
175,51,15373.253697
175,53,15300.836374
175,55,15283.295331
175,56,15182.036330
175,61,15076.480090
175,63,15042.485216
175,64,14921.148673
175,67,14850.886199
175,73,14666.916631
175,75,14609.948975
175,83,14575.084001
176,44,16484.963826
176,45,15935.277064
176,46,15746.083521
176,47,15732.132936
176,48,15668.322120
176,49,15590.026572
176,50,15503.122376
176,51,15373.253697
176,53,15300.836374
176,54,15296.417180
176,55,15279.066187
176,56,15182.036330
176,61,15076.480090
176,63,15042.485216
176,64,14921.148673
176,67,14850.886199
176,73,14666.916631
176,75,14609.948975
176,83,14575.084001
177,43,18050.368743
177,44,16484.963826
177,45,15935.277064
177,46,15746.083521
177,47,15732.132936
177,48,15668.322120
177,49,15590.026572
177,50,15503.122376
177,51,15373.253697
177,53,15300.836374
177,54,15296.417180
177,55,15279.066187
177,56,15182.036330
177,60,15170.747242
177,61,15076.480090
177,63,15042.485216
177,64,14921.148673
177,67,14850.886199
177,73,14666.916631
177,75,14609.948975
177,76,14602.756902
177,83,14575.084001
178,43,16448.693498
178,45,15935.277064
178,46,15746.083521
178,47,15732.132936
178,48,15668.322120
178,49,15590.026572
178,50,15503.122376
178,51,15346.271066
178,53,15300.836374
178,54,15296.417180
178,55,15279.066187
178,56,15182.036330
178,60,15170.747242
178,61,15076.480090
178,63,15042.485216
178,64,14921.148673
178,67,14850.886199
178,70,14774.912317
178,73,14666.916631
178,75,14609.948975
178,76,14602.756902
178,78,14600.136441
178,83,14575.084001
179,43,16448.693498
179,45,15935.277064
179,46,15746.083521
179,47,15732.132936
179,48,15668.322120
179,49,15590.026572
179,50,15503.122376
179,51,15346.271066
179,53,15300.836374
179,54,15296.417180
179,55,15188.686447
179,56,15182.036330
179,60,15170.747242
179,61,15076.480090
179,63,15042.485216
179,64,14853.303162
179,67,14850.886199
179,70,14774.307355
179,73,14648.388816
179,74,14576.568437
179,83,14536.141847
180,43,16448.693498
180,45,15935.277064
180,46,15746.083521
180,47,15732.132936
180,48,15668.322120
180,49,15590.026572
180,50,15503.122376
180,51,15346.271066
180,53,15300.836374
180,54,15211.485314
180,55,15188.686447
180,56,15182.036330
180,60,15170.747242
180,61,15064.163278
180,63,15019.418491
180,64,14853.303162
180,67,14850.886199
180,70,14774.307355
180,73,14648.388816
180,74,14576.568437
180,83,14536.141847
181,43,16448.693498
181,45,15935.277064
181,46,15746.083521
181,47,15732.132936
181,48,15668.322120
181,49,15490.507234
181,51,15346.271066
181,53,15300.836374
181,54,15211.485314
181,55,15188.686447
181,56,15182.036330
181,60,15170.747242
181,61,15064.163278
181,62,15043.509651
181,63,15019.418491
181,64,14853.303162
181,67,14850.886199
181,70,14774.307355
181,73,14648.388816
181,74,14576.568437
181,83,14536.141847
182,42,16852.533898
182,43,16448.693498
182,45,15935.277064
182,46,15746.083521
182,47,15732.132936
182,48,15609.772491
182,49,15490.507234
182,51,15346.271066
182,53,15300.836374
182,54,15211.485314
182,55,15188.686447
182,56,15182.036330
182,58,15172.902573
182,60,14957.677358
182,64,14853.303162
182,67,14850.886199
182,70,14774.307355
182,73,14626.339305
182,74,14576.568437
182,83,14536.141847
183,42,16852.533898
183,43,16448.693498
183,45,15935.277064
183,46,15746.083521
183,47,15630.202011
183,48,15609.772491
183,49,15490.507234
183,51,15346.271066
183,53,15300.836374
183,54,15211.485314
183,55,15188.686447
183,56,15182.036330
183,58,15172.902573
183,60,14957.677358
183,64,14853.303162
183,67,14850.886199
183,70,14774.307355
183,73,14626.339305
183,74,14576.568437
183,83,14536.141847
184,42,16808.171735
184,43,16448.693498
184,44,16398.688158
184,45,15935.277064
184,46,15746.083521
184,47,15629.076607
184,48,15609.772491
184,49,15490.507234
184,51,15346.271066
184,53,15300.836374
184,54,15211.485314
184,55,15188.686447
184,56,15146.177181
184,58,15143.067258
184,59,14949.904688
184,61,14939.639991
184,64,14839.243270
184,66,14795.264657
184,70,14769.183263
184,72,14538.636119
184,83,14520.570302
185,42,16610.835143
185,43,16448.693498
185,44,16398.688158
185,45,15935.277064
185,46,15746.083521
185,47,15629.076607
185,48,15609.772491
185,49,15490.507234
185,51,15346.271066
185,53,15300.836374
185,54,15211.485314
185,55,15188.686447
185,56,15146.177181
185,58,15143.067258
185,59,14949.904688
185,61,14939.639991
185,64,14839.243270
185,66,14795.264657
185,70,14769.183263
185,72,14538.636119
185,83,14520.570302
186,42,16610.835143
186,43,16424.379192
186,44,16398.688158
186,45,15935.277064
186,46,15746.083521
186,47,15629.076607
186,48,15609.772491
186,49,15490.507234
186,51,15346.271066
186,53,15300.836374
186,54,15211.485314
186,55,15188.686447
186,56,15098.733180
186,59,14949.904688
186,61,14939.639991
186,64,14839.243270
186,66,14795.264657
186,67,14732.342976
186,72,14538.636119
186,83,14520.570302
187,42,16610.835143
187,43,16424.379192
187,44,16398.688158
187,45,15935.277064
187,46,15746.083521
187,47,15629.076607
187,48,15609.772491
187,49,15490.507234
187,51,15346.271066
187,53,15300.836374
187,54,15211.485314
187,55,15188.686447
187,56,15098.733180
187,59,14949.904688
187,61,14939.639991
187,64,14839.243270
187,66,14795.264657
187,67,14732.342976
187,72,14538.636119
187,83,14520.570302
188,42,16363.539155
188,45,15935.277064
188,46,15746.083521
188,47,15629.076607
188,48,15609.772491
188,49,15490.507234
188,51,15346.271066
188,53,15300.836374
188,54,15211.485314
188,55,15188.686447
188,56,15098.733180
188,59,14949.904688
188,61,14939.639991
188,64,14839.243270
188,66,14795.264657
188,67,14732.342976
188,72,14538.636119
188,76,14530.188302
188,83,14520.570302
189,42,16363.539155
189,44,16275.771488
189,45,15928.058856
189,46,15746.083521
189,47,15592.759401
189,49,15490.507234
189,51,15346.271066
189,52,15327.811516
189,53,15300.836374
189,54,15211.485314
189,55,15053.007213
189,58,14914.264944
189,64,14839.243270
189,66,14795.264657
189,67,14662.078362
189,72,14538.636119
189,73,14489.944148
190,42,16363.539155
190,44,16275.771488
190,45,15928.058856
190,46,15746.083521
190,47,15570.866674
190,49,15490.507234
190,51,15346.271066
190,52,15327.811516
190,53,15300.836374
190,54,15003.981186
190,56,15000.095957
190,58,14914.264944
190,62,14859.696008
190,64,14839.243270
190,66,14795.264657
190,67,14662.078362
190,72,14538.636119
190,73,14489.944148
191,42,16363.539155
191,44,16275.771488
191,45,15928.058856
191,46,15746.083521
191,47,15570.866674
191,48,15544.586787
191,49,15490.507234
191,51,15346.271066
191,52,15327.811516
191,53,15289.792691
191,54,15003.981186
191,56,15000.095957
191,58,14914.264944
191,60,14868.511419
191,62,14859.696008
191,64,14839.243270
191,66,14795.264657
191,67,14662.078362
191,72,14538.636119
191,73,14489.944148
192,42,16363.539155
192,44,16275.771488
192,45,15928.058856
192,46,15746.083521
192,47,15570.866674
192,48,15502.767531
192,49,15490.507234
192,51,15346.271066
192,52,15327.811516
192,53,15289.792691
192,54,15003.981186
192,56,15000.095957
192,57,14899.869652
192,60,14868.511419
192,62,14859.696008
192,64,14839.243270
192,66,14795.264657
192,67,14662.078362
192,72,14538.636119
192,73,14489.944148
193,42,16363.539155
193,44,16275.771488
193,45,15928.058856
193,46,15746.083521
193,47,15570.866674
193,48,15502.767531
193,49,15490.507234
193,50,15445.555669
193,51,15279.285568
193,54,14976.682608
193,57,14899.869652
193,59,14870.236797
193,60,14868.511419
193,62,14859.696008
193,63,14845.959469
193,64,14839.243270
193,66,14795.264657
193,67,14662.078362
193,72,14538.636119
193,73,14489.944148
194,41,16772.078609
194,42,16363.539155
194,44,16275.771488
194,45,15928.058856
194,46,15714.029057
194,47,15570.866674
194,48,15502.767531
194,49,15490.507234
194,50,15445.555669
194,51,15178.081351
194,54,14901.235164
194,57,14873.856424
194,59,14823.752163
194,64,14791.694026
194,67,14662.078362
194,72,14503.910827
194,73,14468.053409
195,41,16772.078609
195,42,16363.539155
195,43,16363.380221
195,44,16275.771488
195,45,15928.058856
195,46,15714.029057
195,47,15570.866674
195,48,15502.767531
195,49,15490.507234
195,50,15445.555669
195,51,15178.081351
195,53,14946.687074
195,54,14901.235164
195,57,14873.856424
195,59,14740.802303
195,66,14736.931209
195,67,14662.078362
195,72,14503.910827
195,73,14468.053409
196,41,16772.078609
196,42,16363.539155
196,43,16363.380221
196,44,15969.106518
196,45,15877.254900
196,46,15714.029057
196,47,15570.866674
196,48,15502.767531
196,49,15490.507234
196,50,15445.555669
196,51,15178.081351
196,53,14946.687074
196,54,14901.235164
196,57,14873.856424
196,59,14740.802303
196,66,14736.931209
196,67,14662.078362
196,71,14637.200554
196,72,14503.910827
196,73,14468.053409
196,79,14465.711819
197,41,16772.078609
197,42,16363.539155
197,43,16363.380221
197,44,15855.340333
197,46,15714.029057
197,47,15570.866674
197,48,15502.767531
197,49,15490.507234
197,50,15445.555669
197,51,15178.081351
197,53,14946.687074
197,54,14901.235164
197,57,14873.856424
197,59,14740.802303
197,66,14736.931209
197,67,14662.078362
197,71,14637.200554
197,72,14503.910827
197,73,14468.053409
197,79,14465.711819
198,41,16772.078609
198,42,16363.539155
198,43,16363.380221
198,44,15855.340333
198,45,15855.150157
198,46,15714.029057
198,47,15570.866674
198,48,15502.767531
198,49,15490.507234
198,50,15445.555669
198,51,15178.081351
198,53,14946.687074
198,54,14901.235164
198,57,14873.856424
198,59,14740.802303
198,66,14736.931209
198,67,14662.078362
198,71,14637.200554
198,72,14503.910827
198,73,14468.053409
198,79,14465.711819
199,41,16772.078609
199,42,16363.539155
199,43,16363.380221
199,44,15776.007450
199,46,15688.498286
199,47,15570.866674
199,48,15502.767531
199,49,15490.507234
199,50,15445.555669
199,51,15178.081351
199,53,14834.595904
199,56,14754.022510
199,59,14740.802303
199,66,14596.771431
199,72,14503.910827
199,73,14468.053409
199,79,14465.711819
200,41,16772.078609
200,42,16363.539155
200,43,16363.380221
200,44,15776.007450
200,46,15688.498286
200,47,15570.866674
200,48,15502.767531
200,49,15389.503503
200,51,15178.081351
200,53,14834.595904
200,56,14754.022510
200,59,14740.802303
200,66,14596.771431
200,72,14503.910827
200,73,14468.053409
200,79,14465.711819
201,41,16772.078609
201,42,16363.539155
201,43,16363.380221
201,44,15776.007450
201,46,15688.498286
201,47,15536.082998
201,48,15502.767531
201,49,15361.773869
201,51,15178.081351
201,53,14834.595904
201,56,14754.022510
201,59,14740.802303
201,66,14596.771431
201,72,14503.910827
201,73,14468.053409
201,79,14465.711819
202,41,16772.078609
202,42,16363.539155
202,43,16363.380221
202,44,15776.007450
202,46,15688.498286
202,47,15536.082998
202,48,15454.635178
202,49,15361.773869
202,51,15178.081351
202,53,14834.595904
202,56,14754.022510
202,59,14740.802303
202,66,14596.771431
202,72,14503.910827
202,73,14468.053409
202,79,14465.711819
202,83,14434.519130
203,41,16757.446522
203,42,16363.539155
203,43,16363.380221
203,44,15690.537153
203,46,15688.498286
203,47,15536.082998
203,48,15454.635178
203,49,15361.773869
203,51,15178.081351
203,53,14834.595904
203,55,14792.181164
203,56,14754.022510
203,59,14740.802303
203,64,14639.834555
203,66,14596.771431
203,72,14503.910827
203,73,14468.053409
203,79,14465.711819
203,83,14434.519130
204,41,16757.446522
204,42,16363.539155
204,43,16352.171251
204,44,15690.537153
204,45,15529.286789
204,48,15454.635178
204,49,15361.773869
204,51,15153.358452
204,53,14822.988708
204,55,14785.976397
204,56,14743.920314
204,59,14698.435543
204,64,14639.834555
204,66,14590.592238
204,71,14477.995535
204,73,14468.053409
204,79,14465.711819
204,83,14434.519130
205,41,16757.446522
205,42,16363.539155
205,43,16352.171251
205,44,15690.537153
205,45,15529.286789
205,48,15454.635178
205,49,15326.433312
205,51,15153.358452
205,52,15120.921501
205,53,14822.988708
205,55,14785.976397
205,56,14743.920314
205,59,14698.435543
205,60,14643.190074
205,64,14639.834555
205,66,14590.592238
205,69,14548.758094
205,71,14477.995535
205,73,14468.053409
205,79,14465.711819
205,83,14434.519130
206,41,16757.446522
206,42,16363.539155
206,43,16352.171251
206,44,15662.669249
206,45,15529.286789
206,48,15454.635178
206,49,15326.433312
206,51,15153.358452
206,52,15120.921501
206,53,14822.988708
206,55,14785.976397
206,56,14743.920314
206,59,14698.435543
206,60,14643.190074
206,64,14639.834555
206,66,14590.592238
206,69,14548.758094
206,71,14477.995535
206,73,14468.053409
206,79,14465.711819
206,83,14434.519130
207,41,16757.446522
207,42,16355.030990
207,43,16352.171251
207,44,15662.669249
207,45,15529.286789
207,47,15499.779372
207,48,15454.635178
207,49,15212.987165
207,51,15153.358452
207,52,15120.921501
207,53,14822.988708
207,55,14785.976397
207,56,14743.920314
207,59,14698.435543
207,60,14643.190074
207,64,14639.834555
207,66,14590.592238
207,69,14548.758094
207,71,14477.995535
207,73,14468.053409
207,79,14465.711819
207,81,14331.413995
207,85,14293.912113
208,41,16757.446522
208,42,16316.141532
208,44,15662.669249
208,45,15529.286789
208,47,15409.825403
208,49,15212.987165
208,50,15158.844429
208,51,15103.382241
208,53,14822.988708
208,55,14785.976397
208,56,14743.920314
208,59,14670.888592
208,60,14643.190074
208,62,14626.320175
208,66,14590.592238
208,69,14548.758094
208,71,14477.995535
208,73,14468.053409
208,79,14465.711819
208,81,14331.413995
208,85,14293.912113
209,41,16757.446522
209,42,16316.141532
209,44,15662.669249
209,45,15529.286789
209,47,15409.825403
209,49,15212.987165
209,50,15158.844429
209,51,15047.343244
209,53,14822.988708
209,55,14785.976397
209,56,14743.920314
209,59,14656.701157
209,60,14634.492329
209,62,14584.814235
209,66,14558.598974
209,68,14521.263783
209,70,14450.558936
209,72,14425.658667
209,80,14298.712496
209,85,14287.541214
210,41,16742.756919
210,42,16230.475982
210,43,15929.700516
210,44,15620.550791
210,45,15498.190346
210,46,15424.063058
210,47,15409.825403
210,49,15212.987165
210,50,15158.844429
210,51,15047.343244
210,53,14822.988708
210,55,14785.976397
210,56,14743.920314
210,59,14656.701157
210,60,14634.492329
210,62,14584.814235
210,64,14521.809225
210,68,14521.263783
210,70,14450.558936
210,72,14425.658667
210,80,14298.712496
210,85,14287.541214
211,41,16742.756919
211,42,16176.725855
211,43,15929.700516
211,44,15595.883390
211,45,15498.190346
211,46,15424.063058
211,47,15409.825403
211,49,15212.987165
211,50,15158.844429
211,51,15047.343244
211,53,14822.988708
211,55,14785.976397
211,56,14743.920314
211,59,14656.701157
211,60,14634.492329
211,62,14584.814235
211,64,14521.809225
211,68,14521.263783
211,70,14450.558936
211,72,14425.658667
211,80,14298.712496
211,85,14287.541214
212,41,16742.756919
212,42,16176.725855
212,43,15929.700516
212,44,15595.883390
212,45,15365.746144
212,49,15212.987165
212,50,15125.393389
212,51,15047.343244
212,53,14822.988708
212,55,14785.976397
212,56,14743.920314
212,59,14656.701157
212,60,14634.492329
212,62,14584.814235
212,64,14521.809225
212,68,14521.263783
212,70,14450.558936
212,72,14425.658667
212,80,14298.712496
212,85,14287.541214
213,41,16742.756919
213,42,16176.725855
213,43,15929.700516
213,44,15595.883390
213,45,15365.746144
213,49,15212.987165
213,50,15125.393389
213,51,15047.343244
213,53,14822.988708
213,55,14785.976397
213,56,14743.920314
213,59,14656.701157
213,60,14634.492329
213,62,14584.814235
213,64,14521.809225
213,68,14521.263783
213,70,14450.558936
213,72,14425.658667
213,80,14298.712496
213,85,14287.541214
214,41,16742.756919
214,42,16176.725855
214,43,15929.700516
214,44,15595.883390
214,45,15365.746144
214,49,15212.987165
214,50,15116.285848
214,51,15047.343244
214,53,14822.988708
214,55,14785.976397
214,56,14743.920314
214,59,14621.456619
214,62,14569.761209
214,64,14483.062940
214,70,14450.558936
214,72,14425.658667
214,80,14250.638667
215,41,16742.756919
215,42,16176.725855
215,43,15929.700516
215,44,15595.883390
215,45,15365.746144
215,49,15212.987165
215,50,15116.285848
215,51,15047.343244
215,53,14822.988708
215,55,14785.976397
215,56,14743.920314
215,59,14621.456619
215,62,14569.761209
215,64,14483.062940
215,70,14450.558936
215,72,14425.658667
215,80,14250.638667
216,41,16742.756919
216,42,16176.725855
216,43,15929.700516
216,44,15595.883390
216,45,15365.746144
216,49,15212.987165
216,50,15116.285848
216,51,15047.343244
216,53,14822.988708
216,55,14785.976397
216,56,14743.920314
216,58,14665.366060
216,59,14621.456619
216,62,14569.761209
216,64,14483.062940
216,70,14450.558936
216,72,14425.658667
216,80,14250.638667
217,41,16742.756919
217,42,16113.609739
217,43,15929.700516
217,44,15595.883390
217,45,15365.746144
217,49,15212.987165
217,50,15008.830120
217,53,14822.988708
217,55,14785.976397
217,56,14743.920314
217,58,14665.366060
217,59,14621.456619
217,62,14569.761209
217,64,14483.062940
217,70,14450.558936
217,72,14425.658667
217,80,14250.638667
218,41,16742.756919
218,42,16113.609739
218,43,15929.700516
218,44,15595.883390
218,45,15365.746144
218,49,15212.987165
218,50,15008.830120
218,53,14822.988708
218,55,14704.336836
218,58,14665.366060
218,59,14621.456619
218,62,14569.761209
218,64,14483.062940
218,70,14450.558936
218,72,14425.658667
218,80,14250.638667
219,41,16742.756919
219,42,16083.759695
219,43,15904.944701
219,44,15595.883390
219,45,15365.746144
219,49,15182.834046
219,50,14975.266483
219,53,14807.891647
219,55,14704.336836
219,58,14665.366060
219,59,14437.688360
219,70,14436.629370
219,71,14422.453099
219,80,14250.638667
220,41,16742.756919
220,42,16083.759695
220,43,15743.810634
220,44,15435.474737
220,45,15365.746144
220,49,15182.834046
220,50,14975.266483
220,53,14807.891647
220,54,14758.067482
220,55,14704.336836
220,58,14665.366060
220,59,14437.688360
220,70,14436.629370
220,71,14422.453099
220,80,14250.638667
220,84,14241.292367
221,41,16742.756919
221,42,16083.759695
221,43,15681.633533
221,44,15435.474737
221,45,15365.746144
221,46,15353.264578
221,49,15182.834046
221,50,14975.266483
221,53,14807.891647
221,54,14758.067482
221,55,14704.336836
221,58,14665.366060
221,59,14437.688360
221,70,14436.629370
221,71,14422.453099
221,80,14250.638667
221,84,14241.292367
222,41,16742.756919
222,42,16083.759695
222,43,15681.633533
222,44,15435.474737
222,45,15365.746144
222,46,15353.264578
222,49,15182.834046
222,50,14975.266483
222,53,14807.891647
222,54,14758.067482
222,55,14704.336836
222,58,14665.366060
222,59,14437.688360
222,63,14417.073576
222,80,14250.638667
222,84,14241.292367
223,41,16742.756919
223,42,16083.759695
223,43,15681.633533
223,44,15435.474737
223,45,15365.746144
223,46,15353.264578
223,48,15239.818785
223,49,15182.834046
223,50,14975.266483
223,53,14807.891647
223,54,14758.067482
223,55,14704.336836
223,58,14665.366060
223,59,14437.688360
223,63,14417.073576
223,80,14250.638667
223,84,14231.981287
224,41,16742.756919
224,42,16008.860467
224,43,15681.633533
224,44,15435.474737
224,45,15365.746144
224,46,15304.517784
224,48,15239.818785
224,49,15141.310014
224,50,14962.084201
224,53,14807.891647
224,54,14743.645336
224,55,14655.992856
224,59,14437.688360
224,63,14414.722040
224,80,14250.638667
224,84,14231.981287
225,41,16742.756919
225,42,16008.860467
225,43,15681.633533
225,44,15435.474737
225,45,15365.746144
225,46,15304.517784
225,48,15239.818785
225,49,15141.310014
225,50,14962.084201
225,53,14788.152109
225,54,14743.645336
225,55,14655.992856
225,59,14437.688360
225,63,14414.722040
225,66,14410.747874
225,80,14250.638667
225,84,14231.981287
226,41,16742.756919
226,42,16008.860467
226,43,15681.633533
226,44,15435.474737
226,45,15365.571256
226,46,15304.517784
226,48,15239.818785
226,49,15141.310014
226,50,14962.084201
226,53,14788.152109
226,54,14743.645336
226,55,14655.992856
226,59,14437.688360
226,63,14414.722040
226,65,14366.818954
226,80,14250.638667
226,84,14231.981287
227,41,16503.701416
227,42,16008.860467
227,43,15681.633533
227,44,15435.474737
227,45,15365.571256
227,46,15304.517784
227,48,15239.818785
227,49,15141.310014
227,50,14962.084201
227,53,14788.152109
227,54,14743.645336
227,55,14655.992856
227,59,14437.688360
227,63,14414.722040
227,65,14366.818954
227,80,14250.638667
227,84,14231.981287
228,41,16503.701416
228,42,16008.860467
228,43,15681.633533
228,44,15435.474737
228,45,15365.571256
228,46,15304.517784
228,48,15239.818785
228,49,15141.310014
228,50,14962.084201
228,53,14788.152109
228,54,14743.645336
228,55,14655.992856
228,59,14437.688360
228,63,14414.722040
228,65,14366.818954
228,80,14250.638667
228,84,14231.981287
229,41,16503.701416
229,42,16008.860467
229,43,15681.633533
229,44,15435.474737
229,45,15350.522078
229,46,15304.517784
229,47,15282.251358
229,48,15205.003807
229,49,14947.806284
229,53,14786.138932
229,54,14743.645336
229,55,14628.153206
229,59,14423.858725
229,63,14406.299306
229,65,14336.796831
229,80,14250.638667
229,84,14221.945171
230,41,16503.701416
230,42,16008.860467
230,43,15644.850067
230,44,15435.474737
230,45,15350.522078
230,46,15159.361810
230,49,14947.806284
230,53,14786.138932
230,54,14743.645336
230,55,14628.153206
230,57,14624.238437
230,59,14423.858725
230,63,14406.299306
230,65,14336.796831
230,80,14250.638667
230,84,14221.945171
231,41,16503.701416
231,42,16008.860467
231,43,15644.850067
231,44,15435.474737
231,45,15302.092277
231,46,15159.361810
231,48,15136.208894
231,49,14947.806284
231,53,14786.138932
231,54,14743.645336
231,55,14537.382850
231,59,14423.858725
231,63,14406.299306
231,65,14336.796831
231,80,14234.906418
231,84,14221.945171
232,41,16503.701416
232,42,16008.860467
232,43,15598.147948
232,44,15435.474737
232,45,15302.092277
232,46,15159.361810
232,48,15136.208894
232,49,14947.806284
232,53,14786.138932
232,54,14743.645336
232,55,14537.382850
232,59,14423.858725
232,63,14406.299306
232,65,14336.796831
232,80,14234.906418
232,83,14225.765581
232,84,14221.945171
233,41,16503.701416
233,42,16008.860467
233,43,15598.147948
233,44,15384.547890
233,45,15302.092277
233,46,15159.361810
233,48,15136.208894
233,49,14947.806284
233,53,14786.138932
233,54,14441.910598
233,59,14423.858725
233,63,14406.299306
233,65,14336.796831
233,80,14234.906418
233,83,14225.765581
233,84,14221.945171
234,41,16503.701416
234,42,16008.860467
234,43,15598.147948
234,44,15384.547890
234,45,15302.092277
234,46,15159.361810
234,48,15136.208894
234,49,14947.806284
234,52,14934.562848
234,53,14786.138932
234,54,14441.910598
234,59,14423.858725
234,62,14377.101763
234,64,14326.171776
234,71,14314.234035
234,80,14217.486766
234,82,14194.493274
235,40,16072.219361
235,42,16008.860467
235,43,15598.147948
235,44,15384.547890
235,45,15302.092277
235,46,15159.361810
235,48,15136.208894
235,49,14947.806284
235,52,14934.562848
235,53,14786.138932
235,54,14441.910598
235,59,14423.858725
235,62,14377.101763
235,64,14326.171776
235,71,14314.234035
235,80,14217.486766
235,82,14194.493274
236,40,16072.219361
236,42,16008.860467
236,43,15598.147948
236,44,15384.547890
236,45,15292.124699
236,46,15159.361810
236,47,15091.930650
236,49,14947.806284
236,51,14833.448841
236,53,14786.138932
236,54,14441.910598
236,59,14423.858725
236,62,14377.101763
236,64,14326.171776
236,71,14314.234035
236,80,14217.486766
236,82,14194.493274
237,40,16072.219361
237,42,16008.860467
237,43,15598.147948
237,44,15353.502613
237,45,15292.124699
237,46,15106.611583
237,47,15091.930650
237,49,14947.806284
237,51,14833.448841
237,53,14786.138932
237,54,14441.910598
237,59,14423.858725
237,62,14377.101763
237,64,14326.171776
237,68,14286.689210
237,80,14217.486766
237,82,14194.493274
238,40,16072.219361
238,42,16008.860467
238,43,15598.147948
238,44,15302.618539
238,45,15292.124699
238,46,15106.611583
238,47,15091.930650
238,49,14947.806284
238,51,14833.448841
238,53,14786.138932
238,54,14441.910598
238,59,14423.858725
238,62,14377.101763
238,64,14326.171776
238,68,14286.689210
238,71,14245.903156
238,79,14210.003491
238,82,14194.493274
239,40,16072.219361
239,42,16008.860467
239,43,15598.147948
239,44,15302.618539
239,45,15292.124699
239,46,15106.611583
239,47,15091.930650
239,49,14947.806284
239,51,14833.448841
239,53,14786.138932
239,54,14441.910598
239,56,14348.998331
239,62,14339.777276
239,64,14326.171776
239,68,14286.689210
239,71,14245.903156
239,79,14124.510650
240,40,16072.219361
240,42,16008.860467
240,43,15598.147948
240,44,15302.618539
240,45,15292.124699
240,46,15106.611583
240,47,15091.930650
240,49,14947.806284
240,51,14833.448841
240,53,14786.138932
240,54,14441.910598
240,56,14348.998331
240,60,14289.650854
240,68,14286.689210
240,71,14245.903156
240,79,14124.510650
241,40,16072.219361
241,42,16008.860467
241,43,15598.147948
241,44,15302.618539
241,45,15292.124699
241,46,15106.611583
241,47,15091.930650
241,49,14947.806284
241,51,14833.448841
241,52,14764.116955
241,54,14441.910598
241,56,14348.998331
241,60,14289.650854
241,68,14286.689210
241,71,14245.903156
241,79,14124.510650
242,40,16072.219361
242,42,16008.860467
242,43,15598.147948
242,44,15302.618539
242,45,15292.124699
242,46,15106.611583
242,47,15091.930650
242,49,14947.806284
242,51,14833.448841
242,52,14764.116955
242,54,14441.910598
242,56,14348.998331
242,60,14289.650854
242,66,14255.636149
242,71,14245.903156
242,79,14124.510650
243,40,16072.219361
243,42,16008.860467
243,43,15598.147948
243,44,15302.618539
243,45,15292.124699
243,46,15106.611583
243,47,15091.930650
243,49,14947.806284
243,51,14833.448841
243,52,14764.116955
243,54,14441.910598
243,56,14348.998331
243,60,14289.650854
243,64,14236.614888
243,65,14212.786658
243,79,14124.510650
244,40,16072.219361
244,42,16008.860467
244,43,15598.147948
244,44,15302.618539
244,45,15292.124699
244,46,15106.611583
244,47,15017.855454
244,49,14922.328756
244,51,14833.448841
244,52,14752.023982
244,54,14440.596934
244,56,14348.998331
244,60,14289.650854
244,62,14206.441756
244,79,14095.008502
245,40,16072.219361
245,42,16008.860467
245,43,15598.147948
245,44,15302.618539
245,45,15292.124699
245,46,15101.447645
245,47,15017.855454
245,49,14922.328756
245,51,14833.448841
245,52,14752.023982
245,54,14440.596934
245,56,14348.998331
245,60,14289.650854
245,62,14206.441756
245,79,14095.008502
246,40,16072.219361
246,42,16008.860467
246,43,15598.147948
246,44,15302.618539
246,45,15292.124699
246,46,15101.447645
246,47,15017.855454
246,49,14922.328756
246,51,14833.448841
246,52,14752.023982
246,54,14440.596934
246,56,14348.998331
246,60,14289.650854
246,62,14206.441756
246,79,14095.008502
247,40,16072.219361
247,42,16008.860467
247,43,15598.147948
247,44,15302.618539
247,45,15188.941237
247,46,15101.447645
247,47,15017.855454
247,49,14922.328756
247,51,14833.448841
247,52,14752.023982
247,54,14440.596934
247,56,14348.998331
247,60,14289.650854
247,62,14206.441756
247,79,14095.008502
248,40,16072.219361
248,42,16008.860467
248,43,15598.147948
248,44,15302.618539
248,45,15188.941237
248,46,15101.447645
248,47,15017.855454
248,49,14922.328756
248,51,14833.448841
248,52,14752.023982
248,54,14440.596934
248,56,14348.998331
248,60,14282.994135
248,62,14206.441756
248,79,14095.008502
249,40,16072.219361
249,42,16008.860467
249,43,15598.147948
249,44,15302.618539
249,45,15188.941237
249,46,15081.256108
249,47,15017.855454
249,49,14922.328756
249,51,14833.448841
249,52,14752.023982
249,54,14414.490889
249,56,14334.810896
249,60,14282.994135
249,62,14206.441756
249,79,14091.978552
250,40,16072.219361
250,42,16008.860467
250,43,15598.147948
250,44,15302.618539
250,45,15188.941237
250,46,15081.256108
250,47,15017.855454
250,49,14922.328756
250,51,14833.448841
250,52,14752.023982
250,54,14364.210765
250,56,14334.810896
250,60,14282.994135
250,62,14206.441756
250,63,14186.136810
250,79,14091.978552
251,40,16072.219361
251,42,15863.980314
251,43,15598.147948
251,44,15302.618539
251,45,15188.941237
251,46,15081.256108
251,47,15017.855454
251,49,14922.328756
251,51,14632.389616
251,54,14364.210765
251,56,14334.810896
251,60,14282.994135
251,62,14206.441756
251,63,14186.136810
251,79,14091.978552
252,40,16072.219361
252,42,15863.980314
252,43,15598.147948
252,44,15302.618539
252,45,15188.941237
252,46,15081.256108
252,47,15017.855454
252,49,14922.328756
252,51,14632.389616
252,54,14364.210765
252,56,14334.810896
252,60,14275.732818
252,62,14206.441756
252,63,14186.136810
252,64,14144.636526
252,79,14091.978552
253,40,16072.219361
253,42,15863.980314
253,43,15598.147948
253,44,15302.618539
253,45,15188.941237
253,46,15081.256108
253,47,15017.855454
253,49,14922.328756
253,51,14632.389616
253,54,14364.210765
253,56,14334.810896
253,60,14275.732818
253,62,14206.441756
253,63,14186.136810
253,64,14144.636526
253,79,14091.978552
254,40,16072.219361
254,42,15863.980314
254,43,15598.147948
254,44,15302.618539
254,45,15188.941237
254,46,15081.256108
254,47,14974.445244
254,49,14918.713722
254,51,14632.389616
254,54,14319.793647
254,60,14267.154671
254,62,14142.518795
254,79,14091.978552
255,40,16072.219361
255,42,15863.980314
255,43,15598.147948
255,44,15257.732978
255,45,15081.526342
255,46,15081.256108
255,47,14974.445244
255,49,14918.713722
255,51,14632.389616
255,53,14430.141208
255,54,14319.793647
255,57,14267.021795
255,61,14231.438134
255,62,14142.518795
255,79,14091.978552
256,40,16072.219361
256,42,15863.980314
256,43,15598.147948
256,44,15257.732978
256,45,15081.526342
256,46,15081.256108
256,47,14974.445244
256,48,14821.420056
256,51,14632.389616
256,53,14410.964280
256,54,14319.793647
256,57,14267.021795
256,61,14231.438134
256,62,14142.518795
256,79,14091.978552
256,85,14054.461648
257,40,16072.219361
257,42,15863.980314
257,43,15598.147948
257,44,15257.732978
257,45,15081.526342
257,46,15012.214631
257,47,14974.445244
257,48,14821.420056
257,51,14632.389616
257,53,14410.964280
257,54,14319.793647
257,56,14290.393778
257,57,14267.021795
257,61,14231.438134
257,62,14142.518795
257,79,14091.978552
257,82,14085.867665
257,85,14054.461648
258,40,16072.219361
258,42,15863.980314
258,43,15598.147948
258,44,15257.732978
258,45,15081.526342
258,46,15012.214631
258,47,14974.445244
258,48,14821.420056
258,51,14632.389616
258,53,14410.964280
258,54,14319.793647
258,56,14290.393778
258,57,14267.021795
258,61,14231.438134
258,62,14142.518795
258,79,14091.978552
258,82,14085.867665
258,85,14054.461648
259,40,16072.219361
259,42,15863.980314
259,43,15598.147948
259,44,15257.732978
259,45,15081.526342
259,46,15012.214631
259,47,14974.445244
259,48,14821.420056
259,51,14624.638323
259,53,14410.964280
259,54,14319.793647
259,56,14281.144600
259,57,14267.021795
259,61,14231.438134
259,62,14142.518795
259,79,14091.978552
259,82,14085.867665
259,85,14053.863217
260,40,16072.219361
260,42,15863.980314
260,43,15598.147948
260,44,15257.732978
260,45,15081.526342
260,46,15012.214631
260,47,14974.445244
260,48,14821.420056
260,51,14624.638323
260,53,14410.964280
260,54,14319.793647
260,56,14281.144600
260,57,14267.021795
260,61,14231.438134
260,62,14142.518795
260,79,14091.978552
260,82,14085.867665
260,85,14032.120087
261,40,16072.219361
261,42,15863.980314
261,43,15598.147948
261,44,15193.344619
261,45,15081.526342
261,46,15012.214631
261,47,14974.445244
261,48,14821.420056
261,51,14624.638323
261,53,14373.492530
261,54,14319.793647
261,56,14281.144600
261,57,14267.021795
261,60,14174.917205
261,62,14142.518795
261,79,14091.978552
261,82,14085.867665
261,83,13993.698069
262,40,16072.219361
262,42,15863.980314
262,43,15321.739010
262,44,15193.344619
262,45,15081.526342
262,46,15012.214631
262,47,14974.445244
262,48,14821.420056
262,51,14624.638323
262,53,14373.492530
262,54,14319.793647
262,56,14281.144600
262,57,14267.021795
262,60,14174.917205
262,62,14142.518795
262,78,14132.131163
262,79,14091.978552
262,82,14085.867665
262,83,13993.698069
263,40,16072.219361
263,42,15863.980314
263,43,15321.739010
263,44,15193.344619
263,45,15081.526342
263,46,15012.214631
263,47,14974.445244
263,48,14821.420056
263,49,14801.537631
263,51,14624.638323
263,53,14373.492530
263,54,14319.793647
263,56,14281.144600
263,57,14267.021795
263,60,14174.917205
263,62,14142.518795
263,78,14132.131163
263,79,14091.978552
263,82,14085.867665
263,83,13993.698069
264,40,16072.219361
264,42,15863.980314
264,43,15321.739010
264,44,15193.344619
264,45,15081.526342
264,46,15012.214631
264,47,14974.445244
264,48,14821.420056
264,49,14801.537631
264,51,14624.638323
264,53,14372.686957
264,54,14319.793647
264,56,14281.144600
264,57,14255.087292
264,60,14163.571180
264,62,14142.518795
264,75,14125.661739
264,79,14091.978552
264,82,14085.867665
264,83,13983.820706
265,40,16072.219361
265,42,15863.980314
265,43,15321.739010
265,44,15193.344619
265,45,15081.526342
265,46,15012.214631
265,47,14974.445244
265,48,14821.420056
265,49,14801.537631
265,51,14624.638323
265,53,14372.686957
265,54,14319.793647
265,56,14281.144600
265,57,14255.087292
265,60,14163.571180
265,62,14142.518795
265,75,14125.661739
265,79,14091.978552
265,82,14085.867665
265,83,13983.820706
266,40,16072.219361
266,42,15863.980314
266,43,15321.739010
266,44,15193.344619
266,45,15081.526342
266,46,15012.214631
266,47,14974.445244
266,48,14821.420056
266,49,14801.537631
266,51,14624.638323
266,53,14372.686957
266,54,14319.793647
266,56,14281.144600
266,57,14255.087292
266,60,14163.571180
266,62,14142.518795
266,75,14125.661739
266,79,14091.978552
266,82,14085.867665
266,83,13983.820706
267,40,16072.219361
267,42,15863.980314
267,43,15321.739010
267,44,15193.344619
267,45,15081.526342
267,46,15012.214631
267,47,14974.445244
267,48,14821.420056
267,49,14801.537631
267,51,14624.638323
267,53,14372.686957
267,54,14319.793647
267,56,14281.144600
267,57,14255.087292
267,60,14163.571180
267,62,14142.518795
267,75,14125.661739
267,79,14091.978552
267,82,14085.867665
267,83,13983.820706
268,40,16072.219361
268,42,15863.980314
268,43,15321.739010
268,44,15193.344619
268,45,15081.526342
268,46,15012.214631
268,47,14974.445244
268,48,14821.420056
268,49,14801.537631
268,51,14624.638323
268,53,14372.686957
268,54,14319.793647
268,56,14281.144600
268,57,14255.087292
268,60,14163.571180
268,62,14142.518795
268,64,14068.864912
268,83,13983.820706
269,40,16072.219361
269,42,15863.980314
269,43,15321.739010
269,44,15193.344619
269,45,15081.526342
269,46,15012.214631
269,47,14974.445244
269,48,14821.420056
269,49,14801.537631
269,51,14624.638323
269,53,14372.686957
269,54,14319.793647
269,55,14296.359335
269,56,14281.144600
269,57,14248.694382
269,60,14163.571180
269,62,14142.518795
269,64,14061.485948
269,80,13942.251147
270,40,16072.219361
270,42,15863.980314
270,43,15321.739010
270,44,15193.344619
270,45,15081.526342
270,46,15012.214631
270,47,14974.445244
270,48,14821.420056
270,49,14801.537631
270,51,14619.093822
270,53,14372.686957
270,54,14319.793647
270,55,14296.359335
270,56,14281.144600
270,57,14248.694382
270,60,14163.571180
270,62,14076.297423
270,64,14061.485948
270,80,13942.251147
271,40,16072.219361
271,42,15863.980314
271,43,15296.521627
271,44,15104.495892
271,45,15081.526342
271,46,15012.214631
271,47,14974.445244
271,48,14821.420056
271,49,14801.537631
271,51,14619.093822
271,52,14548.618125
271,53,14372.686957
271,54,14319.793647
271,55,14296.359335
271,56,14281.144600
271,57,14248.694382
271,58,14196.659675
271,60,14163.571180
271,62,14076.297423
271,64,14061.485948
271,80,13942.251147
272,40,16072.219361
272,42,15727.887896
272,43,15260.185336
272,44,15104.495892
272,45,15049.552104
272,46,15012.214631
272,47,14974.445244
272,48,14821.420056
272,49,14801.537631
272,51,14619.093822
272,52,14548.618125
272,53,14372.686957
272,54,14319.793647
272,55,14296.359335
272,56,14281.144600
272,57,14225.593692
272,58,14196.659675
272,60,14140.255397
272,62,14076.297423
272,64,14061.485948
272,80,13942.251147
273,40,16072.219361
273,42,15727.887896
273,43,15260.185336
273,44,15104.495892
273,45,15049.552104
273,46,15012.214631
273,47,14974.445244
273,48,14821.420056
273,49,14801.537631
273,51,14531.522205
273,52,14462.900029
273,53,14372.686957
273,54,14319.793647
273,55,14296.359335
273,56,14281.144600
273,57,14225.593692
273,58,14196.659675
273,60,14140.255397
273,62,14076.297423
273,64,14061.485948
273,80,13942.251147
274,40,16072.219361
274,42,15727.887896
274,43,15260.185336
274,44,15104.495892
274,45,15049.552104
274,46,15012.214631
274,47,14974.445244
274,48,14821.420056
274,49,14801.537631
274,51,14531.522205
274,52,14462.900029
274,53,14372.686957
274,54,14312.917138
274,55,14296.359335
274,56,14211.107941
274,58,14191.805257
274,60,14140.255397
274,62,14076.297423
274,64,14061.485948
274,80,13942.251147
275,40,16072.219361
275,42,15727.887896
275,43,15195.946293
275,44,15104.495892
275,45,15049.552104
275,46,14949.155267
275,48,14821.420056
275,49,14801.537631
275,51,14531.522205
275,52,14439.000221
275,53,14372.686957
275,54,14312.917138
275,55,14296.359335
275,56,14211.107941
275,58,14191.805257
275,60,14140.255397
275,62,14076.297423
275,64,14061.485948
275,80,13942.251147
276,40,16072.219361
276,42,15408.399948
276,43,15195.946293
276,44,15104.495892
276,45,15049.552104
276,46,14949.155267
276,48,14821.420056
276,49,14801.537631
276,51,14531.522205
276,52,14439.000221
276,53,14372.686957
276,54,14312.917138
276,55,14296.359335
276,56,14211.107941
276,58,14191.805257
276,60,14140.255397
276,62,14076.297423
276,64,14061.485948
276,80,13942.251147
277,40,16072.219361
277,42,15408.399948
277,43,15195.946293
277,44,15104.495892
277,45,15049.552104
277,46,14949.155267
277,48,14821.420056
277,49,14801.537631
277,51,14531.522205
277,52,14439.000221
277,53,14372.686957
277,54,14312.917138
277,55,14296.359335
277,56,14211.107941
277,58,14191.805257
277,60,14140.255397
277,62,14076.297423
277,64,14061.485948
277,80,13942.251147
278,40,16072.219361
278,42,15408.399948
278,43,15195.946293
278,44,15104.495892
278,45,15049.552104
278,46,14949.155267
278,48,14821.420056
278,49,14801.537631
278,51,14531.522205
278,52,14439.000221
278,53,14372.686957
278,54,14312.917138
278,55,14296.359335
278,56,14211.107941
278,58,14191.805257
278,60,14140.255397
278,62,14076.297423
278,64,14061.485948
278,80,13942.251147
279,40,16072.219361
279,42,15408.399948
279,43,15195.946293
279,44,15104.495892
279,45,15049.552104
279,46,14949.155267
279,48,14821.420056
279,49,14801.537631
279,51,14531.522205
279,52,14439.000221
279,53,14358.574402
279,54,14281.008704
279,56,14204.662472
279,58,14159.781945
279,60,14108.320481
279,62,14076.297423
279,64,14058.624249
279,67,14021.162597
279,79,13882.633939
280,40,16072.219361
280,41,15764.526195
280,42,15408.399948
280,43,15195.946293
280,44,15104.495892
280,45,15049.552104
280,46,14949.155267
280,48,14753.808805
280,51,14531.522205
280,52,14439.000221
280,53,14358.574402
280,54,14281.008704
280,56,14204.662472
280,58,14159.781945
280,60,14108.320481
280,62,14076.297423
280,64,14058.624249
280,67,14021.162597
280,79,13882.633939
281,40,15908.837166
281,41,15764.526195
281,42,15408.399948
281,43,15195.946293
281,44,15104.495892
281,45,15049.552104
281,46,14949.155267
281,48,14753.808805
281,51,14531.522205
281,52,14386.276967
281,53,14358.574402
281,54,14281.008704
281,56,14204.662472
281,58,14159.781945
281,60,14108.320481
281,62,14076.297423
281,64,14058.624249
281,65,14013.469837
281,79,13882.633939
282,40,15908.837166
282,41,15764.526195
282,42,15408.399948
282,43,15195.946293
282,44,15104.495892
282,45,15049.552104
282,46,14949.155267
282,48,14753.808805
282,51,14531.522205
282,52,14386.276967
282,53,14358.574402
282,54,14281.008704
282,56,14204.662472
282,58,14159.781945
282,60,14108.320481
282,62,14076.297423
282,64,14058.624249
282,65,14013.469837
282,79,13882.633939
283,40,15908.837166
283,41,15764.526195
283,42,15408.399948
283,43,15195.946293
283,44,15104.495892
283,45,15023.224681
283,46,14949.155267
283,48,14753.808805
283,51,14531.522205
283,52,14386.276967
283,53,14358.574402
283,54,14281.008704
283,56,14204.662472
283,58,14159.781945
283,60,14108.320481
283,62,14076.297423
283,64,14058.624249
283,65,14013.469837
283,66,13993.956759
283,79,13882.633939
284,40,15908.837166
284,41,15764.526195
284,42,15408.399948
284,43,15195.946293
284,44,15104.495892
284,45,15023.224681
284,46,14949.155267
284,48,14753.808805
284,50,14728.632687
284,51,14531.522205
284,52,14386.276967
284,53,14261.553469
284,55,14254.164229
284,56,14197.965268
284,58,14159.781945
284,60,14108.320481
284,62,14074.921050
284,64,14053.600505
284,65,13944.007754
284,79,13882.633939
285,40,15908.837166
285,41,15764.526195
285,42,15408.399948
285,43,15195.946293
285,44,15104.495892
285,45,15023.224681
285,46,14949.155267
285,48,14753.808805
285,50,14728.632687
285,51,14531.522205
285,52,14386.276967
285,53,14261.553469
285,55,14254.164229
285,56,14197.965268
285,58,14159.781945
285,60,14108.320481
285,62,14074.921050
285,64,14053.600505
285,65,13944.007754
285,79,13882.633939
286,40,15908.837166
286,41,15764.526195
286,42,15408.399948
286,43,15195.946293
286,44,15104.495892
286,45,15023.224681
286,46,14949.155267
286,47,14913.120381
286,48,14753.808805
286,50,14728.632687
286,51,14531.522205
286,52,14386.276967
286,53,14261.553469
286,55,14254.164229
286,56,14197.965268
286,58,14159.781945
286,60,14108.320481
286,62,14074.921050
286,64,14053.600505
286,65,13944.007754
286,79,13882.633939
287,40,15908.837166
287,41,15764.526195
287,42,15408.399948
287,43,15195.946293
287,44,15104.495892
287,45,15023.224681
287,46,14949.155267
287,47,14913.120381
287,48,14753.808805
287,50,14728.632687
287,51,14531.522205
287,52,14364.074951
287,53,14261.553469
287,55,14254.164229
287,56,14197.965268
287,58,14159.781945
287,60,14108.320481
287,62,14074.921050
287,64,14053.600505
287,65,13944.007754
287,79,13882.633939
288,40,15908.837166
288,41,15764.526195
288,42,15408.399948
288,43,15195.946293
288,44,15104.495892
288,45,15023.224681
288,46,14949.155267
288,47,14913.120381
288,48,14753.808805
288,50,14728.632687
288,51,14531.522205
288,52,14364.074951
288,53,14261.553469
288,55,14254.164229
288,56,14197.965268
288,58,14159.781945
288,60,14108.320481
288,62,14074.921050
288,64,13993.311844
288,65,13944.007754
288,79,13882.633939
289,40,15908.837166
289,41,15764.526195
289,42,15408.399948
289,43,15195.946293
289,44,15104.495892
289,45,15023.224681
289,46,14949.155267
289,47,14913.120381
289,48,14753.808805
289,50,14728.632687
289,51,14531.522205
289,52,14360.339162
289,53,14261.553469
289,55,14254.164229
289,56,14190.268545
289,58,14146.964927
289,60,14067.520250
289,62,14063.393054
289,64,13993.311844
289,65,13929.836959
289,79,13882.633939
290,40,15908.837166
290,41,15764.526195
290,42,15408.399948
290,43,15195.946293
290,44,15104.495892
290,45,15023.224681
290,46,14949.155267
290,47,14913.120381
290,48,14753.808805
290,50,14728.632687
290,51,14531.522205
290,52,14360.339162
290,53,14261.553469
290,55,14254.164229
290,56,14190.268545
290,58,14146.964927
290,59,14135.718758
290,60,14067.520250
290,61,14038.648639
290,64,13993.311844
290,65,13929.836959
290,79,13882.633939
291,40,15908.837166
291,41,15764.526195
291,42,15408.399948
291,43,15195.946293
291,44,15104.495892
291,45,15023.224681
291,46,14949.155267
291,47,14913.120381
291,48,14753.808805
291,50,14728.632687
291,51,14531.522205
291,52,14360.339162
291,53,14261.553469
291,54,14238.941536
291,56,14190.268545
291,58,14146.964927
291,59,14135.718758
291,60,14067.520250
291,61,14038.648639
291,64,13993.311844
291,65,13929.836959
291,79,13882.633939
292,40,15908.837166
292,41,15764.526195
292,42,15408.399948
292,43,15195.946293
292,44,15104.495892
292,45,15023.224681
292,46,14949.155267
292,47,14913.120381
292,48,14753.808805
292,50,14728.632687
292,51,14531.522205
292,52,14360.339162
292,53,14261.553469
292,54,14238.941536
292,56,14190.268545
292,58,14146.964927
292,59,14135.718758
292,60,14067.520250
292,61,14038.648639
292,64,13993.311844
292,65,13929.836959
292,79,13882.633939
293,40,15908.837166
293,41,15764.526195
293,42,15408.399948
293,43,15195.946293
293,44,15104.495892
293,45,15023.224681
293,46,14949.155267
293,47,14913.120381
293,48,14753.808805
293,50,14728.632687
293,51,14531.522205
293,52,14360.339162
293,53,14261.553469
293,54,14238.941536
293,56,14190.268545
293,58,14146.964927
293,59,14135.718758
293,60,14067.520250
293,61,14038.648639
293,64,13993.311844
293,65,13929.836959
293,79,13882.633939
293,80,13866.785723
294,40,15908.837166
294,41,15764.526195
294,42,15408.399948
294,43,15195.946293
294,44,15104.495892
294,45,15023.224681
294,46,14949.155267
294,47,14913.120381
294,48,14753.808805
294,50,14728.632687
294,51,14531.522205
294,52,14360.339162
294,53,14261.553469
294,54,14238.941536
294,56,14190.268545
294,58,14104.354875
294,59,14064.577621
294,61,14038.648639
294,64,13992.970279
294,65,13881.734596
294,80,13866.785723
295,40,15908.837166
295,41,15764.526195
295,42,15408.399948
295,43,15195.946293
295,44,15104.495892
295,45,14989.364467
295,46,14949.155267
295,47,14913.120381
295,48,14753.808805
295,50,14728.632687
295,51,14531.522205
295,52,14360.339162
295,53,14261.553469
295,54,14238.941536
295,56,14190.268545
295,58,14104.354875
295,59,14064.577621
295,61,14038.648639
295,64,13992.970279
295,65,13881.734596
295,80,13866.785723
296,40,15855.408159
296,41,15764.526195
296,42,15408.399948
296,43,15195.946293
296,44,15104.495892
296,45,14989.364467
296,46,14949.155267
296,47,14913.120381
296,48,14753.808805
296,50,14728.632687
296,51,14531.522205
296,52,14360.339162
296,53,14261.553469
296,54,14238.941536
296,56,14190.268545
296,58,14104.354875
296,59,14064.577621
296,61,14038.648639
296,64,13992.970279
296,65,13881.734596
296,80,13866.785723
297,40,15855.408159
297,41,15764.526195
297,42,15408.399948
297,43,15195.946293
297,44,15104.495892
297,45,14989.364467
297,46,14949.155267
297,47,14908.677669
297,48,14753.808805
297,50,14728.632687
297,51,14449.552652
297,52,14360.339162
297,53,14261.553469
297,54,14238.941536
297,56,14190.268545
297,58,14104.354875
297,59,14064.577621
297,61,14038.648639
297,64,13992.970279
297,65,13881.734596
297,80,13866.785723
297,82,13816.031716
298,40,15841.613549
298,41,15764.526195
298,42,15408.399948
298,43,15195.946293
298,44,15104.495892
298,45,14989.364467
298,46,14949.155267
298,47,14908.677669
298,48,14753.808805
298,49,14735.731196
298,50,14728.632687
298,51,14449.552652
298,52,14360.339162
298,53,14261.553469
298,54,14238.941536
298,56,14190.268545
298,57,14046.244566
298,61,14038.648639
298,64,13992.970279
298,65,13881.734596
298,80,13866.785723
298,82,13816.031716
299,40,15841.613549
299,41,15764.526195
299,42,15408.399948
299,43,15195.946293
299,44,15104.495892
299,45,14989.364467
299,46,14949.155267
299,47,14908.677669
299,48,14753.808805
299,49,14735.731196
299,50,14728.632687
299,51,14449.552652
299,52,14360.339162
299,53,14246.134724
299,54,13999.892678
299,64,13983.935031
299,65,13881.734596
299,78,13850.896438
299,82,13812.545942
300,40,15802.238909
300,41,15764.526195
300,42,15408.399948
300,43,15195.946293
300,44,15104.495892
300,45,14989.364467
300,46,14949.155267
300,47,14908.677669
300,48,14753.808805
300,49,14735.731196
300,50,14728.632687
300,51,14449.552652
300,52,14360.339162
300,53,14246.134724
300,54,13999.892678
300,64,13983.935031
300,65,13881.734596
300,66,13871.285873
300,78,13850.896438
300,82,13812.545942
301,40,15802.238909
301,41,15764.526195
301,42,15408.399948
301,43,15195.946293
301,44,15104.495892
301,45,14989.364467
301,46,14949.155267
301,47,14908.677669
301,48,14753.808805
301,49,14735.731196
301,50,14689.733104
301,51,14449.552652
301,52,14350.822369
301,53,14246.134724
301,54,13999.892678
301,60,13988.502967
301,63,13970.422913
301,65,13881.734596
301,66,13871.285873
301,78,13850.896438
301,82,13812.545942
302,40,15802.238909
302,41,15764.526195
302,42,15408.399948
302,43,15195.946293
302,44,15104.495892
302,45,14989.364467
302,46,14949.155267
302,47,14611.345083
302,51,14290.870645
302,53,14246.134724
302,54,13999.892678
302,60,13988.502967
302,63,13970.422913
302,65,13881.734596
302,66,13871.285873
302,78,13850.896438
302,82,13812.545942
303,40,15802.238909
303,41,15764.526195
303,42,15408.399948
303,43,15195.946293
303,44,15104.495892
303,45,14989.364467
303,46,14949.155267
303,47,14611.345083
303,51,14290.870645
303,53,14246.134724
303,54,13999.892678
303,60,13988.502967
303,63,13970.422913
303,65,13881.734596
303,66,13871.285873
303,78,13850.896438
303,82,13812.545942
304,40,15802.238909
304,41,15764.526195
304,42,15408.399948
304,43,15195.946293
304,44,15104.495892
304,45,14989.364467
304,46,14949.155267
304,47,14611.345083
304,51,14181.434458
304,53,14155.802084
304,54,13993.292176
304,59,13965.015698
304,64,13879.748684
304,66,13850.738088
304,78,13830.394173
304,82,13811.928879
305,40,15802.238909
305,41,15764.526195
305,42,15408.399948
305,43,15195.946293
305,44,15104.495892
305,45,14989.364467
305,46,14949.155267
305,47,14611.345083
305,48,14450.274992
305,51,14181.434458
305,53,14018.543868
305,54,13993.292176
305,57,13965.159252
305,59,13965.015698
305,62,13875.056587
305,66,13850.738088
305,78,13830.394173
305,82,13811.928879
306,40,15802.238909
306,41,15764.526195
306,42,15408.399948
306,43,15195.946293
306,44,15104.495892
306,45,14989.364467
306,46,14949.155267
306,47,14611.345083
306,48,14450.274992
306,51,14181.434458
306,53,14018.543868
306,54,13993.292176
306,57,13965.159252
306,59,13965.015698
306,62,13875.056587
306,65,13866.159007
306,66,13804.923533
307,40,15802.238909
307,41,15764.526195
307,42,15408.399948
307,43,15195.946293
307,44,15104.495892
307,45,14948.424508
307,47,14611.345083
307,48,14450.274992
307,51,14181.434458
307,53,14018.543868
307,54,13993.292176
307,57,13965.159252
307,59,13965.015698
307,62,13875.056587
307,65,13866.159007
307,66,13804.923533
308,40,15802.238909
308,41,15764.526195
308,42,15408.399948
308,43,15195.946293
308,44,15104.495892
308,45,14948.424508
308,47,14611.345083
308,48,14450.274992
308,51,14181.434458
308,53,14018.543868
308,54,13993.292176
308,57,13965.159252
308,59,13965.015698
308,62,13875.056587
308,65,13753.732299
309,40,15802.238909
309,41,15764.526195
309,42,15408.399948
309,43,15195.946293
309,44,15104.495892
309,45,14948.424508
309,46,14919.865646
309,47,14611.345083
309,48,14415.189370
309,51,14165.283915
309,53,14018.543868
309,54,13992.621700
309,56,13941.671983
309,59,13926.160112
309,60,13812.114773
309,65,13753.732299
310,40,15802.238909
310,41,15764.526195
310,42,15408.399948
310,43,15195.946293
310,44,15104.495892
310,45,14948.424508
310,46,14900.354754
310,47,14611.345083
310,48,14415.189370
310,51,14160.808951
310,53,14018.543868
310,54,13992.621700
310,56,13941.671983
310,59,13926.160112
310,60,13812.114773
310,65,13753.732299
311,40,15802.238909
311,41,15764.526195
311,42,15408.399948
311,43,15195.946293
311,44,15101.739261
311,45,14925.824427
311,46,14900.354754
311,47,14611.345083
311,48,14415.189370
311,51,14160.808951
311,53,14018.543868
311,54,13992.621700
311,56,13941.671983
311,59,13926.160112
311,60,13812.114773
311,65,13753.732299
312,40,15802.238909
312,41,15764.526195
312,42,15408.399948
312,43,15195.946293
312,44,15101.739261
312,45,14925.824427
312,46,14900.354754
312,47,14611.345083
312,48,14415.189370
312,51,14160.808951
312,53,14018.543868
312,54,13992.621700
312,56,13941.671983
312,59,13926.160112
312,60,13812.114773
312,63,13760.709958
312,65,13753.732299
313,40,15729.130285
313,42,15408.399948
313,43,15195.946293
313,44,15101.739261
313,45,14925.824427
313,46,14900.354754
313,47,14611.345083
313,48,14415.189370
313,51,14160.808951
313,53,14018.543868
313,54,13992.621700
313,56,13941.671983
313,59,13926.160112
313,60,13812.114773
313,63,13760.709958
313,65,13753.732299
314,40,15729.130285
314,42,15408.399948
314,43,15195.946293
314,44,15101.739261
314,45,14925.824427
314,46,14900.354754
314,47,14611.345083
314,48,14404.589767
314,51,14160.808951
314,53,14018.543868
314,54,13992.621700
314,56,13941.671983
314,57,13881.831321
314,60,13812.114773
314,63,13760.709958
314,65,13753.732299
315,40,15729.130285
315,42,15408.399948
315,43,15195.946293
315,44,15101.739261
315,45,14884.195347
315,47,14611.345083
315,48,14404.589767
315,51,14160.808951
315,53,14018.543868
315,54,13992.621700
315,56,13941.671983
315,57,13881.831321
315,59,13840.362798
315,60,13812.114773
315,63,13760.709958
315,65,13753.732299
316,40,15729.130285
316,42,15408.399948
316,43,15195.946293
316,44,15101.739261
316,45,14884.195347
316,47,14611.345083
316,48,14404.589767
316,51,14160.808951
316,53,14018.543868
316,54,13992.621700
316,56,13941.671983
316,57,13881.831321
316,59,13840.362798
316,60,13812.114773
316,63,13760.709958
316,65,13753.732299
317,40,15729.130285
317,42,15408.399948
317,43,15195.946293
317,44,15101.739261
317,45,14884.195347
317,46,14864.867627
317,47,14611.345083
317,48,14404.589767
317,51,14160.808951
317,53,14018.543868
317,54,13992.621700
317,56,13941.671983
317,57,13881.831321
317,59,13840.362798
317,60,13812.114773
317,63,13760.709958
317,65,13753.732299
318,39,16511.335163
318,40,15729.130285
318,42,15408.399948
318,43,15195.946293
318,44,15101.739261
318,45,14884.195347
318,46,14864.867627
318,47,14291.800490
318,50,14189.651038
318,51,14160.808951
318,53,14018.543868
318,54,13992.621700
318,56,13941.671983
318,57,13881.831321
318,59,13840.362798
318,60,13812.114773
318,63,13760.709958
318,65,13753.732299
319,39,16511.335163
319,40,15729.130285
319,42,15408.399948
319,43,15195.946293
319,44,15101.739261
319,45,14884.195347
319,46,14864.867627
319,47,14291.800490
319,49,14187.117900
319,51,14160.808951
319,53,14015.691111
319,54,13991.238615
319,56,13941.671983
319,57,13881.831321
319,59,13840.257940
319,60,13812.114773
319,63,13760.709958
319,65,13753.732299
320,39,16511.335163
320,40,15729.130285
320,41,15559.584285
320,42,15408.399948
320,43,15195.946293
320,44,15101.739261
320,45,14884.195347
320,46,14864.867627
320,47,14291.800490
320,49,14187.117900
320,51,14160.808951
320,53,14015.691111
320,54,13991.238615
320,56,13941.671983
320,57,13881.831321
320,59,13840.257940
320,60,13812.114773
320,63,13760.709958
320,65,13753.732299
321,39,16511.335163
321,40,15729.130285
321,41,15559.584285
321,42,15408.399948
321,43,15195.946293
321,44,15101.739261
321,45,14884.195347
321,46,14864.867627
321,47,14291.800490
321,49,14187.117900
321,51,14160.808951
321,53,14015.691111
321,54,13991.238615
321,56,13941.671983
321,57,13869.653883
321,59,13840.257940
321,60,13812.114773
321,63,13760.709958
321,64,13760.254277
321,65,13753.732299
322,39,16511.335163
322,40,15729.130285
322,41,15559.584285
322,42,15408.399948
322,43,15195.946293
322,44,15094.056457
322,45,14884.195347
322,46,14864.867627
322,47,14291.800490
322,49,14187.117900
322,51,14160.808951
322,53,14015.691111
322,54,13991.238615
322,56,13941.671983
322,57,13869.653883
322,59,13840.257940
322,60,13812.114773
322,62,13810.702977
322,63,13760.709958
322,64,13760.254277
322,65,13753.732299
323,39,16511.335163
323,40,15729.130285
323,41,15559.584285
323,42,15408.399948
323,43,15195.946293
323,44,15094.056457
323,45,14884.195347
323,46,14864.867627
323,47,14291.800490
323,49,14187.117900
323,51,14160.808951
323,53,13994.579169
323,54,13991.238615
323,56,13941.671983
323,57,13869.653883
323,59,13840.257940
323,60,13812.114773
323,62,13810.702977
323,63,13760.709958
323,64,13733.696510
324,39,16278.351875
324,40,15729.130285
324,41,15559.584285
324,42,15408.399948
324,43,15195.946293
324,44,15094.056457
324,45,14884.195347
324,46,14864.867627
324,47,14291.800490
324,49,14187.117900
324,51,14156.297934
324,53,13994.579169
324,54,13973.952669
324,56,13941.671983
324,57,13869.653883
324,59,13840.257940
324,60,13812.114773
324,62,13810.702977
324,63,13741.990248
324,64,13721.170937
325,39,16278.351875
325,40,15729.130285
325,41,15559.584285
325,42,15408.399948
325,43,15195.946293
325,44,15094.056457
325,45,14884.195347
325,46,14864.867627
325,47,14291.800490
325,49,14187.117900
325,51,14156.297934
325,53,13994.579169
325,54,13973.952669
325,56,13941.671983
325,57,13869.653883
325,59,13840.257940
325,60,13812.114773
325,62,13810.702977
325,63,13741.990248
325,64,13721.170937
326,39,16278.351875
326,40,15729.130285
326,41,15559.584285
326,42,15408.399948
326,43,15195.946293
326,44,15094.056457
326,45,14884.195347
326,46,14864.867627
326,47,14291.800490
326,49,14187.117900
326,51,14156.297934
326,53,13994.579169
326,54,13973.952669
326,56,13941.671983
326,57,13869.653883
326,59,13840.257940
326,60,13812.114773
326,62,13810.702977
326,63,13741.990248
326,64,13721.170937
327,39,16278.351875
327,40,15729.130285
327,41,15559.584285
327,42,15408.399948
327,43,15195.946293
327,44,15094.056457
327,45,14884.195347
327,46,14864.867627
327,47,14291.800490
327,49,14187.117900
327,51,14156.297934
327,53,13994.579169
327,54,13973.952669
327,56,13941.671983
327,57,13869.653883
327,59,13840.257940
327,60,13812.114773
327,62,13810.702977
327,63,13741.990248
327,64,13721.170937
328,39,16278.351875
328,40,15729.130285
328,41,15559.584285
328,42,15408.399948
328,43,15195.946293
328,44,15094.056457
328,45,14884.195347
328,46,14864.867627
328,47,14291.800490
328,49,14187.117900
328,51,14156.297934
328,53,13994.579169
328,54,13931.846493
328,57,13869.653883
328,59,13840.257940
328,60,13812.114773
328,62,13810.702977
328,63,13741.990248
328,64,13721.170937
