Generation,NV,TOC
1,69,43953.852950
1,70,42876.039611
1,72,40915.443798
1,73,34744.921549
1,74,33332.613755
1,77,29765.348692
1,88,29049.246943
1,95,27006.388110
1,98,26318.258179
1,99,26165.111929
1,103,25742.615753
1,116,22406.689762
1,148,21441.207221
1,173,21387.804069
1,175,21057.324791
1,184,20048.965726
2,67,35190.682188
2,73,34059.501008
2,74,33332.613755
2,75,32656.427577
2,77,29765.348692
2,79,27368.750658
2,86,25007.048842
2,91,24649.070215
2,95,23423.672422
2,105,22763.557136
2,111,22276.134341
2,115,21592.417491
2,137,20769.441722
2,149,20685.907082
2,184,20048.965726
2,185,20047.848804
2,197,19915.709783
2,199,19889.624485
3,65,35301.617139
3,67,35062.730398
3,73,34059.501008
3,74,30630.888332
3,75,30392.067165
3,77,26816.086602
3,81,26132.036906
3,86,25007.048842
3,89,24842.391089
3,91,24649.070215
3,93,23551.833852
3,95,23423.672422
3,101,23025.097295
3,105,22242.697581
3,115,21592.417491
3,119,21363.325076
3,127,20810.225569
3,137,20769.441722
3,140,20227.335734
3,141,20029.118352
3,168,19236.356047
3,185,19183.960652
4,63,33966.820477
4,64,32740.231996
4,68,31956.975188
4,72,30977.179396
4,74,30630.888332
4,75,30392.067165
4,77,26816.086602
4,80,26342.118904
4,81,26132.036906
4,83,25780.151860
4,86,25007.048842
4,89,24503.775569
4,91,23360.555600
4,95,23114.890567
4,101,23025.097295
4,102,22087.952097
4,110,21724.134391
4,114,21422.173638
4,118,21318.847148
4,125,20700.244872
4,128,19709.801863
4,159,18951.006170
5,63,33966.820477
5,64,32740.231996
5,68,31956.975188
5,69,28602.321110
5,77,26816.086602
5,80,26342.118904
5,81,26132.036906
5,83,25780.151860
5,86,25007.048842
5,89,24503.775569
5,91,23360.555600
5,95,23114.890567
5,101,23025.097295
5,102,22087.952097
5,110,21724.134391
5,113,21276.445861
5,122,20783.239237
5,125,20700.244872
5,128,19709.801863
5,154,19651.382246
5,159,18951.006170
6,61,31493.355849
6,65,31170.758040
6,66,30163.892688
6,67,29221.626419
6,69,28602.321110
6,75,27490.194484
6,77,26816.086602
6,80,26342.118904
6,81,26132.036906
6,83,25780.151860
6,86,25007.048842
6,89,24503.775569
6,91,23360.555600
6,95,23114.890567
6,101,23025.097295
6,102,22087.952097
6,107,21168.807720
6,109,20480.025761
6,124,19986.273266
6,128,19709.801863
6,132,19304.548666
6,159,18951.006170
7,61,31493.355849
7,65,29927.615016
7,66,29540.083902
7,67,29221.626419
7,68,27400.805790
7,77,26816.086602
7,80,26342.118904
7,81,26132.036906
7,83,25780.151860
7,84,25755.606948
7,86,25007.048842
7,89,24503.775569
7,91,23360.555600
7,95,23114.890567
7,101,23025.097295
7,102,22087.952097
7,107,21168.807720
7,109,20480.025761
7,123,20367.148395
7,124,19986.273266
7,126,19867.154528
7,127,19489.787632
7,132,19304.548666
7,138,18790.227861
8,61,31493.355849
8,64,30833.120026
8,65,29795.717848
8,66,29540.083902
8,67,29221.626419
8,68,27400.805790
8,77,26816.086602
8,80,26342.118904
8,81,26132.036906
8,83,25780.151860
8,84,25755.606948
8,85,25567.191920
8,86,25007.048842
8,89,24503.775569
8,91,23360.555600
8,95,23114.890567
8,99,22744.495934
8,102,22087.952097
8,107,21168.807720
8,109,20480.025761
8,122,19962.129225
8,125,19653.208170
8,127,19393.871377
8,130,19146.469894
8,134,18993.894074
8,137,18733.866118
8,154,18357.283197
8,157,18268.015448
9,61,31493.355849
9,62,26120.635775
9,71,25737.557764
9,73,24518.218920
9,82,24380.381357
9,85,22220.670557
9,102,20609.570237
9,104,20272.417965
9,107,19579.956885
9,115,19292.526650
9,121,19026.678822
9,127,18772.209810
9,137,18733.866118
9,143,18595.677265
9,154,18357.283197
9,157,18268.015448
10,61,31493.355849
10,62,26120.635775
10,71,25737.557764
10,73,24518.218920
10,80,22999.993434
10,85,22220.670557
10,102,20609.570237
10,104,20272.417965
10,106,19974.569478
10,107,19579.956885
10,112,19394.520412
10,115,19292.526650
10,121,19026.678822
10,126,18950.659291
10,127,18772.209810
10,137,18733.866118
10,143,18595.677265
10,154,18357.283197
10,157,18268.015448
11,59,30232.906956
11,60,30103.519260
11,62,26120.635775
11,71,25737.557764
11,73,24518.218920
11,79,24019.815593
11,80,22999.993434
11,85,22220.670557
11,88,22205.727851
11,99,20237.930519
11,106,19375.131826
11,114,19087.412221
11,118,18686.879456
11,129,18581.481384
11,154,18357.283197
11,155,18348.204685
11,157,18268.015448
12,59,30232.906956
12,60,30103.519260
12,61,28664.331915
12,62,26120.635775
12,67,25994.554051
12,70,25351.824545
12,73,24518.218920
12,79,24019.815593
12,80,22999.993434
12,85,22220.670557
12,88,21574.913346
12,98,20580.308883
12,99,20237.930519
12,105,19353.480813
12,111,18928.565120
12,114,18866.851050
12,116,18585.195872
12,127,18497.575596
12,150,18212.959436
12,156,17941.606354
13,59,29529.352240
13,61,28664.331915
13,62,26120.635775
13,67,25994.554051
13,70,25351.824545
13,71,22668.928985
13,85,22220.670557
13,88,21574.913346
13,98,20580.308883
13,99,20237.930519
13,105,19353.480813
13,111,18928.565120
13,114,18866.851050
13,116,18585.195872
13,123,18482.951867
13,138,18208.004912
13,140,18147.950488
13,156,17941.606354
14,58,30839.951862
14,59,29529.352240
14,61,28664.331915
14,62,26120.635775
14,63,24925.584284
14,71,22668.928985
14,85,22220.670557
14,88,21574.913346
14,92,21223.141599
14,97,20652.022678
14,98,20580.308883
14,99,20237.930519
14,105,19353.480813
14,110,18842.506874
14,116,18585.195872
14,123,18418.653017
14,125,18340.703988
14,138,18208.004912
14,140,18147.950488
14,144,18068.166104
14,156,17941.606354
15,58,30839.951862
15,59,29529.352240
15,61,28664.331915
15,62,26120.635775
15,63,24925.584284
15,68,23935.278414
15,71,22668.928985
15,85,22220.670557
15,87,20801.890658
15,92,20098.318040
15,95,19882.979444
15,105,19353.480813
15,110,18842.506874
15,116,18585.195872
15,123,18418.653017
15,125,18340.703988
15,138,18208.004912
15,139,18087.065709
15,142,18078.866420
15,144,18068.166104
15,148,18042.222725
15,156,17941.606354
16,58,30839.951862
16,59,29529.352240
16,60,28035.988685
16,62,26120.635775
16,63,24925.584284
16,68,23935.278414
16,71,22668.928985
16,85,22220.670557
16,87,20801.890658
16,92,20098.318040
16,95,19882.979444
16,100,19095.796951
16,110,18842.506874
16,116,18585.195872
16,118,17938.428019
17,58,30839.951862
17,59,29529.352240
17,60,28035.988685
17,62,26120.635775
17,63,24925.584284
17,68,23935.278414
17,71,22668.928985
17,84,22555.751166
17,85,21695.125272
17,87,20801.890658
17,92,20098.318040
17,95,19882.979444
17,98,19618.398547
17,100,19095.796951
17,105,18750.147893
17,109,18502.116961
17,117,18295.770675
17,118,17938.428019
17,125,17832.579933
18,58,30839.951862
18,59,29529.352240
18,60,28035.988685
18,62,26120.635775
18,63,24925.584284
18,67,24675.161873
18,68,23935.278414
18,71,22668.928985
18,82,22238.012449
18,85,21695.125272
18,87,20801.890658
18,92,19436.230698
18,100,19095.796951
18,105,18750.147893
18,109,18502.116961
18,117,18277.588367
18,118,17938.428019
18,125,17832.579933
19,58,29472.356397
19,60,27720.554066
19,62,26120.635775
19,63,24925.584284
19,67,24675.161873
19,68,23935.278414
19,71,22668.928985
19,78,21340.396499
19,87,20634.181752
19,90,19278.043841
19,96,19082.189406
19,105,18696.914395
19,109,18403.219417
19,111,18298.784270
19,117,18166.992973
19,118,17836.099129
19,122,17680.257613
20,58,29472.356397
20,59,28651.102315
20,60,27720.554066
20,62,26120.635775
20,63,24925.584284
20,67,24675.161873
20,68,23935.278414
20,71,22668.928985
20,78,21340.396499
20,87,20634.181752
20,90,19278.043841
20,96,19082.189406
20,100,19012.337616
20,105,18696.914395
20,109,18403.219417
20,111,18298.784270
20,117,18166.992973
20,118,17836.099129
20,122,17680.257613
20,132,17515.864955
21,57,30578.203690
21,58,29472.356397
21,59,28651.102315
21,60,27720.554066
21,61,27660.617401
21,62,26120.635775
21,63,24925.584284
21,67,24675.161873
21,68,23935.278414
21,71,22668.928985
21,78,21340.396499
21,87,20634.181752
21,90,19278.043841
21,96,19082.189406
21,100,19012.337616
21,101,18840.713621
21,105,18696.914395
21,109,18403.219417
21,111,18298.784270
21,116,18141.545659
21,118,17836.099129
21,122,17680.257613
21,132,17515.864955
22,57,29705.561815
22,58,29472.356397
22,59,28651.102315
22,60,27720.554066
22,61,27660.617401
22,62,26120.635775
22,63,24925.584284
22,67,24675.161873
22,68,23935.278414
22,71,22668.928985
22,78,21340.396499
22,87,20634.181752
22,90,19278.043841
22,96,19082.189406
22,100,19012.337616
22,101,18840.713621
22,105,18696.914395
22,107,18633.993161
22,109,18403.219417
22,111,18298.784270
22,116,18141.545659
22,118,17836.099129
22,122,17680.257613
22,128,17604.580224
22,132,17515.864955
23,57,29705.561815
23,58,28817.469259
23,59,28651.102315
23,60,27720.554066
23,61,27660.617401
23,62,26111.699971
23,63,24925.584284
23,67,24675.161873
23,68,23935.278414
23,71,22668.928985
23,76,22152.252602
23,78,21340.396499
23,87,20634.181752
23,90,19278.043841
23,95,19023.210058
23,100,19012.337616
23,101,18840.713621
23,104,18568.000506
23,105,18535.882687
23,107,18271.927115
23,108,18182.283072
23,116,17775.820039
23,121,17645.388724
23,128,17306.106335
24,57,28389.303513
24,60,27720.554066
24,61,27660.617401
24,62,26111.699971
24,63,23056.786873
24,71,22668.928985
24,76,22152.252602
24,77,21894.423533
24,78,21340.396499
24,85,19318.397932
24,87,19149.639316
24,94,19041.100936
24,95,19023.210058
24,100,19012.337616
24,101,18840.713621
24,102,18814.507059
24,103,18781.875764
24,104,18568.000506
24,105,18535.882687
24,107,18271.927115
24,108,18182.283072
24,116,17775.820039
24,121,17645.388724
24,128,17306.106335
25,57,28389.303513
25,60,27720.554066
25,61,26663.226728
25,62,26111.699971
25,63,23056.786873
25,71,22668.928985
25,73,22324.938105
25,76,22152.252602
25,77,21894.423533
25,78,21340.396499
25,85,19318.397932
25,87,19149.639316
25,89,19039.598229
25,90,18823.054796
25,102,18757.679213
25,104,18568.000506
25,105,18535.882687
25,107,18271.927115
25,108,18182.283072
25,116,17775.820039
25,121,17645.388724
25,128,17306.106335
26,57,28389.303513
26,60,27720.554066
26,61,26663.226728
26,62,26111.699971
26,63,23056.786873
26,70,22927.345024
26,71,22668.928985
26,73,22324.938105
26,76,22152.252602
26,77,21894.423533
26,78,21340.396499
26,85,19318.397932
26,87,19149.639316
26,89,19039.598229
26,90,18823.054796
26,91,18806.324077
26,93,18782.650602
26,99,18649.246211
26,102,18357.294459
26,107,18271.927115
26,108,18182.283072
26,114,18042.668591
26,116,17775.820039
26,121,17645.388724
26,128,17306.106335
26,129,17270.809228
27,57,28389.303513
27,60,26266.717355
27,62,26111.699971
27,63,23056.786873
27,70,22927.345024
27,71,22668.928985
27,73,22324.938105
27,76,22152.252602
27,77,21894.423533
27,78,21340.396499
27,85,19318.397932
27,87,19149.639316
27,89,19039.598229
27,90,18727.802289
27,96,18657.534499
27,97,18332.194649
27,107,18262.986038
27,108,18161.941170
27,113,17939.442456
27,114,17652.153911
27,120,17510.374057
27,126,17252.284587
27,129,17206.410213
28,57,28389.303513
28,60,25929.380510
28,62,25152.058502
28,63,23056.786873
28,69,22711.930954
28,71,22668.928985
28,73,22324.938105
28,76,22152.252602
28,77,21894.423533
28,78,21340.396499
28,82,20725.738306
28,85,19318.397932
28,87,19149.639316
28,89,19039.598229
28,90,18727.802289
28,93,18547.448976
28,97,18332.194649
28,107,18262.986038
28,108,18161.941170
28,113,17939.442456
28,114,17652.153911
28,120,17510.374057
28,126,17252.284587
28,129,17206.410213
29,57,28389.303513
29,60,25929.380510
29,62,25152.058502
29,63,23056.786873
29,69,22711.930954
29,71,22091.978611
29,77,21894.423533
29,78,21340.396499
29,81,20611.946266
29,85,19318.397932
29,87,19149.639316
29,88,18828.758293
29,90,18727.802289
29,92,18681.364714
29,93,18547.448976
29,97,18332.194649
29,107,18262.986038
29,108,18161.941170
29,113,17939.442456
29,114,17652.153911
29,120,17510.374057
29,126,17252.284587
29,129,17206.410213
30,57,28389.303513
30,60,25929.380510
30,62,25152.058502
30,63,23056.786873
30,67,22595.554366
30,71,22091.978611
30,77,21894.423533
30,78,21340.396499
30,81,20611.946266
30,85,19318.397932
30,87,19149.639316
30,88,18828.758293
30,90,18727.802289
30,92,18627.530953
30,93,18547.448976
30,97,18332.194649
30,107,18262.986038
30,108,18161.941170
30,113,17939.442456
30,114,17652.153911
30,120,17510.374057
30,126,17252.284587
30,129,17206.410213
31,57,28389.303513
31,60,25929.380510
31,61,25275.452411
31,62,25152.058502
31,63,23056.786873
31,67,22595.554366
31,71,22091.978611
31,77,21701.848583
31,78,20200.760661
31,85,18882.247864
31,88,18828.758293
31,90,18727.802289
31,92,18627.530953
31,93,18547.448976
31,97,18197.076860
31,107,18142.551650
31,110,18106.418563
31,113,17755.632716
31,114,17448.423969
31,118,17380.965041
31,126,17181.000009
32,57,28389.303513
32,60,25929.380510
32,61,25275.452411
32,62,25152.058502
32,63,22962.314654
32,67,22595.554366
32,71,22091.978611
32,73,21638.536936
32,78,20200.760661
32,84,19673.284739
32,85,18882.247864
32,88,18828.758293
32,90,18727.802289
32,92,18627.530953
32,93,18547.448976
32,97,18197.076860
32,107,18142.551650
32,110,18106.418563
32,113,17755.632716
32,114,17448.423969
32,118,17380.965041
32,125,17352.083851
32,126,17181.000009
33,57,28389.303513
33,60,25929.380510
33,61,24508.228331
33,63,22962.314654
33,67,22595.554366
33,71,22091.978611
33,73,21638.536936
33,76,21393.907573
33,78,20200.760661
33,84,19673.284739
33,85,18882.247864
33,88,18828.758293
33,90,18727.802289
33,92,18627.530953
33,93,18547.448976
33,97,18197.076860
33,107,18142.551650
33,110,18106.418563
33,113,17755.632716
33,114,17448.423969
33,118,17380.965041
33,125,17352.083851
33,126,17181.000009
34,57,28389.303513
34,60,25929.380510
34,61,24508.228331
34,63,22962.314654
34,67,22595.554366
34,69,21274.837244
34,78,20200.760661
34,84,19673.284739
34,85,18882.247864
34,88,18828.758293
34,90,18727.802289
34,92,18627.530953
34,93,18547.448976
34,97,18197.076860
34,107,18142.551650
34,110,18106.418563
34,113,17755.632716
34,114,17448.423969
34,118,17380.965041
34,125,17352.083851
34,126,17181.000009
35,57,28389.303513
35,60,24862.875901
35,61,24508.228331
35,63,22962.314654
35,67,22156.312628
35,68,21532.178716
35,69,21274.837244
35,74,21102.047907
35,78,20200.760661
35,82,19869.877730
35,84,19673.284739
35,85,18882.247864
35,88,18828.758293
35,90,18494.228407
35,97,18196.336252
35,107,18072.166550
35,110,17908.302342
35,111,17614.923686
35,113,17300.850211
35,115,17201.756475
35,126,17043.186653
36,57,28389.303513
36,60,24862.875901
36,61,24508.228331
36,63,22962.314654
36,67,22156.312628
36,68,21532.178716
36,69,21274.837244
36,74,20817.026671
36,78,20200.760661
36,81,20004.145634
36,82,19869.877730
36,84,19673.284739
36,85,18882.247864
36,88,18828.758293
36,90,18494.228407
36,97,18196.336252
36,107,18072.166550
36,110,17908.302342
36,111,17614.923686
36,113,17300.850211
36,115,17201.756475
36,119,17154.139063
36,126,17043.186653
37,57,28389.303513
37,59,26000.815938
37,60,24862.875901
37,61,24508.228331
37,63,22962.314654
37,67,22156.312628
37,68,21532.178716
37,69,21274.837244
37,74,20817.026671
37,76,20751.728322
37,78,20200.760661
37,79,19960.586352
37,82,19869.877730
37,84,19673.284739
37,85,18882.247864
37,88,18828.758293
37,90,18494.228407
37,97,18196.336252
37,103,18171.714413
37,107,18072.166550
37,110,17908.302342
37,111,17614.923686
37,113,17300.850211
37,115,17201.756475
37,119,17154.139063
37,120,17141.486547
37,122,17129.264409
37,126,17043.186653
38,57,28389.303513
38,59,26000.815938
38,60,23091.752290
38,63,22962.314654
38,67,22156.312628
38,68,21532.178716
38,69,21274.837244
38,72,20840.809814
38,74,20817.026671
38,76,20751.728322
38,78,20200.760661
38,79,19960.586352
38,82,19869.877730
38,84,19673.284739
38,85,18882.247864
38,88,18828.758293
38,90,18494.228407
38,96,18319.430832
38,97,18196.336252
38,102,18181.749909
38,103,18171.714413
38,107,18072.166550
38,109,17975.472572
38,110,17908.302342
38,111,17614.923686
38,113,17300.850211
38,115,17201.756475
38,119,17154.139063
38,120,17141.486547
38,122,17129.264409
38,126,17043.186653
39,57,28389.303513
39,58,27158.821618
39,59,26000.815938
39,60,23091.752290
39,63,22962.314654
39,67,22156.312628
39,68,21532.178716
39,69,21274.837244
39,72,20840.809814
39,74,20817.026671
39,76,20751.728322
39,78,19830.628279
39,82,19638.134304
39,83,19071.176130
39,85,18882.247864
39,88,18828.758293
39,90,18494.228407
39,96,18319.430832
39,97,18196.336252
39,102,18181.749909
39,103,18171.714413
39,106,18063.038216
39,109,17809.917449
39,111,17566.093040
39,112,17261.576725
39,115,17201.756475
39,117,17133.445956
39,119,17047.611303
39,122,17037.266835
39,126,16970.467525
40,57,28389.303513
40,58,23853.261281
40,60,23091.752290
40,61,22871.903846
40,67,22156.312628
40,68,21532.178716
40,69,21274.837244
40,72,20840.809814
40,74,20817.026671
40,76,19887.646898
40,78,19830.628279
40,82,19638.134304
40,83,19071.176130
40,85,18882.247864
40,88,18828.758293
40,90,18494.228407
40,94,17826.222663
40,109,17809.917449
40,111,17566.093040
40,112,17261.576725
40,115,17201.756475
40,117,17133.445956
40,119,17047.611303
40,122,17037.266835
40,126,16970.467525
41,57,28389.303513
41,58,23853.261281
41,60,23091.752290
41,61,22871.903846
41,66,21950.971409
41,68,21532.178716
41,69,21274.837244
41,71,21016.512413
41,72,20840.809814
41,74,20817.026671
41,76,19887.646898
41,78,19830.628279
41,82,19491.055129
41,83,19071.176130
41,85,18882.247864
41,86,18838.187553
41,88,18828.758293
41,90,18494.228407
41,94,17826.222663
41,106,17663.048885
41,111,17566.093040
41,112,17261.576725
41,115,17201.756475
41,117,17133.445956
41,119,17047.611303
41,122,17037.266835
41,126,16970.467525
42,57,28389.303513
42,58,23853.261281
42,60,23091.752290
42,61,22871.903846
42,65,22670.044915
42,66,21950.971409
42,68,21532.178716
42,69,21274.837244
42,71,21016.512413
42,72,20441.849092
42,76,19887.646898
42,78,19830.628279
42,82,19491.055129
42,83,19071.176130
42,85,18882.247864
42,86,18838.187553
42,87,18767.827040
42,90,18494.228407
42,94,17826.222663
42,103,17617.240476
42,111,17166.061896
42,117,17133.445956
42,119,17047.611303
42,122,17037.266835
42,126,16970.467525
43,57,28389.303513
43,58,23356.392737
43,60,23091.752290
43,61,22871.903846
43,65,22670.044915
43,66,21950.971409
43,68,21532.178716
43,69,21274.837244
43,71,21016.512413
43,72,20441.849092
43,76,19887.646898
43,78,19830.628279
43,82,19491.055129
43,83,19071.176130
43,84,18689.521924
43,87,18529.805096
43,90,18494.228407
43,94,17826.222663
43,100,17613.902421
43,109,16994.601239
43,126,16970.467525
44,57,28389.303513
44,58,23356.392737
44,60,23091.752290
44,61,22871.903846
44,64,22621.459239
44,66,21950.971409
44,67,21546.847127
44,68,21532.178716
44,69,21274.837244
44,71,20686.978305
44,72,20441.849092
44,74,19686.110228
44,80,19531.418258
44,82,19491.055129
44,83,19071.176130
44,84,18689.521924
44,87,18529.805096
44,89,18262.380650
44,94,17826.222663
44,100,17613.902421
44,109,16994.601239
44,126,16970.467525
45,57,23493.099621
45,58,23356.392737
45,60,23091.752290
45,61,22871.903846
45,64,22621.459239
45,66,21729.922788
45,67,21546.847127
45,68,21532.178716
45,69,21274.837244
45,71,20686.978305
45,72,20441.849092
45,74,19686.110228
45,76,19667.909722
45,80,19531.418258
45,82,19491.055129
45,83,19071.176130
45,84,18689.521924
45,87,18529.805096
45,89,18262.380650
45,93,17731.540526
45,100,17613.902421
45,109,16994.601239
45,126,16970.467525
46,57,23493.099621
46,58,23356.392737
46,60,23091.752290
46,61,22871.903846
46,64,22621.459239
46,65,22004.259714
46,66,21729.922788
46,67,21546.847127
46,68,20843.493265
46,71,20686.978305
46,72,20441.849092
46,73,20149.025198
46,74,19686.110228
46,76,19667.909722
46,80,19531.418258
46,82,19491.055129
46,83,19071.176130
46,84,18689.521924
46,87,18529.805096
46,89,18262.380650
46,93,17731.540526
46,100,17613.902421
46,109,16994.601239
46,126,16970.467525
47,57,23493.099621
47,58,23019.840141
47,61,22871.903846
47,64,22275.247093
47,65,22004.259714
47,66,21729.922788
47,67,21546.847127
47,68,20843.493265
47,71,20686.978305
47,72,20441.849092
47,73,20149.025198
47,74,19686.110228
47,76,19667.909722
47,80,19531.418258
47,82,19491.055129
47,83,19071.176130
47,84,18689.521924
47,87,18529.805096
47,89,18262.380650
47,93,17731.540526
47,100,17613.902421
47,109,16994.601239
47,126,16970.467525
48,57,22626.434833
48,64,22275.247093
48,65,22004.259714
48,66,21729.922788
48,67,21179.973091
48,68,20843.493265
48,71,20686.978305
48,72,20441.849092
48,73,20149.025198
48,74,19686.110228
48,76,19667.909722
48,80,19531.418258
48,81,19133.712198
48,83,18570.742565
48,87,18529.805096
48,88,18478.105257
48,89,18262.380650
48,92,17681.760314
48,99,17593.463135
48,109,16994.088808
48,124,16890.439151
49,57,22626.434833
49,63,22165.599304
49,64,21952.383422
49,66,21707.045548
49,67,21179.973091
49,68,20843.493265
49,69,20655.642840
49,71,20123.963598
49,74,19686.110228
49,76,19667.909722
49,80,19531.418258
49,81,19133.712198
49,83,18570.742565
49,87,18529.805096
49,88,18478.105257
49,89,18262.380650
49,92,17681.760314
49,99,17593.463135
49,106,17437.064041
49,109,16994.088808
49,116,16932.214704
49,124,16890.439151
50,56,23680.584147
50,57,22524.706411
50,59,22259.768534
50,63,20113.558951
50,74,19686.110228
50,76,19667.909722
50,80,19531.418258
50,81,19133.712198
50,83,18570.742565
50,86,17942.237283
50,92,17681.760314
50,99,17593.463135
50,106,17437.064041
50,109,16994.088808
50,116,16932.214704
50,124,16890.439151
51,56,23680.584147
51,57,22524.706411
51,59,22259.768534
51,63,20113.558951
51,74,19686.110228
51,76,19667.909722
51,80,19531.418258
51,81,19133.712198
51,83,18570.742565
51,86,17942.237283
51,92,17681.760314
51,99,17593.463135
51,106,17437.064041
51,109,16994.088808
51,116,16932.214704
51,124,16890.439151
52,56,23680.584147
52,57,22176.792431
52,59,21639.841384
52,62,20912.584157
52,63,20113.558951
52,66,20082.072746
52,74,19686.110228
52,76,19667.909722
52,80,18936.588434
52,82,18728.753199
52,83,18486.945999
52,86,17942.237283
52,92,17681.760314
52,97,17550.268178
52,105,17364.977610
52,109,16985.358406
52,115,16908.126811
52,124,16856.473651
53,56,23680.584147
53,57,22176.792431
53,59,21639.841384
53,62,20912.584157
53,63,20113.558951
53,66,20082.072746
53,74,19283.801869
53,78,19139.976749
53,80,18793.624575
53,82,18728.753199
53,83,18486.945999
53,86,17942.237283
53,92,17681.760314
53,97,17550.268178
53,105,17364.977610
53,109,16985.358406
53,115,16908.126811
53,124,16856.473651
54,56,23680.584147
54,57,22029.069025
54,59,21639.841384
54,62,20912.584157
54,63,20113.558951
54,66,20082.072746
54,74,19283.801869
54,78,19139.976749
54,80,18793.624575
54,82,18728.753199
54,83,18486.945999
54,86,17942.237283
54,92,17681.760314
54,97,17550.268178
54,103,17492.083220
54,105,17364.977610
54,109,16985.358406
54,115,16901.059370
54,124,16856.473651
55,56,21411.481452
55,61,20751.965188
55,63,20113.558951
55,66,20082.072746
55,71,19450.051658
55,74,19283.801869
55,78,19139.976749
55,80,18793.624575
55,82,18728.753199
55,83,18486.945999
55,86,17942.237283
55,92,17681.760314
55,97,17550.268178
55,103,17492.083220
55,105,17364.977610
55,109,16985.358406
55,113,16950.085971
55,115,16901.059370
55,124,16856.473651
56,56,21411.481452
56,61,20751.965188
56,63,20113.558951
56,64,19883.453821
56,70,19647.489228
56,71,19450.051658
56,74,19283.801869
56,77,18745.865979
56,81,18661.109897
56,83,18345.992521
56,85,17808.014038
56,92,17639.989036
56,96,17331.358851
56,100,17305.844962
56,109,16927.299562
56,113,16904.332237
56,115,16885.526349
56,124,16751.454474
57,56,21411.481452
57,61,20751.965188
57,62,20742.376361
57,63,20113.558951
57,64,19883.453821
57,70,19647.489228
57,71,19450.051658
57,74,19283.801869
57,76,19106.435863
57,77,18745.865979
57,81,18661.109897
57,83,18345.992521
57,85,17808.014038
57,92,17639.989036
57,96,17331.358851
57,100,17305.844962
57,109,16927.299562
57,113,16904.332237
57,115,16885.526349
57,124,16751.454474
58,55,23405.887891
58,56,21411.481452
58,57,21049.513108
58,60,20634.301766
58,63,20113.558951
58,64,19883.453821
58,68,19635.100838
58,71,19450.051658
58,73,19097.567317
58,76,19019.033760
58,77,18745.865979
58,81,18661.109897
58,83,18345.992521
58,85,17808.014038
58,88,17690.368143
58,92,17639.989036
58,96,17331.358851
58,100,17305.844962
58,109,16927.299562
58,113,16904.332237
58,115,16885.526349
58,124,16751.454474
59,55,23405.887891
59,56,21411.481452
59,57,21049.513108
59,58,20414.856130
59,63,20113.558951
59,64,19864.838657
59,68,19635.100838
59,69,19411.262351
59,73,19097.567317
59,76,19019.033760
59,77,18745.865979
59,81,18568.089256
59,83,18345.992521
59,85,17808.014038
59,88,17690.368143
59,92,17554.928788
59,96,17331.358851
59,100,17305.844962
59,107,17304.437210
59,109,16927.299562
59,113,16904.332237
59,115,16885.526349
59,124,16751.454474
60,55,22114.964088
60,56,21411.481452
60,57,21049.513108
60,58,20414.856130
60,61,20175.916951
60,63,20113.558951
60,64,19864.838657
60,66,19792.611852
60,68,19635.100838
60,69,19411.262351
60,71,19289.169643
60,73,19097.567317
60,76,19019.033760
60,77,18745.865979
60,78,18740.526832
60,81,18568.089256
60,83,18345.992521
60,84,17784.832940
60,86,17662.399112
60,91,17436.403622
60,96,17100.377646
60,108,16903.171430
60,111,16823.194134
60,115,16780.604830
60,123,16719.883147
61,55,22114.964088
61,56,21411.481452
61,57,21049.513108
61,58,20414.856130
61,61,20175.916951
61,63,20113.558951
61,64,19649.425560
61,68,19635.100838
61,69,19411.262351
61,71,19289.169643
61,73,19097.567317
61,76,19019.033760
61,77,18745.865979
61,78,18740.526832
61,79,18698.409617
61,81,18568.089256
61,82,18537.529880
61,83,18345.992521
61,84,17784.832940
61,86,17662.399112
61,91,17436.403622
61,96,17100.377646
61,108,16903.171430
61,111,16823.194134
61,115,16780.604830
61,123,16719.883147
62,54,22314.241629
62,55,22114.964088
62,56,20491.514323
62,57,20385.475201
62,58,20330.565780
62,61,20175.916951
62,63,20113.558951
62,64,19649.425560
62,65,19319.888872
62,70,19275.677476
62,73,19097.567317
62,76,18965.282649
62,77,18745.865979
62,78,18740.526832
62,79,18698.409617
62,81,18568.089256
62,82,18537.529880
62,83,18345.992521
62,84,17784.832940
62,86,17662.399112
62,91,17436.403622
62,96,17100.377646
62,104,17086.762466
62,106,17066.292597
62,108,16903.171430
62,111,16823.194134
62,115,16780.604830
62,123,16719.883147
63,54,22219.356346
63,55,22024.585383
63,56,20491.514323
63,57,20385.475201
63,58,20330.565780
63,61,20175.916951
63,63,20113.558951
63,64,19649.425560
63,65,19319.888872
63,70,19057.951286
63,73,18678.655026
63,78,18483.313808
63,83,18345.992521
63,84,17784.832940
63,86,17662.399112
63,91,17436.403622
63,96,17100.377646
63,104,17086.762466
63,106,17066.292597
63,108,16903.171430
63,111,16823.194134
63,115,16780.604830
63,123,16719.883147
64,52,22732.701425
64,53,22322.690788
64,54,22219.356346
64,55,22024.585383
64,56,20491.514323
64,57,20385.475201
64,58,20330.565780
64,61,20061.437156
64,64,19649.425560
64,65,19319.888872
64,70,19057.951286
64,73,18678.655026
64,78,18483.313808
64,81,18422.965494
64,83,18345.992521
64,84,17784.832940
64,86,17649.508875
64,91,17436.403622
64,96,17100.377646
64,104,17086.762466
64,106,16960.271565
64,107,16882.516118
64,111,16693.075870
64,122,16650.766923
65,52,22732.701425
65,53,21679.350761
65,54,21260.484001
65,55,21109.688892
65,56,20447.223530
65,57,20385.475201
65,58,20330.565780
65,61,19940.307716
65,64,19649.425560
65,65,19319.888872
65,69,19255.353318
65,70,19057.951286
65,72,18915.676127
65,73,18678.655026
65,78,18483.313808
65,81,18422.965494
65,83,18345.992521
65,84,17784.832940
65,86,17649.508875
65,91,17436.403622
65,96,17100.377646
65,104,17086.762466
65,106,16960.271565
65,107,16882.516118
65,111,16693.075870
65,122,16650.766923
66,51,23684.483615
66,52,22732.701425
66,53,21679.350761
66,54,21260.484001
66,55,21109.688892
66,56,20447.223530
66,57,19941.514727
66,61,19940.307716
66,64,19649.425560
66,65,19319.888872
66,69,19255.353318
66,70,19057.951286
66,72,18915.676127
66,73,18678.655026
66,78,18483.313808
66,81,18422.965494
66,83,18345.992521
66,84,17784.832940
66,86,17649.508875
66,91,17436.403622
66,96,17100.377646
66,104,17086.762466
66,106,16960.271565
66,107,16882.516118
66,111,16693.075870
66,122,16650.766923
67,51,23684.483615
67,52,22732.701425
67,53,21679.350761
67,54,21260.484001
67,55,20525.991996
67,56,20447.223530
67,57,19941.514727
67,59,19456.912271
67,62,19346.158841
67,64,19153.939967
67,69,19075.575153
67,70,19057.951286
67,72,18915.676127
67,73,18678.655026
67,78,18483.313808
67,81,18029.941677
67,84,17784.832940
67,86,17649.508875
67,91,17436.403622
67,96,17100.377646
67,104,17086.762466
67,106,16960.271565
67,107,16882.516118
67,111,16693.075870
67,122,16650.766923
68,51,23684.483615
68,52,22732.701425
68,53,21679.350761
68,54,21260.484001
68,55,20525.991996
68,56,20447.223530
68,57,19941.514727
68,59,19456.912271
68,62,19346.158841
68,64,19153.939967
68,69,19075.575153
68,70,19057.951286
68,72,18915.676127
68,73,18678.655026
68,78,18483.313808
68,81,18029.941677
68,84,17717.803824
68,86,17556.165942
68,91,17401.996436
68,94,17094.930855
68,102,16993.072703
68,106,16933.037264
68,107,16855.254667
68,111,16648.669403
68,122,16563.905433
69,51,23684.483615
69,52,22732.701425
69,53,21679.350761
69,54,20532.274551
69,55,20525.991996
69,56,20447.223530
69,57,19941.514727
69,58,19453.115281
69,62,19346.158841
69,64,19117.865182
69,69,18819.430272
69,73,18678.655026
69,78,18483.313808
69,81,18029.941677
69,84,17717.803824
69,86,17556.165942
69,91,17401.996436
69,94,17094.930855
69,102,16993.072703
69,106,16933.037264
69,107,16855.254667
69,111,16648.669403
69,122,16563.905433
70,51,23684.483615
70,52,22732.701425
70,53,21679.350761
70,54,20532.274551
70,55,20525.991996
70,56,20447.223530
70,57,19941.514727
70,58,19453.115281
70,62,19346.158841
70,64,19117.865182
70,68,19041.197719
70,69,18819.430272
70,73,18678.655026
70,78,18483.313808
70,81,18029.941677
70,84,17717.803824
70,86,17556.165942
70,91,17401.996436
70,94,17094.930855
70,102,16993.072703
70,106,16933.037264
70,107,16855.254667
70,110,16828.699941
70,111,16648.669403
70,122,16563.905433
71,51,23684.483615
71,52,22732.701425
71,53,21679.350761
71,54,19764.702231
71,58,19453.115281
71,60,19373.799188
71,62,19346.158841
71,64,19117.865182
71,68,19041.197719
71,69,18819.430272
71,73,18678.655026
71,78,18483.313808
71,81,18029.941677
71,84,17717.803824
71,86,17556.165942
71,91,17401.996436
71,94,17094.930855
71,102,16993.072703
71,106,16933.037264
71,107,16855.254667
71,110,16828.699941
71,111,16648.669403
71,116,16488.633329
72,51,22573.278301
72,53,21679.350761
72,54,19764.702231
72,58,19453.115281
72,60,19373.799188
72,62,19346.158841
72,64,19117.865182
72,68,19041.197719
72,69,18819.430272
72,73,18626.553826
72,78,18411.235253
72,79,18377.943242
72,81,18029.941677
72,84,17717.803824
72,85,17394.281289
72,91,17389.483423
72,94,17094.930855
72,101,16948.093728
72,102,16789.017136
72,108,16684.569347
72,111,16640.547376
72,114,16412.495031
73,51,22228.762010
73,53,21679.350761
73,54,19764.702231
73,58,19453.115281
73,60,19373.799188
73,62,19346.158841
73,64,19117.865182
73,68,19041.197719
73,69,18819.430272
73,73,18626.553826
73,74,18574.353535
73,76,18507.937763
73,78,18411.235253
73,79,18377.943242
73,81,18029.941677
73,84,17717.803824
73,85,17394.281289
73,91,17389.483423
73,94,17094.930855
73,100,17066.216399
73,101,16948.093728
73,102,16789.017136
73,108,16684.569347
73,111,16640.547376
73,114,16412.495031
74,51,22228.762010
74,53,21679.350761
74,54,19764.702231
74,58,19453.115281
74,60,19373.799188
74,62,19346.158841
74,64,19117.865182
74,67,19026.163826
74,69,18819.430272
74,73,18626.553826
74,74,18574.353535
74,76,18507.937763
74,78,18411.235253
74,79,18377.943242
74,81,18029.941677
74,84,17717.803824
74,85,17394.281289
74,91,17389.483423
74,94,17094.930855
74,100,17066.216399
74,101,16948.093728
74,102,16789.017136
74,108,16684.569347
74,111,16640.547376
74,114,16412.495031
75,50,22892.080221
75,51,22228.762010
75,53,21679.350761
75,54,19764.702231
75,58,19453.115281
75,60,19373.799188
75,62,19277.010747
75,63,19020.014609
75,69,18819.430272
75,73,18626.553826
75,74,18574.353535
75,76,18507.937763
75,78,18411.235253
75,79,18377.943242
75,81,18029.941677
75,84,17717.803824
75,85,17394.281289
75,91,17389.483423
75,94,17094.930855
75,100,17066.216399
75,101,16948.093728
75,102,16789.017136
75,108,16684.569347
75,111,16640.547376
75,114,16412.495031
76,50,22892.080221
76,51,22228.762010
76,52,20380.751566
76,53,19614.653253
76,58,19453.115281
76,60,19373.799188
76,61,19353.272688
76,62,19277.010747
76,63,19020.014609
76,64,18854.709103
76,69,18819.430272
76,70,18721.883159
76,73,18626.553826
76,74,18574.353535
76,76,18507.937763
76,78,18411.235253
76,79,18377.943242
76,81,18029.941677
76,84,17172.115661
76,94,17094.930855
76,100,16676.691830
76,108,16594.384872
76,114,16412.495031
77,50,22892.080221
77,51,22228.762010
77,52,20380.751566
77,53,19614.653253
77,58,19453.115281
77,60,19373.799188
77,61,19353.272688
77,62,19277.010747
77,63,19020.014609
77,64,18854.709103
77,69,18819.430272
77,70,18721.883159
77,71,18390.708078
77,72,18356.548258
77,81,18029.941677
77,84,17172.115661
77,94,17094.930855
77,100,16676.691830
77,108,16594.384872
77,114,16412.495031
78,50,22892.080221
78,51,22228.762010
78,52,20380.751566
78,53,19614.653253
78,58,19453.115281
78,60,19373.799188
78,61,19347.531837
78,62,19277.010747
78,63,19020.014609
78,64,18854.709103
78,69,18819.430272
78,70,18721.883159
78,71,18390.708078
78,72,18356.548258
78,76,18217.521828
78,81,18029.941677
78,83,17969.035766
78,84,17172.115661
78,94,17094.930855
78,100,16676.691830
78,108,16594.384872
78,114,16412.495031
79,50,22892.080221
79,51,22228.762010
79,52,20380.751566
79,53,19614.653253
79,58,19453.115281
79,59,19420.678276
79,60,19373.799188
79,61,19347.531837
79,62,19277.010747
79,63,19020.014609
79,64,18854.709103
79,66,18759.513820
79,70,18721.883159
79,71,18390.708078
79,72,18356.548258
79,76,18217.521828
79,81,18029.941677
79,83,17969.035766
79,84,17172.115661
79,94,17094.930855
79,100,16676.691830
79,108,16594.384872
79,114,16412.495031
80,50,22892.080221
80,51,21474.352529
80,52,20380.751566
80,53,19614.653253
80,58,19453.115281
80,59,19241.487490
80,63,19020.014609
80,64,18854.709103
80,66,18759.513820
80,67,18617.279711
80,69,18213.812782
80,76,18012.779732
80,81,17978.355235
80,83,17969.035766
80,84,17160.596177
80,94,17040.541911
80,97,16625.208573
80,108,16444.918256
80,113,16381.744050
81,50,22892.080221
81,51,21474.352529
81,52,20380.751566
81,53,19614.653253
81,58,19453.115281
81,59,19241.487490
81,62,18837.782858
81,65,18656.732772
81,67,18303.437866
81,69,18213.812782
81,76,18012.779732
81,81,17978.355235
81,83,17969.035766
81,84,17160.596177
81,94,17040.541911
81,97,16625.208573
81,108,16444.918256
81,113,16381.744050
82,50,22892.080221
82,51,21474.352529
82,52,20380.751566
82,53,19614.653253
82,55,19449.962258
82,59,19241.487490
82,62,18837.782858
82,63,18614.015621
82,67,18303.437866
82,69,18213.812782
82,74,18012.288611
82,75,17862.536083
82,84,17160.596177
82,94,17040.541911
82,97,16625.208573
82,108,16444.918256
82,113,16381.744050
83,50,22892.080221
83,51,21208.526403
83,52,20380.751566
83,53,19614.653253
83,55,19449.962258
83,57,19146.133800
83,62,18837.782858
83,63,18614.015621
83,67,18303.437866
83,69,18213.812782
83,74,18012.288611
83,75,17862.536083
83,84,17160.596177
83,94,17040.541911
83,97,16625.208573
83,108,16444.918256
83,113,16381.744050
84,50,22892.080221
84,51,21208.526403
84,52,20380.751566
84,53,19614.653253
84,55,19449.962258
84,56,19337.840353
84,57,19146.133800
84,60,18815.127265
84,63,18614.015621
84,67,18303.437866
84,69,18080.210348
84,71,17926.852331
84,75,17862.536083
84,81,17645.992169
84,84,17044.605572
84,94,17040.541911
84,97,16484.658175
84,108,16444.918256
84,113,16364.694083
85,50,22892.080221
85,51,21208.526403
85,52,20380.751566
85,53,19614.653253
85,54,19230.045846
85,57,19146.133800
85,60,18815.127265
85,62,18685.114764
85,63,18614.015621
85,67,18303.437866
85,69,18080.210348
85,71,17926.852331
85,75,17862.536083
85,81,17645.992169
85,84,17044.605572
85,94,17040.541911
85,97,16484.658175
85,108,16444.918256
85,112,16290.692830
86,50,22892.080221
86,51,21208.526403
86,52,20380.751566
86,53,19614.653253
86,54,19230.045846
86,57,19146.133800
86,60,18815.127265
86,62,18685.114764
86,63,18614.015621
86,67,18245.534651
86,69,18080.210348
86,70,18012.846308
86,71,17926.852331
86,75,17862.536083
86,81,17645.992169
86,84,17044.605572
86,94,16981.776756
86,97,16484.658175
86,108,16444.918256
86,109,16306.236942
86,112,16290.692830
87,50,22892.080221
87,51,21208.526403
87,52,20006.296332
87,53,19484.359428
87,54,19230.045846
87,57,19146.133800
87,59,18862.129367
87,60,18809.321110
87,62,18685.114764
87,63,18614.015621
87,67,18245.534651
87,69,18080.210348
87,70,18012.846308
87,71,17926.852331
87,75,17862.536083
87,81,17645.992169
87,84,17044.605572
87,94,16981.776756
87,97,16484.658175
87,108,16444.918256
87,109,16306.236942
87,112,16290.692830
88,50,22892.080221
88,51,20651.607896
88,52,19795.975657
88,53,19423.441058
88,54,19230.045846
88,57,19146.133800
88,58,19031.773734
88,59,18862.129367
88,60,18809.321110
88,62,18685.114764
88,63,18614.015621
88,67,18245.534651
88,69,18080.210348
88,70,17872.165861
88,75,17816.882711
88,79,17672.399652
88,81,17585.981509
88,84,17011.138015
88,94,16981.776756
88,97,16419.499015
88,105,16350.849781
88,109,16283.786435
88,112,16181.459770
89,49,22638.325892
89,51,20651.607896
89,52,19795.975657
89,53,19423.441058
89,54,19230.045846
89,57,19146.133800
89,58,19031.773734
89,59,18862.129367
89,60,18809.321110
89,62,18685.114764
89,63,18614.015621
89,67,18245.534651
89,69,18080.210348
89,70,17872.165861
89,75,17816.882711
89,79,17672.399652
89,81,17585.981509
89,84,17011.138015
89,91,16984.098381
89,94,16981.776756
89,97,16419.499015
89,105,16350.849781
89,109,16283.786435
89,112,16181.459770
90,49,22638.325892
90,51,20651.607896
90,52,19795.975657
90,53,19423.441058
90,54,19230.045846
90,57,18946.795061
90,59,18862.129367
90,60,18728.891320
90,62,18561.815767
90,65,18537.556192
90,66,18373.085416
90,67,18245.534651
90,69,18080.210348
90,70,17872.165861
90,75,17816.882711
90,76,17750.338944
90,79,17672.399652
90,80,17535.237424
90,84,17011.138015
90,91,16984.098381
90,94,16981.776756
90,97,16419.499015
90,105,16350.849781
90,109,16283.786435
90,112,16181.459770
91,49,22638.325892
91,51,19781.416738
91,53,19423.441058
91,54,19230.045846
91,57,18946.795061
91,59,18862.129367
91,60,18728.891320
91,61,18635.908076
91,62,18561.815767
91,64,18489.079839
91,65,18453.137131
91,66,18373.085416
91,67,18245.534651
91,68,18219.892407
91,69,18080.210348
91,70,17872.165861
91,75,17816.882711
91,76,17750.338944
91,79,17672.399652
91,80,17535.237424
91,84,17011.138015
91,91,16984.098381
91,94,16981.776756
91,97,16419.499015
91,105,16350.849781
91,109,16283.786435
91,112,16181.459770
92,49,22638.325892
92,51,19781.416738
92,53,19357.069273
92,54,19230.045846
92,57,18946.795061
92,59,18656.953985
92,61,18635.908076
92,62,18561.815767
92,64,18489.079839
92,65,18453.137131
92,66,18373.085416
92,67,18245.534651
92,68,18219.892407
92,69,18080.210348
92,70,17872.165861
92,75,17816.882711
92,76,17750.338944
92,78,17404.480256
92,84,16958.535848
92,97,16419.499015
92,105,16313.335690
92,109,16211.686728
92,112,16169.207098
93,49,22638.325892
93,50,21148.124963
93,51,19591.567126
93,53,19357.069273
93,54,19177.167055
93,56,18998.872429
93,57,18946.795061
93,59,18656.953985
93,61,18635.908076
93,62,18561.815767
93,64,18489.079839
93,65,18453.137131
93,66,18373.085416
93,67,18245.534651
93,68,18219.892407
93,69,18080.210348
93,70,17872.165861
93,75,17816.882711
93,76,17750.338944
93,78,17404.480256
93,84,16958.535848
93,97,16419.499015
93,105,16313.335690
93,109,16211.686728
93,112,16169.207098
94,49,22638.325892
94,50,21148.124963
94,51,19591.567126
94,53,19332.301655
94,54,19177.167055
94,56,18763.591494
94,59,18656.953985
94,61,18635.908076
94,62,18561.815767
94,64,18489.079839
94,65,18453.137131
94,66,18373.085416
94,67,18245.534651
94,68,18219.892407
94,69,18030.037264
94,70,17872.165861
94,75,17816.882711
94,76,17750.338944
94,78,17404.480256
94,84,16958.535848
94,97,16419.499015
94,105,16313.335690
94,109,16211.686728
94,112,16169.207098
95,49,22266.894439
95,50,21148.124963
95,51,19591.567126
95,53,19332.301655
95,54,19177.167055
95,55,19094.415983
95,56,18763.591494
95,58,18660.514765
95,59,18656.953985
95,61,18635.908076
95,62,18561.815767
95,64,18489.079839
95,65,18453.137131
95,66,18373.085416
95,67,18180.374438
95,68,18086.485134
95,69,18030.037264
95,70,17872.165861
95,75,17816.882711
95,76,17731.893170
95,78,17404.480256
95,84,16958.535848
95,97,16419.499015
95,105,16313.335690
95,109,16211.686728
95,112,16169.207098
96,49,22266.894439
96,50,21148.124963
96,51,19591.567126
96,53,19332.301655
96,54,19177.167055
96,55,19094.415983
96,56,18763.591494
96,58,18660.514765
96,59,18656.953985
96,60,18576.355686
96,62,18560.904896
96,64,18489.079839
96,65,18453.137131
96,66,18373.085416
96,67,18180.374438
96,68,18086.485134
96,69,18030.037264
96,70,17723.194172
96,77,17528.873020
96,78,17404.480256
96,84,16890.175841
96,96,16408.305604
96,105,16302.494857
96,109,16211.686728
96,112,16169.207098
97,49,22266.894439
97,50,21148.124963
97,51,19591.567126
97,53,19332.301655
97,54,19177.167055
97,55,19094.415983
97,56,18622.097032
97,60,18576.355686
97,62,18560.904896
97,63,18391.692828
97,66,18373.085416
97,67,18180.374438
97,68,18086.485134
97,69,18030.037264
97,70,17723.194172
97,77,17528.873020
97,78,17404.480256
97,84,16890.175841
97,96,16408.305604
97,105,16302.494857
97,109,16211.686728
97,112,16169.207098
98,49,22266.894439
98,50,20767.453331
98,51,19591.567126
98,53,19332.301655
98,54,19177.167055
98,55,19090.231443
98,56,18622.097032
98,59,18540.917146
98,63,18391.692828
98,66,18373.085416
98,67,18180.374438
98,68,18086.485134
98,69,18030.037264
98,70,17723.194172
98,74,17675.780665
98,77,17528.873020
98,78,17404.480256
98,84,16890.175841
98,96,16408.305604
98,105,16302.494857
98,109,16211.686728
98,112,16169.207098
99,49,22266.894439
99,50,20767.453331
99,51,19591.567126
99,52,19573.708895
99,53,19332.301655
99,54,19177.167055
99,55,18581.881759
99,59,18540.917146
99,61,18495.084712
99,63,18391.692828
99,66,18373.085416
99,67,18180.374438
99,68,18086.485134
99,69,18030.037264
99,70,17723.194172
99,72,17681.041366
99,74,17675.780665
99,77,17528.873020
99,78,17404.480256
99,84,16890.175841
99,96,16408.305604
99,105,16302.494857
99,109,16211.686728
99,112,16169.207098
100,49,22266.894439
100,50,20767.453331
100,51,19591.567126
100,52,19573.708895
100,53,19332.301655
100,54,19177.167055
100,55,18581.881759
100,56,18558.409573
100,59,18540.917146
100,61,18495.084712
100,63,18391.692828
100,65,18046.009012
100,69,18030.037264
100,70,17723.194172
100,72,17681.041366
100,74,17675.780665
100,75,17531.618493
100,77,17367.376471
100,82,17083.368985
100,84,16824.285739
100,96,16351.340955
100,105,16302.494857
100,109,16172.936256
100,111,16083.045087
101,49,22266.894439
101,50,20767.453331
101,51,19591.567126
101,52,19425.145697
101,53,19332.301655
101,54,19177.167055
101,55,18581.881759
101,56,18558.409573
101,59,18540.917146
101,61,18450.235093
101,62,18405.340463
101,63,18391.692828
101,65,18046.009012
101,69,18030.037264
101,70,17723.194172
101,72,17681.041366
101,74,17675.780665
101,75,17531.618493
101,77,17367.376471
101,79,17304.105719
101,82,17083.368985
101,84,16824.285739
101,96,16351.340955
101,103,16196.700067
101,109,16172.936256
101,111,16083.045087
102,49,22266.894439
102,50,20767.453331
102,51,19591.567126
102,52,19317.145601
102,54,19177.167055
102,55,18581.881759
102,56,18558.409573
102,59,18540.917146
102,61,18450.235093
102,62,18405.340463
102,63,18391.692828
102,65,18046.009012
102,69,18030.037264
102,70,17723.194172
102,72,17681.041366
102,74,17675.780665
102,75,17467.440522
102,77,17367.376471
102,79,17304.105719
102,82,17083.368985
102,84,16824.285739
102,96,16351.340955
102,103,16196.700067
102,109,16172.936256
102,111,16083.045087
103,49,22266.894439
103,50,19452.443280
103,52,19317.145601
103,54,19177.167055
103,55,18581.881759
103,56,18558.409573
103,59,18540.917146
103,61,18450.235093
103,62,18405.340463
103,63,18391.692828
103,65,18046.009012
103,66,18004.783290
103,70,17723.194172
103,72,17681.041366
103,74,17675.780665
103,75,17467.440522
103,77,17367.376471
103,79,17304.105719
103,82,17083.368985
103,84,16824.285739
103,96,16351.340955
103,103,16196.700067
103,109,16172.936256
103,111,16083.045087
104,49,22266.894439
104,50,19452.443280
104,52,19317.145601
104,54,19177.167055
104,55,18581.881759
104,56,18558.409573
104,57,18389.239414
104,65,18046.009012
104,66,18004.783290
104,70,17723.194172
104,72,17681.041366
104,73,17597.537129
104,75,17345.844701
104,79,17213.395714
104,81,17015.705944
104,84,16772.111067
104,95,16318.506484
104,103,16181.463870
104,109,16172.936256
104,111,16062.721292
105,49,22266.894439
105,50,19452.443280
105,52,19317.145601
105,54,18985.815958
105,55,18581.881759
105,56,18558.409573
105,57,18308.288290
105,64,18283.529857
105,65,18046.009012
105,66,18004.783290
105,70,17723.194172
105,72,17681.041366
105,73,17597.537129
105,75,17345.844701
105,79,17213.395714
105,81,17015.705944
105,84,16772.111067
105,95,16318.506484
105,103,16181.463870
105,109,16172.936256
105,111,16062.721292
106,49,22266.894439
106,50,19452.443280
106,51,19251.686614
106,52,18950.174056
106,55,18581.881759
106,56,18558.409573
106,57,18308.288290
106,64,18259.636002
106,65,18046.009012
106,66,18004.783290
106,68,17884.392335
106,70,17723.194172
106,72,17681.041366
106,73,17597.537129
106,75,17345.844701
106,79,17213.395714
106,81,17015.705944
106,84,16772.111067
106,95,16318.506484
106,103,16181.463870
106,109,16172.936256
106,111,16062.721292
107,49,22266.894439
107,50,19452.443280
107,51,19251.686614
107,52,18950.174056
107,55,18581.881759
107,56,18558.409573
107,57,18308.288290
107,64,17746.888061
107,70,17723.194172
107,72,17681.041366
107,73,17597.537129
107,75,17345.844701
107,79,17213.395714
107,81,17015.705944
107,84,16772.111067
107,95,16318.506484
107,103,16181.463870
107,109,16172.936256
107,111,16062.721292
108,49,22266.894439
108,50,19452.443280
108,51,19251.686614
108,52,18950.174056
108,54,18178.108135
108,64,17746.888061
108,70,17723.194172
108,71,17577.814633
108,72,17554.506553
108,75,17345.844701
108,79,17213.395714
108,81,16939.489593
108,82,16750.518110
108,95,16300.258626
108,102,16149.173111
108,109,16049.091347
108,111,16017.941577
109,49,22266.894439
109,50,19452.443280
109,51,19251.686614
109,52,18950.174056
109,54,18178.108135
109,62,17663.599810
109,71,17577.814633
109,72,17554.506553
109,75,17345.844701
109,77,17327.584127
109,79,17213.395714
109,81,16939.489593
109,82,16750.518110
109,95,16300.258626
109,102,16149.173111
109,109,16049.091347
109,111,16017.941577
110,49,22266.894439
110,50,19452.443280
110,51,19251.686614
110,52,18950.174056
110,54,18178.108135
110,62,17663.599810
110,71,17577.814633
110,72,17554.506553
110,75,17173.171446
110,76,17158.324643
110,81,16939.489593
110,82,16750.518110
110,95,16300.258626
110,102,16149.173111
110,109,16049.091347
110,111,16017.941577
111,49,21439.340263
111,50,19452.443280
111,51,19251.686614
111,52,18897.555829
111,54,18178.108135
111,59,18176.153216
111,62,17663.599810
111,70,17628.460302
111,71,17577.814633
111,72,17554.506553
111,75,17173.171446
111,76,17158.324643
111,81,16939.489593
111,82,16750.518110
111,95,16300.258626
111,102,16149.173111
111,109,16049.091347
111,111,16017.941577
112,48,21006.514758
112,50,19452.443280
112,51,19251.686614
112,52,18864.528551
112,54,18178.108135
112,59,18176.153216
112,62,17663.599810
112,70,17628.460302
112,71,17577.814633
112,72,17436.523648
112,75,17173.171446
112,76,17080.536334
112,78,16909.290294
112,80,16696.822604
112,95,16300.258626
112,102,16114.390119
112,106,15978.916646
113,48,19292.593382
113,49,19262.062293
113,51,19251.686614
113,52,18864.528551
113,53,18544.980943
113,54,18178.108135
113,59,18176.153216
113,60,18172.625653
113,62,17663.599810
113,70,17628.460302
113,71,17577.814633
113,72,17436.523648
113,73,17158.958803
113,76,17080.536334
113,78,16909.290294
113,80,16696.822604
113,95,16300.258626
113,102,16114.390119
113,106,15978.916646
114,48,19292.593382
114,49,19262.062293
114,50,19188.251998
114,52,18864.528551
114,53,18544.980943
114,54,18178.108135
114,59,18176.153216
114,60,18172.625653
114,62,17663.599810
114,70,17628.460302
114,71,17577.814633
114,72,17436.523648
114,73,17158.958803
114,76,17080.536334
114,78,16909.290294
114,80,16696.822604
114,94,16659.720348
114,95,16300.258626
114,102,16114.390119
114,106,15978.916646
115,47,21118.012886
115,48,19292.593382
115,49,19262.062293
115,50,19188.251998
115,52,18864.528551
115,53,18503.875381
115,54,18178.108135
115,59,18176.153216
115,60,18172.625653
115,62,17663.599810
115,70,17628.460302
115,71,17577.814633
115,72,17436.523648
115,73,17158.958803
115,76,17080.536334
115,78,16909.290294
115,80,16696.822604
115,94,16639.308442
115,95,16300.258626
115,102,16114.390119
115,106,15978.916646
116,47,21118.012886
116,48,19292.593382
116,49,19262.062293
116,50,19188.251998
116,52,18864.528551
116,53,18503.875381
116,54,18178.108135
116,57,18073.729367
116,62,17663.599810
116,70,17628.460302
116,71,17577.814633
116,72,17436.523648
116,73,17093.373569
116,76,17080.536334
116,78,16909.290294
116,79,16789.273574
116,80,16681.492490
116,94,16258.608954
116,101,16197.773100
116,102,16092.069555
116,106,15952.376595
117,47,21118.012886
117,48,19292.593382
117,49,19262.062293
117,50,19188.251998
117,51,18959.790094
117,52,18864.528551
117,53,18503.875381
117,54,18178.108135
117,55,18088.606715
117,57,18073.729367
117,62,17663.599810
117,70,17628.460302
117,71,17577.814633
117,72,17436.523648
117,73,17093.373569
117,76,17080.536334
117,78,16909.290294
117,79,16789.273574
117,80,16681.492490
117,86,16648.364413
117,94,16258.608954
117,101,16197.773100
117,102,16092.069555
117,106,15952.376595
118,47,21118.012886
118,48,19292.593382
118,49,19262.062293
118,50,19188.251998
118,51,18946.935992
118,52,18864.528551
118,53,18503.875381
118,54,18178.108135
118,55,18088.606715
118,57,18073.729367
118,62,17663.599810
118,70,17628.460302
118,71,17577.814633
118,72,17436.523648
118,73,17093.373569
118,76,17080.536334
118,78,16909.290294
118,79,16789.273574
118,80,16681.492490
118,86,16648.364413
118,94,16258.608954
118,101,16197.773100
118,102,16092.069555
118,106,15952.376595
119,47,21118.012886
119,48,19292.593382
119,49,19262.062293
119,50,19188.251998
119,51,18946.935992
119,52,18864.528551
119,53,18503.875381
119,54,18178.108135
119,55,18088.606715
119,56,18041.719982
119,62,17663.599810
119,70,17628.460302
119,71,17577.814633
119,72,17436.523648
119,73,17093.373569
119,76,17080.536334
119,78,16909.290294
119,79,16789.273574
119,80,16681.492490
119,86,16648.364413
119,94,16258.608954
119,101,16197.773100
119,102,16092.069555
119,106,15952.376595
120,47,21118.012886
120,48,19292.593382
120,49,19262.062293
120,50,18914.215436
120,52,18634.337221
120,53,18503.875381
120,54,18178.108135
120,55,18088.606715
120,56,18041.719982
120,60,18034.807372
120,62,17663.599810
120,70,17628.460302
120,71,17577.814633
120,72,17436.523648
120,73,17080.259965
120,75,17038.351151
120,78,16659.520220
120,80,16635.028747
120,86,16600.616125
120,94,16230.431412
120,101,16133.330977
120,102,16084.166840
120,106,15949.571197
121,47,21118.012886
121,48,19292.593382
121,49,19262.062293
121,50,18914.215436
121,52,18523.446681
121,53,18503.875381
121,54,18058.367394
121,56,18041.719982
121,58,17969.307584
121,62,17663.599810
121,70,17628.460302
121,71,17577.814633
121,72,17436.523648
121,73,17080.259965
121,75,17038.351151
121,78,16659.520220
121,80,16635.028747
121,86,16600.616125
121,94,16230.431412
121,101,16133.330977
121,102,16084.166840
121,106,15949.571197
122,47,21118.012886
122,48,19292.593382
122,49,19262.062293
122,50,18914.215436
122,52,18523.446681
122,53,18376.526802
122,54,18058.367394
122,56,18041.719982
122,58,17969.307584
122,62,17663.599810
122,70,17628.460302
122,71,17577.814633
122,72,17436.523648
122,73,17080.259965
122,75,17038.351151
122,78,16659.520220
122,80,16635.028747
122,86,16600.616125
122,94,16230.431412
122,101,16133.330977
122,102,16084.166840
122,106,15949.571197
123,47,21118.012886
123,48,19292.593382
123,49,19262.062293
123,50,18914.215436
123,52,18523.446681
123,53,18376.526802
123,54,18058.367394
123,56,18041.719982
123,58,17969.307584
123,62,17663.599810
123,70,17628.460302
123,71,17577.814633
123,72,17436.523648
123,73,17080.259965
123,75,17038.351151
123,78,16659.520220
123,80,16635.028747
123,86,16600.616125
123,94,16230.431412
123,101,16133.330977
123,102,16084.166840
123,106,15949.571197
124,47,21118.012886
124,48,19253.468499
124,49,18829.917647
124,52,18523.446681
124,53,18376.526802
124,54,18058.367394
124,56,18041.719982
124,58,17969.307584
124,62,17663.599810
124,70,17628.460302
124,71,17577.814633
124,72,17436.523648
124,73,17080.259965
124,75,16978.285236
124,76,16542.840535
124,94,16140.052498
124,101,16089.620072
124,102,16084.166840
124,105,15896.532968
125,47,21118.012886
125,48,19253.468499
125,49,18829.917647
125,52,18523.446681
125,53,18376.526802
125,54,18058.367394
125,56,17983.693839
125,58,17969.307584
125,59,17774.995644
125,62,17663.599810
125,70,17628.460302
125,71,17577.814633
125,72,17152.705548
125,73,17080.259965
125,75,16978.285236
125,76,16542.840535
125,94,16140.052498
125,101,16089.620072
125,102,16084.166840
125,105,15896.532968
126,47,21118.012886
126,48,19253.468499
126,49,18829.917647
126,50,18810.782402
126,51,18755.395919
126,52,18523.446681
126,53,18376.526802
126,54,18058.367394
126,56,17983.693839
126,58,17969.307584
126,59,17774.995644
126,62,17663.599810
126,69,17565.556728
126,72,17152.705548
126,73,17080.259965
126,75,16978.285236
126,76,16542.840535
126,91,16120.966378
126,101,16089.620072
126,102,16084.166840
126,105,15896.532968
127,47,21118.012886
127,48,19253.468499
127,49,18829.917647
127,50,18810.782402
127,51,18755.395919
127,52,18523.446681
127,53,18376.526802
127,54,18058.367394
127,56,17983.693839
127,58,17969.307584
127,59,17774.995644
127,62,17663.599810
127,69,17565.556728
127,72,17152.705548
127,73,17080.259965
127,75,16978.285236
127,76,16542.840535
127,91,16120.966378
127,101,16089.620072
127,102,16084.166840
127,105,15896.532968
128,47,21118.012886
128,48,19253.468499
128,49,18829.917647
128,50,18810.782402
128,51,18755.395919
128,52,18523.446681
128,53,18376.526802
128,54,18058.367394
128,56,17983.693839
128,58,17969.307584
128,59,17774.995644
128,62,17485.104262
128,72,17094.686833
128,73,17080.259965
128,75,16744.298181
128,76,16542.840535
128,89,16090.253709
128,101,16033.165262
128,104,15850.952161
129,47,21118.012886
129,48,19186.987024
129,49,18637.796372
129,52,18523.446681
129,53,18376.526802
129,54,18058.367394
129,56,17983.693839
129,58,17969.307584
129,59,17774.995644
129,62,17485.104262
129,72,17094.686833
129,73,17080.259965
129,75,16744.298181
129,76,16542.840535
129,89,16090.253709
129,101,16033.165262
129,104,15850.952161
130,47,21118.012886
130,48,19186.987024
130,49,18637.796372
130,52,18523.446681
130,53,18376.526802
130,54,18058.367394
130,56,17983.693839
130,58,17969.307584
130,59,17774.995644
130,62,17485.104262
130,72,17094.686833
130,73,17080.259965
130,75,16744.298181
130,76,16542.840535
130,89,16090.253709
130,101,16033.165262
130,104,15850.952161
131,45,20873.138748
131,47,19844.450070
131,48,19186.987024
131,49,18637.796372
131,52,18523.446681
131,53,18376.526802
131,54,18058.367394
131,56,17983.693839
131,58,17969.307584
131,59,17774.995644
131,62,17485.104262
131,72,17094.686833
131,73,17080.259965
131,75,16744.298181
131,76,16542.840535
131,89,16090.253709
131,101,16033.165262
131,104,15850.952161
132,45,20873.138748
132,47,19844.450070
132,48,19186.987024
132,49,18637.796372
132,51,18520.545677
132,53,18376.526802
132,54,18058.367394
132,56,17983.693839
132,58,17969.307584
132,59,17733.776748
132,61,17705.077503
132,62,17485.104262
132,72,16993.077410
132,75,16744.298181
132,76,16542.840535
132,89,16082.218940
132,101,16008.923580
132,103,15788.884741
133,45,20873.138748
133,47,19844.450070
133,48,19186.987024
133,49,18637.796372
133,51,18520.545677
133,53,18376.526802
133,54,18058.367394
133,56,17983.693839
133,58,17969.307584
133,59,17733.776748
133,61,17705.077503
133,62,17485.104262
133,69,16979.898613
133,72,16758.660197
133,75,16744.298181
133,76,16542.840535
133,89,16082.218940
133,98,16029.867049
133,101,16008.923580
133,102,15986.356821
133,103,15788.884741
134,45,20873.138748
134,47,19844.450070
134,48,19186.987024
134,49,18637.796372
134,51,18520.545677
134,53,18376.526802
134,54,18058.367394
134,56,17983.693839
134,58,17954.799609
134,59,17733.776748
134,61,17705.077503
134,62,17485.104262
134,69,16979.898613
134,72,16758.660197
134,75,16744.298181
134,76,16542.840535
134,86,16426.551425
134,89,16082.218940
134,98,15967.345779
134,103,15788.884741
135,45,20873.138748
135,47,19844.450070
135,48,19186.987024
135,49,18637.796372
135,51,18520.545677
135,53,18376.526802
135,54,18058.367394
135,56,17983.693839
135,58,17954.799609
135,59,17733.776748
135,61,17705.077503
135,62,17485.104262
135,66,17477.635589
135,69,16979.898613
135,72,16758.660197
135,75,16744.298181
135,76,16542.840535
135,86,16426.551425
135,89,16082.218940
135,98,15967.345779
135,103,15788.884741
136,45,20873.138748
136,47,19248.855572
136,48,19186.987024
136,49,18637.796372
136,50,18585.168762
136,51,18520.545677
136,53,18344.837219
136,54,18058.367394
136,56,17983.693839
136,58,17954.799609
136,59,17733.776748
136,61,17705.077503
136,62,17485.104262
136,66,17477.635589
136,69,16952.690627
136,71,16873.516365
136,72,16758.660197
136,75,16496.581645
136,86,16287.285302
136,89,16082.218940
136,97,15840.991700
136,103,15762.097780
137,45,20873.138748
137,46,20797.682201
137,47,19248.855572
137,48,19186.987024
137,49,18637.796372
137,50,18585.168762
137,51,18520.545677
137,53,18344.837219
137,54,18058.367394
137,56,17983.693839
137,58,17954.799609
137,59,17733.776748
137,61,17705.077503
137,62,17485.104262
137,66,17477.635589
137,69,16952.690627
137,71,16873.516365
137,72,16758.660197
137,75,16496.581645
137,86,16287.285302
137,89,16082.218940
137,97,15840.991700
137,103,15762.097780
138,45,20873.138748
138,46,20669.721902
138,47,19248.855572
138,48,19186.987024
138,49,18637.796372
138,50,18585.168762
138,51,18520.545677
138,53,18344.837219
138,54,18058.367394
138,56,17983.693839
138,58,17954.799609
138,59,17733.776748
138,61,17705.077503
138,62,17485.104262
138,66,17477.635589
138,68,17127.989798
138,69,16952.690627
138,71,16873.516365
138,72,16758.660197
138,75,16496.581645
138,86,16287.285302
138,89,16082.218940
138,97,15840.991700
138,103,15762.097780
139,45,20873.138748
139,46,20669.721902
139,47,19248.855572
139,48,19186.987024
139,49,18637.796372
139,50,18585.168762
139,51,18520.545677
139,52,18484.239341
139,53,18344.837219
139,54,17997.389843
139,56,17983.693839
139,58,17816.643668
139,59,17733.776748
139,61,17705.077503
139,62,17485.104262
139,66,17477.635589
139,68,17127.989798
139,69,16952.690627
139,71,16873.516365
139,72,16758.660197
139,75,16496.581645
139,86,16287.285302
139,89,16082.218940
139,97,15840.991700
139,103,15762.097780
140,45,20873.138748
140,46,20669.721902
140,47,19248.855572
140,48,19039.453844
140,49,18610.664751
140,50,18585.168762
140,51,18520.545677
140,52,18484.239341
140,53,18344.837219
140,54,17997.389843
140,56,17983.693839
140,57,17939.614540
140,58,17816.643668
140,59,17733.776748
140,61,17705.077503
140,62,17485.104262
140,66,17477.635589
140,68,17127.989798
140,69,16952.690627
140,70,16806.664789
140,72,16692.374557
140,75,16399.180045
140,86,16252.788247
140,89,16082.218940
140,97,15840.991700
140,98,15772.127041
140,103,15667.738126
141,45,20873.138748
141,46,20669.721902
141,47,19248.855572
141,48,19039.453844
141,49,18610.664751
141,50,18585.168762
141,51,18520.545677
141,52,18481.135493
141,53,18344.837219
141,54,17976.542231
141,57,17939.614540
141,58,17816.643668
141,59,17733.776748
141,61,17705.077503
141,62,17485.104262
141,66,17477.635589
141,68,17127.989798
141,69,16952.690627
141,70,16806.664789
141,72,16692.374557
141,75,16399.180045
141,86,16252.788247
141,89,16082.218940
141,97,15840.991700
141,98,15772.127041
141,103,15667.738126
142,45,20873.138748
142,46,20669.721902
142,47,19248.855572
142,48,19039.453844
142,49,18610.664751
142,50,18585.168762
142,51,18520.545677
142,52,18481.135493
142,53,18344.837219
142,54,17864.168085
142,58,17816.643668
142,59,17733.776748
142,61,17705.077503
142,62,17485.104262
142,66,17477.635589
142,67,17194.393018
142,68,17127.989798
142,69,16952.690627
142,70,16806.664789
142,72,16692.374557
142,75,16399.180045
142,86,16252.788247
142,88,15858.419647
142,96,15850.556574
142,97,15840.991700
142,98,15772.127041
142,103,15667.738126
143,45,20873.138748
143,46,20669.721902
143,47,19248.855572
143,48,19039.453844
143,49,18610.664751
143,50,18585.168762
143,51,18520.545677
143,52,18481.135493
143,53,18344.837219
143,54,17864.168085
143,58,17816.643668
143,59,17733.776748
143,61,17705.077503
143,62,17485.104262
143,66,17477.635589
143,67,17194.393018
143,68,17127.989798
143,69,16952.690627
143,70,16806.664789
143,72,16692.374557
143,75,16399.180045
143,86,16252.788247
143,88,15858.419647
143,96,15850.556574
143,97,15840.017808
143,98,15772.127041
143,103,15667.738126
144,45,20873.138748
144,46,20669.721902
144,47,19119.341137
144,48,19039.453844
144,49,18610.664751
144,50,18585.168762
144,51,18520.545677
144,52,18481.135493
144,53,18344.837219
144,54,17864.168085
144,58,17816.643668
144,59,17733.776748
144,61,17705.077503
144,62,17485.104262
144,66,17477.635589
144,67,17194.393018
144,68,17127.989798
144,69,16928.711215
144,70,16719.884502
144,72,16638.023043
144,75,16331.207571
144,86,16150.339496
144,88,15858.419647
144,96,15830.012569
144,98,15772.127041
144,102,15582.441239
145,45,20873.138748
145,46,20669.721902
145,47,19119.341137
145,48,18936.424423
145,49,18610.664751
145,50,18585.168762
145,51,18520.545677
145,52,18481.135493
145,53,18344.837219
145,54,17864.168085
145,55,17836.677693
145,58,17816.643668
145,59,17733.776748
145,61,17705.077503
145,62,17485.104262
145,66,17477.635589
145,67,17194.393018
145,68,17127.989798
145,69,16928.711215
145,70,16719.884502
145,72,16638.023043
145,75,16331.207571
145,86,16150.339496
145,88,15858.419647
145,96,15830.012569
145,98,15772.127041
145,102,15582.441239
146,45,20860.311595
146,46,20669.721902
146,47,19119.341137
146,48,18936.424423
146,49,18610.664751
146,50,18585.168762
146,51,18520.545677
146,52,18481.135493
146,53,18344.837219
146,54,17864.168085
146,55,17836.677693
146,58,17816.643668
146,59,17733.776748
146,61,17705.077503
146,62,17485.104262
146,66,17477.635589
146,67,17194.393018
146,68,17127.989798
146,69,16928.711215
146,70,16719.884502
146,72,16638.023043
146,75,16331.207571
146,86,16150.339496
146,88,15858.419647
146,96,15830.012569
146,98,15772.127041
146,102,15582.441239
147,44,21572.006432
147,45,20860.311595
147,46,20669.721902
147,47,19119.341137
147,48,18936.424423
147,49,18610.664751
147,50,18367.855893
147,52,18094.365041
147,54,17864.168085
147,55,17836.677693
147,58,17816.643668
147,59,17733.776748
147,61,17705.077503
147,62,17485.104262
147,66,17477.635589
147,67,17194.393018
147,68,17127.989798
147,69,16928.711215
147,70,16719.884502
147,72,16638.023043
147,75,16331.207571
147,86,16150.339496
147,88,15858.419647
147,96,15830.012569
147,97,15708.265247
147,102,15582.441239
148,44,21572.006432
148,45,20860.311595
148,46,20534.191854
148,47,19119.341137
148,48,18763.245117
148,49,18549.680492
148,50,18367.855893
148,52,18094.365041
148,53,17900.567071
148,54,17864.168085
148,55,17836.677693
148,58,17816.643668
148,59,17733.776748
148,61,17705.077503
148,62,17485.104262
148,66,17477.635589
148,67,17194.393018
148,68,17127.989798
148,69,16880.838648
148,70,16719.884502
148,72,16604.992328
148,75,16315.622327
148,83,16281.410927
148,86,15849.365778
148,93,15746.516334
148,97,15708.265247
148,102,15582.441239
149,44,21572.006432
149,45,20860.311595
149,46,20534.191854
149,47,19119.341137
149,48,18763.245117
149,49,18549.680492
149,50,18367.855893
149,52,18094.365041
149,53,17900.567071
149,54,17864.168085
149,55,17836.677693
149,58,17816.643668
149,59,17733.776748
149,61,17478.991550
149,66,17477.635589
149,67,17194.393018
149,68,17127.989798
149,69,16880.838648
149,70,16719.884502
149,72,16604.992328
149,75,16315.622327
149,83,16281.410927
149,86,15849.365778
149,93,15746.516334
149,97,15708.265247
149,102,15582.441239
150,44,21572.006432
150,45,20860.311595
150,46,20534.191854
150,47,19119.341137
150,48,18632.648002
150,49,18549.680492
150,50,18367.855893
150,52,18094.365041
150,53,17900.567071
150,54,17864.168085
150,55,17836.677693
150,58,17816.643668
150,59,17733.776748
150,61,17478.991550
150,66,17477.635589
150,67,17194.393018
150,68,17127.989798
150,69,16880.838648
150,70,16719.884502
150,72,16604.992328
150,75,16315.622327
150,83,16281.410927
150,86,15849.365778
150,93,15746.516334
150,97,15708.265247
150,102,15582.441239
151,44,21572.006432
151,45,20860.311595
151,46,20534.191854
151,47,18628.450811
151,49,18549.680492
151,50,18367.855893
151,52,18094.365041
151,53,17900.567071
151,54,17864.168085
151,55,17836.677693
151,58,17793.168711
151,59,17733.776748
151,61,17478.991550
151,66,17477.635589
151,67,17194.393018
151,68,17127.989798
151,69,16880.838648
151,70,16719.884502
151,72,16604.992328
151,75,16315.622327
151,83,16281.410927
151,86,15849.365778
151,93,15746.516334
151,97,15708.265247
151,102,15582.441239
152,44,21572.006432
152,45,20860.311595
152,46,20534.191854
152,47,18628.450811
152,49,18549.680492
152,50,18367.855893
152,51,18183.004657
152,52,18094.365041
152,53,17900.567071
152,54,17864.168085
152,55,17836.677693
152,58,17793.168711
152,59,17733.776748
152,61,17478.991550
152,65,17461.097619
152,67,17194.393018
152,68,17127.989798
152,69,16790.127783
152,70,16631.112799
152,71,16585.751887
152,72,16278.289543
152,86,15849.365778
152,92,15688.042756
152,95,15678.527480
152,102,15578.423476
153,44,21572.006432
153,45,20860.311595
153,46,20534.191854
153,47,18628.450811
153,49,18549.680492
153,50,18367.855893
153,51,18183.004657
153,52,18094.365041
153,53,17900.567071
153,54,17864.168085
153,55,17836.677693
153,57,17834.410766
153,58,17793.168711
153,59,17726.065620
153,61,17478.991550
153,65,17461.097619
153,67,17194.393018
153,68,17127.989798
153,69,16790.127783
153,70,16631.112799
153,71,16585.751887
153,72,16278.289543
153,86,15849.365778
153,92,15688.042756
153,95,15678.527480
153,102,15578.423476
154,44,21572.006432
154,45,20860.311595
154,46,20534.191854
154,47,18628.450811
154,49,18549.680492
154,50,18367.855893
154,51,18183.004657
154,52,18094.365041
154,53,17900.567071
154,54,17864.168085
154,55,17836.677693
154,57,17834.410766
154,58,17793.168711
154,59,17726.065620
154,61,17478.991550
154,65,17461.097619
154,67,17194.393018
154,68,17127.989798
154,69,16790.127783
154,70,16631.112799
154,71,16585.751887
154,72,16278.289543
154,86,15849.365778
154,92,15688.042756
154,95,15678.527480
154,102,15578.423476
155,44,21572.006432
155,45,20860.311595
155,46,19761.890582
155,47,18628.450811
155,49,18549.680492
155,50,18367.855893
155,51,18183.004657
155,52,18094.365041
155,53,17900.567071
155,54,17864.168085
155,55,17786.928032
155,59,17726.065620
155,60,17654.159303
155,61,17478.991550
155,65,17461.097619
155,67,17194.393018
155,68,17127.989798
155,69,16790.127783
155,70,16631.112799
155,71,16585.751887
155,72,16278.289543
155,86,15849.365778
155,92,15688.042756
155,95,15678.527480
155,102,15578.423476
156,44,21572.006432
156,45,20499.510969
156,46,19344.195251
156,47,18628.450811
156,49,18549.680492
156,50,18367.855893
156,51,18183.004657
156,52,18094.365041
156,53,17900.567071
156,54,17864.168085
156,55,17786.928032
156,59,17726.065620
156,60,17654.159303
156,61,17478.991550
156,65,17461.097619
156,67,17134.801776
156,68,17127.989798
156,69,16790.127783
156,70,16631.112799
156,71,16585.751887
156,72,16278.289543
156,86,15792.538152
156,91,15650.311929
156,102,15574.693617
157,44,21572.006432
157,45,20499.510969
157,46,19344.195251
157,47,18628.450811
157,49,18549.680492
157,50,18367.855893
157,51,18183.004657
157,52,17968.583387
157,53,17900.567071
157,54,17864.168085
157,55,17786.928032
157,59,17726.065620
157,60,17654.159303
157,61,17478.991550
157,65,17461.097619
157,67,17134.801776
157,68,17127.989798
157,69,16790.127783
157,70,16631.112799
157,71,16585.751887
157,72,16278.289543
157,86,15792.538152
157,91,15650.311929
157,102,15574.693617
158,44,21572.006432
158,45,20499.510969
158,46,19344.195251
158,47,18628.450811
158,49,18549.680492
158,50,18367.855893
158,51,18183.004657
158,52,17968.583387
158,53,17900.567071
158,54,17864.168085
158,55,17786.928032
158,59,17726.065620
158,60,17654.159303
158,61,17478.991550
158,64,17371.567741
158,66,17367.166957
158,67,17134.801776
158,68,17127.989798
158,69,16790.127783
158,70,16631.112799
158,71,16585.751887
158,72,16278.289543
158,86,15792.538152
158,91,15650.311929
158,102,15574.693617
159,44,21572.006432
159,45,20499.510969
159,46,19344.195251
159,47,18628.450811
159,49,18549.680492
159,50,18367.855893
159,51,18183.004657
159,52,17968.583387
159,53,17900.567071
159,54,17864.168085
159,55,17786.928032
159,59,17726.065620
159,60,17654.159303
159,61,17478.991550
159,64,17371.567741
159,66,17367.166957
159,67,17134.801776
159,68,17127.989798
159,69,16790.127783
159,70,16631.112799
159,71,16585.751887
159,72,16278.289543
159,86,15792.538152
159,91,15650.311929
159,102,15574.693617
160,44,21572.006432
160,45,20499.510969
160,46,19344.195251
160,47,18628.450811
160,49,18549.680492
160,50,18367.855893
160,51,18183.004657
160,52,17968.583387
160,53,17900.567071
160,54,17864.168085
160,55,17786.928032
160,59,17670.729610
160,60,17654.159303
160,61,17478.991550
160,64,17371.567741
160,66,17077.166940
160,69,16773.702597
160,70,16590.737252
160,71,16585.751887
160,72,16278.289543
160,85,15785.085179
160,91,15563.231702
160,102,15551.629100
161,44,21572.006432
161,45,20499.510969
161,46,19344.195251
161,47,18628.450811
161,49,18392.261254
161,50,18367.855893
161,51,18183.004657
161,52,17968.583387
161,53,17900.567071
161,54,17864.168085
161,55,17786.928032
161,59,17670.729610
161,60,17654.159303
161,61,17478.991550
161,64,17371.567741
161,66,17077.166940
161,69,16773.702597
161,70,16590.737252
161,71,16585.751887
161,72,16278.289543
161,85,15785.085179
161,91,15563.231702
161,102,15551.629100
162,44,21572.006432
162,45,20499.510969
162,46,19344.195251
162,47,18628.450811
162,49,18392.261254
162,50,18367.855893
162,51,18019.050890
162,52,17968.583387
162,53,17900.567071
162,54,17864.168085
162,55,17786.928032
162,57,17753.958578
162,59,17670.729610
162,60,17654.159303
162,61,17478.991550
162,64,17371.567741
162,66,17077.166940
162,69,16773.702597
162,70,16590.737252
162,71,16585.751887
162,72,16278.289543
162,85,15785.085179
162,91,15563.231702
162,102,15551.629100
163,44,21572.006432
163,45,20499.510969
163,46,19344.195251
163,47,18628.450811
163,49,18392.261254
163,50,18367.855893
163,51,18019.050890
163,52,17968.583387
163,53,17900.567071
163,54,17864.168085
163,55,17786.928032
163,57,17753.958578
163,59,17670.729610
163,60,17654.159303
163,61,17478.991550
163,64,17371.567741
163,66,17077.166940
163,69,16773.702597
163,70,16590.737252
163,71,16585.751887
163,72,16278.289543
163,85,15785.085179
163,91,15563.231702
163,102,15551.629100
164,44,21572.006432
164,45,20415.249855
164,46,18897.684421
164,47,18604.054773
164,49,18392.261254
164,50,18367.855893
164,51,18019.050890
164,52,17968.583387
164,53,17900.567071
164,54,17864.168085
164,55,17786.928032
164,57,17753.958578
164,59,17670.729610
164,60,17654.159303
164,61,17424.803455
164,64,17328.169714
164,65,16985.931072
164,69,16764.403384
164,70,16555.587511
164,71,16475.157684
164,72,16195.817508
164,85,15785.085179
164,91,15563.231702
164,102,15551.629100
165,44,21572.006432
165,45,20415.249855
165,46,18897.684421
165,47,18604.054773
165,49,18392.261254
165,50,18367.855893
165,51,18019.050890
165,52,17968.583387
165,53,17900.567071
165,54,17864.168085
165,55,17786.928032
165,57,17753.958578
165,59,17603.109873
165,61,17424.803455
165,64,17328.169714
165,65,16985.931072
165,69,16764.403384
165,70,16555.587511
165,71,16475.157684
165,72,16195.817508
165,85,15785.085179
165,91,15563.231702
165,102,15551.629100
166,44,21572.006432
166,45,20415.249855
166,46,18897.684421
166,47,18604.054773
166,49,18392.261254
166,50,18367.855893
166,51,18019.050890
166,52,17968.583387
166,53,17900.567071
166,54,17864.168085
166,55,17786.928032
166,57,17753.958578
166,59,17603.109873
166,60,17578.580237
166,61,17424.803455
166,64,17328.169714
166,65,16985.931072
166,69,16764.403384
166,70,16555.587511
166,71,16475.157684
166,72,16195.817508
166,85,15785.085179
166,91,15563.231702
166,102,15551.629100
167,44,21572.006432
167,45,20415.249855
167,46,18897.684421
167,47,18604.054773
167,49,18392.261254
167,50,18367.855893
167,51,18019.050890
167,52,17968.583387
167,53,17900.567071
167,54,17864.168085
167,55,17786.928032
167,57,17753.958578
167,59,17603.109873
167,60,17578.580237
167,61,17424.803455
167,64,17150.955228
167,65,16985.931072
167,69,16764.403384
167,70,16555.587511
167,71,16475.157684
167,72,16195.817508
167,85,15785.085179
167,91,15563.231702
167,102,15551.629100
168,44,21572.006432
168,45,20415.249855
168,46,18897.684421
168,47,18604.054773
168,48,18390.761972
168,50,18358.741462
168,51,18019.050890
168,52,17968.583387
168,53,17828.804883
168,55,17786.928032
168,57,17753.958578
168,59,17603.109873
168,60,17578.580237
168,61,17424.803455
168,62,17407.795808
168,64,16826.275198
168,66,16652.354779
168,70,16555.587511
168,71,16389.587586
168,72,16154.541472
168,85,15719.769136
168,91,15515.903718
168,102,15464.721536
169,44,21572.006432
169,45,20415.249855
169,46,18897.684421
169,47,18604.054773
169,48,18390.761972
169,50,18358.741462
169,51,18019.050890
169,52,17968.583387
169,53,17828.804883
169,55,17786.928032
169,56,17759.263297
169,57,17753.958578
169,59,17603.109873
169,60,17525.019493
169,61,17424.803455
169,62,17407.795808
169,64,16826.275198
169,66,16652.354779
169,70,16555.587511
169,71,16389.587586
169,72,16154.541472
169,85,15719.769136
169,91,15515.903718
169,102,15464.721536
170,44,21572.006432
170,45,20415.249855
170,46,18897.684421
170,47,18604.054773
170,48,18390.761972
170,49,18357.176388
170,51,18019.050890
170,52,17968.583387
170,53,17828.804883
170,55,17786.928032
170,56,17759.263297
170,57,17753.958578
170,59,17603.109873
170,60,17525.019493
170,61,17424.803455
170,62,17407.795808
170,64,16826.275198
170,66,16652.354779
170,70,16555.587511
170,71,16389.587586
170,72,16154.541472
170,85,15719.769136
170,91,15515.903718
170,102,15464.721536
171,44,21572.006432
171,45,20415.249855
171,46,18897.684421
171,47,18604.054773
171,48,18390.761972
171,49,18357.176388
171,51,18019.050890
171,52,17968.583387
171,53,17828.804883
171,55,17786.928032
171,56,17759.263297
171,57,17753.958578
171,59,17603.109873
171,60,17525.019493
171,61,17424.803455
171,62,17407.795808
171,64,16826.275198
171,66,16652.354779
171,70,16555.587511
171,71,16389.587586
171,72,16154.541472
171,85,15719.769136
171,91,15515.903718
171,102,15464.721536
172,44,21572.006432
172,45,20415.249855
172,46,18897.684421
172,47,18604.054773
172,48,18390.761972
172,49,18329.997201
172,50,18155.462874
172,51,18019.050890
172,52,17968.583387
172,53,17828.804883
172,55,17786.928032
172,56,17759.263297
172,57,17753.958578
172,59,17603.109873
172,60,17525.019493
172,61,17276.205368
172,64,16826.275198
172,66,16649.169790
172,70,16468.469408
172,71,16389.587586
172,72,16069.420564
172,85,15706.565198
172,91,15502.771360
172,102,15464.721536
173,44,21572.006432
173,45,20415.249855
173,46,18897.684421
173,47,18604.054773
173,48,18390.761972
173,49,18271.669715
173,50,18155.462874
173,51,18019.050890
173,52,17968.583387
173,53,17828.804883
173,55,17786.928032
173,56,17759.263297
173,57,17700.293445
173,59,17603.109873
173,60,17525.019493
173,61,17276.205368
173,64,16826.275198
173,66,16649.169790
173,70,16468.469408
173,71,16389.587586
173,72,16069.420564
173,85,15706.565198
173,91,15502.771360
173,102,15464.721536
174,44,21572.006432
174,45,20415.249855
174,46,18897.684421
174,47,18604.054773
174,48,18390.761972
174,49,18271.669715
174,50,18028.713362
174,51,18019.050890
174,52,17968.583387
174,53,17828.804883
174,55,17786.928032
174,56,17759.263297
174,57,17700.293445
174,59,17551.500168
174,60,17456.461367
174,61,17276.205368
174,64,16826.275198
174,66,16649.169790
174,70,16468.469408
174,71,16389.587586
174,72,16069.420564
174,84,16043.769001
174,85,15706.565198
174,91,15502.771360
174,102,15464.721536
175,44,21572.006432
175,45,20415.249855
175,46,18897.684421
175,47,18604.054773
175,48,18390.761972
175,49,18271.669715
175,50,18028.713362
175,51,18019.050890
175,52,17968.583387
175,53,17828.804883
175,55,17780.316211
175,56,17759.263297
175,57,17700.293445
175,59,17551.500168
175,60,17456.461367
175,61,17276.205368
175,64,16826.275198
175,66,16649.169790
175,70,16468.469408
175,71,16389.587586
175,72,16069.420564
175,84,16043.769001
175,85,15706.565198
175,91,15502.771360
175,102,15464.721536
176,44,21473.240858
176,45,20415.249855
176,46,18871.952555
176,47,18604.054773
176,48,18390.761972
176,49,18271.669715
176,50,18028.713362
176,51,18019.050890
176,52,17968.583387
176,53,17828.804883
176,55,17780.316211
176,56,17759.263297
176,57,17700.293445
176,59,17551.500168
176,60,17337.021262
176,61,17248.897000
176,64,16695.849214
176,65,16562.328413
176,69,16425.688241
176,71,16324.387875
176,72,16040.946944
176,84,16018.011273
176,85,15689.288977
176,91,15502.771360
176,102,15464.721536
177,44,21473.240858
177,45,20415.249855
177,46,18871.952555
177,47,18604.054773
177,48,18390.761972
177,49,18271.669715
177,50,18028.713362
177,51,17997.836013
177,52,17968.583387
177,53,17828.804883
177,55,17780.316211
177,56,17759.263297
177,57,17700.293445
177,58,17693.603413
177,59,17551.500168
177,60,17337.021262
177,61,17248.897000
177,64,16695.849214
177,65,16562.328413
177,69,16425.688241
177,71,16324.387875
177,72,16040.946944
177,84,16018.011273
177,85,15689.288977
177,91,15502.771360
177,102,15464.721536
178,44,21473.240858
178,45,20415.249855
178,46,18871.952555
178,47,18604.054773
178,48,18390.761972
178,49,18271.669715
178,50,18028.713362
178,51,17997.836013
178,52,17874.899078
178,53,17828.804883
178,55,17688.209474
178,59,17551.500168
178,60,17337.021262
178,61,17248.897000
178,64,16695.849214
178,65,16562.328413
178,69,16425.688241
178,71,16324.387875
178,72,16040.946944
178,84,16018.011273
178,85,15689.288977
178,91,15502.771360
178,102,15464.721536
179,44,18741.643429
179,46,18520.726305
179,48,18390.761972
179,49,18271.669715
179,50,18028.713362
179,51,17997.836013
179,52,17874.899078
179,53,17828.804883
179,55,17688.209474
179,58,17588.123970
179,59,17551.500168
179,60,17337.021262
179,61,17248.897000
179,64,16695.849214
179,65,16562.328413
179,69,16425.688241
179,71,16324.387875
179,72,16040.946944
179,84,16018.011273
179,85,15689.288977
179,91,15502.771360
179,102,15464.721536
180,44,18741.643429
180,46,18520.726305
180,48,18390.761972
180,49,18271.669715
180,50,18028.713362
180,51,17997.836013
180,52,17874.899078
180,53,17586.380710
180,56,17578.357923
180,59,17551.500168
180,60,17337.021262
180,61,17155.980919
180,64,16671.358042
180,65,16465.191436
180,69,16374.469526
180,70,16269.125227
180,72,16040.946944
180,84,16018.011273
180,85,15684.263488
180,90,15457.691030
180,102,15401.540857
181,44,18741.643429
181,46,18520.726305
181,48,18390.761972
181,49,18271.669715
181,50,17965.499914
181,52,17874.899078
181,53,17586.380710
181,56,17578.357923
181,59,17551.500168
181,60,17337.021262
181,61,17155.980919
181,64,16671.358042
181,65,16465.191436
181,69,16374.469526
181,70,16269.125227
181,72,16040.946944
181,84,16018.011273
181,85,15684.263488
181,90,15457.691030
181,102,15401.540857
182,44,18741.643429
182,45,18734.091160
182,46,18520.726305
182,47,18437.084316
182,48,18390.761972
182,49,18271.669715
182,50,17965.499914
182,52,17874.899078
182,53,17586.380710
182,56,17578.357923
182,59,17551.500168
182,60,17337.021262
182,61,17155.980919
182,64,16671.358042
182,65,16465.191436
182,69,16374.469526
182,70,16269.125227
182,72,16040.946944
182,84,16018.011273
182,85,15684.263488
182,90,15457.691030
182,102,15401.540857
183,44,18741.643429
183,45,18615.332537
183,46,18520.726305
183,47,18437.084316
183,48,18390.761972
183,49,18271.669715
183,50,17965.499914
183,52,17874.899078
183,53,17586.380710
183,56,17578.357923
183,59,17551.500168
183,60,17337.021262
183,61,17155.980919
183,64,16671.358042
183,65,16465.191436
183,69,16374.469526
183,70,16269.125227
183,72,16040.946944
183,84,16018.011273
183,85,15684.263488
183,90,15457.691030
183,102,15401.540857
184,44,18741.643429
184,45,18615.332537
184,46,18520.726305
184,47,18437.084316
184,48,18390.761972
184,49,18271.669715
184,50,17965.499914
184,52,17874.899078
184,53,17586.380710
184,56,17528.798021
184,59,17454.315738
184,60,17337.021262
184,61,17148.019311
184,64,16671.358042
184,65,16460.407489
184,69,16374.469526
184,70,16269.125227
184,72,16040.946944
184,84,15947.995531
184,85,15684.263488
184,90,15431.895249
184,102,15357.845762
185,44,18741.643429
185,45,18615.332537
185,46,18520.726305
185,47,18437.084316
185,48,18390.761972
185,49,18271.669715
185,50,17965.499914
185,52,17874.899078
185,53,17586.380710
185,56,17528.798021
185,59,17454.315738
185,60,17337.021262
185,61,17148.019311
185,64,16671.358042
185,65,16460.407489
185,69,16374.469526
185,70,16269.125227
185,72,16040.946944
185,79,15901.876833
185,80,15881.555105
185,85,15684.263488
185,90,15431.895249
185,102,15357.845762
186,44,18741.643429
186,45,18615.332537
186,46,18520.726305
186,47,18437.084316
186,48,18390.761972
186,49,17961.003140
186,52,17874.899078
186,53,17586.380710
186,56,17528.798021
186,59,17454.315738
186,60,17337.021262
186,61,17148.019311
186,64,16671.358042
186,65,16460.407489
186,69,16374.469526
186,70,16269.125227
186,72,16040.946944
186,79,15901.876833
186,80,15881.555105
186,85,15684.263488
186,90,15431.895249
186,102,15357.845762
187,44,18741.643429
187,45,18615.332537
187,46,18520.726305
187,47,18437.084316
187,48,18390.761972
187,49,17961.003140
187,52,17874.899078
187,53,17586.380710
187,56,17528.798021
187,59,17454.315738
187,60,17337.021262
187,61,17148.019311
187,64,16671.358042
187,65,16460.407489
187,69,16374.469526
187,70,16269.125227
187,72,16040.946944
187,79,15901.876833
187,80,15881.555105
187,85,15684.263488
187,90,15431.895249
187,102,15357.845762
188,44,18741.643429
188,45,18615.332537
188,46,18520.726305
188,47,18437.084316
188,48,18206.205918
188,49,17961.003140
188,52,17874.899078
188,53,17586.380710
188,55,17460.927713
188,59,17454.315738
188,60,17337.021262
188,61,17148.019311
188,64,16581.277699
188,65,16407.229038
188,69,16374.469526
188,70,16171.308831
188,72,15950.852871
188,78,15883.142242
188,80,15881.555105
188,84,15645.675075
188,90,15424.868398
188,96,15340.183979
189,44,18741.643429
189,45,18615.332537
189,46,18520.726305
189,47,18437.084316
189,48,18206.205918
189,49,17961.003140
189,52,17874.899078
189,53,17586.380710
189,54,17545.788300
189,55,17460.927713
189,59,17454.315738
189,60,17337.021262
189,61,17148.019311
189,64,16581.277699
189,65,16407.229038
189,69,16374.469526
189,70,16171.308831
189,72,15950.852871
189,78,15883.142242
189,80,15881.555105
189,84,15645.675075
189,90,15424.868398
189,94,15258.666339
190,44,18741.643429
190,45,18615.332537
190,46,18520.726305
190,47,18264.583728
190,48,18206.205918
190,49,17961.003140
190,52,17874.899078
190,53,17586.380710
190,54,17545.788300
190,55,17460.927713
190,59,17454.315738
190,60,17337.021262
190,61,17148.019311
190,64,16581.277699
190,65,16407.229038
190,69,16374.469526
190,70,16171.308831
190,72,15950.852871
190,78,15883.142242
190,80,15881.555105
190,84,15645.675075
190,88,15405.651477
190,94,15258.666339
191,44,18741.643429
191,45,18615.332537
191,46,18520.726305
191,47,18264.583728
191,48,18206.205918
191,49,17961.003140
191,52,17874.899078
191,53,17586.380710
191,54,17545.788300
191,55,17460.927713
191,59,17454.315738
191,60,17337.021262
191,61,17148.019311
191,64,16581.277699
191,65,16407.229038
191,69,16374.469526
191,70,16171.308831
191,72,15950.852871
191,78,15883.142242
191,80,15881.555105
191,84,15645.675075
191,88,15405.651477
191,94,15258.666339
192,44,18741.643429
192,45,18615.332537
192,46,18423.838057
192,47,18264.583728
192,48,18206.205918
192,49,17961.003140
192,52,17874.899078
192,53,17586.380710
192,54,17390.142008
192,60,17337.021262
192,61,17148.019311
192,64,16569.501719
192,65,16329.200157
192,70,16153.915826
192,72,15929.608011
192,78,15883.142242
192,80,15881.555105
192,84,15582.812655
192,87,15344.070981
192,94,15188.507548
193,44,18741.643429
193,45,18615.332537
193,46,18363.531170
193,47,18264.583728
193,48,18206.205918
193,49,17961.003140
193,51,17891.308973
193,52,17874.899078
193,53,17586.380710
193,54,17390.142008
193,60,17337.021262
193,61,17148.019311
193,64,16569.501719
193,65,16329.200157
193,70,16153.915826
193,72,15929.608011
193,78,15883.142242
193,80,15881.555105
193,84,15582.812655
193,87,15344.070981
193,94,15188.507548
194,43,18750.157374
194,44,18575.385281
194,46,18363.531170
194,47,18264.583728
194,48,18206.205918
194,49,17961.003140
194,50,17773.249240
194,53,17466.838415
194,54,17390.142008
194,57,17374.047225
194,60,17337.021262
194,61,17148.019311
194,64,16569.501719
194,65,16329.200157
194,70,16153.915826
194,72,15929.608011
194,78,15883.142242
194,80,15881.555105
194,84,15582.812655
194,87,15344.070981
194,94,15188.507548
195,43,18750.157374
195,44,18575.385281
195,46,18363.531170
195,47,18264.583728
195,48,18206.205918
195,49,17961.003140
195,50,17773.249240
195,53,17466.838415
195,54,17390.142008
195,57,17374.047225
195,60,17337.021262
195,61,17148.019311
195,62,16841.635474
195,64,16569.501719
195,65,16329.200157
195,70,16153.915826
195,72,15929.608011
195,78,15883.142242
195,80,15881.555105
195,84,15582.812655
195,87,15344.070981
195,94,15188.507548
196,43,18750.157374
196,44,18575.385281
196,46,18363.531170
196,47,18264.583728
196,48,18206.205918
196,49,17961.003140
196,50,17773.249240
196,53,17466.838415
196,54,17390.142008
196,57,17374.047225
196,60,17337.021262
196,61,17148.019311
196,62,16795.473991
196,64,16569.501719
196,65,16308.844175
196,70,16128.105190
196,72,15922.523745
196,78,15861.979780
196,84,15545.350761
196,87,15293.048830
196,94,15188.507548
197,43,18750.157374
197,44,18575.385281
197,46,18363.531170
197,47,18264.583728
197,48,18131.345681
197,49,17961.003140
197,50,17773.249240
197,53,17466.838415
197,54,17390.142008
197,57,17374.047225
197,60,17337.021262
197,61,17148.019311
197,62,16795.473991
197,64,16569.501719
197,65,16308.844175
197,70,16128.105190
197,72,15922.523745
197,78,15545.437005
197,84,15545.350761
197,87,15293.048830
197,88,15277.464225
197,94,15188.507548
198,43,18750.157374
198,44,18575.385281
198,46,18363.531170
198,47,18264.583728
198,48,18131.345681
198,49,17961.003140
198,50,17773.249240
198,53,17466.838415
198,54,17390.142008
198,57,17374.047225
198,60,17337.021262
198,61,17148.019311
198,62,16795.473991
198,64,16569.501719
198,65,16308.844175
198,70,16128.105190
198,72,15922.523745
198,78,15545.437005
198,84,15545.350761
198,87,15293.048830
198,88,15277.464225
198,94,15188.507548
199,43,18750.157374
199,44,18575.385281
199,46,18363.531170
199,47,18264.583728
199,48,18131.345681
199,49,17961.003140
199,50,17773.249240
199,52,17767.508206
199,53,17466.838415
199,54,17390.142008
199,57,17374.047225
199,60,17337.021262
199,61,17148.019311
199,62,16795.473991
199,64,16569.501719
199,65,16308.844175
199,70,16128.105190
199,72,15922.523745
199,78,15545.437005
199,84,15545.350761
199,87,15293.048830
199,88,15277.464225
199,94,15188.507548
200,43,18750.157374
200,44,18575.385281
200,46,18363.531170
200,47,18264.583728
200,48,18131.345681
200,49,17961.003140
200,50,17773.249240
200,52,17767.508206
200,53,17466.838415
200,54,17390.142008
200,57,17374.047225
200,60,17337.021262
200,61,17148.019311
200,62,16795.473991
200,64,16535.358054
200,65,16194.125509
200,69,16110.368316
200,72,15875.427011
200,78,15532.579007
200,84,15479.587841
200,87,15220.959376
200,94,15188.507548
201,43,18750.157374
201,44,18575.385281
201,46,18363.531170
201,47,18264.583728
201,48,18131.345681
201,49,17961.003140
201,50,17773.249240
201,52,17767.508206
201,53,17466.838415
201,54,17390.142008
201,57,17374.047225
201,60,17337.021262
201,61,17148.019311
201,62,16795.473991
201,64,16535.358054
201,65,16194.125509
201,69,16110.368316
201,72,15875.427011
201,78,15532.579007
201,84,15479.587841
201,87,15220.959376
201,94,15188.507548
202,43,18750.157374
202,44,18575.385281
202,45,18256.497467
202,48,18071.347210
202,49,17961.003140
202,50,17773.249240
202,52,17767.508206
202,53,17466.838415
202,54,17390.142008
202,57,17368.048453
202,60,17337.021262
202,61,17148.019311
202,62,16795.473991
202,64,16535.358054
202,65,16194.125509
202,69,16110.368316
202,72,15875.427011
202,78,15532.579007
202,84,15479.587841
202,87,15220.959376
202,94,15188.507548
203,43,18750.157374
203,44,18575.385281
203,45,18256.497467
203,47,18169.955168
203,48,18071.347210
203,49,17961.003140
203,50,17773.249240
203,52,17767.508206
203,53,17466.838415
203,54,17390.142008
203,57,17368.048453
203,60,17337.021262
203,61,17148.019311
203,62,16795.473991
203,64,16535.358054
203,65,16194.125509
203,69,16110.368316
203,72,15875.427011
203,77,15797.374204
203,78,15532.579007
203,84,15479.587841
203,87,15220.959376
203,94,15188.507548
204,43,18750.157374
204,44,18575.385281
204,45,18256.497467
204,46,18012.473520
204,49,17961.003140
204,50,17773.249240
204,52,17767.508206
204,53,17466.838415
204,54,17390.142008
204,57,17368.048453
204,58,17287.328027
204,61,17148.019311
204,62,16695.304575
204,64,16486.186524
204,65,16194.125509
204,69,16110.296617
204,72,15801.556438
204,77,15782.208542
204,78,15532.579007
204,84,15438.781956
204,87,15077.417630
205,43,18750.157374
205,44,18575.385281
205,45,18211.706905
205,46,18012.473520
205,49,17961.003140
205,50,17773.249240
205,52,17767.508206
205,53,17466.838415
205,54,17390.142008
205,57,17368.048453
205,58,17287.328027
205,61,17148.019311
205,62,16695.304575
205,64,16486.186524
205,65,16194.125509
205,69,16110.296617
205,72,15801.556438
205,77,15782.208542
205,78,15532.579007
205,84,15438.781956
205,87,15077.417630
206,43,18750.157374
206,44,18575.385281
206,45,18211.706905
206,46,18012.473520
206,47,17931.643667
206,50,17773.249240
206,52,17692.077751
206,53,17466.838415
206,54,17390.142008
206,57,17368.048453
206,58,17287.328027
206,61,17148.019311
206,62,16695.304575
206,64,16486.186524
206,65,16194.125509
206,69,16110.296617
206,72,15801.556438
206,77,15782.208542
206,78,15532.579007
206,84,15438.781956
206,87,15077.417630
207,43,18750.157374
207,44,18575.385281
207,45,18211.706905
207,46,18012.473520
207,47,17931.643667
207,50,17661.346809
207,53,17466.838415
207,54,17390.142008
207,57,17368.048453
207,58,17287.328027
207,61,17148.019311
207,62,16695.304575
207,64,16486.186524
207,65,16194.125509
207,69,16110.296617
207,72,15801.556438
207,77,15782.208542
207,78,15532.579007
207,84,15438.781956
207,87,15077.417630
208,43,18750.157374
208,44,18575.385281
208,45,18211.706905
208,46,18012.473520
208,47,17690.893002
208,50,17661.346809
208,53,17466.838415
208,54,17390.142008
208,57,17205.237844
208,61,17148.019311
208,62,16625.945636
208,64,16344.434559
208,65,16147.297956
208,69,16060.996843
208,72,15782.157285
208,77,15497.663305
208,83,15385.603639
208,87,15070.041350
209,43,18750.157374
209,44,18575.385281
209,45,18211.706905
209,46,18012.473520
209,47,17690.893002
209,50,17661.346809
209,53,17466.838415
209,54,17390.142008
209,57,17205.237844
209,59,17145.906671
209,62,16625.945636
209,64,16344.434559
209,65,16147.297956
209,69,16060.996843
209,72,15782.157285
209,77,15497.663305
209,83,15385.603639
209,87,15070.041350
209,95,15015.037897
210,43,18750.157374
210,44,18575.385281
210,45,18211.706905
210,46,18012.473520
210,47,17690.893002
210,50,17661.346809
210,53,17466.838415
210,54,17390.142008
210,57,17205.237844
210,59,17145.906671
210,62,16625.945636
210,64,16344.434559
210,65,16147.297956
210,69,16060.996843
210,72,15782.157285
210,77,15497.663305
210,83,15385.603639
210,87,15070.041350
210,95,15015.037897
211,43,18750.157374
211,44,18147.674105
211,46,18012.473520
211,47,17690.893002
211,50,17661.346809
211,53,17466.838415
211,54,17390.142008
211,57,17205.237844
211,59,17145.906671
211,62,16625.945636
211,64,16344.434559
211,65,16147.297956
211,69,16060.996843
211,72,15782.157285
211,77,15497.663305
211,83,15385.603639
211,87,15070.041350
211,95,15015.037897
212,43,18750.157374
212,44,18147.674105
212,46,18012.473520
212,47,17690.893002
212,50,17661.346809
212,53,17466.838415
212,54,17390.142008
212,57,17205.237844
212,59,17104.017009
212,61,16531.118170
212,64,16344.434559
212,65,16147.297956
212,69,15980.134919
212,72,15782.157285
212,77,15456.555677
212,83,15378.036336
212,87,15046.734034
212,95,14936.835460
213,43,18750.157374
213,44,18147.674105
213,46,18012.473520
213,47,17690.893002
213,50,17661.346809
213,53,17466.838415
213,54,17390.142008
213,57,17205.237844
213,59,17104.017009
213,61,16531.118170
213,64,16344.434559
213,65,16147.297956
213,69,15980.134919
213,72,15782.157285
213,77,15456.555677
213,83,15378.036336
213,87,15046.734034
213,95,14936.835460
214,43,18750.157374
214,44,18147.674105
214,46,18012.473520
214,47,17690.893002
214,48,17612.228335
214,53,17466.838415
214,54,17390.142008
214,57,17205.237844
214,59,17104.017009
214,61,16531.118170
214,64,16344.434559
214,65,16147.297956
214,69,15980.134919
214,72,15782.157285
214,77,15456.555677
214,83,15378.036336
214,87,15046.734034
214,95,14936.835460
215,43,18750.157374
215,44,18048.530960
215,46,18012.473520
215,47,17690.893002
215,48,17612.228335
215,53,17466.838415
215,54,17390.142008
215,57,17205.237844
215,59,17104.017009
215,61,16531.118170
215,64,16344.434559
215,65,16147.297956
215,69,15980.134919
215,72,15782.157285
215,77,15456.555677
215,83,15378.036336
215,87,15046.734034
215,95,14936.835460
216,43,18750.157374
216,44,18048.530960
216,45,18035.031621
216,46,17801.720589
216,47,17690.893002
216,48,17612.228335
216,53,17466.838415
216,54,17390.142008
216,57,17205.237844
216,59,17104.017009
216,60,16483.608797
216,64,16310.991041
216,65,16147.297956
216,69,15920.293103
216,72,15746.843612
216,77,15423.629705
216,82,15371.455653
216,85,15158.681828
216,87,15028.981106
216,95,14936.835460
217,43,18750.157374
217,44,18048.530960
217,45,18035.031621
217,46,17801.720589
217,47,17690.893002
217,48,17612.228335
217,52,17538.788362
217,53,17427.640608
217,54,17390.142008
217,57,17205.237844
217,59,17104.017009
217,60,16483.608797
217,64,16310.991041
217,65,16147.297956
217,69,15920.293103
217,72,15746.843612
217,77,15423.629705
217,82,15371.455653
217,85,15158.681828
217,87,15028.981106
217,95,14936.835460
218,43,18750.157374
218,44,18048.530960
218,45,18035.031621
218,46,17801.720589
218,47,17690.893002
218,48,17596.932761
218,51,17574.979065
218,52,17538.788362
218,53,17427.640608
218,54,17390.142008
218,57,17205.237844
218,59,17104.017009
218,60,16483.608797
218,64,16310.991041
218,65,16147.297956
218,69,15920.293103
218,72,15746.843612
218,77,15423.629705
218,82,15371.455653
218,85,15158.681828
218,87,15028.981106
218,95,14936.835460
219,43,18750.157374
219,44,18048.530960
219,45,18035.031621
219,46,17801.720589
219,47,17690.893002
219,48,17596.932761
219,51,17574.979065
219,52,17538.788362
219,53,17427.640608
219,54,17390.142008
219,56,17205.856615
219,57,17205.237844
219,59,17104.017009
219,60,16483.608797
219,64,16310.991041
219,65,16147.297956
219,69,15920.293103
219,72,15746.843612
219,77,15423.629705
219,82,15371.455653
219,85,15158.681828
219,87,15028.981106
219,95,14936.835460
220,43,18750.157374
220,44,18048.530960
220,45,18035.031621
220,46,17801.720589
220,47,17690.893002
220,48,17596.932761
220,51,17574.979065
220,52,17538.788362
220,53,17384.944504
220,56,17205.856615
220,57,17205.237844
220,59,17104.017009
220,60,16483.608797
220,64,16271.556422
220,65,16147.297956
220,66,15933.961202
220,68,15889.303743
220,72,15746.843612
220,77,15412.709927
220,81,15356.074727
220,84,15107.504706
220,87,15022.577212
220,93,14914.510790
221,43,18750.157374
221,44,18048.530960
221,45,18035.031621
221,46,17801.720589
221,47,17690.893002
221,48,17596.932761
221,51,17574.979065
221,52,17532.014233
221,53,17384.944504
221,56,17205.856615
221,57,17205.237844
221,59,17104.017009
221,60,16483.608797
221,64,16271.556422
221,65,16147.297956
221,66,15933.961202
221,68,15889.303743
221,72,15746.843612
221,77,15412.709927
221,81,15356.074727
221,84,15107.504706
221,87,15022.577212
221,93,14914.510790
222,43,18305.087031
222,44,18048.530960
222,45,18035.031621
222,46,17801.720589
222,47,17690.893002
222,48,17596.932761
222,51,17574.979065
222,52,17532.014233
222,53,17384.944504
222,55,17257.497286
222,56,17205.856615
222,57,17205.237844
222,59,17104.017009
222,60,16483.608797
222,64,16271.556422
222,65,16147.297956
222,66,15933.961202
222,68,15889.303743
222,72,15746.843612
222,77,15412.709927
222,81,15356.074727
222,84,15107.504706
222,87,15022.577212
222,93,14914.510790
223,42,18046.409764
223,45,18008.831693
223,46,17801.720589
223,47,17366.987793
223,55,17257.497286
223,56,17205.856615
223,57,17205.237844
223,59,17104.017009
223,60,16483.608797
223,64,16271.556422
223,65,16147.297956
223,66,15933.961202
223,68,15889.303743
223,72,15746.843612
223,77,15412.709927
223,81,15356.074727
223,84,15107.504706
223,87,15022.577212
223,93,14914.510790
223,95,14907.875914
224,42,18046.409764
224,44,17758.205597
224,47,17366.987793
224,48,17361.899240
224,55,17257.497286
224,56,17205.856615
224,57,17205.237844
224,58,17193.964073
224,59,17104.017009
224,60,16483.608797
224,64,16271.556422
224,65,16147.297956
224,66,15912.512087
224,68,15889.303743
224,72,15686.121261
224,77,15412.709927
224,81,15248.279995
224,83,15027.709795
224,85,14903.780230
225,42,18046.409764
225,44,17758.205597
225,45,17720.793197
225,46,17602.985528
225,47,17366.987793
225,48,17361.899240
225,55,17257.497286
225,56,17205.856615
225,57,17205.237844
225,58,17193.964073
225,59,17085.338537
225,60,16483.608797
225,64,16271.556422
225,65,16147.297956
225,66,15912.512087
225,68,15889.303743
225,72,15686.121261
225,77,15412.709927
225,81,15248.279995
225,83,15027.709795
225,85,14903.780230
226,42,18046.409764
226,44,17758.205597
226,45,17720.793197
226,46,17602.985528
226,47,17366.987793
226,48,17361.899240
226,55,17257.497286
226,56,17205.856615
226,57,17205.237844
226,58,17193.964073
226,59,17085.338537
226,60,16483.608797
226,64,16271.556422
226,65,16147.297956
226,66,15912.512087
226,68,15889.303743
226,72,15686.121261
226,77,15412.709927
226,81,15248.279995
226,83,15027.709795
226,85,14903.780230
227,42,18046.409764
227,44,17758.205597
227,45,17720.793197
227,46,17577.321718
227,47,17366.987793
227,48,17361.899240
227,55,17257.497286
227,56,17205.856615
227,57,17205.237844
227,58,17193.964073
227,59,17085.338537
227,60,16483.608797
227,64,16271.556422
227,65,16147.297956
227,66,15912.512087
227,68,15889.303743
227,72,15686.121261
227,77,15412.709927
227,81,15248.279995
227,83,15027.709795
227,85,14903.780230
228,42,18046.409764
228,44,17758.205597
228,45,17720.793197
228,46,17577.321718
228,47,17366.987793
228,48,17361.899240
228,55,17257.497286
228,56,17205.856615
228,57,17205.237844
228,58,17193.964073
228,59,17085.338537
228,60,16439.232993
228,64,16206.910607
228,65,16134.273016
228,66,15841.442367
228,68,15830.815819
228,72,15637.928615
228,77,15271.754219
228,81,15221.655866
228,83,15007.723473
228,85,14903.780230
229,42,18046.409764
229,44,17758.205597
229,45,17720.793197
229,46,17467.237669
229,47,17366.987793
229,48,17339.491790
229,52,17298.146021
229,55,17257.497286
229,56,17205.856615
229,57,17205.237844
229,58,17159.170057
229,59,17085.338537
229,60,16439.232993
229,64,16206.910607
229,65,16134.273016
229,66,15841.442367
229,68,15830.815819
229,72,15637.928615
229,77,15271.754219
229,81,15221.655866
229,83,15007.723473
229,85,14903.780230
230,42,18046.409764
230,44,17758.205597
230,45,17720.793197
230,46,17467.237669
230,47,17366.987793
230,48,17339.491790
230,51,17140.680695
230,59,17085.338537
230,60,16439.232993
230,64,16206.910607
230,65,16134.273016
230,66,15841.442367
230,68,15830.815819
230,72,15637.928615
230,77,15271.754219
230,81,15221.655866
230,83,15007.723473
230,85,14903.780230
231,42,18046.409764
231,44,17758.205597
231,45,17720.793197
231,46,17467.237669
231,47,17366.987793
231,48,17339.491790
231,51,17140.680695
231,59,17085.338537
231,60,16439.232993
231,64,16206.910607
231,65,16134.273016
231,66,15841.442367
231,68,15830.815819
231,72,15637.928615
231,77,15271.754219
231,81,15221.655866
231,83,15007.723473
231,85,14903.780230
232,42,18046.409764
232,44,17758.205597
232,45,17483.599247
232,46,17467.237669
232,47,17366.987793
232,48,17339.491790
232,51,17140.680695
232,59,17085.338537
232,60,16439.232993
232,64,16206.910607
232,65,16122.575622
232,66,15744.923391
232,72,15580.378851
232,77,15163.545018
232,83,15007.723473
232,85,14844.175268
233,42,18046.409764
233,44,17758.205597
233,45,17483.599247
233,46,17467.237669
233,47,17366.987793
233,48,17339.491790
233,51,17140.680695
233,59,17085.338537
233,60,16439.232993
233,64,16206.910607
233,65,16122.575622
233,66,15744.923391
233,72,15580.378851
233,77,15163.545018
233,83,15007.723473
233,85,14844.175268
234,42,18046.409764
234,44,17714.647953
234,45,17483.599247
234,46,17467.237669
234,47,17366.987793
234,48,17339.491790
234,50,17025.782520
234,60,16439.232993
234,64,16206.910607
234,65,16122.575622
234,66,15744.923391
234,72,15580.378851
234,77,15163.545018
234,83,15007.723473
234,85,14844.175268
235,42,18046.409764
235,44,17714.647953
235,45,17483.599247
235,46,17467.237669
235,47,17366.987793
235,48,17339.491790
235,50,17025.782520
235,58,17024.625037
235,60,16439.232993
235,64,16206.910607
235,65,16122.575622
235,66,15744.923391
235,72,15580.378851
235,77,15163.545018
235,83,15007.723473
235,85,14844.175268
236,42,18020.782966
236,44,17714.647953
236,45,17483.599247
236,46,17467.237669
236,47,17366.987793
236,48,17339.491790
236,50,16992.954418
236,60,16406.728466
236,64,16206.910607
236,65,16102.424454
236,66,15739.659421
236,72,15528.588841
236,77,15151.482263
236,83,14963.640162
236,85,14738.614956
237,42,18020.782966
237,43,17997.389325
237,44,17714.647953
237,45,17483.599247
237,46,17467.237669
237,47,17366.987793
237,48,17339.491790
237,50,16992.954418
237,60,16406.728466
237,64,16206.910607
237,65,16102.424454
237,66,15739.659421
237,72,15528.588841
237,77,15151.482263
237,83,14963.640162
237,85,14738.614956
238,42,18020.782966
238,43,17997.389325
238,44,17714.647953
238,45,17483.599247
238,46,17467.237669
238,47,17349.999850
238,48,17339.491790
238,50,16992.954418
238,60,16406.728466
238,64,16206.910607
238,65,16102.424454
238,66,15739.659421
238,72,15528.588841
238,77,15151.482263
238,83,14963.640162
238,85,14738.614956
239,42,18020.782966
239,43,17997.389325
239,44,17714.647953
239,45,17483.599247
239,46,17467.237669
239,47,17349.999850
239,48,17339.491790
239,50,16992.954418
239,60,16406.728466
239,64,16206.910607
239,65,16102.424454
239,66,15739.659421
239,72,15528.588841
239,77,15151.482263
239,83,14963.640162
239,85,14738.614956
239,89,14716.655672
240,42,18020.782966
240,43,17997.389325
240,44,17548.078880
240,45,17483.599247
240,46,17467.237669
240,47,17349.999850
240,48,17339.491790
240,50,16951.679588
240,60,16406.728466
240,64,16163.310821
240,65,16000.862135
240,66,15724.752864
240,72,15514.154168
240,77,15119.292510
240,83,14938.995806
240,84,14696.662329
241,42,18020.782966
241,43,17997.389325
241,44,17548.078880
241,45,17483.599247
241,46,17467.237669
241,47,17349.999850
241,48,17339.491790
241,50,16951.679588
241,60,16406.728466
241,64,16163.310821
241,65,16000.862135
241,66,15724.752864
241,71,15683.997501
241,72,15514.154168
241,77,15119.292510
241,83,14938.995806
241,84,14696.662329
242,42,18020.782966
242,43,17997.389325
242,44,17548.078880
242,45,17483.599247
242,46,17467.237669
242,47,17349.999850
242,48,17339.491790
242,50,16951.679588
242,51,16933.386823
242,60,16406.728466
242,64,16163.310821
242,65,16000.862135
242,66,15724.752864
242,71,15683.997501
242,72,15514.154168
242,77,15119.292510
242,81,14984.648851
242,83,14938.995806
242,84,14696.662329
242,91,14645.526390
243,42,18020.782966
243,43,17997.389325
243,44,17548.078880
243,45,17483.599247
243,46,17467.237669
243,47,17349.999850
243,48,17339.491790
243,50,16951.679588
243,51,16933.386823
243,60,16406.728466
243,64,16163.310821
243,65,16000.862135
243,66,15724.752864
243,71,15683.997501
243,72,15514.154168
243,77,15119.292510
243,81,14984.648851
243,83,14938.995806
243,84,14696.662329
243,91,14645.526390
244,42,18020.782966
244,43,17997.389325
244,44,17548.078880
244,45,17483.599247
244,46,17467.237669
244,47,17349.999850
244,48,17266.131379
244,49,17102.607883
244,50,16951.679588
244,51,16933.386823
244,60,16406.728466
244,64,16145.683914
244,65,16000.862135
244,66,15670.997541
244,71,15602.774590
244,72,15514.154168
244,77,15115.952800
244,81,14984.648851
244,83,14938.995806
244,84,14696.662329
244,91,14645.526390
245,41,18998.440859
245,42,18020.782966
245,43,17997.389325
245,44,17548.078880
245,45,17483.599247
245,46,17467.237669
245,47,17349.999850
245,48,17266.131379
245,49,17102.607883
245,50,16951.679588
245,51,16933.386823
245,55,16929.579820
245,58,16912.834640
245,60,16406.728466
245,64,16145.683914
245,65,16000.862135
245,66,15670.997541
245,71,15602.774590
245,72,15514.154168
245,77,15115.952800
245,81,14984.648851
245,83,14938.995806
245,84,14696.662329
245,91,14645.526390
246,41,18998.440859
246,42,18020.782966
246,43,17997.389325
246,44,17548.078880
246,45,17483.599247
246,46,17467.237669
246,47,17349.999850
246,48,17266.131379
246,49,17102.607883
246,50,16951.679588
246,51,16933.386823
246,55,16929.579820
246,56,16840.857517
246,60,16406.728466
246,64,16145.683914
246,65,16000.862135
246,66,15670.997541
246,71,15602.774590
246,72,15514.154168
246,76,15338.780761
246,77,15115.952800
246,81,14984.648851
246,83,14938.995806
246,84,14696.662329
246,90,14651.762029
246,91,14645.526390
247,41,18998.440859
247,42,18020.782966
247,43,17997.389325
247,44,17548.078880
247,45,17483.599247
247,46,17467.237669
247,47,17349.999850
247,48,17266.131379
247,49,17102.607883
247,50,16951.679588
247,51,16933.386823
247,55,16929.579820
247,56,16840.857517
247,60,16406.728466
247,64,16145.683914
247,65,16000.862135
247,66,15670.997541
247,71,15602.774590
247,72,15514.154168
247,76,15338.780761
247,77,15115.952800
247,81,14984.648851
247,83,14915.090992
247,84,14696.662329
247,90,14651.762029
247,91,14645.526390
248,41,18998.440859
248,42,18020.782966
248,43,17997.389325
248,44,17548.078880
248,45,17483.599247
248,46,17467.237669
248,47,17349.999850
248,48,17266.131379
248,49,17102.607883
248,50,16951.679588
248,51,16933.386823
248,55,16929.579820
248,56,16840.857517
248,60,16406.728466
248,64,16145.683914
248,65,16000.862135
248,66,15670.997541
248,69,15635.147900
248,71,15447.152479
248,76,15334.579573
248,77,15097.638221
248,80,14916.730738
248,82,14858.814490
248,84,14637.304643
248,91,14630.160413
249,41,18497.294889
249,42,18020.782966
249,43,17997.389325
249,44,17548.078880
249,45,17483.599247
249,46,17315.450516
249,48,17266.131379
249,49,17102.607883
249,50,16951.679588
249,51,16933.386823
249,55,16929.579820
249,56,16840.857517
249,60,16406.728466
249,61,16352.468618
249,64,16145.683914
249,65,16000.862135
249,66,15670.997541
249,69,15635.147900
249,71,15447.152479
249,76,15334.579573
249,77,15097.638221
249,80,14916.730738
249,82,14858.814490
249,84,14637.304643
249,91,14630.160413
250,40,18480.641265
250,42,18020.782966
250,43,17997.389325
250,44,17548.078880
250,45,17415.522256
250,46,17315.450516
250,48,17266.131379
250,49,17102.607883
250,50,16951.679588
250,51,16933.386823
250,55,16929.579820
250,56,16840.857517
250,60,16406.728466
250,61,16352.468618
250,64,16145.683914
250,65,16000.862135
250,66,15670.997541
250,69,15635.147900
250,71,15447.152479
250,76,15334.579573
250,77,15097.638221
250,80,14916.730738
250,82,14858.814490
250,84,14637.304643
250,91,14630.160413
250,92,14595.983769
251,40,18480.641265
251,42,18020.782966
251,43,17997.389325
251,44,17548.078880
251,45,17415.522256
251,46,17315.450516
251,48,17266.131379
251,49,17102.607883
251,50,16951.679588
251,51,16933.386823
251,54,16927.842926
251,56,16840.857517
251,60,16406.728466
251,61,16352.468618
251,64,16145.683914
251,65,16000.862135
251,66,15670.997541
251,69,15635.147900
251,71,15447.152479
251,76,15334.579573
251,77,15097.638221
251,80,14916.730738
251,82,14858.814490
251,84,14637.304643
251,91,14630.160413
251,92,14595.983769
252,40,18480.641265
252,42,18020.782966
252,43,17997.389325
252,44,17548.078880
252,45,17415.522256
252,46,17315.450516
252,48,17266.131379
252,49,17102.607883
252,50,16951.679588
252,51,16933.386823
252,54,16927.842926
252,56,16840.857517
252,59,16768.961000
252,60,16406.728466
252,61,16352.468618
252,64,16145.683914
252,65,16000.862135
252,66,15570.917793
252,71,15447.152479
252,76,15314.053761
252,77,15095.303233
252,79,14877.287409
252,82,14858.629804
252,84,14614.627033
252,92,14595.983769
253,40,18480.641265
253,42,18020.782966
253,43,17997.389325
253,44,17548.078880
253,45,17415.522256
253,46,17315.450516
253,48,17266.131379
253,49,17102.607883
253,50,16951.679588
253,51,16933.386823
253,54,16927.842926
253,56,16840.857517
253,59,16768.961000
253,60,16406.728466
253,61,16352.468618
253,64,16145.683914
253,65,16000.862135
253,66,15570.917793
253,71,15447.152479
253,76,15314.053761
253,77,15095.303233
253,79,14877.287409
253,82,14858.629804
253,84,14614.627033
253,92,14595.983769
254,40,18480.641265
254,42,17961.879706
254,44,17548.078880
254,45,17415.522256
254,46,17315.450516
254,48,17266.131379
254,49,16950.922561
254,51,16933.386823
254,54,16867.519389
254,56,16840.857517
254,59,16768.961000
254,60,16406.728466
254,61,16352.468618
254,64,16145.683914
254,65,16000.862135
254,66,15570.917793
254,71,15447.152479
254,76,15314.053761
254,77,15095.303233
254,79,14877.287409
254,82,14858.629804
254,84,14614.627033
254,92,14595.983769
255,40,18480.641265
255,41,18231.706354
255,42,17961.879706
255,44,17548.078880
255,45,17415.522256
255,46,17315.450516
255,48,17266.131379
255,49,16950.922561
255,51,16933.386823
255,54,16867.519389
255,56,16840.857517
255,59,16768.961000
255,60,16406.728466
255,61,16352.468618
255,64,16145.683914
255,65,16000.862135
255,66,15570.917793
255,71,15447.152479
255,76,15314.053761
255,77,15095.303233
255,79,14877.287409
255,82,14858.629804
255,84,14614.627033
255,92,14595.983769
256,40,18480.641265
256,41,18231.706354
256,42,17961.879706
256,44,17548.078880
256,45,17415.522256
256,46,17315.450516
256,48,17266.131379
256,49,16950.922561
256,51,16933.386823
256,54,16867.519389
256,56,16840.857517
256,57,16779.653860
256,59,16768.961000
256,60,16406.728466
256,61,16352.468618
256,64,16093.817260
256,65,15888.569848
256,66,15566.051187
256,71,15447.152479
256,75,15078.154151
256,79,14838.890646
256,82,14824.751214
256,84,14612.666666
256,92,14561.204973
257,40,18480.641265
257,41,18231.706354
257,42,17961.879706
257,44,17548.078880
257,45,17415.522256
257,46,17315.450516
257,48,17266.131379
257,49,16950.922561
257,51,16933.386823
257,54,16867.519389
257,56,16840.857517
257,57,16779.653860
257,59,16768.961000
257,60,16406.728466
257,61,16352.468618
257,64,16093.817260
257,65,15888.569848
257,66,15566.051187
257,71,15447.152479
257,75,15078.154151
257,79,14838.890646
257,82,14824.751214
257,84,14612.666666
257,92,14561.204973
258,40,18480.641265
258,41,18231.706354
258,42,17914.388225
258,44,17548.078880
258,45,17415.522256
258,46,17283.783286
258,48,16953.247806
258,49,16805.486348
258,57,16779.653860
258,59,16768.961000
258,60,16406.728466
258,61,16352.468618
258,64,16093.817260
258,65,15888.569848
258,66,15566.051187
258,71,15447.152479
258,75,15078.154151
258,79,14838.890646
258,82,14824.751214
258,84,14612.666666
258,92,14561.204973
259,40,18480.641265
259,41,18231.706354
259,42,17914.388225
259,44,17548.078880
259,45,17415.522256
259,46,17283.783286
259,48,16953.247806
259,49,16805.486348
259,54,16681.582840
259,60,16406.728466
259,61,16352.468618
259,64,16093.817260
259,65,15888.569848
259,66,15566.051187
259,71,15447.152479
259,75,15078.154151
259,79,14838.890646
259,82,14824.751214
259,84,14612.666666
259,92,14561.204973
260,40,18480.641265
260,41,18231.706354
260,42,17914.388225
260,44,17548.078880
260,45,17377.743527
260,46,17283.783286
260,48,16953.247806
260,49,16805.486348
260,54,16681.582840
260,57,16658.980367
260,60,16406.728466
260,61,16330.708385
260,64,16093.817260
260,65,15821.371632
260,66,15562.387996
260,71,15447.152479
260,74,15001.190195
260,79,14838.852373
260,82,14822.790846
260,84,14612.666666
260,92,14545.847708
261,40,18480.641265
261,41,18231.706354
261,42,17914.388225
261,44,17548.078880
261,45,17370.707116
261,46,17283.783286
261,48,16953.247806
261,49,16805.486348
261,54,16681.582840
261,57,16658.980367
261,60,16406.728466
261,61,16330.708385
261,64,16093.817260
261,65,15821.371632
261,66,15562.387996
261,71,15447.152479
261,74,15001.190195
261,79,14838.852373
261,82,14822.790846
261,84,14612.666666
261,92,14545.847708
262,40,18480.641265
262,41,18231.706354
262,42,17914.388225
262,44,17548.078880
262,45,17370.707116
262,46,17283.783286
262,48,16953.247806
262,49,16805.486348
262,54,16681.582840
262,57,16658.980367
262,59,16439.758445
262,60,16406.728466
262,61,16330.708385
262,64,16093.817260
262,65,15821.371632
262,66,15562.387996
262,71,15447.152479
262,74,15001.190195
262,79,14838.852373
262,82,14822.790846
262,84,14612.666666
262,92,14545.847708
263,40,18480.641265
263,41,18231.706354
263,42,17914.388225
263,44,17548.078880
263,45,17370.707116
263,46,17283.783286
263,48,16953.247806
263,49,16805.486348
263,50,16755.250379
263,54,16681.582840
263,57,16658.980367
263,59,16439.758445
263,60,16406.728466
263,61,16330.708385
263,64,16093.817260
263,65,15821.371632
263,66,15562.387996
263,71,15447.152479
263,74,15001.190195
263,79,14838.852373
263,82,14822.790846
263,84,14612.666666
263,92,14545.847708
264,40,18480.641265
264,41,18231.706354
264,42,17914.388225
264,43,17563.627686
264,44,17548.078880
264,45,17370.707116
264,46,17283.783286
264,48,16953.247806
264,49,16690.921813
264,54,16681.582840
264,56,16612.640347
264,59,16091.980567
264,65,15821.371632
264,66,15455.518648
264,71,15433.625380
264,74,14954.368800
264,79,14838.852373
264,82,14811.184802
264,84,14558.798367
264,92,14545.847708
265,40,18480.641265
265,41,18231.706354
265,42,17914.388225
265,43,17563.627686
265,44,17548.078880
265,45,17370.707116
265,46,17283.783286
265,48,16953.247806
265,49,16690.921813
265,54,16681.582840
265,56,16612.640347
265,58,16552.816863
265,59,16091.980567
265,65,15821.371632
265,66,15455.518648
265,70,15452.922994
265,71,15433.625380
265,74,14954.368800
265,79,14838.852373
265,82,14811.184802
265,84,14558.798367
265,92,14545.847708
266,40,18480.641265
266,41,18193.722136
266,42,17914.388225
266,43,17563.627686
266,44,17548.078880
266,45,17370.707116
266,46,17283.783286
266,48,16953.247806
266,49,16690.921813
266,54,16681.582840
266,56,16612.640347
266,58,16552.816863
266,59,16091.980567
266,65,15821.371632
266,66,15455.518648
266,70,15452.922994
266,71,15433.625380
266,74,14954.368800
266,79,14838.852373
266,82,14811.184802
266,84,14558.798367
266,92,14545.847708
267,40,18443.329496
267,41,17915.110351
267,42,17914.388225
267,43,17563.627686
267,44,17548.078880
267,45,17370.707116
267,46,17283.783286
267,48,16953.247806
267,49,16690.921813
267,54,16681.582840
267,56,16612.640347
267,58,16552.816863
267,59,16091.980567
267,65,15821.371632
267,66,15455.518648
267,70,15452.922994
267,71,15433.625380
267,74,14954.368800
267,79,14838.852373
267,82,14811.184802
267,84,14558.798367
267,92,14545.847708
268,40,18148.334815
268,41,17915.110351
268,42,17914.388225
268,43,17563.627686
268,44,17548.078880
268,45,17370.707116
268,46,17283.783286
268,48,16953.247806
268,49,16690.921813
268,54,16681.582840
268,56,16612.640347
268,57,16463.533575
268,59,16091.980567
268,65,15806.257987
268,66,15392.188593
268,74,14954.368800
268,78,14831.371621
268,81,14777.844606
268,84,14541.916334
268,92,14541.445907
269,40,18148.334815
269,41,17915.110351
269,42,17914.388225
269,43,17563.627686
269,44,17548.078880
269,45,17370.707116
269,46,17283.783286
269,48,16953.247806
269,49,16690.921813
269,54,16681.582840
269,56,16612.640347
269,57,16463.533575
269,59,16091.980567
269,65,15806.257987
269,66,15392.188593
269,74,14954.368800
269,78,14831.371621
269,81,14777.844606
269,84,14541.916334
269,92,14541.445907
270,40,18148.334815
270,41,17915.110351
270,42,17914.388225
270,43,17563.627686
270,44,17548.078880
270,45,17370.707116
270,46,17283.783286
270,48,16953.247806
270,49,16690.921813
270,54,16681.582840
270,56,16612.640347
270,57,16463.533575
270,59,16091.980567
270,65,15806.257987
270,66,15392.188593
270,74,14954.368800
270,78,14831.371621
270,81,14777.844606
270,84,14541.916334
270,92,14541.445907
271,40,18148.334815
271,41,17915.110351
271,42,17914.388225
271,43,17563.627686
271,44,17548.078880
271,45,17337.800820
271,46,17283.783286
271,47,17099.998856
271,48,16953.247806
271,49,16690.921813
271,54,16681.582840
271,56,16612.640347
271,57,16463.533575
271,59,16091.980567
271,65,15806.257987
271,66,15392.188593
271,74,14954.368800
271,78,14831.371621
271,81,14777.844606
271,84,14541.916334
271,91,14495.557425
272,39,18513.975535
272,40,18148.334815
272,41,17915.110351
272,42,17914.388225
272,43,17563.627686
272,44,17401.017029
272,45,17337.800820
272,46,17283.783286
272,47,17099.998856
272,48,16953.247806
272,49,16690.921813
272,54,16681.582840
272,55,16611.143133
272,57,16429.985038
272,59,16042.658961
272,65,15806.257987
272,66,15379.089786
272,74,14914.638574
272,77,14820.363318
272,81,14746.076687
272,84,14541.916334
272,91,14447.423885
273,39,18513.975535
273,40,18148.334815
273,41,17915.110351
273,42,17914.388225
273,43,17563.627686
273,44,17401.017029
273,45,17337.800820
273,46,17283.783286
273,47,17099.998856
273,48,16953.247806
273,49,16690.921813
273,54,16681.582840
273,55,16611.143133
273,57,16429.985038
273,59,16042.658961
273,62,15900.330442
273,65,15806.257987
273,66,15379.089786
273,74,14914.638574
273,77,14820.363318
273,81,14746.076687
273,84,14541.916334
273,91,14447.423885
274,39,18513.975535
274,40,18148.334815
274,41,17915.110351
274,42,17914.388225
274,43,17563.627686
274,44,17401.017029
274,45,17337.800820
274,46,17283.783286
274,47,17099.998856
274,48,16953.247806
274,49,16690.921813
274,54,16681.582840
274,55,16611.143133
274,57,16429.985038
274,59,16042.658961
274,62,15900.330442
274,65,15806.257987
274,66,15379.089786
274,70,15307.159422
274,74,14914.638574
274,77,14820.363318
274,81,14746.076687
274,84,14541.916334
274,91,14447.423885
275,39,18513.975535
275,40,18148.334815
275,41,17915.110351
275,42,17914.388225
275,43,17563.627686
275,44,17401.017029
275,45,17337.800820
275,46,17283.783286
275,47,17099.998856
275,48,16953.247806
275,49,16690.921813
275,54,16681.582840
275,55,16611.143133
275,57,16429.985038
275,59,16042.658961
275,62,15900.330442
275,65,15806.257987
275,66,15379.089786
275,70,15307.159422
275,74,14914.638574
275,77,14820.363318
275,81,14746.076687
275,84,14541.916334
275,91,14447.423885
276,39,18442.095692
276,40,18148.334815
276,41,17915.110351
276,42,17914.388225
276,43,17563.627686
276,44,17401.017029
276,45,17337.800820
276,46,17283.783286
276,47,17099.998856
276,48,16930.341408
276,49,16690.921813
276,54,16681.582840
276,55,16611.143133
276,57,16429.985038
276,59,16042.658961
276,62,15816.695995
276,65,15762.454082
276,66,15374.181227
276,70,15307.159422
276,73,14896.126778
276,77,14820.363318
276,81,14746.076687
276,83,14513.898493
276,91,14447.304627
277,39,18442.095692
277,40,18148.334815
277,41,17915.110351
277,42,17914.388225
277,43,17563.627686
277,44,17401.017029
277,45,17337.800820
277,46,17283.783286
277,47,17099.998856
277,48,16930.341408
277,49,16690.921813
277,54,16681.582840
277,55,16611.143133
277,57,16429.985038
277,59,16042.658961
277,62,15816.695995
277,65,15762.454082
277,66,15374.181227
277,70,15307.159422
277,73,14896.126778
277,77,14820.363318
277,81,14746.076687
277,83,14513.898493
277,91,14447.304627
278,39,18442.095692
278,40,18148.334815
278,41,17915.110351
278,42,17914.388225
278,43,17563.627686
278,44,17401.017029
278,45,17337.800820
278,46,17283.783286
278,47,17099.998856
278,48,16930.341408
278,49,16690.921813
278,54,16681.582840
278,55,16611.143133
278,57,16429.985038
278,59,16042.658961
278,62,15816.695995
278,65,15762.454082
278,66,15374.181227
278,70,15307.159422
278,73,14896.126778
278,77,14820.363318
278,81,14746.076687
278,83,14513.898493
278,91,14447.304627
279,39,18442.095692
279,40,18148.334815
279,41,17915.110351
279,42,17914.388225
279,43,17563.627686
279,44,17401.017029
279,45,17337.800820
279,46,17064.854521
279,47,16795.562304
279,49,16690.921813
279,54,16681.582840
279,55,16611.143133
279,57,16429.985038
279,59,16042.658961
279,62,15816.695995
279,65,15754.110506
279,66,15374.181227
279,70,15307.159422
279,73,14896.126778
279,77,14820.363318
279,81,14746.076687
279,83,14513.898493
279,91,14447.304627
280,39,18215.483951
280,40,18148.334815
280,41,17915.110351
280,42,17914.388225
280,43,17563.627686
280,44,17401.017029
280,45,17337.800820
280,46,17064.854521
280,47,16795.562304
280,49,16690.921813
280,54,16681.582840
280,55,16611.143133
280,56,16520.734804
280,57,16429.985038
280,59,16042.658961
280,62,15714.678752
280,66,15350.932913
280,70,15307.159422
280,71,15300.699112
280,73,14875.160101
280,77,14820.363318
280,81,14739.412563
280,83,14513.898493
280,91,14388.609982
281,39,18215.483951
281,40,18148.334815
281,41,17912.292047
281,43,17563.627686
281,44,17401.017029
281,45,17337.800820
281,46,17064.854521
281,47,16795.562304
281,48,16745.326336
281,49,16690.921813
281,54,16681.582840
281,55,16611.143133
281,56,16520.734804
281,57,16429.985038
281,59,16042.658961
281,62,15714.678752
281,66,15350.932913
281,70,15307.159422
281,71,15300.699112
281,73,14875.160101
281,77,14820.363318
281,81,14739.412563
281,83,14513.898493
281,91,14388.609982
282,39,18215.483951
282,40,18148.334815
282,41,17912.292047
282,43,17563.627686
282,44,17401.017029
282,45,17337.800820
282,46,17064.854521
282,47,16795.562304
282,48,16745.326336
282,49,16690.921813
282,54,16681.582840
282,55,16611.143133
282,56,16520.734804
282,57,16429.985038
282,59,16042.658961
282,62,15714.678752
282,66,15350.932913
282,70,15307.159422
282,71,15264.854818
282,73,14875.160101
282,77,14820.363318
282,81,14739.412563
282,83,14513.898493
282,91,14388.609982
283,39,18215.483951
283,40,18089.847279
283,41,17912.292047
283,43,17563.627686
283,44,17401.017029
283,45,17337.800820
283,46,17064.854521
283,47,16795.562304
283,48,16745.326336
283,49,16690.921813
283,54,16681.582840
283,55,16611.143133
283,56,16520.734804
283,57,16429.985038
283,59,16042.658961
283,62,15714.678752
283,66,15350.932913
283,70,15307.159422
283,71,15264.854818
283,73,14875.160101
283,77,14820.363318
283,81,14739.412563
283,83,14513.898493
283,91,14388.609982
284,39,18215.483951
284,40,18089.847279
284,41,17912.292047
284,43,17563.627686
284,44,17401.017029
284,45,17337.800820
284,46,16981.525925
284,47,16762.742598
284,48,16745.326336
284,49,16660.299923
284,55,16611.143133
284,56,16520.734804
284,57,16429.985038
284,59,16042.658961
284,62,15674.568140
284,66,15337.511990
284,70,15196.980210
284,72,14861.880337
284,77,14820.363318
284,81,14717.123580
284,82,14500.304968
284,90,14374.495798
285,39,18215.483951
285,40,18089.847279
285,41,17912.292047
285,43,17563.627686
285,44,17256.995477
285,46,16981.525925
285,47,16762.742598
285,48,16745.326336
285,49,16660.299923
285,55,16611.143133
285,56,16520.734804
285,57,16429.985038
285,59,16042.658961
285,62,15674.568140
285,66,15337.511990
285,70,15196.980210
285,72,14861.880337
285,77,14820.363318
285,81,14717.123580
285,82,14500.304968
285,90,14374.495798
286,39,18215.483951
286,40,18089.847279
286,41,17912.292047
286,43,17563.627686
286,44,17256.995477
286,46,16981.525925
286,47,16762.742598
286,48,16745.326336
286,49,16660.299923
286,55,16611.143133
286,56,16520.734804
286,57,16429.985038
286,59,16042.658961
286,62,15674.568140
286,66,15337.511990
286,70,15196.980210
286,72,14861.880337
286,77,14820.363318
286,81,14717.123580
286,82,14500.304968
286,90,14374.495798
287,39,18215.483951
287,40,18089.847279
287,41,17912.292047
287,43,17563.627686
287,44,17256.995477
287,46,16981.525925
287,47,16762.742598
287,48,16745.326336
287,49,16657.506426
287,54,16638.293633
287,55,16512.273952
287,57,16429.985038
287,59,16042.658961
287,62,15674.568140
287,66,15337.511990
287,70,15196.980210
287,72,14861.880337
287,77,14820.363318
287,81,14717.123580
287,82,14500.304968
287,90,14374.495798
288,39,18215.483951
288,40,18089.847279
288,41,17912.292047
288,42,17893.082459
288,43,17563.627686
288,44,17256.995477
288,46,16981.525925
288,47,16762.742598
288,48,16745.326336
288,49,16657.506426
288,51,16571.851655
288,55,16512.273952
288,57,16429.985038
288,59,16042.255746
288,60,15666.339164
288,66,15337.511990
288,70,15191.267628
288,71,14838.441530
288,77,14757.846783
288,80,14481.301527
288,90,14374.495798
289,39,18215.483951
289,40,18089.847279
289,41,17890.930558
289,42,17798.073374
289,43,17563.627686
289,44,17256.995477
289,46,16981.525925
289,47,16762.742598
289,48,16745.326336
289,49,16657.506426
289,51,16571.851655
289,55,16512.273952
289,57,16429.985038
289,59,16042.255746
289,60,15666.339164
289,66,15337.511990
289,70,15191.267628
289,71,14838.441530
289,77,14757.846783
289,80,14481.301527
289,90,14374.495798
290,39,18215.483951
290,40,18089.847279
290,41,17890.930558
290,42,17798.073374
290,43,17563.627686
290,44,17256.995477
290,46,16981.525925
290,47,16762.742598
290,48,16745.326336
290,49,16657.506426
290,50,16638.169162
290,51,16571.851655
290,55,16512.273952
290,57,16429.985038
290,59,16042.255746
290,60,15666.339164
290,66,15337.511990
290,70,15191.267628
290,71,14838.441530
290,77,14757.846783
290,80,14481.301527
290,90,14374.495798
291,39,18215.483951
291,40,18089.847279
291,41,17890.930558
291,42,17798.073374
291,43,17563.627686
291,44,17256.995477
291,46,16981.525925
291,47,16718.920231
291,49,16657.506426
291,50,16638.169162
291,51,16571.851655
291,55,16512.273952
291,57,16429.985038
291,59,16042.255746
291,60,15666.339164
291,66,15337.511990
291,70,15191.267628
291,71,14838.441530
291,77,14757.846783
291,80,14481.301527
291,90,14374.495798
292,39,18215.483951
292,40,18089.847279
292,41,17890.930558
292,42,17798.073374
292,43,17563.627686
292,44,17256.995477
292,46,16981.525925
292,47,16718.920231
292,49,16657.506426
292,50,16638.169162
292,51,16571.851655
292,55,16512.273952
292,56,16448.709473
292,57,16429.985038
292,59,16018.711052
292,60,15652.212418
292,65,15298.758780
292,70,15191.267628
292,71,14838.441530
292,76,14695.083762
292,80,14481.301527
292,90,14374.495798
293,39,18215.483951
293,40,18089.847279
293,41,17890.930558
293,42,17798.073374
293,43,17563.627686
293,44,17256.995477
293,45,17011.391164
293,46,16981.525925
293,47,16718.920231
293,49,16657.506426
293,50,16638.169162
293,51,16571.851655
293,55,16512.273952
293,56,16448.709473
293,57,16429.985038
293,59,16018.711052
293,60,15652.212418
293,64,15434.066021
293,65,15298.758780
293,70,15191.267628
293,71,14838.441530
293,76,14695.083762
293,80,14481.301527
293,90,14374.495798
294,39,18215.483951
294,40,18089.847279
294,41,17890.930558
294,42,17798.073374
294,43,17563.627686
294,44,16925.917323
294,47,16718.920231
294,49,16656.315506
294,50,16638.169162
294,51,16571.851655
294,55,16512.273952
294,56,16448.709473
294,57,16429.985038
294,59,16018.711052
294,60,15652.212418
294,64,15434.066021
294,65,15298.758780
294,70,15191.267628
294,71,14838.441530
294,76,14695.083762
294,80,14481.301527
294,88,14418.683720
294,90,14374.495798
295,39,18215.483951
295,40,18089.847279
295,41,17890.930558
295,42,17798.073374
295,43,17563.627686
295,44,16925.917323
295,47,16718.920231
295,49,16656.315506
295,50,16638.169162
295,51,16571.851655
295,55,16512.273952
295,56,16448.709473
295,57,16429.985038
295,59,16018.711052
295,60,15652.212418
295,64,15434.066021
295,65,15298.758780
295,70,15191.267628
295,71,14838.441530
295,76,14695.083762
295,80,14481.301527
295,88,14418.683720
295,90,14374.495798
296,39,18215.483951
296,40,18089.847279
296,41,17890.930558
296,42,17798.073374
296,43,17563.627686
296,44,16925.917323
296,47,16718.920231
296,49,16656.315506
296,50,16638.169162
296,51,16571.851655
296,55,16512.273952
296,56,16448.709473
296,57,16429.985038
296,59,16018.711052
296,60,15647.490220
296,64,15396.702758
296,65,15267.662789
296,69,15265.468006
296,70,15191.068142
296,71,14835.804184
296,76,14695.083762
296,80,14423.322712
296,88,14412.096685
296,90,14374.495798
297,38,20335.471712
297,39,18215.483951
297,40,18089.847279
297,41,17890.930558
297,42,17798.073374
297,43,17404.297827
297,44,16925.917323
297,47,16718.920231
297,49,16656.315506
297,50,16638.169162
297,51,16569.987293
297,55,16423.149475
297,59,16018.711052
297,60,15647.490220
297,64,15396.702758
297,65,15267.662789
297,69,15265.468006
297,70,15191.068142
297,71,14835.804184
297,76,14695.083762
297,80,14423.322712
297,88,14412.096685
297,90,14374.495798
298,38,20335.471712
298,39,18215.483951
298,40,18089.847279
298,41,17890.930558
298,42,17798.073374
298,43,17404.297827
298,44,16925.917323
298,47,16718.920231
298,49,16656.315506
298,50,16638.169162
298,51,16569.987293
298,55,16423.149475
298,59,16018.711052
298,60,15647.490220
298,64,15396.702758
298,65,15267.662789
298,69,15265.468006
298,70,15191.068142
298,71,14835.804184
298,76,14695.083762
298,80,14423.322712
298,88,14412.096685
298,90,14374.495798
299,38,20335.471712
299,39,18215.483951
299,40,18089.847279
299,41,17890.930558
299,42,17798.073374
299,43,17404.297827
299,44,16925.917323
299,47,16718.920231
299,49,16656.315506
299,50,16638.169162
299,51,16569.987293
299,55,16423.149475
299,59,16018.711052
299,60,15647.490220
299,64,15396.702758
299,65,15267.662789
299,69,15265.468006
299,70,15191.068142
299,71,14835.804184
299,76,14695.083762
299,80,14423.322712
299,88,14412.096685
299,90,14374.495798
300,38,20335.471712
300,39,18215.483951
300,40,18089.847279
300,41,17890.930558
300,42,17798.073374
300,43,17404.297827
300,44,16925.917323
300,47,16718.920231
300,48,16677.572322
300,49,16656.315506
300,50,16620.223262
300,51,16569.987293
300,55,16423.149475
300,59,16018.711052
300,60,15635.042075
300,63,15290.153772
300,64,15245.766848
300,70,15191.068142
300,71,14835.804184
300,76,14695.083762
300,80,14423.322712
300,87,14394.142313
300,88,14339.934631
301,38,20335.471712
301,39,18215.483951
301,40,18089.847279
301,41,17890.930558
301,42,17798.073374
301,43,17404.297827
301,44,16925.917323
301,47,16632.404503
301,50,16620.223262
301,51,16569.987293
301,55,16423.149475
301,59,16018.711052
301,60,15635.042075
301,63,15290.153772
301,64,15245.766848
301,70,15191.068142
301,71,14835.804184
301,76,14695.083762
301,80,14423.322712
301,87,14394.142313
301,88,14339.934631
302,38,20335.471712
302,39,18215.483951
302,40,18089.847279
302,41,17890.930558
302,42,17798.073374
302,43,17335.886295
302,44,16925.917323
302,47,16632.404503
302,50,16620.223262
302,51,16569.987293
302,55,16423.149475
302,59,16018.711052
302,60,15635.042075
302,63,15290.153772
302,64,15245.766848
302,69,15220.228305
302,70,15191.068142
302,71,14835.804184
302,76,14695.083762
302,80,14423.322712
302,87,14394.142313
302,88,14339.934631
303,38,20335.471712
303,39,18215.483951
303,40,18089.847279
303,41,17890.930558
303,42,17798.073374
303,43,17335.886295
303,44,16925.917323
303,47,16632.404503
303,50,16620.223262
303,51,16569.987293
303,55,16423.149475
303,59,16018.711052
303,60,15635.042075
303,63,15290.153772
303,64,15245.766848
303,69,15220.228305
303,70,15191.068142
303,71,14835.804184
303,76,14695.083762
303,80,14423.322712
303,87,14394.142313
303,88,14339.934631
304,38,20335.471712
304,39,18215.483951
304,40,18089.847279
304,41,17890.930558
304,42,17798.073374
304,43,17335.886295
304,44,16925.917323
304,47,16632.404503
304,48,16623.927916
304,50,16620.223262
304,51,16569.987293
304,55,16423.149475
304,59,15482.846646
304,63,15290.153772
304,64,15245.766848
304,69,15220.228305
304,70,15067.983650
304,71,14718.898478
304,75,14684.339430
304,79,14350.145851
304,88,14332.958750
305,38,20335.471712
305,39,18215.483951
305,40,18089.847279
305,41,17890.930558
305,42,17798.073374
305,43,17335.886295
305,44,16925.917323
305,47,16632.404503
305,48,16623.927916
305,50,16620.223262
305,51,16569.987293
305,55,16423.149475
305,59,15482.846646
305,63,15290.153772
305,64,15245.766848
305,69,15220.228305
305,70,15067.983650
305,71,14718.898478
305,75,14666.796167
305,79,14350.145851
305,88,14332.958750
306,38,20335.471712
306,39,18215.483951
306,40,18077.708697
306,41,17890.930558
306,42,17798.073374
306,43,17335.886295
306,44,16925.917323
306,47,16632.404503
306,48,16623.927916
306,50,16620.223262
306,51,16569.987293
306,55,16423.149475
306,59,15482.846646
306,63,15290.153772
306,64,15245.766848
306,69,15220.228305
306,70,15067.983650
306,71,14718.898478
306,75,14666.796167
306,79,14350.145851
306,85,14309.703299
307,38,20335.471712
307,39,18215.483951
307,40,18077.708697
307,41,17890.930558
307,42,17798.073374
307,43,17335.886295
307,44,16925.917323
307,47,16632.404503
307,48,16589.296735
307,51,16569.987293
307,55,16423.149475
307,59,15482.846646
307,63,15290.153772
307,64,15245.766848
307,69,15008.184442
307,71,14718.898478
307,75,14666.796167
307,79,14350.145851
307,85,14297.646680
308,38,20335.471712
308,39,18215.483951
308,40,18077.708697
308,41,17890.930558
308,42,17798.073374
308,43,17335.886295
308,44,16925.917323
308,47,16632.404503
308,48,16589.296735
308,51,16569.987293
308,54,16532.977217
308,55,16423.149475
308,59,15475.962491
308,63,15290.153772
308,64,15243.646854
308,69,15008.184442
308,71,14718.898478
308,75,14634.198711
308,79,14315.521895
308,82,14299.158652
308,85,14297.646680
309,38,20335.471712
309,39,18215.483951
309,40,18077.708697
309,41,17890.930558
309,42,17798.073374
309,43,17335.886295
309,44,16925.917323
309,47,16632.404503
309,48,16589.296735
309,51,16569.987293
309,53,16421.219396
309,57,16299.288687
309,59,15475.962491
309,63,15290.153772
309,64,15243.646854
309,69,15008.184442
309,71,14718.898478
309,75,14634.198711
309,79,14315.521895
309,82,14299.158652
309,85,14297.646680
310,38,20335.471712
310,39,18215.483951
310,40,18077.708697
310,41,17890.930558
310,42,17798.073374
310,43,17335.886295
310,44,16925.917323
310,47,16632.404503
310,48,16589.296735
310,50,16534.370328
310,53,16421.219396
310,57,16299.288687
310,59,15475.962491
310,63,15290.153772
310,64,15243.646854
310,69,15008.184442
310,71,14718.898478
310,75,14634.198711
310,79,14315.521895
310,82,14299.158652
310,85,14289.509368
311,38,20335.471712
311,39,18215.483951
311,40,18077.708697
311,41,17890.930558
311,42,17798.073374
311,43,17335.886295
311,44,16925.917323
311,47,16632.404503
311,48,16589.296735
311,50,16534.370328
311,53,16421.219396
311,57,16299.288687
311,59,15475.962491
311,63,15290.153772
311,64,15243.646854
311,67,15192.589916
311,69,15008.184442
311,71,14718.898478
311,75,14634.198711
311,79,14315.521895
311,82,14299.158652
311,85,14289.509368
312,38,19346.033864
312,39,18215.483951
312,40,18077.708697
312,41,17890.930558
312,42,17798.073374
312,43,17335.886295
312,44,16925.917323
312,47,16632.404503
312,48,16589.296735
312,50,16534.370328
312,52,16519.745738
312,53,16421.219396
312,57,16299.288687
312,59,15475.962491
312,63,15221.685548
312,65,15101.348937
312,69,14890.833272
312,71,14718.898478
312,75,14618.398917
312,79,14309.875111
312,82,14299.158652
312,85,14283.970405
313,38,19346.033864
313,39,18215.483951
313,40,18077.708697
313,41,17890.930558
313,42,17798.073374
313,43,17335.886295
313,44,16925.917323
313,47,16632.404503
313,48,16589.296735
313,50,16534.370328
313,52,16462.952633
313,53,16421.219396
313,57,16299.288687
313,59,15475.962491
313,63,15221.685548
313,65,15101.348937
313,69,14890.833272
313,71,14718.898478
313,75,14618.398917
313,79,14309.875111
313,82,14299.158652
313,85,14283.970405
314,38,19346.033864
314,39,18215.483951
314,40,18077.708697
314,41,17890.930558
314,42,17798.073374
314,43,17335.886295
314,44,16925.917323
314,47,16632.404503
314,48,16589.296735
314,50,16534.370328
314,52,16433.622022
314,53,16421.219396
314,57,16299.288687
314,59,15475.962491
314,63,15221.685548
314,65,15101.348937
314,69,14890.833272
314,71,14718.898478
314,75,14618.398917
314,79,14309.875111
314,82,14299.158652
314,85,14283.970405
315,38,19346.033864
315,39,18215.483951
315,40,18077.708697
315,41,17890.930558
315,42,17798.073374
315,43,17335.886295
315,44,16925.917323
315,47,16632.404503
315,48,16589.296735
315,50,16534.370328
315,52,16433.622022
315,53,16421.219396
315,57,16299.288687
315,59,15475.962491
315,63,15221.685548
315,65,15101.348937
315,69,14890.833272
315,71,14718.898478
315,75,14618.398917
315,79,14309.875111
315,82,14299.158652
315,85,14283.970405
316,38,19346.033864
316,39,18215.483951
316,40,18077.708697
316,41,17890.930558
316,42,17798.073374
316,43,17335.886295
316,44,16925.917323
316,47,16592.047329
316,48,16589.296735
316,50,16534.370328
316,52,16433.622022
316,53,16421.219396
316,57,16299.288687
316,59,15472.456638
316,63,15114.525882
316,65,15101.348937
316,69,14890.833272
316,71,14697.097069
316,73,14616.950903
316,79,14309.875111
316,82,14270.367305
317,38,19346.033864
317,39,18215.483951
317,40,18077.708697
317,41,17890.930558
317,42,17798.073374
317,43,17335.886295
317,44,16925.917323
317,47,16592.047329
317,48,16589.296735
317,49,16486.811158
317,52,16433.622022
317,53,16421.219396
317,57,16299.288687
317,59,15472.456638
317,63,15114.525882
317,65,15101.348937
317,68,14987.626250
317,69,14890.833272
317,71,14697.097069
317,73,14616.950903
317,79,14309.875111
317,82,14270.367305
318,38,19346.033864
318,39,18215.483951
318,40,18077.708697
318,41,17890.930558
318,42,17676.841667
318,43,17335.886295
318,44,16925.917323
318,46,16620.159747
318,47,16561.545000
318,49,16486.811158
318,52,16433.622022
318,53,16421.219396
318,57,16299.288687
318,59,15472.456638
318,63,15114.525882
318,65,15101.348937
318,68,14987.626250
318,69,14890.833272
318,71,14697.097069
318,73,14616.950903
318,79,14309.875111
318,82,14270.367305
319,38,19346.033864
319,39,18215.483951
319,40,18077.708697
319,41,17890.930558
319,42,17676.841667
319,43,17335.886295
319,44,16925.917323
319,46,16620.159747
319,47,16561.545000
319,49,16486.811158
319,52,16433.622022
319,53,16421.219396
319,55,16407.147322
319,57,16299.288687
319,59,15472.456638
319,63,15114.525882
319,65,15101.348937
319,68,14952.310126
319,69,14890.833272
319,71,14697.097069
319,73,14616.950903
319,79,14309.875111
319,82,14270.367305
320,38,19346.033864
320,39,18215.483951
320,40,18077.708697
320,41,17890.930558
320,42,17676.841667
320,43,17335.886295
320,44,16925.917323
320,46,16620.159747
320,47,16561.545000
320,49,16486.811158
320,52,16433.622022
320,53,16421.219396
320,55,16407.147322
320,57,16215.911864
320,59,15399.833034
320,63,15114.525882
320,65,15088.296849
320,68,14916.108671
320,69,14854.969632
320,71,14678.056666
320,73,14574.261083
320,79,14309.875111
320,82,14263.138669
321,38,19346.033864
321,39,18215.483951
321,40,18077.708697
321,41,17890.930558
321,42,17676.841667
321,43,17335.886295
321,44,16925.917323
321,46,16620.159747
321,47,16561.545000
321,49,16486.811158
321,52,16327.485207
321,57,16215.911864
321,59,15399.833034
321,62,15095.213924
321,65,15088.296849
321,68,14916.108671
321,69,14854.969632
321,71,14678.056666
321,73,14574.261083
321,79,14309.875111
321,82,14263.138669
322,38,19346.033864
322,39,18215.483951
322,40,18077.708697
322,41,17890.930558
322,42,17676.841667
322,43,17335.886295
322,44,16925.917323
322,46,16599.724888
322,47,16561.545000
322,49,16486.811158
322,50,16484.060563
322,52,16327.485207
322,57,16215.911864
322,59,15399.833034
322,62,15095.213924
322,63,15056.903936
322,68,14916.108671
322,69,14854.969632
322,71,14678.056666
322,73,14574.261083
322,79,14309.875111
322,82,14263.138669
323,38,19346.033864
323,39,18215.483951
323,40,18077.708697
323,41,17890.930558
323,42,17676.841667
323,43,17335.886295
323,44,16925.917323
323,46,16599.724888
323,47,16561.545000
323,49,16486.811158
323,50,16484.060563
323,52,16327.485207
323,57,16188.414099
323,59,15399.833034
323,62,15095.213924
323,63,15056.903936
323,67,14846.314088
323,71,14678.056666
323,73,14574.261083
323,79,14309.875111
323,82,14263.138669
324,38,19346.033864
324,39,18215.483951
324,40,18077.708697
324,41,17828.579001
324,42,17676.841667
324,43,17335.886295
324,44,16925.917323
324,46,16599.724888
324,47,16561.545000
324,49,16486.811158
324,50,16484.060563
324,52,16327.485207
324,57,16167.263304
324,59,15396.569307
324,62,15090.554583
324,63,15056.903936
324,67,14787.898370
324,71,14678.056666
324,73,14547.428169
324,75,14535.428217
324,79,14309.875111
324,82,14247.338875
325,38,19346.033864
325,39,18215.483951
325,40,17796.572516
325,42,17676.841667
325,43,17335.886295
325,44,16925.917323
325,46,16599.724888
325,47,16561.545000
325,49,16486.811158
325,50,16484.060563
325,52,16327.485207
325,57,16167.263304
325,59,15396.569307
325,62,15090.554583
325,63,15056.903936
325,67,14787.898370
325,71,14678.056666
325,72,14662.228709
325,73,14547.428169
325,75,14535.428217
325,79,14309.875111
325,82,14247.338875
326,38,19346.033864
326,39,18215.483951
326,40,17796.572516
326,42,17676.841667
326,43,17335.886295
326,44,16925.917323
326,46,16599.724888
326,47,16561.545000
326,49,16486.811158
326,50,16484.060563
326,52,16327.485207
326,57,16167.263304
326,59,15396.569307
326,62,15090.554583
326,63,15056.903936
326,67,14787.898370
326,71,14678.056666
326,72,14662.228709
326,73,14547.428169
326,75,14535.428217
326,79,14309.875111
326,80,14238.905393
326,82,14226.433548
