Generation,NV,TOC
1,62,25256.819150
1,63,24681.474842
1,72,22654.703214
1,75,22518.778679
1,91,22367.382669
1,92,22090.208883
1,93,21927.889878
1,100,21599.583441
1,104,20836.331849
1,124,20144.893427
1,127,19995.156418
1,130,19838.955423
1,133,19287.807988
1,138,19108.455221
1,143,19084.320383
1,156,18944.139300
2,62,25256.819150
2,63,24681.474842
2,68,23683.200203
2,72,22654.703214
2,75,22518.778679
2,85,21263.716012
2,100,21082.083913
2,103,20975.724602
2,104,20836.331849
2,112,20211.531171
2,122,19184.593465
2,138,19108.455221
2,143,19084.320383
2,154,19012.353436
2,155,18968.152445
2,156,18570.791462
2,174,18408.180404
2,176,18351.385932
3,58,25032.270876
3,63,24681.474842
3,65,23982.900682
3,66,23935.932412
3,68,23683.200203
3,70,23141.247191
3,72,22654.703214
3,75,22518.778679
3,79,22458.138421
3,84,21089.313593
3,100,21082.083913
3,103,20848.679141
3,104,20836.331849
3,108,20471.834502
3,112,20211.531171
3,122,19184.593465
3,138,19108.455221
3,142,19095.032959
3,143,19084.320383
3,145,18835.664678
3,153,18597.013454
3,156,18570.791462
3,162,18511.837008
3,174,18408.180404
3,176,18337.973959
3,193,18248.251821
4,58,25032.270876
4,61,24420.527936
4,65,23982.900682
4,66,23935.932412
4,68,23295.299547
4,70,23141.247191
4,72,22654.703214
4,74,22491.288843
4,76,22033.952475
4,77,21869.213949
4,84,21089.313593
4,88,20757.259346
4,95,20287.437300
4,110,20195.758304
4,113,20150.680406
4,116,20043.094302
4,120,19687.572954
4,122,19184.593465
4,135,18844.681207
4,141,18557.738812
4,144,18509.978061
4,152,18194.202518
4,172,18011.214522
5,58,25032.270876
5,59,23987.302162
5,60,23828.074066
5,68,23295.299547
5,70,22751.293891
5,72,22634.050168
5,74,22491.288843
5,75,22200.857679
5,76,22033.952475
5,77,21714.508667
5,78,21592.887938
5,80,21588.324531
5,82,21407.574466
5,83,21030.188314
5,87,20648.721654
5,91,20361.022650
5,95,20287.437300
5,97,20158.542617
5,98,20108.412867
5,108,19758.158139
5,120,19466.723439
5,122,19184.593465
5,128,19175.167050
5,130,18958.040599
5,133,18927.627453
5,134,18682.158292
5,139,18444.080739
5,143,18351.968650
5,147,18259.692920
5,149,18101.432523
5,151,18070.102774
5,172,17910.966478
6,58,25032.270876
6,59,23987.302162
6,60,23828.074066
6,61,22896.996712
6,64,22386.257454
6,70,21960.549598
6,72,21302.359693
6,74,21161.351942
6,83,20974.909840
6,86,20848.671751
6,87,20648.721654
6,89,20430.447088
6,91,20361.022650
6,95,20035.182555
6,96,20025.473884
6,101,19686.177097
6,109,19227.811685
6,116,19186.054591
6,122,19184.593465
6,124,19018.639099
6,130,18958.040599
6,133,18927.627453
6,134,18682.158292
6,135,18607.906576
6,139,18444.080739
6,143,18351.968650
6,147,18259.692920
6,148,18234.160339
6,149,18101.432523
6,151,18070.102774
6,172,17910.966478
6,174,17836.963181
7,58,24022.550250
7,59,23987.302162
7,60,22851.312765
7,64,22386.257454
7,69,20912.988236
7,70,20778.355632
7,74,19949.528948
7,98,19854.390315
7,100,18574.486397
7,126,18493.611887
7,134,18423.959179
7,137,18325.782574
7,140,18226.337597
7,141,17900.585719
7,146,17819.832514
8,58,24022.550250
8,59,23934.494048
8,60,22851.312765
8,62,22331.576764
8,68,21780.574948
8,69,20912.988236
8,70,20778.355632
8,73,20592.701925
8,74,19949.528948
8,76,19912.236798
8,77,19911.565799
8,79,19512.713148
8,80,19499.766830
8,82,19238.851190
8,87,18722.959117
8,100,18574.486397
8,111,18383.622837
8,126,18291.662730
8,140,18226.337597
8,141,17900.585719
8,144,17627.579954
8,151,17442.832199
8,156,17408.795593
8,160,17376.152426
9,58,23674.600445
9,59,23581.346286
9,60,22199.350102
9,67,21421.804986
9,69,20912.988236
9,70,20778.355632
9,73,20120.038529
9,74,19949.528948
9,76,19912.236798
9,77,19911.565799
9,79,19512.713148
9,80,19499.766830
9,82,19238.851190
9,87,18722.959117
9,100,18574.486397
9,111,18383.622837
9,126,18291.662730
9,139,17948.334267
9,141,17900.585719
9,142,17370.519623
9,167,17357.042178
10,58,22549.603747
10,59,22328.928819
10,60,22199.350102
10,63,21504.652868
10,67,21271.372062
10,69,20912.988236
10,70,20778.355632
10,71,20478.331178
10,72,19182.578887
10,79,19080.944814
10,86,18737.667460
10,87,18722.959117
10,95,18423.528201
10,101,18399.313182
10,102,18365.508696
10,108,18160.398015
10,139,17948.334267
10,140,17391.767253
10,142,17370.519623
10,167,17357.042178
11,58,22549.603747
11,59,22328.928819
11,60,21653.351626
11,61,21183.074425
11,69,20912.988236
11,70,20778.355632
11,71,19638.918778
11,72,19182.578887
11,77,19045.475129
11,81,18384.507021
11,93,18357.801337
11,98,18210.005363
11,106,18114.029547
11,118,17752.223894
11,124,17400.402222
11,138,17336.904675
11,139,17302.639418
11,148,17182.639186
12,58,22549.603747
12,59,22328.928819
12,60,21653.351626
12,61,21183.074425
12,66,20838.830277
12,70,20569.308224
12,71,19638.918778
12,72,19182.578887
12,75,19169.754123
12,77,18854.870437
12,81,18384.507021
12,93,18357.801337
12,97,18040.293973
12,99,17853.044834
12,102,17852.164473
12,110,17813.447147
12,112,17509.402095
12,124,17400.402222
12,138,17336.904675
12,139,17302.639418
12,148,17182.639186
13,58,22549.603747
13,59,22328.928819
13,60,21653.351626
13,61,21183.074425
13,65,20313.496649
13,71,19638.918778
13,72,19182.578887
13,75,19169.754123
13,76,19066.563728
13,77,18557.758420
13,81,18384.507021
13,91,18102.725675
13,97,18029.386134
13,98,17608.420661
13,112,17493.616990
13,117,17490.490872
13,120,17386.571925
13,132,17303.575135
13,139,17302.639418
13,148,17182.639186
14,58,22549.603747
14,59,21831.559650
14,60,21653.351626
14,61,21183.074425
14,65,20313.496649
14,68,20258.698202
14,71,19638.918778
14,72,19182.578887
14,75,19169.754123
14,76,18929.782265
14,77,18557.758420
14,81,18384.507021
14,91,18102.725675
14,97,18029.386134
14,98,17608.420661
14,105,17515.802824
14,112,17394.902496
14,120,17386.571925
14,127,17198.310698
14,136,17091.399042
14,137,17035.779971
15,58,22549.603747
15,59,21831.559650
15,60,21595.404442
15,61,21183.074425
15,64,20826.067409
15,65,20172.599429
15,67,20115.125218
15,70,19312.439162
15,72,18978.647618
15,76,18929.782265
15,77,18557.758420
15,81,18308.121864
15,90,17929.166890
15,93,17679.298652
15,95,17503.066612
15,101,17158.121276
15,111,17122.542965
15,123,17105.867931
15,125,17015.024302
15,127,16757.030223
16,58,22209.017238
16,59,21831.559650
16,60,21595.404442
16,61,21183.074425
16,62,20636.581885
16,65,20172.599429
16,67,20040.790494
16,69,19533.423917
16,70,19312.439162
16,72,18978.647618
16,75,18820.572328
16,77,18557.758420
16,80,18348.510061
16,81,18308.121864
16,83,18114.777845
16,85,17643.994773
16,95,17503.066612
16,97,17462.792650
16,101,17158.121276
16,109,17146.884142
16,111,17122.542965
16,115,16842.435863
16,127,16757.030223
16,131,16593.381031
17,57,23208.721937
17,58,20943.924413
17,62,20636.581885
17,64,20143.478304
17,65,20134.417778
17,67,20040.790494
17,69,19533.423917
17,70,19312.439162
17,71,19086.833319
17,72,18978.647618
17,73,18092.496301
17,75,17520.139900
17,87,17475.401363
17,89,17180.035213
17,93,17134.472819
17,101,17069.777152
17,105,17021.035840
17,114,16817.712426
17,122,16767.932508
17,127,16757.030223
17,131,16593.381031
18,57,23208.721937
18,58,20943.924413
18,62,20636.581885
18,63,20401.666578
18,64,19874.643794
18,69,19463.264155
18,70,19312.439162
18,71,19086.833319
18,72,18978.647618
18,73,18092.496301
18,75,17520.139900
18,76,17349.703353
18,89,17180.035213
18,93,17134.472819
18,101,17012.458258
18,109,16961.615712
18,114,16817.712426
18,122,16767.932508
18,127,16757.030223
18,128,16614.684745
18,131,16593.381031
18,133,16504.601012
19,57,23208.721937
19,58,20943.924413
19,60,20667.288934
19,62,20636.581885
19,63,20058.979127
19,64,19874.643794
19,69,19463.264155
19,70,19312.439162
19,71,19086.833319
19,72,18978.647618
19,73,18092.496301
19,75,17520.139900
19,76,17328.774952
19,79,17046.122394
19,101,17012.458258
19,105,16876.433444
19,111,16795.545700
19,115,16641.998181
19,128,16614.684745
19,131,16593.381031
19,133,16504.601012
20,57,22050.299578
20,58,20943.924413
20,60,20667.288934
20,61,20626.212158
20,63,20058.979127
20,64,19874.643794
20,65,19409.690074
20,69,18771.774087
20,73,18092.496301
20,75,17520.139900
20,76,17328.774952
20,79,17046.122394
20,93,17031.175803
20,95,16877.962325
20,102,16756.285386
20,112,16655.054619
20,115,16641.998181
20,120,16584.903670
20,133,16504.601012
21,57,22050.299578
21,58,20943.924413
21,60,20667.288934
21,61,20626.212158
21,62,19018.046675
21,69,18771.774087
21,73,18092.496301
21,74,17432.924231
21,76,17262.999605
21,79,16993.983576
21,94,16670.603443
21,111,16539.912749
21,133,16504.601012
22,57,22050.299578
22,58,20943.924413
22,60,20165.182825
22,61,19508.987217
22,62,19018.046675
22,69,18771.774087
22,73,18092.496301
22,74,17432.924231
22,76,17262.999605
22,79,16993.983576
22,94,16670.603443
22,111,16539.912749
22,113,16522.458127
22,133,16504.601012
23,56,22576.995382
23,57,22050.299578
23,58,20943.924413
23,60,20165.182825
23,61,19508.987217
23,62,18980.225978
23,63,18654.493199
23,65,18627.948458
23,69,18616.466714
23,71,18597.826880
23,73,18092.496301
23,74,17432.924231
23,75,17421.566432
23,76,17262.999605
23,78,17055.925360
23,79,16993.983576
23,87,16925.600164
23,91,16920.241920
23,94,16670.603443
23,107,16474.127455
23,118,16404.342615
24,56,22545.168747
24,57,22050.299578
24,58,20943.924413
24,59,20676.434265
24,60,20165.182825
24,61,19508.987217
24,62,18487.849337
24,64,18322.617476
24,73,17879.325157
24,74,17353.109401
24,76,17262.999605
24,77,16958.740633
24,78,16929.459722
24,86,16905.030700
24,88,16634.065099
24,94,16588.980050
24,107,16474.127455
24,118,16404.342615
25,56,22545.168747
25,57,22050.299578
25,58,20943.924413
25,59,20534.958439
25,60,20064.422108
25,61,19030.244869
25,62,18487.849337
25,64,18322.617476
25,72,17850.803709
25,74,17353.109401
25,76,17262.999605
25,77,16958.740633
25,78,16929.459722
25,86,16905.030700
25,88,16634.065099
25,94,16588.980050
25,105,16511.184461
25,107,16474.127455
25,118,16404.342615
26,56,22545.168747
26,57,22050.299578
26,58,20943.924413
26,59,20534.958439
26,60,19880.048713
26,61,19030.244869
26,62,18487.849337
26,64,18318.446439
26,67,18083.744413
26,72,17850.803709
26,73,17625.444729
26,74,17353.109401
26,76,16676.012615
26,88,16544.527744
26,94,16538.178725
26,105,16348.632542
26,108,16222.021857
27,56,22545.168747
27,57,22050.299578
27,58,20943.924413
27,59,20534.958439
27,60,19037.486616
27,61,18953.490354
27,62,18487.849337
27,64,18318.446439
27,66,18170.272443
27,67,18083.744413
27,68,17946.329859
27,72,17850.803709
27,73,17625.444729
27,74,17353.109401
27,75,17308.314991
27,76,16676.012615
27,79,16645.192666
27,88,16544.527744
27,94,16538.178725
27,99,16350.481768
27,105,16348.632542
27,108,16222.021857
28,56,22209.278623
28,57,22050.299578
28,58,19914.819433
28,59,19397.314920
28,60,19037.486616
28,61,18268.179195
28,65,18175.246242
28,66,18170.272443
28,67,18083.744413
28,68,17794.540563
28,72,17731.620542
28,73,17551.517824
28,74,17318.566053
28,75,17210.664240
28,76,16576.281098
28,88,16475.038206
28,98,16437.391127
28,99,16246.318436
28,108,16169.128374
29,56,22209.278623
29,57,20509.450200
29,58,19914.819433
29,59,19142.948736
29,60,19037.486616
29,61,18268.179195
29,65,18175.246242
29,66,17745.339523
29,70,17670.362038
29,71,17637.223730
29,73,17551.517824
29,74,17318.566053
29,75,17210.664240
29,76,16576.281098
29,88,16475.038206
29,98,16437.391127
29,99,16246.318436
29,108,16169.128374
30,56,22209.278623
30,57,20509.450200
30,58,19914.819433
30,59,19142.948736
30,60,19037.486616
30,61,18268.179195
30,65,18175.246242
30,66,17745.339523
30,67,17506.923336
30,73,17315.006989
30,74,17123.490543
30,76,16576.281098
30,88,16372.468140
30,97,16343.730855
30,99,16246.318436
30,107,16034.685207
31,56,22209.278623
31,57,20509.450200
31,58,19914.819433
31,59,18977.650771
31,60,18684.766676
31,61,18268.179195
31,64,17859.183030
31,66,17745.339523
31,67,17506.923336
31,70,17460.030314
31,73,17315.006989
31,74,17123.490543
31,76,16576.281098
31,88,16372.468140
31,97,16343.730855
31,99,16246.318436
31,107,16034.685207
32,56,22209.278623
32,57,20509.450200
32,58,19914.819433
32,59,18977.650771
32,60,18684.766676
32,61,18268.179195
32,64,17859.183030
32,66,17635.844878
32,67,17506.923336
32,69,17387.985968
32,73,17234.376610
32,74,17123.490543
32,75,16530.591895
32,88,16337.291573
32,99,16246.318436
32,107,16012.199965
33,56,22209.278623
33,57,20509.450200
33,58,19914.819433
33,59,18977.650771
33,60,18684.766676
33,61,18268.179195
33,64,17533.540432
33,67,17506.923336
33,69,17387.985968
33,72,17352.007319
33,73,17234.376610
33,74,17123.490543
33,75,16530.591895
33,80,16388.349009
33,88,16337.291573
33,99,16246.318436
33,107,16012.199965
34,56,22209.278623
34,57,20509.450200
34,58,19914.819433
34,59,18977.650771
34,60,18684.766676
34,61,18268.179195
34,62,18060.155032
34,63,17846.848938
34,64,17533.540432
34,67,17506.923336
34,69,17317.379429
34,72,17291.536142
34,73,17184.115087
34,74,17021.829887
34,75,16457.209809
34,78,16419.422868
34,80,16337.202889
34,83,16315.479129
34,99,16246.318436
34,107,15972.250571
35,56,22209.278623
35,57,20509.450200
35,58,19725.213689
35,59,18849.037581
35,60,18284.257438
35,61,18268.179195
35,62,18060.155032
35,63,17748.729935
35,64,17533.540432
35,66,17319.383551
35,69,17317.379429
35,70,17267.073412
35,73,17184.115087
35,74,17021.829887
35,75,16457.209809
35,78,16419.422868
35,80,16337.202889
35,83,16315.479129
35,87,16143.616675
35,107,15972.250571
36,56,22209.278623
36,57,20509.450200
36,58,19725.213689
36,59,18790.704662
36,60,18284.257438
36,61,17955.246794
36,63,17748.729935
36,64,17533.540432
36,66,17319.383551
36,69,17317.379429
36,70,17080.654844
36,74,17021.829887
36,75,16457.209809
36,78,16419.422868
36,80,16337.202889
36,83,16315.479129
36,86,16114.864110
36,102,16104.323979
36,107,15868.437201
37,56,20695.596763
37,57,20509.450200
37,58,19725.213689
37,59,18790.704662
37,60,18284.257438
37,61,17955.246794
37,62,17846.509649
37,63,17748.729935
37,64,17533.540432
37,65,17447.732139
37,66,17319.383551
37,69,17317.379429
37,70,17080.654844
37,74,17021.829887
37,75,16442.561136
37,78,16419.422868
37,80,16337.202889
37,83,16315.479129
37,86,16114.864110
37,102,16104.323979
37,107,15868.437201
38,56,20695.596763
38,57,20509.450200
38,58,19725.213689
38,59,18790.704662
38,60,18018.664629
38,61,17955.246794
38,62,17846.509649
38,63,17677.428021
38,64,17533.540432
38,65,17447.732139
38,66,17319.383551
38,68,17244.653841
38,69,17062.555551
38,73,16999.774071
38,75,16399.918897
38,78,16340.310449
38,80,16295.872360
38,82,16249.196445
38,86,16114.864110
38,102,16104.323979
38,107,15868.437201
39,56,20159.845791
39,58,19725.213689
39,59,18730.625951
39,60,18018.664629
39,61,17842.448267
39,63,17677.428021
39,64,17533.540432
39,65,17447.732139
39,66,17319.383551
39,68,17244.653841
39,69,17062.555551
39,71,17059.566830
39,73,16999.774071
39,75,16399.918897
39,78,16147.578301
39,86,16114.864110
39,102,16104.323979
39,105,15894.636582
39,106,15828.706780
40,56,20159.845791
40,58,18927.527450
40,59,18730.625951
40,60,18018.664629
40,61,17842.448267
40,63,17677.428021
40,64,17533.540432
40,65,17447.732139
40,66,17319.383551
40,68,17222.359734
40,69,17062.555551
40,71,16975.716539
40,73,16916.343946
40,75,16323.606917
40,78,16147.578301
40,86,16097.722936
40,101,16066.068818
40,103,16023.838743
40,105,15865.681044
40,106,15828.706780
41,56,20159.845791
41,57,18885.120514
41,59,18730.625951
41,60,18018.664629
41,61,17842.448267
41,62,17763.518479
41,63,17677.428021
41,64,17533.540432
41,65,17299.373367
41,68,17222.359734
41,69,17062.555551
41,71,16975.716539
41,73,16916.343946
41,75,16323.606917
41,78,16147.578301
41,86,16097.722936
41,91,16003.783268
41,105,15865.681044
41,106,15828.706780
42,56,19730.061235
42,57,18885.120514
42,58,18516.038695
42,59,18459.122095
42,60,18018.664629
42,61,17739.222806
42,63,17677.428021
42,64,17533.540432
42,65,17299.373367
42,68,17222.359734
42,69,17034.250584
42,71,16975.716539
42,73,16824.137273
42,75,16282.065124
42,78,16147.578301
42,82,15994.849723
42,90,15910.431718
42,105,15757.572252
43,56,19340.331783
43,57,18671.296811
43,58,18516.038695
43,59,18459.122095
43,60,17837.098593
43,61,17739.222806
43,63,17423.141137
43,65,17299.373367
43,68,17222.359734
43,69,17034.250584
43,70,16985.061895
43,71,16975.716539
43,73,16824.137273
43,75,16282.065124
43,78,16147.578301
43,82,15994.849723
43,90,15910.431718
43,94,15895.591431
43,105,15757.572252
44,56,19314.365272
44,57,18671.296811
44,58,18516.038695
44,59,18459.122095
44,60,17769.757358
44,61,17739.222806
44,62,17473.033084
44,63,17423.141137
44,65,17234.910824
44,68,17222.359734
44,69,16964.137370
44,71,16913.780896
44,72,16513.587151
44,75,16278.449950
44,77,16110.730746
44,80,16051.388459
44,81,15986.989904
44,90,15910.431718
44,93,15847.594845
44,103,15735.750292
45,55,20169.130308
45,56,19189.970647
45,57,18638.279256
45,58,18516.038695
45,59,18459.122095
45,60,17769.757358
45,61,17739.222806
45,62,17473.033084
45,63,17423.141137
45,64,17365.885029
45,65,17234.910824
45,66,17198.416557
45,69,16964.137370
45,71,16913.780896
45,72,16513.587151
45,75,16278.449950
45,77,16110.730746
45,80,16051.388459
45,81,15986.989904
45,87,15926.411081
45,90,15910.431718
45,93,15847.594845
45,103,15735.750292
46,55,20169.130308
46,56,19189.970647
46,57,18638.279256
46,58,18516.038695
46,59,18459.122095
46,60,17769.757358
46,61,17739.222806
46,62,17473.033084
46,63,17423.141137
46,64,17365.885029
46,65,17234.910824
46,66,17198.416557
46,67,16846.775738
46,71,16556.176793
46,72,16513.587151
46,75,16278.449950
46,77,16110.730746
46,79,15991.553528
46,81,15976.873616
46,85,15905.779285
46,86,15891.164193
46,93,15732.868393
46,102,15630.715142
47,55,20169.130308
47,56,18912.678263
47,57,18638.279256
47,58,18516.038695
47,59,17734.116256
47,62,17473.033084
47,63,17423.141137
47,64,17365.885029
47,65,17234.910824
47,66,17198.416557
47,67,16846.775738
47,71,16556.176793
47,72,16513.587151
47,75,16278.449950
47,77,16110.730746
47,79,15991.553528
47,81,15976.873616
47,85,15905.779285
47,86,15891.164193
47,88,15867.797474
47,93,15732.868393
47,102,15630.715142
48,55,19031.063482
48,56,18912.678263
48,57,18638.279256
48,58,18516.038695
48,59,17734.116256
48,62,17473.033084
48,63,17423.141137
48,64,17365.885029
48,65,17234.910824
48,66,17198.416557
48,67,16846.775738
48,71,16556.176793
48,72,16513.587151
48,75,16221.144101
48,76,16057.002721
48,79,15906.655261
48,85,15866.032660
48,92,15680.292595
48,102,15630.715142
49,55,19031.063482
49,56,18912.678263
49,57,18638.279256
49,58,18516.038695
49,59,17734.116256
49,62,17473.033084
49,63,17408.877103
49,64,17365.885029
49,65,17234.910824
49,66,17198.416557
49,67,16846.775738
49,71,16556.176793
49,72,16513.587151
49,75,16221.144101
49,76,16057.002721
49,79,15906.655261
49,85,15866.032660
49,91,15797.214720
49,92,15680.292595
49,102,15630.715142
50,55,19031.063482
50,56,18912.678263
50,57,18638.279256
50,58,18516.038695
50,59,17734.116256
50,60,17258.502252
50,65,17234.910824
50,66,17198.416557
50,67,16846.775738
50,71,16556.176793
50,72,16411.994707
50,75,16221.144101
50,76,16040.055513
50,78,15896.436703
50,82,15857.066997
50,83,15840.709346
50,87,15798.519654
50,91,15685.927631
50,92,15680.292595
50,101,15599.938363
51,55,19031.063482
51,56,18912.678263
51,57,18638.279256
51,58,18222.472812
51,59,17734.116256
51,60,17258.502252
51,61,17031.938902
51,67,16668.719447
51,71,16556.176793
51,72,16411.994707
51,74,16284.170533
51,75,16221.144101
51,76,16040.055513
51,78,15896.436703
51,82,15857.066997
51,83,15840.709346
51,87,15798.519654
51,91,15685.927631
51,92,15680.292595
51,101,15599.938363
52,55,19031.063482
52,56,18818.672515
52,57,18638.279256
52,58,18222.472812
52,59,17734.116256
52,60,17258.502252
52,61,17031.938902
52,67,16668.719447
52,71,16556.176793
52,72,16411.994707
52,74,16166.759957
52,76,15988.389250
52,77,15863.001638
52,82,15791.461326
52,83,15765.996678
52,91,15666.349536
52,92,15634.564316
52,99,15552.696628
52,102,15539.792202
53,55,19031.063482
53,56,18818.672515
53,57,18275.619078
53,58,18222.472812
53,59,17734.116256
53,60,17258.502252
53,61,17031.938902
53,67,16668.719447
53,71,16556.176793
53,72,16411.994707
53,74,16166.759957
53,76,15988.389250
53,77,15863.001638
53,78,15851.644922
53,82,15791.461326
53,83,15765.996678
53,91,15666.349536
53,92,15634.564316
53,99,15552.696628
53,102,15539.792202
54,55,19031.063482
54,56,18818.672515
54,57,18275.619078
54,58,18222.472812
54,59,17734.116256
54,60,17258.502252
54,61,17031.938902
54,67,16668.719447
54,71,16556.176793
54,72,16411.994707
54,73,16134.272082
54,75,15741.893830
54,91,15657.252297
54,92,15634.564316
54,96,15489.334129
54,100,15488.316187
55,55,18901.673775
55,56,18818.672515
55,57,18275.619078
55,58,18222.472812
55,59,17734.116256
55,60,17124.506137
55,61,17031.938902
55,65,16896.371039
55,66,16856.437284
55,67,16668.719447
55,71,16556.176793
55,72,16411.994707
55,73,16134.272082
55,75,15741.893830
55,87,15604.451204
55,95,15548.822657
55,96,15489.334129
55,100,15488.316187
56,55,18803.807404
56,57,18275.619078
56,58,18089.527917
56,59,17734.116256
56,60,17124.506137
56,61,17031.938902
56,65,16776.247448
56,67,16598.368695
56,71,16556.176793
56,72,16335.231659
56,73,16019.149954
56,74,15716.559641
56,87,15534.184868
56,94,15513.608149
56,96,15474.577910
56,99,15462.252346
56,101,15426.214643
57,55,18803.807404
57,57,18275.619078
57,58,18089.527917
57,59,17734.116256
57,60,17124.506137
57,61,17031.938902
57,65,16776.247448
57,67,16598.368695
57,71,16556.176793
57,72,16335.231659
57,73,16019.149954
57,74,15716.559641
57,87,15534.184868
57,94,15513.608149
57,96,15474.577910
57,99,15462.252346
57,101,15426.214643
58,55,18742.171577
58,57,18275.619078
58,58,18089.527917
58,59,17734.116256
58,60,17124.506137
58,61,17031.938902
58,63,16892.363467
58,64,16850.866706
58,65,16776.247448
58,67,16598.368695
58,71,16520.007820
58,72,16014.956104
58,74,15662.308555
58,80,15572.274939
58,81,15376.228066
59,54,18773.308076
59,55,18742.171577
59,57,18275.619078
59,58,18089.527917
59,59,17734.116256
59,60,16902.172394
59,63,16595.091993
59,70,16577.510910
59,71,16520.007820
59,72,16014.956104
59,74,15662.308555
59,80,15572.274939
59,81,15376.228066
60,54,18773.308076
60,55,18742.171577
60,56,17868.180638
60,58,16870.464537
60,60,16519.030362
60,63,16480.642062
60,71,15995.872183
60,74,15631.489385
60,78,15488.780503
60,81,15348.247903
61,54,18773.308076
61,55,18742.171577
61,56,17571.308755
61,58,16870.464537
61,60,16519.030362
61,62,16350.186868
61,70,15823.101373
61,74,15631.489385
61,78,15488.780503
61,81,15348.247903
62,52,20687.161196
62,53,18957.093323
62,54,18773.308076
62,55,18675.301905
62,56,17518.373986
62,58,16853.235906
62,60,16486.478139
62,62,16350.186868
62,69,15986.958025
62,70,15823.101373
62,74,15567.988602
62,78,15488.780503
62,81,15348.247903
63,52,20687.161196
63,53,18957.093323
63,54,18067.021276
63,56,17518.373986
63,58,16853.235906
63,60,16486.478139
63,62,16350.186868
63,68,16155.885146
63,69,15986.958025
63,70,15823.101373
63,74,15567.988602
63,78,15488.780503
63,81,15348.247903
64,52,20687.161196
64,53,18564.394258
64,54,18067.021276
64,56,17518.373986
64,58,16772.257793
64,59,16462.740160
64,62,16328.925226
64,66,16238.819432
64,68,16100.746193
64,69,15821.079527
64,74,15567.988602
64,78,15488.780503
64,81,15324.726818
65,52,19141.097472
65,53,18509.574554
65,54,18067.021276
65,56,17518.373986
65,58,16772.257793
65,59,16462.740160
65,62,16328.925226
65,64,15680.458827
65,69,15628.496236
65,74,15567.988602
65,77,15562.023760
65,78,15488.780503
65,81,15324.726818
66,50,20305.632167
66,51,18724.441662
66,53,18401.365376
66,54,18067.021276
66,55,17878.038876
66,56,17456.508474
66,58,16772.257793
66,59,16388.324357
66,62,16188.989248
66,64,15625.253873
66,69,15561.159198
66,78,15464.381918
66,81,15324.726818
67,50,20305.632167
67,51,18724.441662
67,53,18401.365376
67,54,17890.066354
67,55,17878.038876
67,56,17456.508474
67,58,16772.257793
67,59,16388.324357
67,62,16188.989248
67,64,15625.253873
67,69,15561.159198
67,78,15464.381918
67,81,15324.726818
68,50,20305.632167
68,51,18724.441662
68,53,18401.365376
68,54,17794.001329
68,56,17456.508474
68,58,16754.514034
68,59,16335.054339
68,62,16120.284101
68,64,15608.198446
68,68,15484.629439
68,77,15366.481959
68,81,15324.726818
69,50,20305.632167
69,51,18724.441662
69,53,18401.365376
69,54,17794.001329
69,56,17456.508474
69,58,16754.514034
69,59,16335.054339
69,62,16120.284101
69,64,15608.198446
69,68,15484.629439
69,77,15366.481959
69,81,15324.726818
69,100,15309.127585
70,50,20305.632167
70,51,18724.441662
70,53,18401.365376
70,54,17794.001329
70,56,17456.508474
70,58,16754.514034
70,59,16335.054339
70,62,16120.284101
70,64,15608.198446
70,68,15484.629439
70,69,15479.765681
70,77,15366.481959
70,81,15324.726818
70,94,15284.295298
71,50,20305.632167
71,51,18724.441662
71,53,18331.579392
71,54,17794.001329
71,56,17456.508474
71,58,16754.514034
71,59,16335.054339
71,62,16037.787181
71,64,15488.772411
71,67,15457.718665
71,68,15439.593562
71,77,15336.353282
71,81,15324.726818
71,93,15265.360286
72,50,20305.632167
72,51,18724.441662
72,53,18331.579392
72,54,17794.001329
72,56,17456.508474
72,58,16754.514034
72,59,16335.054339
72,62,16037.787181
72,63,15994.667114
72,64,15488.772411
72,67,15457.718665
72,68,15439.593562
72,75,15295.639581
72,91,15271.538406
72,92,15251.011751
72,94,15208.496678
73,50,20305.632167
73,51,18724.441662
73,52,18062.885233
73,54,17794.001329
73,55,17689.873952
73,56,17456.508474
73,58,16754.514034
73,59,16335.054339
73,62,15973.984987
73,63,15866.984711
73,64,15461.413320
73,67,15457.718665
73,68,15439.593562
73,73,15391.701396
73,75,15283.595255
73,90,15204.175928
73,94,15185.423182
74,50,20305.632167
74,51,18724.441662
74,52,18062.885233
74,54,17794.001329
74,55,17689.873952
74,56,17456.508474
74,58,16754.514034
74,59,16335.054339
74,62,15973.984987
74,63,15696.229266
74,64,15461.413320
74,67,15457.718665
74,68,15439.593562
74,73,15391.701396
74,75,15283.595255
74,78,15282.011870
74,90,15204.175928
74,94,15185.423182
75,50,20305.632167
75,51,18724.441662
75,52,18062.885233
75,54,17794.001329
75,55,17689.873952
75,56,17456.508474
75,58,16754.514034
75,59,16335.054339
75,62,15973.984987
75,63,15696.229266
75,64,15461.413320
75,67,15366.055385
75,73,15355.989663
75,74,15251.390683
75,77,15200.236238
75,88,15157.292162
76,50,20305.632167
76,51,18724.441662
76,52,18062.885233
76,53,18054.323998
76,54,17164.032015
76,58,16754.514034
76,59,16335.054339
76,62,15973.984987
76,63,15696.229266
76,64,15461.413320
76,67,15296.019551
76,74,15251.390683
76,77,15200.236238
76,88,15157.292162
77,50,20305.632167
77,51,18724.441662
77,52,18062.885233
77,53,18054.323998
77,54,17164.032015
77,58,16698.007151
77,59,16313.715350
77,62,15970.394376
77,63,15696.229266
77,64,15423.212526
77,67,15222.170301
77,77,15180.071502
77,81,15161.700278
77,88,15157.292162
78,50,20305.632167
78,51,18724.441662
78,52,18062.885233
78,53,17451.574852
78,54,17164.032015
78,56,16938.617437
78,58,16698.007151
78,59,16313.715350
78,62,15970.394376
78,63,15555.684004
78,64,15423.212526
78,67,15222.170301
78,77,15180.071502
78,81,15161.700278
78,88,15157.292162
79,50,20305.632167
79,51,18724.441662
79,52,18062.885233
79,53,17451.574852
79,54,17164.032015
79,56,16938.617437
79,58,16683.462598
79,59,16311.100601
79,61,15706.566630
79,63,15555.684004
79,64,15423.212526
79,67,15177.763360
79,81,15161.700278
79,84,15068.757810
79,89,15024.788411
80,50,20305.632167
80,51,18724.441662
80,52,18062.885233
80,53,17451.574852
80,54,17164.032015
80,56,16938.617437
80,58,16309.789346
80,61,15706.566630
80,63,15555.684004
80,64,15423.212526
80,67,15177.763360
80,81,15157.458925
80,83,15102.733559
80,84,15051.997875
80,89,15024.788411
81,50,20305.632167
81,51,18724.441662
81,52,18062.885233
81,53,17451.574852
81,54,17164.032015
81,55,16470.271845
81,58,16309.789346
81,59,15930.667721
81,61,15706.566630
81,63,15224.367427
81,66,15172.490385
81,81,15157.458925
81,83,15102.733559
81,84,15051.997875
81,89,15000.944025
82,50,20305.632167
82,51,18724.441662
82,52,18062.885233
82,53,17451.574852
82,54,17164.032015
82,55,16470.271845
82,58,16177.014018
82,59,15930.667721
82,60,15744.189749
82,61,15706.566630
82,63,15224.367427
82,66,15172.490385
82,81,15157.458925
82,83,15102.733559
82,84,15051.997875
82,87,14962.034837
83,50,20305.632167
83,51,18724.441662
83,52,18062.885233
83,53,17451.574852
83,54,17164.032015
83,55,16470.271845
83,56,16386.418068
83,58,16096.572393
83,59,15756.533306
83,60,15744.189749
83,61,15565.166554
83,63,15224.367427
83,66,15172.490385
83,78,15137.483715
83,83,15102.245315
83,84,15037.926245
83,87,14962.034837
84,50,20305.632167
84,51,18724.441662
84,52,18062.885233
84,53,17451.574852
84,54,17164.032015
84,55,16470.271845
84,56,16386.418068
84,58,16096.572393
84,59,15756.533306
84,60,15744.189749
84,61,15565.166554
84,63,15224.367427
84,66,15172.490385
84,78,15137.483715
84,83,15102.245315
84,84,15037.926245
84,85,14968.212957
84,87,14955.082864
85,50,20305.632167
85,51,18724.441662
85,52,17923.496705
85,53,17451.574852
85,54,17164.032015
85,55,16470.271845
85,56,16386.418068
85,58,16096.572393
85,59,15668.211723
85,61,15559.138108
85,63,15224.367427
85,66,15172.490385
85,78,15137.483715
85,82,15007.785843
85,83,14944.246399
86,50,20305.632167
86,51,18724.441662
86,52,17923.496705
86,53,17451.574852
86,54,17164.032015
86,55,16470.271845
86,56,16386.418068
86,57,16225.829483
86,58,16096.572393
86,59,15668.211723
86,61,15559.138108
86,63,15224.367427
86,66,15172.490385
86,68,15143.188512
86,70,15076.389696
86,82,15007.785843
86,83,14944.246399
87,50,20305.632167
87,51,18724.441662
87,52,17923.496705
87,53,17451.574852
87,54,17164.032015
87,55,16470.271845
87,56,16287.740368
87,57,16214.529612
87,58,16096.572393
87,59,15638.714718
87,61,15559.138108
87,62,15213.668310
87,66,15134.493385
87,68,15120.823995
87,70,15076.389696
87,71,15041.435847
87,82,15007.785843
87,83,14921.761157
88,50,20305.632167
88,51,18724.441662
88,52,17923.496705
88,53,17451.574852
88,54,17164.032015
88,55,16470.271845
88,56,16287.740368
88,57,16214.529612
88,58,16096.572393
88,59,15638.714718
88,61,15559.138108
88,62,15213.668310
88,66,15070.412565
88,71,15041.435847
88,82,15007.785843
88,83,14921.761157
89,50,20305.632167
89,51,18724.441662
89,52,17923.496705
89,53,17451.574852
89,54,17164.032015
89,55,16470.271845
89,56,16287.740368
89,57,16214.529612
89,58,16096.572393
89,59,15539.941984
89,62,15191.039239
89,66,15050.813970
89,71,15036.392291
89,81,15027.304657
89,82,15007.785843
89,83,14904.272285
90,50,20305.632167
90,51,18724.441662
90,52,17923.496705
90,53,17451.574852
90,54,17164.032015
90,55,16470.271845
90,56,16287.740368
90,57,16214.529612
90,58,16096.572393
90,59,15539.941984
90,62,15191.039239
90,65,15130.341774
90,66,15050.813970
90,71,15036.392291
90,79,15025.029187
90,82,15007.785843
90,83,14904.272285
91,50,19555.489593
91,51,18724.441662
91,52,17923.496705
91,53,17451.574852
91,54,17164.032015
91,55,16470.271845
91,56,16216.853679
91,57,16111.162826
91,58,16006.501838
91,59,15495.442862
91,62,15191.039239
91,65,15130.341774
91,66,15042.210638
91,70,15019.863716
91,79,14949.836252
91,82,14862.157975
92,50,19555.489593
92,51,18724.441662
92,52,17923.496705
92,53,17406.296268
92,54,17164.032015
92,55,16470.271845
92,56,16216.853679
92,57,16111.162826
92,58,16006.501838
92,59,15495.442862
92,62,15191.039239
92,65,15130.341774
92,66,15042.210638
92,70,15019.863716
92,76,14915.889175
92,82,14862.157975
93,50,19555.489593
93,51,18216.940519
93,52,17923.496705
93,53,17406.296268
93,54,17030.324223
93,55,16470.271845
93,56,16191.010880
93,57,15932.981661
93,59,15495.442862
93,62,15191.039239
93,65,15123.461330
93,66,15042.210638
93,70,15019.863716
93,75,14900.659550
93,82,14862.157975
94,50,19555.489593
94,51,18216.940519
94,52,17923.496705
94,53,17406.296268
94,54,17030.324223
94,55,16470.271845
94,56,16191.010880
94,57,15932.981661
94,59,15495.442862
94,62,15191.039239
94,63,15154.585189
94,65,15123.461330
94,66,15042.210638
94,70,15019.863716
94,73,15019.315823
94,75,14900.659550
94,81,14860.697369
95,50,19555.489593
95,51,17822.511927
95,53,16816.284924
95,55,16470.271845
95,56,16191.010880
95,57,15932.981661
95,59,15495.442862
95,62,15145.443059
95,65,15075.830287
95,66,14984.427484
95,75,14900.659550
95,81,14828.863755
95,83,14827.080588
96,50,19555.489593
96,51,17822.511927
96,53,16816.284924
96,55,16470.271845
96,56,16191.010880
96,57,15932.981661
96,59,15495.442862
96,62,15145.443059
96,63,15104.462848
96,65,15075.830287
96,66,14984.427484
96,72,14945.462633
96,75,14900.659550
96,81,14828.863755
96,83,14827.080588
97,50,19555.489593
97,51,17822.511927
97,52,16998.631631
97,53,16816.284924
97,55,16470.271845
97,56,16191.010880
97,57,15932.981661
97,59,15495.442862
97,61,15180.307094
97,62,15126.778242
97,63,15104.462848
97,65,15071.544023
97,66,14984.427484
97,72,14937.099978
97,74,14846.619380
97,81,14801.439851
98,50,19555.489593
98,51,17796.636582
98,52,16998.631631
98,53,16816.284924
98,55,16470.271845
98,56,16191.010880
98,57,15932.981661
98,59,15495.442862
98,61,15180.307094
98,62,15126.778242
98,63,15104.462848
98,65,15071.544023
98,66,14984.427484
98,72,14937.099978
98,73,14886.683797
98,74,14846.619380
98,79,14827.316689
98,81,14801.439851
99,50,19555.489593
99,51,17796.636582
99,52,16998.631631
99,53,16816.284924
99,54,16741.832943
99,55,16470.271845
99,56,16191.010880
99,57,15932.981661
99,59,15495.442862
99,61,15180.307094
99,62,15120.107753
99,63,15089.084570
99,64,15085.841116
99,65,15071.544023
99,66,14984.427484
99,71,14897.462162
99,73,14877.371758
99,74,14806.391033
99,81,14761.550679
100,50,19555.489593
100,51,17796.636582
100,52,16794.745370
100,54,16741.832943
100,55,16269.289326
100,56,16191.010880
100,57,15932.981661
100,59,15495.442862
100,61,15180.307094
100,62,15120.107753
100,63,15089.084570
100,64,15085.841116
100,65,15071.544023
100,66,14984.427484
100,71,14897.462162
100,73,14877.371758
100,74,14806.391033
100,77,14677.505829
100,80,14652.559959
101,50,19555.489593
101,51,17796.636582
101,52,16794.745370
101,54,16741.832943
101,55,16079.015719
101,57,15932.981661
101,59,15495.442862
101,61,15180.307094
101,62,15120.107753
101,63,15089.084570
101,64,15076.983980
101,65,15071.544023
101,66,14893.576311
101,73,14876.931160
101,74,14806.391033
101,77,14657.054770
101,79,14615.710778
102,50,19555.489593
102,51,17796.636582
102,52,16480.043674
102,55,16079.015719
102,57,15932.981661
102,59,15495.442862
102,61,15180.307094
102,62,15120.107753
102,63,15089.084570
102,64,15076.983980
102,65,15025.236914
102,66,14893.576311
102,73,14876.931160
102,74,14806.391033
102,77,14657.054770
102,79,14615.710778
103,50,19555.489593
103,51,17796.636582
103,52,16480.043674
103,55,16079.015719
103,57,15932.981661
103,58,15462.839519
103,61,15092.174287
103,63,15047.786938
103,65,14831.056653
103,73,14782.167359
103,76,14622.242274
103,79,14613.137198
104,49,19906.733291
104,50,19555.489593
104,51,17796.636582
104,52,16402.467225
104,54,15858.245161
104,58,15462.839519
104,61,15092.174287
104,63,15047.786938
104,65,14831.056653
104,73,14782.167359
104,76,14622.242274
104,79,14613.137198
105,49,19906.733291
105,50,19555.489593
105,51,17623.324596
105,52,16402.467225
105,53,16212.041863
105,54,15858.245161
105,58,15405.528766
105,61,15070.235671
105,63,15003.284557
105,65,14831.056653
105,73,14768.246194
105,76,14583.138976
106,49,19906.733291
106,50,19242.295939
106,51,17623.324596
106,52,16402.467225
106,53,16212.041863
106,54,15858.245161
106,58,15405.528766
106,61,15070.235671
106,63,15003.284557
106,65,14831.056653
106,73,14768.246194
106,76,14583.138976
107,49,19906.733291
107,50,19242.295939
107,51,16665.820176
107,52,15923.432885
107,54,15744.742581
107,58,15362.375792
107,61,15060.083510
107,63,15001.510222
107,65,14831.056653
107,73,14734.517970
107,75,14552.199211
108,49,19906.733291
108,50,16943.769208
108,51,16665.820176
108,52,15923.432885
108,54,15744.742581
108,55,15596.254423
108,58,15362.375792
108,61,15060.083510
108,63,15001.510222
108,65,14831.056653
108,73,14734.517970
108,75,14552.199211
109,49,19906.733291
109,50,16943.769208
109,51,16631.522606
109,52,15822.873000
109,54,15714.032407
109,55,15561.133042
109,58,15350.636026
109,61,15043.695710
109,63,14970.546073
109,65,14808.903746
109,73,14734.517970
109,75,14493.760876
110,49,19906.733291
110,50,16943.769208
110,51,16631.522606
110,52,15822.873000
110,54,15714.032407
110,55,15561.133042
110,57,15333.495634
110,59,15173.372671
110,61,15043.695710
110,63,14970.546073
110,65,14808.903746
110,73,14734.517970
110,75,14493.760876
111,49,19906.733291
111,50,16943.769208
111,51,16605.056933
111,52,15822.873000
111,54,15694.631423
111,55,15518.915328
111,57,15312.954058
111,58,15124.497266
111,61,15043.695710
111,63,14970.546073
111,64,14840.204309
111,65,14808.903746
111,73,14734.517970
111,75,14493.545777
112,49,19906.733291
112,50,16943.769208
112,51,16605.056933
112,52,15822.873000
112,53,15623.385333
112,55,15518.915328
112,57,15312.954058
112,58,15124.497266
112,61,15043.695710
112,63,14970.546073
112,64,14840.204309
112,65,14808.903746
112,73,14734.517970
112,75,14493.545777
113,49,19488.968201
113,50,16943.769208
113,51,16605.056933
113,52,15822.873000
113,53,15623.385333
113,55,15487.050400
113,57,15115.767478
113,61,15043.695710
113,63,14964.364457
113,64,14840.204309
113,65,14808.903746
113,73,14726.037572
113,75,14493.545777
114,49,18888.290800
114,50,16943.769208
114,51,16605.056933
114,52,15822.873000
114,53,15623.385333
114,55,15487.050400
114,57,15115.767478
114,61,15043.695710
114,63,14876.463664
114,64,14840.204309
114,65,14808.903746
114,73,14726.037572
114,75,14493.545777
115,48,20299.312836
115,49,18888.290800
115,50,16102.482238
115,52,15705.425640
115,53,15623.385333
115,55,15458.881704
115,57,15115.767478
115,60,15002.070177
115,63,14876.463664
115,64,14840.204309
115,65,14793.115228
115,73,14485.499640
116,48,20299.312836
116,49,18888.290800
116,50,16102.482238
116,52,15705.425640
116,53,15623.385333
116,55,15458.881704
116,57,15115.767478
116,60,15002.070177
116,63,14876.463664
116,64,14840.204309
116,65,14793.115228
116,73,14485.499640
117,48,20299.312836
117,49,18888.290800
117,50,16062.262091
117,51,15987.036817
117,52,15650.819895
117,53,15429.140734
117,56,15068.011555
117,60,14987.259900
117,63,14819.865035
117,65,14730.205938
117,73,14485.499640
118,48,20299.312836
118,49,18888.290800
118,50,16062.262091
118,51,15814.855798
118,52,15650.819895
118,53,15429.140734
118,56,15068.011555
118,60,14987.259900
118,63,14819.865035
118,65,14730.205938
118,73,14485.499640
119,48,20299.312836
119,49,18791.167098
119,50,15970.921019
119,51,15812.205363
119,52,15640.032057
119,53,15402.962094
119,56,15051.747686
119,60,14956.626362
119,63,14802.765909
119,65,14730.205938
119,73,14485.499640
120,48,20299.312836
120,49,18791.167098
120,50,15830.879624
120,51,15812.205363
120,52,15640.032057
120,53,15402.962094
120,56,15051.747686
120,60,14956.626362
120,63,14802.765909
120,65,14730.205938
120,73,14485.499640
121,48,20299.312836
121,49,18791.167098
121,50,15774.654485
121,51,15725.590413
121,52,15620.707089
121,53,15382.025643
121,56,15034.205906
121,60,14956.626362
121,61,14923.556739
121,63,14802.765909
121,65,14730.205938
121,73,14485.499640
122,48,20299.312836
122,49,18791.167098
122,50,15774.654485
122,51,15725.590413
122,52,15620.707089
122,53,15382.025643
122,56,15034.205906
122,60,14956.626362
122,61,14923.556739
122,63,14802.765909
122,65,14730.205938
122,70,14651.527751
122,73,14485.499640
123,48,20299.312836
123,49,18791.167098
123,50,15774.654485
123,51,15705.773140
123,52,15620.707089
123,53,15355.336007
123,56,15034.205906
123,60,14952.483405
123,61,14914.592221
123,63,14802.765909
123,65,14730.205938
123,70,14651.527751
123,73,14478.648002
124,48,20299.312836
124,49,16753.139559
124,50,15774.654485
124,51,15654.482114
124,52,15568.307612
124,53,15355.336007
124,54,15345.404224
124,55,15306.364660
124,56,15034.205906
124,60,14952.483405
124,61,14914.592221
124,63,14802.765909
124,65,14730.205938
124,70,14651.527751
124,73,14478.648002
125,47,17567.608761
125,49,16753.139559
125,50,15774.654485
125,51,15654.482114
125,52,15568.307612
125,53,15355.336007
125,54,15315.711087
125,55,15288.223327
125,56,15034.205906
125,60,14913.682070
125,61,14908.640239
125,63,14802.765909
125,65,14713.989349
125,66,14658.892187
125,70,14651.527751
125,73,14478.648002
126,47,17567.608761
126,49,16753.139559
126,50,15567.943179
126,53,15355.336007
126,54,15315.711087
126,55,15288.223327
126,56,15034.205906
126,60,14913.682070
126,61,14908.640239
126,63,14802.765909
126,65,14713.989349
126,66,14658.892187
126,70,14651.527751
126,73,14478.648002
127,46,17600.476210
127,47,17567.608761
127,49,15896.181621
127,50,15567.943179
127,53,15355.336007
127,54,15309.629333
127,55,15288.223327
127,56,15002.005383
127,60,14913.682070
127,61,14908.640239
127,63,14802.765909
127,65,14699.358521
127,66,14658.892187
127,70,14616.773040
127,73,14458.214060
128,46,17600.476210
128,47,17567.608761
128,48,16159.812462
128,49,15896.181621
128,50,15567.943179
128,53,15355.336007
128,54,15309.629333
128,55,15288.223327
128,56,15002.005383
128,60,14913.682070
128,61,14908.640239
128,63,14802.765909
128,65,14699.358521
128,66,14658.892187
128,69,14602.898080
128,73,14458.214060
129,46,17600.476210
129,47,17567.608761
129,48,16159.812462
129,49,15896.181621
129,50,15567.943179
129,53,15355.336007
129,54,15309.629333
129,55,15256.003482
129,56,14995.181122
129,60,14913.579638
129,61,14884.267147
129,63,14748.791034
129,65,14657.552538
129,68,14576.359169
129,73,14458.214060
130,46,17364.132234
130,48,16159.812462
130,49,15896.181621
130,50,15567.943179
130,52,15506.162337
130,53,15355.336007
130,54,15309.629333
130,55,15256.003482
130,56,14995.181122
130,60,14913.579638
130,61,14884.267147
130,63,14748.791034
130,65,14657.552538
130,68,14576.359169
130,73,14458.214060
131,46,17364.132234
131,47,17169.640455
131,48,16151.506862
131,49,15822.383501
131,50,15567.943179
131,51,15400.055667
131,53,15337.194673
131,54,15290.506137
131,55,15167.998596
131,56,14976.173360
131,60,14880.496922
131,63,14730.402653
131,65,14657.552538
131,68,14576.359169
131,72,14421.643204
132,46,17364.132234
132,47,17169.640455
132,48,16151.506862
132,49,15822.383501
132,50,15567.943179
132,51,15400.055667
132,53,15337.194673
132,54,15290.506137
132,55,15167.998596
132,56,14976.173360
132,60,14880.496922
132,63,14730.402653
132,65,14657.552538
132,68,14576.359169
132,72,14421.643204
133,46,17364.132234
133,47,17169.640455
133,48,16151.506862
133,49,15822.383501
133,50,15567.943179
133,51,15356.892967
133,53,15313.497443
133,54,15130.449810
133,56,14961.495813
133,60,14880.496922
133,63,14730.402653
133,65,14655.396287
133,68,14576.359169
133,72,14421.643204
134,46,17364.132234
134,47,17169.640455
134,48,16151.506862
134,49,15822.383501
134,50,15567.943179
134,51,15356.892967
134,53,15313.497443
134,54,15130.449810
134,56,14961.495813
134,58,14908.940347
134,60,14880.496922
134,63,14730.402653
134,65,14655.396287
134,68,14576.359169
134,72,14421.643204
134,73,14412.850491
135,46,17364.132234
135,47,17169.640455
135,48,16151.506862
135,49,15822.383501
135,50,15567.943179
135,51,15356.892967
135,53,15313.497443
135,54,15130.449810
135,56,14961.495813
135,58,14908.940347
135,60,14880.496922
135,63,14703.259863
135,65,14627.479606
135,68,14568.997449
135,72,14382.040055
136,46,17364.132234
136,47,16969.222890
136,48,16151.506862
136,49,15822.383501
136,50,15567.943179
136,51,15356.892967
136,53,15313.497443
136,54,15130.449810
136,56,14961.495813
136,58,14908.940347
136,60,14880.496922
136,63,14703.259863
136,65,14627.479606
136,68,14568.997449
136,72,14382.040055
137,46,17206.210325
137,47,16969.222890
137,48,16123.333861
137,49,15822.383501
137,50,15567.943179
137,51,15356.892967
137,53,15313.497443
137,54,15130.449810
137,56,14961.495813
137,58,14908.940347
137,60,14880.496922
137,63,14703.259863
137,65,14611.538198
137,68,14567.666586
137,70,14520.157814
137,71,14334.783861
138,46,17206.210325
138,47,16969.222890
138,48,16123.333861
138,49,15822.383501
138,50,15567.943179
138,51,15356.892967
138,53,15313.497443
138,54,15130.449810
138,56,14961.495813
138,58,14908.940347
138,60,14857.380779
138,63,14703.259863
138,65,14611.538198
138,68,14567.666586
138,70,14520.157814
138,71,14334.783861
139,46,17206.210325
139,47,16532.141631
139,48,16038.573394
139,49,15822.383501
139,50,15567.943179
139,51,15356.892967
139,53,15313.497443
139,54,15112.030647
139,56,14961.495813
139,57,14876.930313
139,60,14838.874434
139,63,14703.259863
139,65,14609.059656
139,68,14567.666586
139,70,14520.157814
139,71,14319.940716
140,46,17206.210325
140,47,16458.464254
140,48,15925.049414
140,49,15822.383501
140,50,15567.943179
140,51,15356.892967
140,53,15313.497443
140,54,15112.030647
140,56,14961.495813
140,57,14876.930313
140,60,14838.874434
140,63,14703.259863
140,65,14609.059656
140,68,14567.666586
140,70,14520.157814
140,71,14319.940716
141,45,16740.856486
141,46,16366.532343
141,48,15925.049414
141,49,15822.383501
141,50,15567.943179
141,51,15356.892967
141,53,15077.637614
141,56,14927.682636
141,57,14863.318492
141,60,14831.179652
141,63,14667.061552
141,65,14607.708097
141,68,14490.365660
141,71,14319.940716
142,45,16740.856486
142,46,16366.532343
142,47,16353.835957
142,48,15925.049414
142,49,15822.383501
142,50,15567.943179
142,51,15356.892967
142,53,15077.637614
142,56,14927.682636
142,57,14863.318492
142,58,14829.124836
142,63,14667.061552
142,65,14516.857805
142,68,14490.365660
142,71,14319.940716
143,45,16740.856486
143,46,16366.532343
143,47,15956.557470
143,48,15925.049414
143,49,15822.383501
143,50,15567.943179
143,51,15347.865477
143,53,15077.637614
143,56,14927.682636
143,57,14863.318492
143,58,14782.550680
143,63,14667.061552
143,65,14486.858767
143,71,14319.940716
144,45,16740.856486
144,46,16366.532343
144,47,15956.557470
144,48,15925.049414
144,49,15822.383501
144,50,15567.943179
144,51,15347.865477
144,53,15077.637614
144,56,14927.682636
144,57,14863.318492
144,58,14782.550680
144,63,14667.061552
144,65,14486.858767
144,68,14438.820967
144,71,14319.940716
145,45,16740.856486
145,46,16366.532343
145,47,15956.557470
145,48,15925.049414
145,49,15822.383501
145,50,15567.943179
145,51,15322.864180
145,52,15066.754992
145,56,14927.682636
145,57,14863.318492
145,58,14782.550680
145,63,14617.679025
145,65,14486.858767
145,68,14411.917661
145,71,14319.940716
146,44,17364.695464
146,45,16740.856486
146,46,16366.532343
146,47,15952.034970
146,48,15925.049414
146,49,15822.383501
146,50,15567.943179
146,51,15322.864180
146,52,15066.754992
146,56,14927.682636
146,57,14863.318492
146,58,14782.550680
146,63,14617.679025
146,65,14486.858767
146,68,14411.917661
146,71,14319.940716
147,44,17364.695464
147,45,16740.856486
147,46,16366.532343
147,47,15913.131545
147,49,15822.383501
147,50,15292.709717
147,52,15066.754992
147,56,14918.840566
147,57,14863.318492
147,58,14759.809549
147,63,14611.698744
147,65,14486.858767
147,67,14388.165732
147,71,14319.940716
148,44,17364.695464
148,45,16616.599304
148,46,16366.532343
148,47,15913.131545
148,48,15844.011316
148,49,15822.383501
148,50,15292.709717
148,51,15164.604735
148,52,15066.754992
148,56,14918.840566
148,57,14863.318492
148,58,14759.809549
148,62,14757.017205
148,63,14611.698744
148,65,14486.858767
148,67,14388.165732
148,71,14319.940716
149,44,17091.416525
149,45,16616.599304
149,46,16099.734485
149,47,15913.131545
149,48,15844.011316
149,49,15822.383501
149,50,15292.709717
149,51,15124.043499
149,52,15018.057276
149,56,14918.840566
149,57,14848.883190
149,58,14690.270618
149,62,14586.745859
149,65,14478.678286
149,67,14379.045135
149,71,14319.940716
150,44,17091.416525
150,45,16471.813485
150,46,16099.734485
150,47,15868.454187
150,48,15844.011316
150,49,15822.383501
150,50,15292.709717
150,51,15124.043499
150,52,15018.057276
150,56,14918.840566
150,57,14848.883190
150,58,14690.270618
150,62,14586.745859
150,65,14478.678286
150,67,14379.045135
150,71,14319.940716
151,44,17091.416525
151,45,16471.813485
151,46,16099.734485
151,47,15868.454187
151,48,15844.011316
151,49,15801.795005
151,50,15289.316460
151,51,15124.043499
151,52,14974.270159
151,56,14905.040818
151,57,14806.967394
151,58,14690.270618
151,62,14586.745859
151,65,14478.678286
151,67,14373.022380
151,71,14304.046346
152,44,17091.416525
152,45,16450.658145
152,46,16099.734485
152,47,15868.454187
152,48,15844.011316
152,49,15801.795005
152,50,15289.316460
152,51,15124.043499
152,52,14974.270159
152,56,14905.040818
152,57,14806.967394
152,58,14690.270618
152,62,14586.745859
152,65,14478.678286
152,67,14373.022380
152,71,14304.046346
153,44,17091.416525
153,45,16450.658145
153,46,16099.734485
153,47,15868.454187
153,48,15844.011316
153,49,15801.795005
153,50,15267.679780
153,51,15124.043499
153,52,14974.270159
153,56,14785.594104
153,58,14690.270618
153,62,14586.745859
153,64,14412.780710
153,67,14373.022380
153,70,14281.492983
154,44,17091.416525
154,45,16450.658145
154,46,16099.734485
154,47,15868.454187
154,48,15844.011316
154,49,15801.795005
154,50,15267.679780
154,51,15124.043499
154,52,14974.270159
154,56,14785.594104
154,58,14690.270618
154,60,14682.233929
154,62,14586.745859
154,64,14412.780710
154,67,14373.022380
154,70,14281.492983
155,44,17091.416525
155,45,16450.658145
155,46,16099.734485
155,47,15868.454187
155,48,15844.011316
155,49,15801.795005
155,50,15267.679780
155,51,15124.043499
155,52,14943.394329
155,53,14897.809922
155,56,14784.794021
155,58,14690.270618
155,60,14682.233929
155,62,14586.745859
155,63,14495.215096
155,64,14412.780710
155,67,14373.022380
155,70,14254.254523
156,44,17091.416525
156,45,16450.658145
156,46,16099.734485
156,47,15868.454187
156,48,15838.598587
156,49,15801.795005
156,50,15267.679780
156,51,15124.043499
156,52,14943.394329
156,53,14897.809922
156,56,14784.794021
156,58,14690.270618
156,60,14682.233929
156,62,14586.745859
156,63,14495.215096
156,64,14412.780710
156,67,14373.022380
156,70,14254.254523
157,44,17091.416525
157,45,16450.658145
157,46,16099.734485
157,47,15868.454187
157,48,15838.598587
157,49,15801.795005
157,50,15267.679780
157,51,15124.043499
157,52,14943.394329
157,53,14891.967348
157,56,14766.546033
157,58,14690.270618
157,60,14682.233929
157,62,14586.745859
157,63,14495.215096
157,64,14412.780710
157,67,14373.022380
157,70,14254.254523
158,44,17091.416525
158,45,16450.658145
158,46,15877.607352
158,47,15868.454187
158,48,15838.598587
158,49,15774.109255
158,50,15267.679780
158,51,15124.043499
158,52,14943.394329
158,53,14891.967348
158,55,14853.239339
158,56,14766.546033
158,58,14690.270618
158,60,14682.233929
158,62,14586.745859
158,63,14495.215096
158,64,14412.780710
158,67,14373.022380
158,70,14254.254523
159,44,17091.416525
159,45,16450.658145
159,46,15877.607352
159,47,15868.454187
159,48,15838.598587
159,49,15774.109255
159,50,15267.679780
159,51,15124.043499
159,52,14943.394329
159,53,14891.967348
159,54,14882.288490
159,55,14792.233725
159,56,14766.546033
159,58,14690.270618
159,60,14663.795090
159,62,14466.599678
159,64,14412.780710
159,67,14373.022380
159,70,14254.254523
160,44,17091.416525
160,45,16450.658145
160,46,15877.607352
160,47,15868.454187
160,48,15838.598587
160,49,15774.109255
160,50,15267.679780
160,51,15124.043499
160,52,14943.394329
160,53,14891.967348
160,54,14882.288490
160,55,14792.233725
160,56,14766.546033
160,58,14690.270618
160,60,14663.795090
160,62,14466.599678
160,64,14412.780710
160,67,14373.022380
160,70,14254.254523
161,44,17091.416525
161,45,16450.658145
161,46,15877.607352
161,47,15868.454187
161,48,15838.598587
161,49,15774.109255
161,50,15267.679780
161,51,15124.043499
161,52,14916.192273
161,53,14891.967348
161,54,14770.027735
161,55,14701.446343
161,58,14690.270618
161,59,14611.889198
161,61,14439.898303
161,64,14407.372548
161,66,14333.675328
161,70,14254.254523
162,44,17091.416525
162,45,16450.658145
162,46,15877.607352
162,47,15868.454187
162,48,15755.908034
162,50,15267.679780
162,51,15124.043499
162,52,14916.192273
162,53,14891.967348
162,54,14770.027735
162,55,14701.446343
162,58,14690.270618
162,59,14611.889198
162,61,14439.898303
162,64,14407.372548
162,66,14333.675328
162,70,14254.254523
163,44,17091.416525
163,45,16450.658145
163,46,15877.607352
163,47,15868.454187
163,48,15755.908034
163,50,15003.603546
163,52,14896.562354
163,53,14891.967348
163,54,14769.306742
163,55,14691.179250
163,58,14690.270618
163,59,14597.196062
163,60,14432.981199
163,64,14407.372548
163,66,14333.675328
163,70,14241.456524
164,44,16753.269175
164,45,16450.658145
164,46,15877.607352
164,47,15868.454187
164,48,15755.908034
164,50,15003.603546
164,52,14896.562354
164,53,14891.967348
164,54,14769.306742
164,55,14691.179250
164,58,14690.270618
164,59,14597.196062
164,60,14432.981199
164,64,14407.372548
164,66,14333.675328
164,70,14241.456524
165,43,17233.470861
165,44,16753.269175
165,45,16450.658145
165,46,15877.607352
165,47,15804.989467
165,48,15725.347738
165,50,15003.603546
165,52,14896.562354
165,53,14818.072579
165,54,14739.987441
165,55,14691.179250
165,58,14690.270618
165,59,14597.196062
165,60,14432.044292
165,64,14407.372548
165,66,14322.278337
165,70,14238.883367
166,43,17233.470861
166,44,16753.269175
166,45,16450.658145
166,46,15877.607352
166,47,15804.989467
166,48,15725.347738
166,50,15003.603546
166,52,14896.562354
166,53,14818.072579
166,54,14739.987441
166,55,14691.179250
166,58,14690.270618
166,59,14597.196062
166,60,14432.044292
166,64,14407.372548
166,66,14322.278337
166,70,14238.883367
167,43,17233.470861
167,44,16737.429474
167,45,16295.320554
167,46,15877.607352
167,47,15804.989467
167,48,15725.347738
167,50,15003.603546
167,52,14896.562354
167,53,14818.072579
167,54,14731.574546
167,55,14688.637396
167,57,14683.813617
167,59,14591.067424
167,60,14425.192328
167,64,14407.372548
167,65,14313.386625
167,70,14238.883367
168,43,17233.470861
168,44,16655.746753
168,45,16285.971635
168,46,15877.607352
168,47,15804.989467
168,48,15725.347738
168,50,15003.603546
168,52,14896.562354
168,53,14818.072579
168,54,14731.574546
168,55,14688.637396
168,57,14683.813617
168,58,14533.058928
168,60,14425.192328
168,64,14407.372548
168,65,14313.386625
168,68,14275.830126
168,70,14238.883367
169,43,17233.470861
169,44,16547.350038
169,45,15870.023877
169,47,15804.989467
169,48,15725.347738
169,50,15003.603546
169,52,14896.562354
169,53,14758.365559
169,54,14713.326557
169,55,14678.493803
169,58,14533.058928
169,60,14425.192328
169,64,14404.912283
169,65,14313.386625
169,67,14263.551558
169,70,14217.005781
170,42,17398.905453
170,43,17233.470861
170,44,16547.350038
170,45,15870.023877
170,47,15804.989467
170,48,15656.180230
170,50,15003.603546
170,52,14896.562354
170,53,14758.365559
170,54,14713.326557
170,55,14678.493803
170,58,14533.058928
170,60,14425.192328
170,64,14404.912283
170,65,14313.386625
170,67,14263.551558
170,70,14217.005781
171,42,17398.905453
171,43,17233.470861
171,44,16547.350038
171,45,15870.023877
171,47,15804.989467
171,48,15656.180230
171,50,15003.603546
171,51,14992.694983
171,52,14896.562354
171,53,14754.158893
171,54,14695.238958
171,55,14659.651792
171,58,14533.058928
171,60,14411.516530
171,64,14330.681295
171,65,14296.927696
171,67,14263.551558
171,70,14217.005781
172,42,17398.905453
172,43,17233.470861
172,44,16280.751954
172,45,15812.631795
172,47,15804.989467
172,48,15656.180230
172,50,15003.603546
172,51,14992.694983
172,52,14896.562354
172,53,14754.158893
172,54,14695.238958
172,55,14659.651792
172,58,14533.058928
172,60,14411.516530
172,64,14330.681295
172,65,14296.927696
172,67,14263.551558
172,70,14217.005781
173,42,17398.905453
173,43,17233.470861
173,44,16280.751954
173,45,15812.631795
173,46,15784.525732
173,48,15656.180230
173,50,15003.603546
173,51,14992.694983
173,52,14896.562354
173,53,14724.044868
173,54,14691.574575
173,55,14659.651792
173,58,14533.058928
173,59,14453.740437
173,60,14411.516530
173,64,14330.681295
173,65,14288.047285
173,67,14263.551558
173,70,14217.005781
174,42,17398.905453
174,43,17233.470861
174,44,16280.751954
174,45,15812.631795
174,46,15784.525732
174,48,15656.180230
174,49,15595.043178
174,50,15003.603546
174,51,14992.694983
174,52,14896.562354
174,53,14724.044868
174,54,14691.574575
174,55,14659.651792
174,58,14533.058928
174,59,14453.740437
174,60,14411.516530
174,64,14330.681295
174,65,14288.047285
174,67,14263.551558
174,70,14217.005781
175,42,17398.905453
175,43,17233.470861
175,44,16023.651790
175,45,15812.631795
175,46,15784.525732
175,47,15765.366818
175,48,15656.180230
175,49,15595.043178
175,50,15003.603546
175,51,14992.694983
175,52,14896.562354
175,53,14724.044868
175,54,14691.574575
175,55,14657.258129
175,58,14533.058928
175,59,14453.740437
175,60,14405.553545
175,64,14298.121320
175,65,14264.469128
175,67,14258.923819
175,70,14208.152043
176,42,17398.905453
176,43,17233.470861
176,44,15959.480229
176,45,15812.631795
176,46,15784.525732
176,47,15759.780532
176,48,15656.180230
176,49,15582.561943
176,50,15003.603546
176,51,14963.272189
176,52,14896.562354
176,53,14724.044868
176,54,14691.574575
176,55,14657.258129
176,58,14533.058928
176,59,14453.740437
176,60,14405.553545
176,64,14298.121320
176,65,14264.469128
176,67,14258.923819
176,70,14208.152043
177,42,17398.905453
177,43,17233.470861
177,44,15900.048998
177,45,15812.631795
177,46,15736.482586
177,48,15656.180230
177,49,15582.561943
177,50,15003.603546
177,51,14949.071532
177,52,14896.562354
177,53,14724.044868
177,54,14691.574575
177,55,14657.258129
177,58,14486.427331
177,59,14434.872521
177,60,14400.087070
177,63,14236.322456
177,70,14201.896655
178,42,17398.905453
178,43,17233.470861
178,44,15900.048998
178,45,15812.631795
178,46,15689.110952
178,48,15656.180230
178,49,15582.561943
178,50,15003.603546
178,51,14949.071532
178,52,14896.562354
178,53,14724.044868
178,54,14691.574575
178,55,14657.258129
178,58,14486.427331
178,59,14434.872521
178,60,14400.087070
178,63,14236.322456
178,70,14201.896655
179,42,17398.905453
179,43,17233.470861
179,44,15900.048998
179,45,15812.631795
179,46,15689.110952
179,48,15656.180230
179,49,15582.561943
179,50,14945.915370
179,52,14896.562354
179,53,14713.301556
179,54,14691.574575
179,55,14638.860919
179,58,14485.627248
179,59,14425.629023
179,60,14385.186730
179,62,14200.518817
180,42,17398.905453
180,43,17233.470861
180,44,15900.048998
180,45,15812.631795
180,46,15689.110952
180,48,15656.180230
180,49,15582.561943
180,50,14945.915370
180,52,14778.049954
180,53,14713.301556
180,54,14691.574575
180,55,14638.860919
180,58,14461.518053
180,59,14425.629023
180,60,14385.186730
180,62,14200.518817
181,42,17398.905453
181,43,17233.470861
181,44,15873.408524
181,45,15812.631795
181,46,15689.110952
181,48,15615.718318
181,49,15070.034176
181,50,14931.721728
181,52,14778.049954
181,53,14712.213576
181,54,14683.843550
181,55,14638.860919
181,58,14416.969512
181,60,14385.186730
181,62,14200.518817
182,42,17398.905453
182,43,16644.487207
182,44,15824.035997
182,45,15812.631795
182,46,15689.110952
182,48,15615.718318
182,49,15070.034176
182,50,14838.076405
182,52,14778.049954
182,53,14712.213576
182,54,14683.843550
182,55,14638.860919
182,58,14416.969512
182,60,14385.186730
182,62,14200.518817
183,42,17398.905453
183,43,16644.487207
183,44,15824.035997
183,45,15770.943319
183,46,15689.110952
183,48,15598.146744
183,49,14964.143152
183,50,14838.076405
183,52,14778.049954
183,53,14712.213576
183,54,14665.829683
183,55,14586.585381
183,58,14412.476503
183,60,14385.186730
183,62,14200.518817
184,42,17398.905453
184,43,16411.235599
184,44,15824.035997
184,45,15770.943319
184,46,15689.110952
184,48,15598.146744
184,49,14964.143152
184,50,14838.076405
184,52,14778.049954
184,53,14712.213576
184,54,14665.829683
184,55,14586.585381
184,58,14412.476503
184,60,14385.186730
184,62,14200.518817
185,42,17398.905453
185,43,16148.245048
185,44,15824.035997
185,45,15770.943319
185,46,15689.110952
185,48,15598.146744
185,49,14908.543415
185,50,14827.352803
185,52,14778.049954
185,53,14712.213576
185,54,14632.725183
185,55,14586.585381
185,57,14374.017840
185,62,14150.710037
186,42,17398.905453
186,43,16010.015885
186,44,15824.035997
186,45,15770.943319
186,46,15689.110952
186,48,15598.146744
186,49,14908.543415
186,50,14827.352803
186,52,14778.049954
186,53,14712.213576
186,54,14632.725183
186,55,14586.585381
186,56,14559.783418
186,57,14374.017840
186,62,14150.710037
187,42,17398.905453
187,43,16010.015885
187,44,15824.035997
187,45,15770.943319
187,46,15689.110952
187,47,15615.552057
187,48,15585.500460
187,49,14908.543415
187,50,14827.352803
187,52,14778.049954
187,53,14697.714994
187,54,14623.873805
187,55,14577.765062
187,56,14550.241762
187,57,14370.048071
187,62,14117.874008
188,42,17398.905453
188,43,16010.015885
188,44,15824.035997
188,45,15770.943319
188,46,15689.110952
188,47,15615.552057
188,48,15585.500460
188,49,14908.543415
188,50,14827.352803
188,52,14778.049954
188,53,14697.714994
188,54,14623.873805
188,55,14577.765062
188,56,14550.241762
188,57,14370.048071
188,62,14117.874008
189,42,17398.905453
189,43,16010.015885
189,44,15824.035997
189,45,15770.943319
189,46,15689.110952
189,47,15615.552057
189,48,15576.149455
189,49,14856.191974
189,50,14779.955900
189,51,14737.266242
189,53,14697.714994
189,54,14623.873805
189,55,14577.765062
189,56,14550.241762
189,57,14370.048071
189,62,14117.874008
190,42,17398.905453
190,43,16010.015885
190,44,15824.035997
190,45,15770.943319
190,46,15689.110952
190,47,15615.552057
190,48,15576.149455
190,49,14856.191974
190,50,14779.955900
190,51,14737.266242
190,53,14697.714994
190,54,14623.873805
190,55,14577.765062
190,56,14550.241762
190,57,14370.048071
190,62,14117.874008
190,67,14097.015180
191,42,17257.880902
191,43,16010.015885
191,44,15824.035997
191,45,15770.943319
191,46,15689.110952
191,47,15615.552057
191,48,15576.149455
191,49,14856.191974
191,50,14779.955900
191,51,14702.581553
191,53,14685.979286
191,54,14623.873805
191,55,14577.765062
191,56,14363.405115
191,62,14085.693262
192,42,17257.880902
192,43,16010.015885
192,44,15824.035997
192,45,15770.943319
192,46,15689.110952
192,47,15615.552057
192,48,15576.149455
192,49,14856.191974
192,50,14779.955900
192,51,14702.581553
192,53,14685.979286
192,54,14623.873805
192,55,14516.444513
192,56,14363.405115
192,62,14085.693262
193,42,16933.733715
193,43,16010.015885
193,44,15824.035997
193,45,15770.943319
193,46,15475.339205
193,49,14790.820900
193,50,14709.231443
193,51,14698.272336
193,53,14680.258375
193,54,14615.210485
193,55,14511.452242
193,56,14363.405115
193,62,14071.728334
194,42,16933.733715
194,43,16010.015885
194,44,15824.035997
194,45,15770.943319
194,46,15475.339205
194,49,14790.820900
194,50,14709.231443
194,51,14698.272336
194,53,14680.258375
194,54,14615.210485
194,55,14511.452242
194,56,14363.405115
194,62,14071.728334
195,42,16933.733715
195,43,16010.015885
195,44,15824.035997
195,45,15770.943319
195,46,15394.905198
195,49,14779.051165
195,50,14689.431751
195,51,14647.487741
195,52,14622.705311
195,54,14595.897570
195,55,14505.976059
195,56,14363.405115
195,62,14071.728334
195,69,14060.462229
196,42,16459.660033
196,43,16010.015885
196,44,15824.035997
196,45,15770.943319
196,46,15394.905198
196,49,14779.051165
196,50,14689.431751
196,51,14647.487741
196,52,14622.705311
196,54,14595.897570
196,55,14505.976059
196,56,14363.405115
196,62,14071.728334
196,69,14060.462229
197,42,16459.660033
197,43,16010.015885
197,44,15824.035997
197,45,15770.943319
197,46,15392.585751
197,49,14779.051165
197,50,14677.330012
197,51,14647.487741
197,52,14611.859813
197,54,14592.195144
197,55,14505.976059
197,56,14363.405115
197,62,14046.716628
198,42,16459.660033
198,43,15850.740063
198,44,15824.035997
198,45,15770.943319
198,46,15392.585751
198,49,14779.051165
198,50,14677.330012
198,51,14647.487741
198,52,14611.859813
198,54,14592.195144
198,55,14505.976059
198,56,14363.405115
198,62,14046.716628
198,64,14038.227060
199,42,16459.660033
199,43,15850.740063
199,44,15824.035997
199,45,15770.943319
199,46,15384.694737
199,49,14767.062117
199,50,14668.123426
199,51,14639.698777
199,52,14611.859813
199,54,14592.195144
199,55,14505.976059
199,56,14358.528450
199,62,14043.000017
199,64,14038.227060
200,42,16459.660033
200,43,15850.740063
200,44,15824.035997
200,45,15770.943319
200,46,15384.694737
200,49,14767.062117
200,50,14668.123426
200,51,14639.698777
200,52,14611.859813
200,54,14592.195144
200,55,14505.976059
200,56,14358.528450
200,62,14043.000017
200,64,14038.227060
201,42,16454.988242
201,43,15850.740063
201,44,15824.035997
201,45,15700.219055
201,46,15361.123089
201,49,14767.062117
201,50,14639.585938
201,52,14611.859813
201,54,14589.181710
201,55,14495.783827
201,56,14358.528450
201,62,14042.800053
201,64,14038.227060
202,42,16454.988242
202,43,15850.740063
202,44,15824.035997
202,45,15700.219055
202,46,15361.123089
202,49,14767.062117
202,50,14639.585938
202,52,14611.859813
202,54,14589.181710
202,55,14495.783827
202,56,14358.528450
202,62,14042.800053
202,64,14038.227060
203,42,16454.988242
203,43,15850.740063
203,44,15824.035997
203,45,15677.427793
203,46,15335.349574
203,49,14767.062117
203,50,14588.104904
203,54,14573.514535
203,55,14491.052203
203,56,14354.174120
203,62,14036.493258
204,42,16454.988242
204,43,15744.243511
204,45,15677.427793
204,46,15335.349574
204,49,14767.062117
204,50,14588.104904
204,54,14573.514535
204,55,14447.001260
204,56,14354.174120
204,62,14036.493258
205,42,16454.988242
205,43,15741.635333
205,45,15543.191596
205,46,15268.306625
205,49,14752.326639
205,50,14572.035461
205,54,14569.902860
205,55,14438.839008
205,56,14354.174120
205,62,14036.493258
206,42,16454.988242
206,43,15741.635333
206,45,15543.191596
206,46,15268.306625
206,49,14752.326639
206,50,14572.035461
206,54,14569.902860
206,55,14438.839008
206,56,14354.174120
206,62,14036.493258
207,42,15836.576979
207,43,15735.420359
207,45,15516.189962
207,46,15256.332831
207,49,14752.326639
207,50,14572.035461
207,54,14569.902860
207,55,14416.619280
207,56,14340.988240
207,62,14035.654741
208,42,15836.576979
208,43,15735.420359
208,45,15516.189962
208,46,15256.332831
208,49,14752.326639
208,50,14572.035461
208,54,14569.902860
208,55,14416.619280
208,56,14340.988240
208,62,14035.654741
208,66,14030.152770
209,42,15836.576979
209,43,15725.078271
209,45,15494.529554
209,46,15256.332831
209,49,14752.326639
209,50,14572.035461
209,52,14538.072736
209,55,14394.227541
209,56,14329.237717
209,62,14025.563828
209,66,14013.953583
210,42,15836.576979
210,43,15725.078271
210,45,15494.529554
210,46,15256.332831
210,49,14752.326639
210,50,14572.035461
210,52,14538.072736
210,55,14394.227541
210,56,14329.237717
210,62,14025.563828
210,66,14013.953583
211,42,15836.576979
211,43,15725.078271
211,45,15446.255139
211,46,15237.664135
211,49,14716.068733
211,50,14561.011952
211,52,14523.979765
211,55,14369.338368
211,56,14329.237717
211,62,14025.390982
211,66,14007.370335
212,42,15836.576979
212,43,15725.078271
212,45,15446.255139
212,46,15237.664135
212,49,14716.068733
212,50,14561.011952
212,52,14523.979765
212,55,14369.338368
212,56,14329.237717
212,62,14025.390982
212,66,14007.370335
213,42,15801.898477
213,43,15725.078271
213,45,15434.264621
213,46,15237.664135
213,49,14716.068733
213,50,14538.923982
213,52,14477.190332
213,55,14369.338368
213,56,14329.237717
213,62,14017.686179
213,66,14007.370335
214,42,15801.898477
214,43,15725.078271
214,45,15434.264621
214,46,15237.664135
214,49,14716.068733
214,50,14538.923982
214,52,14477.190332
214,55,14369.338368
214,56,14329.237717
214,62,14017.686179
214,66,14007.370335
215,42,15801.898477
215,43,15705.204882
215,45,15434.264621
215,46,15237.664135
215,49,14707.854525
215,50,14538.923982
215,52,14477.190332
215,55,14369.338368
215,56,14305.883778
215,62,14017.686179
215,66,13998.850026
216,41,16327.746053
216,42,15801.898477
216,43,15705.204882
216,45,15434.264621
216,46,15237.664135
216,49,14707.854525
216,50,14538.923982
216,52,14477.190332
216,54,14426.517442
216,55,14369.338368
216,56,14305.883778
216,62,14017.686179
216,66,13998.850026
217,41,16327.746053
217,42,15801.898477
217,43,15658.866002
217,45,15434.264621
217,46,15210.390164
217,49,14707.854525
217,50,14538.923982
217,52,14457.138247
217,54,14420.971843
217,55,14369.338368
217,56,14305.883778
217,60,14244.398377
217,62,14017.686179
217,66,13998.850026
218,41,16327.746053
218,42,15783.839568
218,43,15658.866002
218,45,15434.264621
218,46,15210.390164
218,49,14707.854525
218,50,14538.923982
218,52,14457.138247
218,54,14420.971843
218,55,14369.338368
218,56,14305.883778
218,60,14244.398377
218,62,14017.686179
218,66,13998.850026
219,41,16327.746053
219,42,15783.839568
219,43,15658.866002
219,45,15434.264621
219,46,15203.595651
219,49,14707.854525
219,50,14538.923982
219,52,14450.593024
219,54,14420.971843
219,55,14367.329600
219,56,14267.586908
219,60,14244.398377
219,62,14017.686179
219,66,13998.850026
220,41,16327.746053
220,42,15783.839568
220,43,15658.866002
220,45,15319.797227
220,46,15203.595651
220,48,15069.441914
220,49,14707.854525
220,50,14524.423287
220,52,14450.593024
220,54,14420.971843
220,55,14367.329600
220,56,14267.586908
220,60,14244.398377
220,62,14017.686179
220,66,13998.850026
221,41,16327.746053
221,42,15783.839568
221,43,15658.866002
221,45,15319.797227
221,46,15203.595651
221,48,15068.892393
221,49,14706.302642
221,50,14524.423287
221,52,14449.165046
221,54,14420.971843
221,55,14367.329600
221,56,14267.586908
221,60,14244.398377
221,61,13990.704225
222,41,15909.899539
222,42,15783.839568
222,43,15658.866002
222,45,15319.797227
222,46,15203.595651
222,48,15068.892393
222,49,14706.302642
222,50,14524.423287
222,52,14449.165046
222,54,14420.971843
222,55,14367.329600
222,56,14267.586908
222,60,14244.398377
222,61,13990.704225
223,41,15909.899539
223,42,15783.839568
223,43,15658.866002
223,45,15319.797227
223,46,15203.595651
223,48,14915.755507
223,49,14706.302642
223,50,14524.423287
223,51,14447.724407
223,52,14431.701597
223,54,14420.971843
223,55,14256.131577
223,60,14234.034293
223,61,13990.704225
224,41,15909.899539
224,42,15783.839568
224,43,15658.866002
224,45,15319.797227
224,46,15203.595651
224,48,14915.755507
224,49,14706.302642
224,50,14524.423287
224,51,14447.724407
224,52,14431.701597
224,54,14420.971843
224,55,14256.131577
224,60,14234.034293
224,61,13990.704225
224,62,13915.842684
225,41,15909.899539
225,42,15783.839568
225,43,15658.866002
225,45,15319.797227
225,46,15203.595651
225,48,14893.038877
225,49,14706.302642
225,50,14487.605003
225,51,14447.724407
225,52,14388.799164
225,55,14237.619350
225,60,14221.764572
225,61,13990.704225
225,62,13915.842684
226,41,15909.899539
226,42,15783.839568
226,43,15658.866002
226,45,15319.797227
226,46,15203.595651
226,48,14893.038877
226,49,14706.302642
226,50,14487.605003
226,51,14447.724407
226,52,14388.799164
226,55,14237.619350
226,58,14104.919419
226,61,13990.704225
226,62,13915.842684
227,41,15909.899539
227,42,15783.839568
227,43,15625.885261
227,45,15319.797227
227,46,15203.595651
227,48,14893.038877
227,49,14706.302642
227,50,14487.605003
227,51,14446.346008
227,52,14388.799164
227,55,14205.096175
227,58,14063.250496
227,61,13985.278763
227,62,13915.842684
228,41,15909.899539
228,42,15783.839568
228,43,15625.885261
228,45,15319.797227
228,46,15203.595651
228,48,14893.038877
228,49,14706.302642
228,50,14487.605003
228,51,14446.346008
228,52,14388.799164
228,55,14205.096175
228,58,14063.250496
228,61,13985.278763
228,62,13915.842684
229,41,15909.899539
229,42,15783.839568
229,43,15625.885261
229,45,15319.797227
229,46,15203.595651
229,48,14789.928320
229,49,14706.302642
229,50,14471.742534
229,51,14442.771068
229,52,14340.686726
229,55,14205.096175
229,58,14063.250496
229,61,13976.831948
229,62,13915.842684
230,41,15909.899539
230,42,15783.839568
230,43,15625.885261
230,45,15319.797227
230,46,15203.595651
230,47,15018.189687
230,48,14789.928320
230,49,14706.302642
230,50,14471.742534
230,51,14442.771068
230,52,14340.686726
230,55,14205.096175
230,58,14063.250496
230,61,13976.831948
230,62,13915.842684
231,41,15909.899539
231,42,15783.839568
231,43,15625.885261
231,45,15319.797227
231,46,15203.595651
231,47,15018.189687
231,48,14789.928320
231,49,14687.250757
231,50,14471.742534
231,51,14442.771068
231,52,14320.621107
231,55,14200.627356
231,58,14063.250496
231,61,13976.831948
231,62,13915.842684
232,41,15909.899539
232,42,15727.943742
232,43,15625.885261
232,45,15182.035003
232,47,15018.189687
232,48,14789.928320
232,49,14687.250757
232,50,14471.742534
232,51,14442.771068
232,52,14320.621107
232,55,14200.627356
232,58,14063.250496
232,61,13976.831948
232,62,13915.842684
233,41,15909.899539
233,42,15727.943742
233,43,15625.885261
233,44,15561.522807
233,45,15182.035003
233,47,15001.462357
233,48,14776.655873
233,49,14675.996399
233,50,14471.742534
233,51,14432.924853
233,52,14310.622267
233,55,14200.401035
233,58,14063.250496
233,61,13973.684310
233,62,13914.904275
234,41,15909.899539
234,42,15727.943742
234,43,15625.885261
234,44,15378.388878
234,45,15182.035003
234,47,15001.462357
234,48,14776.655873
234,49,14675.996399
234,50,14471.742534
234,51,14432.924853
234,52,14310.622267
234,55,14200.401035
234,58,14063.250496
234,61,13857.367819
235,41,15909.899539
235,42,15727.943742
235,43,15625.885261
235,44,15378.388878
235,45,15155.535117
235,47,14988.642502
235,48,14776.655873
235,49,14675.996399
235,50,14434.937711
235,51,14356.799165
235,52,14283.947021
235,55,14195.448735
235,58,14042.387888
235,61,13857.367819
236,41,15909.899539
236,42,15727.943742
236,43,15625.885261
236,44,15378.388878
236,45,15155.535117
236,47,14988.642502
236,48,14776.655873
236,49,14675.996399
236,50,14434.937711
236,51,14356.799165
236,52,14283.947021
236,55,14195.448735
236,58,14042.387888
236,61,13857.367819
237,41,15909.899539
237,42,15727.943742
237,43,15625.885261
237,44,15378.388878
237,45,15155.535117
237,46,14958.934096
237,48,14704.332745
237,49,14662.260106
237,50,14394.918642
237,51,14346.674895
237,52,14283.947021
237,55,14195.448735
237,58,14042.387888
237,61,13857.198512
238,41,15909.899539
238,42,15727.943742
238,43,15625.885261
238,44,15378.388878
238,45,15155.535117
238,46,14958.934096
238,48,14704.332745
238,49,14662.260106
238,50,14394.918642
238,51,14346.674895
238,52,14283.947021
238,55,14195.448735
238,58,14042.387888
238,61,13857.198512
239,41,15909.899539
239,42,15727.943742
239,43,15625.885261
239,44,15378.388878
239,45,15117.488071
239,46,14917.563648
239,48,14686.549403
239,49,14662.260106
239,50,14383.186184
239,51,14340.327014
239,52,14283.848048
239,55,14195.448735
239,58,14042.387888
239,61,13831.380339
240,41,15909.899539
240,42,15727.943742
240,43,15625.885261
240,44,15378.388878
240,45,15117.488071
240,46,14917.563648
240,47,14860.301199
240,48,14639.198542
240,50,14383.186184
240,51,14340.327014
240,52,14283.848048
240,55,14195.448735
240,58,14042.387888
240,61,13831.380339
241,41,15909.899539
241,42,15727.943742
241,43,15625.885261
241,44,15378.388878
241,45,15117.488071
241,46,14917.563648
241,47,14860.301199
241,48,14588.387424
241,50,14383.186184
241,51,14340.327014
241,52,14283.848048
241,55,14184.835532
241,58,14042.387888
241,61,13831.380339
242,41,15909.899539
242,42,15727.943742
242,43,15625.885261
242,44,15378.388878
242,45,15117.488071
242,46,14917.563648
242,47,14860.301199
242,48,14588.387424
242,50,14383.186184
242,51,14340.327014
242,52,14283.848048
242,55,14184.835532
242,58,14042.387888
242,59,13977.338499
242,61,13831.380339
243,41,15909.899539
243,42,15727.943742
243,43,15625.885261
243,44,15378.388878
243,45,15117.488071
243,46,14917.563648
243,47,14860.301199
243,48,14578.796469
243,50,14340.207835
243,51,14321.795761
243,52,14283.848048
243,55,14184.835532
243,58,14034.133710
243,59,13968.778557
243,60,13814.732226
244,41,15909.899539
244,42,15727.943742
244,43,15625.885261
244,44,15378.388878
244,45,15117.488071
244,46,14917.563648
244,47,14860.301199
244,48,14578.796469
244,50,14340.207835
244,51,14321.795761
244,52,14283.848048
244,55,14184.835532
244,58,14034.133710
244,59,13968.778557
244,60,13814.732226
245,41,15869.576346
245,42,15727.943742
245,43,15625.885261
245,44,15378.388878
245,45,15117.488071
245,46,14917.563648
245,47,14838.030616
245,48,14578.796469
245,50,14269.793159
245,55,14150.818854
245,58,14034.133710
245,59,13968.778557
245,60,13814.732226
246,41,15869.576346
246,42,15727.943742
246,43,15625.885261
246,44,15378.388878
246,45,15011.992652
246,46,14801.641246
246,48,14578.796469
246,50,14269.793159
246,55,14150.818854
246,58,14034.133710
246,59,13968.778557
246,60,13814.732226
247,41,15869.576346
247,42,15727.943742
247,43,15589.161799
247,44,15378.388878
247,45,15007.211311
247,46,14801.641246
247,48,14569.923330
247,50,14269.793159
247,55,14150.818854
247,58,13957.838908
247,60,13810.267986
248,41,15869.576346
248,42,15727.943742
248,43,15589.161799
248,44,15378.388878
248,45,14966.190731
248,46,14801.641246
248,47,14757.881872
248,48,14546.899735
248,50,14269.793159
248,55,14150.818854
248,58,13957.838908
248,60,13810.267986
249,41,15869.576346
249,42,15727.943742
249,43,15550.891964
249,44,15329.977386
249,45,14966.190731
249,46,14801.641246
249,47,14757.881872
249,48,14546.899735
249,50,14267.577144
249,55,14121.131098
249,58,13957.026071
249,60,13810.267986
250,41,15869.576346
250,42,15727.943742
250,43,15550.891964
250,44,15329.977386
250,45,14966.190731
250,46,14801.641246
250,47,14757.881872
250,48,14546.899735
250,50,14267.577144
250,55,14121.131098
250,58,13957.026071
250,60,13810.267986
251,41,15869.576346
251,42,15727.943742
251,43,15538.958862
251,44,15329.977386
251,45,14966.190731
251,46,14801.641246
251,47,14757.881872
251,48,14546.899735
251,50,14267.577144
251,55,14110.395757
251,58,13956.984943
251,60,13810.267986
252,41,15869.576346
252,42,15727.943742
252,43,15386.931115
252,44,15209.455415
252,45,14966.190731
252,46,14801.641246
252,47,14757.881872
252,48,14546.899735
252,50,14267.577144
252,55,14110.395757
252,58,13956.984943
252,60,13810.267986
253,41,15869.576346
253,42,15727.943742
253,43,15386.931115
253,44,15205.674244
253,45,14964.913887
253,46,14796.987587
253,47,14757.710639
253,48,14470.793388
253,50,14267.577144
253,55,14107.653313
253,58,13956.984943
253,60,13810.267986
254,41,15869.576346
254,42,15727.943742
254,43,15386.931115
254,44,15086.389784
254,45,14964.913887
254,46,14796.987587
254,47,14757.710639
254,48,14470.793388
254,50,14267.577144
254,55,14107.653313
254,58,13956.984943
254,60,13810.267986
255,41,15869.576346
255,42,15727.943742
255,43,15382.816827
255,44,15086.389784
255,45,14958.702185
255,46,14759.474596
255,47,14693.427108
255,48,14445.350012
255,50,14267.577144
255,55,14107.653313
255,58,13956.984943
255,60,13810.267986
256,41,15869.576346
256,42,15727.943742
256,43,15382.816827
256,44,15086.389784
256,45,14958.702185
256,46,14759.474596
256,47,14693.427108
256,48,14445.350012
256,50,14267.577144
256,55,14107.653313
256,57,14090.352248
256,58,13956.984943
256,60,13810.267986
257,41,15869.576346
257,42,15727.943742
257,43,15382.816827
257,44,15007.490007
257,45,14958.702185
257,46,14759.474596
257,47,14691.526289
257,48,14418.271897
257,50,14263.991598
257,55,14107.653313
257,57,14090.352248
257,58,13956.984943
257,60,13810.267986
258,41,15869.576346
258,42,15727.943742
258,43,15382.816827
258,44,15007.490007
258,45,14958.702185
258,46,14759.474596
258,47,14691.526289
258,48,14418.271897
258,50,14263.991598
258,55,14107.653313
258,57,14090.352248
258,58,13956.984943
258,60,13810.267986
259,41,15869.576346
259,42,15727.943742
259,43,15382.816827
259,44,15007.490007
259,45,14682.359438
259,47,14646.958623
259,48,14418.271897
259,50,14263.991598
259,51,14217.522681
259,55,14107.653313
259,57,14063.688728
259,58,13951.934887
259,60,13810.267986
260,41,15869.576346
260,42,15727.943742
260,43,15179.598404
260,44,15007.490007
260,45,14682.359438
260,47,14646.958623
260,48,14418.271897
260,50,14263.991598
260,51,14217.522681
260,55,14107.653313
260,56,14097.725802
260,57,14063.688728
260,58,13951.934887
260,60,13810.267986
261,41,15869.576346
261,42,15466.004227
261,43,15179.598404
261,44,15007.490007
261,45,14682.359438
261,47,14646.958623
261,48,14418.271897
261,49,14407.915966
261,50,14263.991598
261,51,14199.124678
261,55,14107.653313
261,56,14082.881175
261,57,14055.393021
261,58,13951.934887
261,60,13810.267986
262,41,15869.576346
262,42,15466.004227
262,43,15179.598404
262,44,15007.490007
262,45,14682.359438
262,47,14646.958623
262,48,14418.271897
262,49,14407.915966
262,50,14263.991598
262,51,14199.124678
262,55,14107.653313
262,56,14082.881175
262,57,14055.393021
262,58,13951.934887
262,60,13810.267986
263,41,15869.576346
263,42,15466.004227
263,43,15179.598404
263,44,15007.490007
263,45,14682.359438
263,47,14626.203708
263,48,14418.271897
263,49,14356.279450
263,50,14235.745489
263,51,14155.667582
263,55,14089.412285
263,56,14082.881175
263,57,14055.393021
263,58,13951.934887
263,60,13810.267986
264,41,15869.576346
264,42,15466.004227
264,43,15179.598404
264,44,15007.490007
264,45,14682.359438
264,47,14626.203708
264,48,14418.271897
264,49,14356.279450
264,50,14235.745489
264,51,14155.667582
264,55,14089.412285
264,56,14082.881175
264,57,14055.393021
264,58,13951.934887
264,60,13810.267986
265,41,15869.576346
265,42,15466.004227
265,43,15179.598404
265,44,15007.490007
265,45,14682.359438
265,47,14580.139137
265,48,14412.446116
265,49,14356.279450
265,50,14234.138235
265,51,14149.008026
265,55,14066.415993
265,57,14055.393021
265,58,13932.537182
265,60,13810.267986
266,41,15869.576346
266,42,15466.004227
266,43,15179.598404
266,44,15007.490007
266,45,14682.359438
266,47,14580.139137
266,48,14412.446116
266,49,14356.279450
266,50,14234.138235
266,51,14149.008026
266,54,14080.922205
266,55,14066.415993
266,57,14055.393021
266,58,13932.537182
266,60,13810.267986
267,41,15869.576346
267,42,15466.004227
267,43,15179.598404
267,44,15007.490007
267,45,14682.359438
267,47,14580.139137
267,48,14412.446116
267,49,14344.222672
267,50,14233.518953
267,51,14148.142130
267,54,14080.922205
267,55,14063.476675
267,57,14046.329600
267,58,13932.537182
267,60,13810.267986
268,41,15869.576346
268,42,15466.004227
268,43,15179.598404
268,44,15007.490007
268,45,14682.359438
268,47,14580.139137
268,48,14412.446116
268,49,14318.912169
268,50,14233.518953
268,51,14148.142130
268,54,14080.922205
268,55,14063.476675
268,57,14046.329600
268,58,13932.537182
268,60,13810.267986
269,41,15869.576346
269,42,15466.004227
269,43,15179.598404
269,44,15007.490007
269,45,14682.359438
269,47,14580.139137
269,48,14412.446116
269,49,14318.912169
269,50,14233.518953
269,51,14148.142130
269,54,14065.940501
269,55,14063.476675
269,57,14025.739557
269,58,13932.537182
269,60,13810.267986
269,63,13736.046927
270,41,15869.576346
270,42,15466.004227
270,43,15179.598404
270,44,15007.490007
270,45,14682.359438
270,47,14580.139137
270,48,14412.446116
270,49,14318.912169
270,50,14233.518953
270,51,14148.142130
270,54,14065.940501
270,55,14063.476675
270,57,14025.739557
270,58,13932.537182
270,60,13810.267986
270,63,13736.046927
271,41,15869.576346
271,42,15466.004227
271,43,15179.598404
271,44,15007.490007
271,45,14682.359438
271,47,14580.139137
271,48,14371.221793
271,49,14289.078832
271,50,14233.518953
271,51,14148.142130
271,54,14065.940501
271,55,14061.042752
271,56,13973.320595
271,58,13931.606707
271,60,13810.267986
271,63,13736.046927
272,41,15869.576346
272,42,15466.004227
272,43,15179.598404
272,44,15007.490007
272,45,14682.359438
272,47,14580.139137
272,48,14371.221793
272,49,14289.078832
272,50,14233.518953
272,51,14148.142130
272,54,14065.940501
272,55,14061.042752
272,56,13973.320595
272,58,13931.606707
272,60,13810.267986
272,63,13736.046927
273,41,15869.576346
273,42,15466.004227
273,43,15179.598404
273,44,15007.490007
273,45,14682.359438
273,47,14543.551714
273,48,14291.970017
273,49,14287.352883
273,50,14233.518953
273,51,14148.142130
273,54,14030.991135
273,56,13973.320595
273,58,13931.606707
273,60,13810.267986
273,63,13732.417197
274,41,15869.576346
274,42,15466.004227
274,43,15179.598404
274,44,15007.490007
274,45,14669.468170
274,47,14543.551714
274,48,14291.970017
274,49,14287.352883
274,50,14233.518953
274,51,14148.142130
274,53,14103.535047
274,54,14030.991135
274,56,13973.320595
274,58,13931.606707
274,60,13810.267986
274,63,13732.417197
275,41,15869.576346
275,42,15466.004227
275,43,15179.598404
275,44,15007.490007
275,45,14669.468170
275,47,14543.551714
275,48,14291.970017
275,49,14287.352883
275,50,14233.518953
275,51,14148.142130
275,53,14057.722076
275,54,14019.107737
275,55,13941.353283
275,58,13876.880896
275,60,13810.267986
275,62,13808.833224
275,63,13715.000057
276,41,15869.576346
276,42,15466.004227
276,43,15179.598404
276,44,15007.490007
276,45,14669.468170
276,47,14543.551714
276,48,14291.970017
276,49,14287.352883
276,50,14233.518953
276,51,14148.142130
276,53,14057.722076
276,54,14019.107737
276,55,13941.353283
276,58,13876.880896
276,60,13810.267986
276,62,13808.833224
276,63,13715.000057
277,41,15869.576346
277,42,15466.004227
277,43,15116.754400
277,44,15007.490007
277,45,14669.468170
277,47,14543.551714
277,48,14291.970017
277,49,14281.115702
277,50,14195.331721
277,51,14147.522848
277,53,14057.722076
277,54,14011.123019
277,55,13936.428998
277,58,13876.880896
277,60,13810.267986
277,62,13761.881172
277,63,13707.996976
278,41,15869.576346
278,42,15341.409815
278,43,15116.754400
278,44,14984.359040
278,45,14669.468170
278,47,14543.551714
278,48,14291.970017
278,49,14281.115702
278,50,14195.331721
278,51,14147.522848
278,53,14057.722076
278,54,14011.123019
278,55,13936.428998
278,58,13876.880896
278,60,13810.267986
278,62,13761.881172
278,63,13707.996976
279,41,15869.576346
279,42,15341.409815
279,43,15116.754400
279,44,14984.359040
279,45,14669.468170
279,46,14493.347934
279,48,14291.970017
279,49,14281.115702
279,50,14179.383144
279,51,14147.522848
279,53,14057.722076
279,54,13999.671831
279,55,13936.428998
279,58,13874.236768
279,60,13810.267986
279,62,13758.048646
279,63,13707.996976
280,41,15869.576346
280,42,15341.409815
280,43,15116.754400
280,44,14984.359040
280,45,14426.195455
280,47,14331.793799
280,48,14274.516333
280,50,14179.383144
280,51,14147.522848
280,53,14057.722076
280,54,13999.671831
280,55,13936.428998
280,58,13874.236768
280,60,13810.267986
280,62,13758.048646
280,63,13707.996976
281,41,15869.576346
281,42,15341.409815
281,43,15116.754400
281,44,14943.726968
281,45,14426.195455
281,47,14331.793799
281,48,14274.516333
281,49,14263.836942
281,50,14178.685128
281,51,14147.522848
281,53,14051.928275
281,54,13999.671831
281,55,13936.428998
281,58,13863.098806
281,60,13810.267986
281,62,13758.048646
281,63,13706.123383
282,40,16633.647076
282,41,15869.576346
282,42,15341.409815
282,43,15116.754400
282,44,14943.726968
282,45,14426.195455
282,47,14331.793799
282,48,14272.805830
282,49,14263.836942
282,50,14178.685128
282,51,14147.522848
282,53,14051.928275
282,54,13999.671831
282,55,13936.428998
282,58,13863.098806
282,60,13810.267986
282,62,13758.048646
282,63,13706.123383
283,40,16633.647076
283,41,15869.576346
283,42,15341.409815
283,43,15116.754400
283,44,14943.726968
283,45,14426.195455
283,47,14331.793799
283,48,14272.805830
283,49,14263.836942
283,50,14178.603108
283,51,14128.713660
283,53,14051.928275
283,54,13999.547267
283,55,13914.119107
283,58,13846.395733
283,60,13810.267986
283,62,13733.660371
283,63,13706.123383
284,40,16633.647076
284,41,15869.576346
284,42,15341.409815
284,43,15116.754400
284,44,14906.649839
284,45,14426.195455
284,47,14331.793799
284,48,14272.805830
284,49,14263.836942
284,50,14178.603108
284,51,14128.713660
284,53,14051.928275
284,54,13999.547267
284,55,13914.119107
284,57,13885.320149
284,58,13846.395733
284,60,13810.267986
284,62,13700.718219
285,40,16633.647076
285,41,15869.576346
285,42,15292.316330
285,43,15116.754400
285,44,14906.649839
285,45,14426.195455
285,46,14372.035869
285,47,14331.793799
285,48,14272.805830
285,49,14263.836942
285,50,14178.121512
285,51,14128.713660
285,53,14051.928275
285,54,13994.675751
285,55,13914.119107
285,56,13898.849447
285,57,13885.320149
285,58,13841.886089
285,60,13810.267986
285,62,13700.718219
286,40,16633.647076
286,41,15869.576346
286,42,15292.316330
286,43,15116.754400
286,44,14906.649839
286,45,14426.195455
286,46,14372.035869
286,47,14331.793799
286,48,14241.252322
286,50,14178.121512
286,51,14128.713660
286,53,14051.928275
286,54,13994.675751
286,55,13914.119107
286,56,13898.849447
286,57,13885.320149
286,58,13841.886089
286,60,13810.267986
286,62,13700.718219
287,40,16633.647076
287,41,15869.576346
287,42,15292.316330
287,43,15116.754400
287,44,14906.649839
287,45,14426.195455
287,46,14372.035869
287,47,14331.793799
287,48,14241.252322
287,50,14178.121512
287,51,14128.713660
287,53,14047.834987
287,54,13977.694608
287,55,13905.383964
287,56,13898.849447
287,57,13885.320149
287,58,13841.886089
287,59,13825.224773
287,60,13810.267986
287,62,13700.718219
288,40,16633.647076
288,41,15869.576346
288,42,15292.316330
288,43,15116.754400
288,44,14906.649839
288,45,14426.195455
288,46,14372.035869
288,47,14331.793799
288,48,14241.252322
288,50,14178.121512
288,51,14128.713660
288,53,14047.834987
288,54,13977.694608
288,55,13905.383964
288,56,13898.849447
288,57,13885.320149
288,58,13841.886089
288,59,13825.224773
288,60,13810.267986
288,62,13700.718219
289,40,16633.647076
289,41,15869.576346
289,42,15292.316330
289,43,15116.754400
289,44,14906.649839
289,45,14426.195455
289,46,14372.035869
289,47,14331.793799
289,48,14241.252322
289,50,14178.121512
289,51,14125.128114
289,53,14047.834987
289,54,13947.668509
289,55,13887.107940
289,57,13875.879149
289,58,13841.886089
289,59,13825.224773
289,60,13810.267986
289,62,13700.718219
290,40,16633.647076
290,41,15869.576346
290,42,15292.316330
290,43,15116.754400
290,44,14906.649839
290,45,14426.195455
290,46,14372.035869
290,47,14331.793799
290,48,14241.252322
290,50,14178.121512
290,51,14125.128114
290,53,14047.834987
290,54,13947.668509
290,55,13887.107940
290,57,13875.879149
290,58,13841.886089
290,59,13825.224773
290,60,13810.267986
290,62,13700.718219
291,40,16633.647076
291,41,15869.576346
291,42,15292.316330
291,43,15116.754400
291,44,14906.649839
291,45,14426.195455
291,46,14372.035869
291,47,14331.793799
291,48,14241.252322
291,50,14176.157052
291,51,14121.953160
291,53,13999.674369
291,54,13946.431383
291,55,13885.518617
291,57,13875.879149
291,58,13841.886089
291,59,13823.167154
291,60,13810.267986
291,62,13699.579961
292,40,16633.647076
292,41,15869.576346
292,42,15292.316330
292,43,15116.754400
292,44,14906.649839
292,45,14426.195455
292,46,14372.035869
292,47,14331.793799
292,48,14241.252322
292,50,14176.157052
292,51,14121.953160
292,53,13999.674369
292,54,13946.431383
292,55,13885.518617
292,56,13876.024559
292,57,13875.879149
292,58,13841.886089
292,59,13774.333767
292,62,13699.579961
293,40,16633.647076
293,41,15869.576346
293,42,15276.490187
293,43,15116.754400
293,44,14906.649839
293,45,14426.195455
293,46,14372.035869
293,47,14331.793799
293,48,14241.252322
293,50,14176.157052
293,51,14121.953160
293,53,13985.565747
293,54,13944.260364
293,55,13880.304958
293,56,13869.473163
293,58,13833.103092
293,59,13774.333767
293,62,13699.579961
294,40,16633.647076
294,41,15869.576346
294,42,15276.490187
294,43,15116.754400
294,44,14906.649839
294,45,14426.195455
294,46,14372.035869
294,47,14331.793799
294,48,14241.252322
294,50,14176.157052
294,51,14121.953160
294,53,13985.565747
294,54,13944.260364
294,55,13880.304958
294,56,13869.473163
294,58,13824.422005
294,59,13774.333767
294,62,13699.579961
295,40,16085.840005
295,41,15869.576346
295,42,15276.490187
295,43,15116.754400
295,44,14906.649839
295,45,14426.195455
295,46,14372.035869
295,47,14331.793799
295,48,14241.252322
295,50,14176.157052
295,51,14120.345906
295,53,13976.176364
295,54,13944.260364
295,55,13880.304958
295,56,13869.473163
295,58,13791.301540
295,59,13774.333767
295,62,13699.579961
296,40,16085.840005
296,41,15869.576346
296,42,15276.490187
296,43,15116.754400
296,44,14906.649839
296,45,14426.195455
296,46,14372.035869
296,47,14331.793799
296,48,14241.252322
296,50,14176.157052
296,51,14120.345906
296,53,13976.176364
296,54,13944.260364
296,55,13880.304958
296,56,13869.473163
296,57,13784.900620
296,59,13774.333767
296,62,13699.579961
297,40,16085.840005
297,41,15869.576346
297,42,15276.490187
297,43,15116.754400
297,44,14906.649839
297,45,14426.195455
297,46,14372.035869
297,47,14228.574417
297,50,14176.157052
297,51,14120.345906
297,53,13941.349126
297,55,13880.304958
297,56,13869.473163
297,57,13775.539395
297,59,13774.333767
297,62,13699.579961
298,40,16085.840005
298,41,15869.576346
298,42,15276.490187
298,43,15116.754400
298,44,14906.649839
298,45,14426.195455
298,46,14372.035869
298,47,14228.574417
298,50,14176.157052
298,51,14120.345906
298,53,13941.349126
298,55,13880.304958
298,56,13869.473163
298,57,13775.539395
298,59,13774.333767
298,62,13699.579961
299,40,16085.840005
299,41,15869.576346
299,42,15276.490187
299,43,15116.754400
299,44,14556.207945
299,45,14426.195455
299,46,14372.035869
299,47,14228.574417
299,50,14172.742729
299,51,14089.399318
299,53,13941.349126
299,55,13880.304958
299,56,13863.893451
299,57,13775.539395
299,59,13774.333767
299,62,13699.579961
300,40,15860.020420
300,42,15276.490187
300,43,15116.754400
300,44,14470.983762
300,45,14426.195455
300,46,14372.035869
300,47,14228.574417
300,50,14172.742729
300,51,14089.399318
300,53,13941.349126
300,55,13880.304958
300,56,13863.893451
300,57,13775.539395
300,59,13774.333767
300,62,13699.579961
301,40,15844.278798
301,42,15276.490187
301,43,15116.754400
301,44,14470.983762
301,45,14426.195455
301,46,14338.114002
301,47,14228.574417
301,50,14172.742729
301,51,14089.399318
301,53,13941.349126
301,55,13880.304958
301,56,13863.633111
301,57,13775.539395
301,59,13773.125545
301,61,13672.383453
302,40,15844.278798
302,42,15276.490187
302,43,15116.754400
302,44,14470.983762
302,45,14426.195455
302,46,14323.122677
302,47,14228.574417
302,50,14172.742729
302,51,14089.399318
302,53,13941.349126
302,55,13880.304958
302,56,13863.633111
302,57,13775.539395
302,59,13773.125545
302,61,13672.383453
303,40,15844.278798
303,42,15276.490187
303,43,15116.754400
303,44,14470.983762
303,45,14426.195455
303,46,14323.122677
303,47,14228.574417
303,50,14155.918417
303,51,14089.334136
303,53,13941.349126
303,55,13880.304958
303,56,13863.633111
303,57,13775.539395
303,59,13746.898085
303,61,13672.383453
304,40,15844.278798
304,42,15276.490187
304,43,15116.754400
304,44,14470.983762
304,45,14426.195455
304,46,14323.122677
304,47,14228.574417
304,50,14155.918417
304,51,14089.334136
304,53,13941.349126
304,55,13880.304958
304,56,13863.633111
304,57,13775.539395
304,59,13746.898085
304,61,13672.383453
305,40,15844.278798
305,41,15786.852259
305,42,15276.490187
305,43,15116.754400
305,44,14470.983762
305,45,14426.195455
305,46,14323.122677
305,47,14228.574417
305,50,14155.918417
305,51,14089.334136
305,53,13900.865840
305,55,13879.965592
305,56,13863.633111
305,57,13775.539395
305,59,13743.659728
305,61,13658.221096
306,40,15844.278798
306,41,15786.852259
306,42,15276.490187
306,43,15116.754400
306,44,14470.983762
306,45,14426.195455
306,46,14315.904349
306,47,14228.574417
306,50,14155.918417
306,51,14089.334136
306,53,13900.865840
306,55,13879.965592
306,56,13863.633111
306,57,13775.539395
306,59,13743.659728
306,61,13658.221096
307,40,15844.278798
307,41,15786.852259
307,42,15276.490187
307,43,14649.831150
307,44,14470.983762
307,45,14426.195455
307,46,14315.904349
307,47,14228.574417
307,50,14155.918417
307,51,14081.636076
307,53,13890.574003
307,55,13879.965592
307,56,13863.633111
307,57,13773.272483
307,59,13719.251512
307,61,13658.221096
308,40,15844.278798
308,41,15786.852259
308,42,15276.490187
308,43,14649.831150
308,44,14470.983762
308,45,14426.195455
308,46,14315.904349
308,47,14228.574417
308,50,14155.918417
308,51,14081.636076
308,53,13890.574003
308,55,13879.965592
308,56,13863.633111
308,57,13773.272483
308,59,13719.251512
308,61,13658.221096
309,40,15844.278798
309,41,15786.852259
309,42,15276.490187
309,43,14649.831150
309,44,14470.983762
309,45,14400.116609
309,46,14303.202543
309,47,14228.574417
309,50,14153.911931
309,51,14081.636076
309,53,13890.574003
309,55,13879.965592
309,56,13863.633111
309,57,13752.681302
309,59,13717.531693
309,61,13653.471906
310,39,17036.751041
310,40,15844.278798
310,41,15786.852259
310,42,15276.490187
310,43,14649.831150
310,44,14470.983762
310,45,14400.116609
310,46,14303.202543
310,47,14228.574417
310,50,14153.911931
310,51,14081.636076
310,53,13890.574003
310,55,13879.965592
310,56,13863.633111
310,57,13752.681302
310,59,13717.531693
310,61,13653.471906
310,62,13652.876816
311,39,17036.751041
311,40,15844.278798
311,41,15786.852259
311,42,15276.490187
311,43,14649.831150
311,44,14470.983762
311,45,14400.116609
311,46,14303.202543
311,47,14228.574417
311,50,14141.573426
311,51,14081.636076
311,53,13890.574003
311,55,13879.965592
311,56,13863.633111
311,57,13752.681302
311,59,13717.531693
311,61,13634.583814
312,39,17036.751041
312,40,15844.278798
312,41,15786.852259
312,42,15276.490187
312,43,14649.831150
312,44,14470.983762
312,45,14400.116609
312,46,14303.202543
312,47,14228.574417
312,50,14141.573426
312,51,14081.636076
312,53,13890.574003
312,55,13879.965592
312,56,13863.633111
312,57,13752.681302
312,59,13717.531693
312,61,13634.583814
313,39,17036.751041
313,40,15844.278798
313,41,15786.852259
313,42,15276.490187
313,43,14649.831150
313,44,14470.983762
313,45,14382.315587
313,46,14278.130951
313,47,14228.300276
313,49,14136.422818
313,51,14081.636076
313,53,13890.574003
313,55,13879.965592
313,56,13863.633111
313,57,13752.681302
313,59,13690.140676
313,61,13634.583814
314,39,17036.751041
314,40,15844.278798
314,41,15786.852259
314,42,15276.490187
314,43,14649.831150
314,44,14470.983762
314,45,14304.200413
314,46,14278.130951
314,47,14228.300276
314,49,14136.422818
314,51,14081.636076
314,53,13890.574003
314,55,13879.965592
314,56,13863.633111
314,57,13752.681302
314,59,13690.140676
314,61,13634.583814
315,39,16169.081012
315,40,15844.278798
315,41,15785.436534
315,42,15276.490187
315,43,14649.831150
315,44,14470.983762
315,45,14304.200413
315,46,14233.967062
315,47,14228.300276
315,49,14136.422818
315,51,14066.968768
315,53,13889.060311
315,55,13859.334490
315,57,13752.681302
315,59,13690.140676
315,61,13634.583814
316,39,16169.081012
316,40,15844.278798
316,41,15785.436534
316,42,15276.490187
316,43,14649.831150
316,44,14384.199944
316,45,14304.200413
316,46,14233.967062
316,47,14228.300276
316,49,14136.422818
316,51,14066.968768
316,53,13889.060311
316,55,13859.334490
316,57,13752.681302
316,59,13690.140676
316,61,13634.583814
317,39,16169.081012
317,40,15844.278798
317,41,15785.436534
317,42,15276.490187
317,43,14649.831150
317,44,14384.199944
317,45,14304.200413
317,46,14215.936692
317,49,14136.422818
317,51,14040.304911
317,53,13889.060311
317,55,13859.334490
317,57,13752.681302
317,59,13690.140676
317,61,13634.583814
318,39,16169.081012
318,40,15844.278798
318,41,15785.436534
318,42,15276.490187
318,43,14649.831150
318,44,14384.199944
318,45,14304.200413
318,46,14215.936692
318,49,14136.422818
318,51,14040.304911
318,53,13889.060311
318,55,13859.334490
318,57,13752.681302
318,59,13690.140676
318,61,13634.583814
319,39,16169.081012
319,40,15844.278798
319,41,15751.276275
319,42,15276.490187
319,43,14649.831150
319,44,14375.266222
319,45,14304.200413
319,46,14215.936692
319,49,14107.019986
319,51,14040.304911
319,53,13884.817153
319,55,13859.334490
319,57,13752.681302
319,59,13690.140676
319,61,13630.478930
320,39,16033.750106
320,40,15844.278798
320,41,15751.276275
320,42,15276.490187
320,43,14649.831150
320,44,14375.266222
320,45,14304.200413
320,46,14215.936692
320,49,14107.019986
320,51,14040.304911
320,53,13884.817153
320,55,13859.334490
320,57,13752.681302
320,59,13690.140676
320,61,13630.478930
321,39,16033.750106
321,40,15844.278798
321,41,15751.276275
321,42,15276.490187
321,43,14570.193300
321,44,14362.194499
321,45,14300.540803
321,46,14215.936692
321,49,14101.392173
321,50,14030.891753
321,53,13884.817153
321,55,13848.949599
321,57,13743.181559
321,59,13690.140676
321,61,13625.954265
322,39,16033.750106
322,40,15844.278798
322,41,15751.276275
322,42,15276.490187
322,43,14570.193300
322,44,14362.194499
322,45,14300.540803
322,46,14215.936692
322,49,14101.392173
322,50,14030.891753
322,53,13884.817153
322,55,13848.949599
322,57,13743.181559
322,59,13690.140676
322,61,13625.954265
